{
  "experiment_family_id": "baseline_validation_2024",
  "seasons": [
    2021,
    2022,
    2023,
    2024
  ],
  "per_season": [
    {
      "season": 2021,
      "overall_roi": -0.02481818181818994,
      "overall_bets": 535,
      "spread_roi": 0.028344279294849683,
      "spread_bets": 263,
      "total_roi": -0.1186497326203208,
      "total_bets": 272
    },
    {
      "season": 2022,
      "overall_roi": -0.02127272727273555,
      "overall_bets": 538,
      "spread_roi": 0.07320394960844405,
      "spread_bets": 267,
      "total_roi": -0.150620597115062,
      "total_bets": 271
    },
    {
      "season": 2023,
      "overall_roi": 0.001545454545445864,
      "overall_bets": 539,
      "spread_roi": 0.13040517534899562,
      "spread_bets": 267,
      "total_roi": -0.1223262032085561,
      "total_bets": 272
    },
    {
      "season": 2024,
      "overall_roi": 0.025181818181809375,
      "overall_bets": 541,
      "spread_roi": 0.06454883406556274,
      "spread_bets": 269,
      "total_roi": 0.028743315508021432,
      "total_bets": 272
    }
  ],
  "summary": {
    "overall_roi_mean": -0.004840909090917563,
    "overall_bets_total": 2153
  }
}