{
  "experiment_id": "baseline_validation_2024_s2024",
  "dataset_version": "baseline",
  "model_version": "market_lines",
  "seasons": {
    "train": [],
    "test": [
      2024
    ]
  },
  "markets": [
    "spread",
    "total"
  ],
  "bankroll": {
    "initial_units": 1000.0,
    "final_units": 1025.1818181818094,
    "roi": 0.025181818181809375,
    "max_drawdown": 14.363636363636829,
    "num_bets": 541
  },
  "metrics_by_market": {
    "spread": {
      "bets": 269,
      "win_rate": 0.5576208178438662,
      "roi": 0.06454883406556274,
      "avg_edge": 0.009999999999999808,
      "clv_spread_mean": 0.0
    },
    "total": {
      "bets": 272,
      "win_rate": 0.5330882352941176,
      "roi": 0.028743315508021432,
      "avg_edge": 0.00999999999999801,
      "clv_total_mean": 0.0
    }
  },
  "edge_buckets": {
    "spread": {
      "0-1": {
        "bets": 269,
        "win_rate": 0.5576208178438662,
        "roi": 0.06454883406556274
      },
      "1-2": {
        "bets": 0,
        "win_rate": 0.0,
        "roi": 0.0
      },
      "2+": {
        "bets": 0,
        "win_rate": 0.0,
        "roi": 0.0
      }
    },
    "total": {
      "0-1": {
        "bets": 272,
        "win_rate": 0.5330882352941176,
        "roi": 0.028743315508021432
      },
      "1-2": {
        "bets": 0,
        "win_rate": 0.0,
        "roi": 0.0
      },
      "2+": {
        "bets": 0,
        "win_rate": 0.0,
        "roi": 0.0
      }
    }
  },
  "calibration": {
    "spread": [],
    "total": []
  },
  "runtime_seconds": 0.005500316619873047
}