game_id,play_id,season,week,posteam,defteam,play_type,epa,source_posteam,source_defteam,snapshot_id
2025_04_BAL_KC,1.0,2025,4,,,,-0.0,,,archive:asset:299770475:sha256:0b04ffcee75f07c5a1cec292d7b485ec3222bbbcb65f7d5866fcd81b802b9d9b:week:4
2025_04_BAL_KC,39.0,2025,4,BAL,KC,kickoff,0.31110057793557644,BAL,KC,archive:asset:299770475:sha256:0b04ffcee75f07c5a1cec292d7b485ec3222bbbcb65f7d5866fcd81b802b9d9b:week:4
2025_04_BAL_KC,62.0,2025,4,BAL,KC,pass,0.018554496113210917,BAL,KC,archive:asset:299770475:sha256:0b04ffcee75f07c5a1cec292d7b485ec3222bbbcb65f7d5866fcd81b802b9d9b:week:4
2025_04_BAL_KC,87.0,2025,4,BAL,KC,pass,0.8156951137352735,BAL,KC,archive:asset:299770475:sha256:0b04ffcee75f07c5a1cec292d7b485ec3222bbbcb65f7d5866fcd81b802b9d9b:week:4
2025_04_BAL_KC,112.0,2025,4,BAL,KC,run,0.9898859276436269,BAL,KC,archive:asset:299770475:sha256:0b04ffcee75f07c5a1cec292d7b485ec3222bbbcb65f7d5866fcd81b802b9d9b:week:4
2025_04_BAL_KC,134.0,2025,4,BAL,KC,pass,1.5597967489156872,BAL,KC,archive:asset:299770475:sha256:0b04ffcee75f07c5a1cec292d7b485ec3222bbbcb65f7d5866fcd81b802b9d9b:week:4
2025_04_BAL_KC,159.0,2025,4,BAL,KC,run,-0.40996739047113806,BAL,KC,archive:asset:299770475:sha256:0b04ffcee75f07c5a1cec292d7b485ec3222bbbcb65f7d5866fcd81b802b9d9b:week:4
2025_04_BAL_KC,181.0,2025,4,BAL,KC,pass,0.2783914562314749,BAL,KC,archive:asset:299770475:sha256:0b04ffcee75f07c5a1cec292d7b485ec3222bbbcb65f7d5866fcd81b802b9d9b:week:4
2025_04_BAL_KC,206.0,2025,4,BAL,KC,run,0.6596768855233677,BAL,KC,archive:asset:299770475:sha256:0b04ffcee75f07c5a1cec292d7b485ec3222bbbcb65f7d5866fcd81b802b9d9b:week:4
2025_04_BAL_KC,228.0,2025,4,BAL,KC,run,-0.4730738341459073,BAL,KC,archive:asset:299770475:sha256:0b04ffcee75f07c5a1cec292d7b485ec3222bbbcb65f7d5866fcd81b802b9d9b:week:4
2025_04_BAL_KC,250.0,2025,4,BAL,KC,pass,2.4797176517313346,BAL,KC,archive:asset:299770475:sha256:0b04ffcee75f07c5a1cec292d7b485ec3222bbbcb65f7d5866fcd81b802b9d9b:week:4
2025_04_BAL_KC,276.0,2025,4,BAL,KC,extra_point,0.06757300310763314,BAL,KC,archive:asset:299770475:sha256:0b04ffcee75f07c5a1cec292d7b485ec3222bbbcb65f7d5866fcd81b802b9d9b:week:4
2025_04_BAL_KC,291.0,2025,4,KC,BAL,kickoff,0.525949630420655,KC,BAL,archive:asset:299770475:sha256:0b04ffcee75f07c5a1cec292d7b485ec3222bbbcb65f7d5866fcd81b802b9d9b:week:4
2025_04_BAL_KC,321.0,2025,4,KC,BAL,no_play,0.9243000973947346,KC,BAL,archive:asset:299770475:sha256:0b04ffcee75f07c5a1cec292d7b485ec3222bbbcb65f7d5866fcd81b802b9d9b:week:4
2025_04_BAL_KC,362.0,2025,4,KC,BAL,run,-0.4892218401655555,KC,BAL,archive:asset:299770475:sha256:0b04ffcee75f07c5a1cec292d7b485ec3222bbbcb65f7d5866fcd81b802b9d9b:week:4
2025_04_BAL_KC,384.0,2025,4,KC,BAL,pass,0.2457642627414316,KC,BAL,archive:asset:299770475:sha256:0b04ffcee75f07c5a1cec292d7b485ec3222bbbcb65f7d5866fcd81b802b9d9b:week:4
2025_04_BAL_KC,409.0,2025,4,KC,BAL,pass,-1.7669637312646955,KC,BAL,archive:asset:299770475:sha256:0b04ffcee75f07c5a1cec292d7b485ec3222bbbcb65f7d5866fcd81b802b9d9b:week:4
2025_04_BAL_KC,432.0,2025,4,KC,BAL,pass,2.7255539272446185,KC,BAL,archive:asset:299770475:sha256:0b04ffcee75f07c5a1cec292d7b485ec3222bbbcb65f7d5866fcd81b802b9d9b:week:4
2025_04_BAL_KC,457.0,2025,4,KC,BAL,pass,1.1154241272015497,KC,BAL,archive:asset:299770475:sha256:0b04ffcee75f07c5a1cec292d7b485ec3222bbbcb65f7d5866fcd81b802b9d9b:week:4
2025_04_BAL_KC,487.0,2025,4,KC,BAL,run,-0.24126171582611278,KC,BAL,archive:asset:299770475:sha256:0b04ffcee75f07c5a1cec292d7b485ec3222bbbcb65f7d5866fcd81b802b9d9b:week:4
2025_04_BAL_KC,511.0,2025,4,KC,BAL,pass,-0.636769759177696,KC,BAL,archive:asset:299770475:sha256:0b04ffcee75f07c5a1cec292d7b485ec3222bbbcb65f7d5866fcd81b802b9d9b:week:4
2025_04_BAL_KC,534.0,2025,4,KC,BAL,pass,-1.3627029849491241,KC,BAL,archive:asset:299770475:sha256:0b04ffcee75f07c5a1cec292d7b485ec3222bbbcb65f7d5866fcd81b802b9d9b:week:4
2025_04_BAL_KC,557.0,2025,4,KC,BAL,field_goal,0.5541909779464054,KC,BAL,archive:asset:299770475:sha256:0b04ffcee75f07c5a1cec292d7b485ec3222bbbcb65f7d5866fcd81b802b9d9b:week:4
2025_04_BAL_KC,577.0,2025,4,BAL,KC,kickoff,0.025456198025494814,BAL,KC,archive:asset:299770475:sha256:0b04ffcee75f07c5a1cec292d7b485ec3222bbbcb65f7d5866fcd81b802b9d9b:week:4
2025_04_BAL_KC,607.0,2025,4,BAL,KC,pass,-1.2009767685085535,BAL,KC,archive:asset:299770475:sha256:0b04ffcee75f07c5a1cec292d7b485ec3222bbbcb65f7d5866fcd81b802b9d9b:week:4
2025_04_BAL_KC,636.0,2025,4,BAL,KC,pass,-0.3261677576228976,BAL,KC,archive:asset:299770475:sha256:0b04ffcee75f07c5a1cec292d7b485ec3222bbbcb65f7d5866fcd81b802b9d9b:week:4
2025_04_BAL_KC,661.0,2025,4,BAL,KC,run,2.250576552003622,BAL,KC,archive:asset:299770475:sha256:0b04ffcee75f07c5a1cec292d7b485ec3222bbbcb65f7d5866fcd81b802b9d9b:week:4
2025_04_BAL_KC,688.0,2025,4,BAL,KC,run,-0.07831485662609339,BAL,KC,archive:asset:299770475:sha256:0b04ffcee75f07c5a1cec292d7b485ec3222bbbcb65f7d5866fcd81b802b9d9b:week:4
2025_04_BAL_KC,710.0,2025,4,BAL,KC,no_play,-0.6328959693200886,BAL,KC,archive:asset:299770475:sha256:0b04ffcee75f07c5a1cec292d7b485ec3222bbbcb65f7d5866fcd81b802b9d9b:week:4
2025_04_BAL_KC,756.0,2025,4,BAL,KC,pass,2.8333854087395594,BAL,KC,archive:asset:299770475:sha256:0b04ffcee75f07c5a1cec292d7b485ec3222bbbcb65f7d5866fcd81b802b9d9b:week:4
2025_04_BAL_KC,792.0,2025,4,BAL,KC,pass,-4.463150615687482,BAL,KC,archive:asset:299770475:sha256:0b04ffcee75f07c5a1cec292d7b485ec3222bbbcb65f7d5866fcd81b802b9d9b:week:4
2025_04_BAL_KC,823.0,2025,4,KC,BAL,run,-0.5935877566225827,KC,BAL,archive:asset:299770475:sha256:0b04ffcee75f07c5a1cec292d7b485ec3222bbbcb65f7d5866fcd81b802b9d9b:week:4
2025_04_BAL_KC,857.0,2025,4,KC,BAL,pass,2.9529870350379497,KC,BAL,archive:asset:299770475:sha256:0b04ffcee75f07c5a1cec292d7b485ec3222bbbcb65f7d5866fcd81b802b9d9b:week:4
2025_04_BAL_KC,882.0,2025,4,KC,BAL,pass,-0.4836339936591685,KC,BAL,archive:asset:299770475:sha256:0b04ffcee75f07c5a1cec292d7b485ec3222bbbcb65f7d5866fcd81b802b9d9b:week:4
2025_04_BAL_KC,905.0,2025,4,KC,BAL,pass,0.03207821073010564,KC,BAL,archive:asset:299770475:sha256:0b04ffcee75f07c5a1cec292d7b485ec3222bbbcb65f7d5866fcd81b802b9d9b:week:4
2025_04_BAL_KC,930.0,2025,4,KC,BAL,,0.0,KC,BAL,archive:asset:299770475:sha256:0b04ffcee75f07c5a1cec292d7b485ec3222bbbcb65f7d5866fcd81b802b9d9b:week:4
2025_04_BAL_KC,950.0,2025,4,KC,BAL,run,-0.6924485974013805,KC,BAL,archive:asset:299770475:sha256:0b04ffcee75f07c5a1cec292d7b485ec3222bbbcb65f7d5866fcd81b802b9d9b:week:4
2025_04_BAL_KC,977.0,2025,4,KC,BAL,run,1.749325268319808,KC,BAL,archive:asset:299770475:sha256:0b04ffcee75f07c5a1cec292d7b485ec3222bbbcb65f7d5866fcd81b802b9d9b:week:4
2025_04_BAL_KC,1003.0,2025,4,KC,BAL,pass,1.2136051254346967,KC,BAL,archive:asset:299770475:sha256:0b04ffcee75f07c5a1cec292d7b485ec3222bbbcb65f7d5866fcd81b802b9d9b:week:4
2025_04_BAL_KC,1028.0,2025,4,KC,BAL,run,-0.36884589691180736,KC,BAL,archive:asset:299770475:sha256:0b04ffcee75f07c5a1cec292d7b485ec3222bbbcb65f7d5866fcd81b802b9d9b:week:4
2025_04_BAL_KC,1050.0,2025,4,KC,BAL,run,-0.23083995922934264,KC,BAL,archive:asset:299770475:sha256:0b04ffcee75f07c5a1cec292d7b485ec3222bbbcb65f7d5866fcd81b802b9d9b:week:4
2025_04_BAL_KC,1072.0,2025,4,KC,BAL,pass,1.6496529355063103,KC,BAL,archive:asset:299770475:sha256:0b04ffcee75f07c5a1cec292d7b485ec3222bbbcb65f7d5866fcd81b802b9d9b:week:4
2025_04_BAL_KC,1097.0,2025,4,KC,BAL,run,-0.6159977883799002,KC,BAL,archive:asset:299770475:sha256:0b04ffcee75f07c5a1cec292d7b485ec3222bbbcb65f7d5866fcd81b802b9d9b:week:4
2025_04_BAL_KC,1119.0,2025,4,KC,BAL,pass,-0.9965310958796181,KC,BAL,archive:asset:299770475:sha256:0b04ffcee75f07c5a1cec292d7b485ec3222bbbcb65f7d5866fcd81b802b9d9b:week:4
2025_04_BAL_KC,1142.0,2025,4,KC,BAL,pass,-1.3938169741962634,KC,BAL,archive:asset:299770475:sha256:0b04ffcee75f07c5a1cec292d7b485ec3222bbbcb65f7d5866fcd81b802b9d9b:week:4
2025_04_BAL_KC,1174.0,2025,4,KC,BAL,field_goal,0.0566939097555883,KC,BAL,archive:asset:299770475:sha256:0b04ffcee75f07c5a1cec292d7b485ec3222bbbcb65f7d5866fcd81b802b9d9b:week:4
2025_04_BAL_KC,1194.0,2025,4,BAL,KC,kickoff,-0.7294955812394619,BAL,KC,archive:asset:299770475:sha256:0b04ffcee75f07c5a1cec292d7b485ec3222bbbcb65f7d5866fcd81b802b9d9b:week:4
2025_04_BAL_KC,1235.0,2025,4,BAL,KC,run,0.692897449247539,BAL,KC,archive:asset:299770475:sha256:0b04ffcee75f07c5a1cec292d7b485ec3222bbbcb65f7d5866fcd81b802b9d9b:week:4
2025_04_BAL_KC,1257.0,2025,4,BAL,KC,no_play,-0.6824426390230656,BAL,KC,archive:asset:299770475:sha256:0b04ffcee75f07c5a1cec292d7b485ec3222bbbcb65f7d5866fcd81b802b9d9b:week:4
2025_04_BAL_KC,1281.0,2025,4,BAL,KC,pass,0.7853725738823414,BAL,KC,archive:asset:299770475:sha256:0b04ffcee75f07c5a1cec292d7b485ec3222bbbcb65f7d5866fcd81b802b9d9b:week:4
2025_04_BAL_KC,1306.0,2025,4,BAL,KC,no_play,-0.44993074238300323,BAL,KC,archive:asset:299770475:sha256:0b04ffcee75f07c5a1cec292d7b485ec3222bbbcb65f7d5866fcd81b802b9d9b:week:4
2025_04_BAL_KC,1330.0,2025,4,BAL,KC,pass,-2.2160146140959114,BAL,KC,archive:asset:299770475:sha256:0b04ffcee75f07c5a1cec292d7b485ec3222bbbcb65f7d5866fcd81b802b9d9b:week:4
2025_04_BAL_KC,1364.0,2025,4,BAL,KC,pass,-0.1206604044418782,BAL,KC,archive:asset:299770475:sha256:0b04ffcee75f07c5a1cec292d7b485ec3222bbbcb65f7d5866fcd81b802b9d9b:week:4
2025_04_BAL_KC,1389.0,2025,4,BAL,KC,punt,-0.679824145976454,BAL,KC,archive:asset:299770475:sha256:0b04ffcee75f07c5a1cec292d7b485ec3222bbbcb65f7d5866fcd81b802b9d9b:week:4
2025_04_BAL_KC,1420.0,2025,4,KC,BAL,run,2.148844246927183,KC,BAL,archive:asset:299770475:sha256:0b04ffcee75f07c5a1cec292d7b485ec3222bbbcb65f7d5866fcd81b802b9d9b:week:4
2025_04_BAL_KC,1456.0,2025,4,KC,BAL,run,-0.15096231375355273,KC,BAL,archive:asset:299770475:sha256:0b04ffcee75f07c5a1cec292d7b485ec3222bbbcb65f7d5866fcd81b802b9d9b:week:4
2025_04_BAL_KC,1478.0,2025,4,KC,BAL,pass,1.2212337515957188,KC,BAL,archive:asset:299770475:sha256:0b04ffcee75f07c5a1cec292d7b485ec3222bbbcb65f7d5866fcd81b802b9d9b:week:4
2025_04_BAL_KC,1503.0,2025,4,KC,BAL,run,-0.07497153070289642,KC,BAL,archive:asset:299770475:sha256:0b04ffcee75f07c5a1cec292d7b485ec3222bbbcb65f7d5866fcd81b802b9d9b:week:4
2025_04_BAL_KC,1525.0,2025,4,KC,BAL,pass,1.5467303372861352,KC,BAL,archive:asset:299770475:sha256:0b04ffcee75f07c5a1cec292d7b485ec3222bbbcb65f7d5866fcd81b802b9d9b:week:4
2025_04_BAL_KC,1551.0,2025,4,KC,BAL,extra_point,0.06757300310763314,KC,BAL,archive:asset:299770475:sha256:0b04ffcee75f07c5a1cec292d7b485ec3222bbbcb65f7d5866fcd81b802b9d9b:week:4
2025_04_BAL_KC,1566.0,2025,4,BAL,KC,kickoff,0.5800391564844176,BAL,KC,archive:asset:299770475:sha256:0b04ffcee75f07c5a1cec292d7b485ec3222bbbcb65f7d5866fcd81b802b9d9b:week:4
2025_04_BAL_KC,1601.0,2025,4,BAL,KC,pass,-0.4834619484608993,BAL,KC,archive:asset:299770475:sha256:0b04ffcee75f07c5a1cec292d7b485ec3222bbbcb65f7d5866fcd81b802b9d9b:week:4
2025_04_BAL_KC,1636.0,2025,4,BAL,KC,pass,-0.5754809335339814,BAL,KC,archive:asset:299770475:sha256:0b04ffcee75f07c5a1cec292d7b485ec3222bbbcb65f7d5866fcd81b802b9d9b:week:4
2025_04_BAL_KC,1659.0,2025,4,BAL,KC,run,-0.46204214449971914,BAL,KC,archive:asset:299770475:sha256:0b04ffcee75f07c5a1cec292d7b485ec3222bbbcb65f7d5866fcd81b802b9d9b:week:4
2025_04_BAL_KC,1681.0,2025,4,BAL,KC,pass,-2.770144627254922,BAL,KC,archive:asset:299770475:sha256:0b04ffcee75f07c5a1cec292d7b485ec3222bbbcb65f7d5866fcd81b802b9d9b:week:4
2025_04_BAL_KC,1704.0,2025,4,KC,BAL,pass,-0.42929263290716335,KC,BAL,archive:asset:299770475:sha256:0b04ffcee75f07c5a1cec292d7b485ec3222bbbcb65f7d5866fcd81b802b9d9b:week:4
2025_04_BAL_KC,1734.0,2025,4,KC,BAL,pass,1.483811131445691,KC,BAL,archive:asset:299770475:sha256:0b04ffcee75f07c5a1cec292d7b485ec3222bbbcb65f7d5866fcd81b802b9d9b:week:4
2025_04_BAL_KC,1759.0,2025,4,KC,BAL,pass,-0.007851319445762783,KC,BAL,archive:asset:299770475:sha256:0b04ffcee75f07c5a1cec292d7b485ec3222bbbcb65f7d5866fcd81b802b9d9b:week:4
2025_04_BAL_KC,1791.0,2025,4,KC,BAL,pass,-0.4805212903302163,KC,BAL,archive:asset:299770475:sha256:0b04ffcee75f07c5a1cec292d7b485ec3222bbbcb65f7d5866fcd81b802b9d9b:week:4
2025_04_BAL_KC,1821.0,2025,4,KC,BAL,pass,1.6619698573485948,KC,BAL,archive:asset:299770475:sha256:0b04ffcee75f07c5a1cec292d7b485ec3222bbbcb65f7d5866fcd81b802b9d9b:week:4
2025_04_BAL_KC,1854.0,2025,4,,,no_play,0.0,,,archive:asset:299770475:sha256:0b04ffcee75f07c5a1cec292d7b485ec3222bbbcb65f7d5866fcd81b802b9d9b:week:4
2025_04_BAL_KC,1861.0,2025,4,KC,BAL,pass,1.9246450475184247,KC,BAL,archive:asset:299770475:sha256:0b04ffcee75f07c5a1cec292d7b485ec3222bbbcb65f7d5866fcd81b802b9d9b:week:4
2025_04_BAL_KC,1893.0,2025,4,KC,BAL,extra_point,0.06757300310763314,KC,BAL,archive:asset:299770475:sha256:0b04ffcee75f07c5a1cec292d7b485ec3222bbbcb65f7d5866fcd81b802b9d9b:week:4
2025_04_BAL_KC,1908.0,2025,4,BAL,KC,kickoff,0.4720591292716563,BAL,KC,archive:asset:299770475:sha256:0b04ffcee75f07c5a1cec292d7b485ec3222bbbcb65f7d5866fcd81b802b9d9b:week:4
2025_04_BAL_KC,1932.0,2025,4,BAL,KC,run,-0.14977310958784074,BAL,KC,archive:asset:299770475:sha256:0b04ffcee75f07c5a1cec292d7b485ec3222bbbcb65f7d5866fcd81b802b9d9b:week:4
2025_04_BAL_KC,1959.0,2025,4,BAL,KC,pass,0.46152327593881637,BAL,KC,archive:asset:299770475:sha256:0b04ffcee75f07c5a1cec292d7b485ec3222bbbcb65f7d5866fcd81b802b9d9b:week:4
2025_04_BAL_KC,1989.0,2025,4,BAL,KC,pass,-3.9914898179122247,BAL,KC,archive:asset:299770475:sha256:0b04ffcee75f07c5a1cec292d7b485ec3222bbbcb65f7d5866fcd81b802b9d9b:week:4
2025_04_BAL_KC,2051.0,2025,4,KC,BAL,pass,0.454459831234999,KC,BAL,archive:asset:299770475:sha256:0b04ffcee75f07c5a1cec292d7b485ec3222bbbcb65f7d5866fcd81b802b9d9b:week:4
2025_04_BAL_KC,2088.0,2025,4,KC,BAL,pass,-0.30883666657609865,KC,BAL,archive:asset:299770475:sha256:0b04ffcee75f07c5a1cec292d7b485ec3222bbbcb65f7d5866fcd81b802b9d9b:week:4
2025_04_BAL_KC,2128.0,2025,4,KC,BAL,run,0.028535084624309093,KC,BAL,archive:asset:299770475:sha256:0b04ffcee75f07c5a1cec292d7b485ec3222bbbcb65f7d5866fcd81b802b9d9b:week:4
2025_04_BAL_KC,2163.0,2025,4,,,no_play,0.0,,,archive:asset:299770475:sha256:0b04ffcee75f07c5a1cec292d7b485ec3222bbbcb65f7d5866fcd81b802b9d9b:week:4
2025_04_BAL_KC,2151.0,2025,4,KC,BAL,pass,-0.7649503917200491,KC,BAL,archive:asset:299770475:sha256:0b04ffcee75f07c5a1cec292d7b485ec3222bbbcb65f7d5866fcd81b802b9d9b:week:4
2025_04_BAL_KC,2177.0,2025,4,,,no_play,0.0,,,archive:asset:299770475:sha256:0b04ffcee75f07c5a1cec292d7b485ec3222bbbcb65f7d5866fcd81b802b9d9b:week:4
2025_04_BAL_KC,2185.0,2025,4,KC,BAL,pass,0.07029029703699052,KC,BAL,archive:asset:299770475:sha256:0b04ffcee75f07c5a1cec292d7b485ec3222bbbcb65f7d5866fcd81b802b9d9b:week:4
2025_04_BAL_KC,2215.0,2025,4,KC,BAL,pass,-0.826584825655003,KC,BAL,archive:asset:299770475:sha256:0b04ffcee75f07c5a1cec292d7b485ec3222bbbcb65f7d5866fcd81b802b9d9b:week:4
2025_04_BAL_KC,2238.0,2025,4,KC,BAL,field_goal,-2.2001639187666355,KC,BAL,archive:asset:299770475:sha256:0b04ffcee75f07c5a1cec292d7b485ec3222bbbcb65f7d5866fcd81b802b9d9b:week:4
2025_04_BAL_KC,2259.0,2025,4,BAL,KC,run,0.8166773293050937,BAL,KC,archive:asset:299770475:sha256:0b04ffcee75f07c5a1cec292d7b485ec3222bbbcb65f7d5866fcd81b802b9d9b:week:4
2025_04_BAL_KC,2280.0,2025,4,,,no_play,-0.0,,,archive:asset:299770475:sha256:0b04ffcee75f07c5a1cec292d7b485ec3222bbbcb65f7d5866fcd81b802b9d9b:week:4
2025_04_BAL_KC,2288.0,2025,4,BAL,KC,pass,0.33484077343018726,BAL,KC,archive:asset:299770475:sha256:0b04ffcee75f07c5a1cec292d7b485ec3222bbbcb65f7d5866fcd81b802b9d9b:week:4
2025_04_BAL_KC,2318.0,2025,4,BAL,KC,pass,-0.10632754297694191,BAL,KC,archive:asset:299770475:sha256:0b04ffcee75f07c5a1cec292d7b485ec3222bbbcb65f7d5866fcd81b802b9d9b:week:4
2025_04_BAL_KC,2341.0,2025,4,BAL,KC,pass,0.33172342638129315,BAL,KC,archive:asset:299770475:sha256:0b04ffcee75f07c5a1cec292d7b485ec3222bbbcb65f7d5866fcd81b802b9d9b:week:4
2025_04_BAL_KC,2384.0,2025,4,,,no_play,-0.0,,,archive:asset:299770475:sha256:0b04ffcee75f07c5a1cec292d7b485ec3222bbbcb65f7d5866fcd81b802b9d9b:week:4
2025_04_BAL_KC,2366.0,2025,4,BAL,KC,field_goal,0.5482577185321791,BAL,KC,archive:asset:299770475:sha256:0b04ffcee75f07c5a1cec292d7b485ec3222bbbcb65f7d5866fcd81b802b9d9b:week:4
2025_04_BAL_KC,2393.0,2025,4,,,,,,,archive:asset:299770475:sha256:0b04ffcee75f07c5a1cec292d7b485ec3222bbbcb65f7d5866fcd81b802b9d9b:week:4
2025_04_BAL_KC,2411.0,2025,4,KC,BAL,kickoff,0.5881927346345037,KC,BAL,archive:asset:299770475:sha256:0b04ffcee75f07c5a1cec292d7b485ec3222bbbcb65f7d5866fcd81b802b9d9b:week:4
2025_04_BAL_KC,2434.0,2025,4,KC,BAL,pass,0.11390232597477734,KC,BAL,archive:asset:299770475:sha256:0b04ffcee75f07c5a1cec292d7b485ec3222bbbcb65f7d5866fcd81b802b9d9b:week:4
2025_04_BAL_KC,2459.0,2025,4,KC,BAL,run,0.6013810455333441,KC,BAL,archive:asset:299770475:sha256:0b04ffcee75f07c5a1cec292d7b485ec3222bbbcb65f7d5866fcd81b802b9d9b:week:4
2025_04_BAL_KC,2481.0,2025,4,KC,BAL,run,0.6392993174958974,KC,BAL,archive:asset:299770475:sha256:0b04ffcee75f07c5a1cec292d7b485ec3222bbbcb65f7d5866fcd81b802b9d9b:week:4
2025_04_BAL_KC,2545.0,2025,4,KC,BAL,pass,1.792005512979813,KC,BAL,archive:asset:299770475:sha256:0b04ffcee75f07c5a1cec292d7b485ec3222bbbcb65f7d5866fcd81b802b9d9b:week:4
2025_04_BAL_KC,2575.0,2025,4,KC,BAL,run,-0.25223680189810693,KC,BAL,archive:asset:299770475:sha256:0b04ffcee75f07c5a1cec292d7b485ec3222bbbcb65f7d5866fcd81b802b9d9b:week:4
2025_04_BAL_KC,2597.0,2025,4,KC,BAL,pass,2.043358097434975,KC,BAL,archive:asset:299770475:sha256:0b04ffcee75f07c5a1cec292d7b485ec3222bbbcb65f7d5866fcd81b802b9d9b:week:4
2025_04_BAL_KC,2623.0,2025,4,KC,BAL,extra_point,0.06757300310763314,KC,BAL,archive:asset:299770475:sha256:0b04ffcee75f07c5a1cec292d7b485ec3222bbbcb65f7d5866fcd81b802b9d9b:week:4
2025_04_BAL_KC,2638.0,2025,4,BAL,KC,kickoff,0.2967862798832357,BAL,KC,archive:asset:299770475:sha256:0b04ffcee75f07c5a1cec292d7b485ec3222bbbcb65f7d5866fcd81b802b9d9b:week:4
2025_04_BAL_KC,2678.0,2025,4,BAL,KC,run,-0.04697282239794731,BAL,KC,archive:asset:299770475:sha256:0b04ffcee75f07c5a1cec292d7b485ec3222bbbcb65f7d5866fcd81b802b9d9b:week:4
2025_04_BAL_KC,2700.0,2025,4,BAL,KC,run,0.8022812132257968,BAL,KC,archive:asset:299770475:sha256:0b04ffcee75f07c5a1cec292d7b485ec3222bbbcb65f7d5866fcd81b802b9d9b:week:4
2025_04_BAL_KC,2722.0,2025,4,BAL,KC,pass,1.5812057250877842,BAL,KC,archive:asset:299770475:sha256:0b04ffcee75f07c5a1cec292d7b485ec3222bbbcb65f7d5866fcd81b802b9d9b:week:4
2025_04_BAL_KC,2752.0,2025,4,BAL,KC,pass,1.038647422741633,BAL,KC,archive:asset:299770475:sha256:0b04ffcee75f07c5a1cec292d7b485ec3222bbbcb65f7d5866fcd81b802b9d9b:week:4
2025_04_BAL_KC,2777.0,2025,4,BAL,KC,run,-0.03549641201971099,BAL,KC,archive:asset:299770475:sha256:0b04ffcee75f07c5a1cec292d7b485ec3222bbbcb65f7d5866fcd81b802b9d9b:week:4
2025_04_BAL_KC,2799.0,2025,4,BAL,KC,run,-0.24633712193462998,BAL,KC,archive:asset:299770475:sha256:0b04ffcee75f07c5a1cec292d7b485ec3222bbbcb65f7d5866fcd81b802b9d9b:week:4
2025_04_BAL_KC,2826.0,2025,4,BAL,KC,pass,-1.4851565755884821,BAL,KC,archive:asset:299770475:sha256:0b04ffcee75f07c5a1cec292d7b485ec3222bbbcb65f7d5866fcd81b802b9d9b:week:4
2025_04_BAL_KC,2846.0,2025,4,BAL,KC,field_goal,0.2056789117846365,BAL,KC,archive:asset:299770475:sha256:0b04ffcee75f07c5a1cec292d7b485ec3222bbbcb65f7d5866fcd81b802b9d9b:week:4
2025_04_BAL_KC,2866.0,2025,4,KC,BAL,kickoff,1.546684189233929,KC,BAL,archive:asset:299770475:sha256:0b04ffcee75f07c5a1cec292d7b485ec3222bbbcb65f7d5866fcd81b802b9d9b:week:4
2025_04_BAL_KC,2906.0,2025,4,KC,BAL,pass,0.24996111448854208,KC,BAL,archive:asset:299770475:sha256:0b04ffcee75f07c5a1cec292d7b485ec3222bbbcb65f7d5866fcd81b802b9d9b:week:4
2025_04_BAL_KC,2931.0,2025,4,KC,BAL,pass,-0.5559871273580939,KC,BAL,archive:asset:299770475:sha256:0b04ffcee75f07c5a1cec292d7b485ec3222bbbcb65f7d5866fcd81b802b9d9b:week:4
2025_04_BAL_KC,2956.0,2025,4,KC,BAL,run,1.185801540967077,KC,BAL,archive:asset:299770475:sha256:0b04ffcee75f07c5a1cec292d7b485ec3222bbbcb65f7d5866fcd81b802b9d9b:week:4
2025_04_BAL_KC,2978.0,2025,4,KC,BAL,run,-0.5099787515355274,KC,BAL,archive:asset:299770475:sha256:0b04ffcee75f07c5a1cec292d7b485ec3222bbbcb65f7d5866fcd81b802b9d9b:week:4
2025_04_BAL_KC,3000.0,2025,4,KC,BAL,pass,1.3992522635962814,KC,BAL,archive:asset:299770475:sha256:0b04ffcee75f07c5a1cec292d7b485ec3222bbbcb65f7d5866fcd81b802b9d9b:week:4
2025_04_BAL_KC,3025.0,2025,4,KC,BAL,pass,0.5275745191029273,KC,BAL,archive:asset:299770475:sha256:0b04ffcee75f07c5a1cec292d7b485ec3222bbbcb65f7d5866fcd81b802b9d9b:week:4
2025_04_BAL_KC,3050.0,2025,4,KC,BAL,run,-0.46650044014677405,KC,BAL,archive:asset:299770475:sha256:0b04ffcee75f07c5a1cec292d7b485ec3222bbbcb65f7d5866fcd81b802b9d9b:week:4
2025_04_BAL_KC,3074.0,2025,4,KC,BAL,no_play,-0.6055829454562627,KC,BAL,archive:asset:299770475:sha256:0b04ffcee75f07c5a1cec292d7b485ec3222bbbcb65f7d5866fcd81b802b9d9b:week:4
2025_04_BAL_KC,3115.0,2025,4,KC,BAL,run,-1.1255541479913518,KC,BAL,archive:asset:299770475:sha256:0b04ffcee75f07c5a1cec292d7b485ec3222bbbcb65f7d5866fcd81b802b9d9b:week:4
2025_04_BAL_KC,3163.0,2025,4,KC,BAL,pass,-0.2173696449598581,KC,BAL,archive:asset:299770475:sha256:0b04ffcee75f07c5a1cec292d7b485ec3222bbbcb65f7d5866fcd81b802b9d9b:week:4
2025_04_BAL_KC,3201.0,2025,4,KC,BAL,field_goal,0.17524963134101634,KC,BAL,archive:asset:299770475:sha256:0b04ffcee75f07c5a1cec292d7b485ec3222bbbcb65f7d5866fcd81b802b9d9b:week:4
2025_04_BAL_KC,3221.0,2025,4,BAL,KC,kickoff,-0.6238216599449515,BAL,KC,archive:asset:299770475:sha256:0b04ffcee75f07c5a1cec292d7b485ec3222bbbcb65f7d5866fcd81b802b9d9b:week:4
2025_04_BAL_KC,3264.0,2025,4,BAL,KC,pass,-0.5609229025430977,BAL,KC,archive:asset:299770475:sha256:0b04ffcee75f07c5a1cec292d7b485ec3222bbbcb65f7d5866fcd81b802b9d9b:week:4
2025_04_BAL_KC,3289.0,2025,4,BAL,KC,pass,-0.3794664400629699,BAL,KC,archive:asset:299770475:sha256:0b04ffcee75f07c5a1cec292d7b485ec3222bbbcb65f7d5866fcd81b802b9d9b:week:4
2025_04_BAL_KC,3326.0,2025,4,BAL,KC,no_play,1.2070258548483253,BAL,KC,archive:asset:299770475:sha256:0b04ffcee75f07c5a1cec292d7b485ec3222bbbcb65f7d5866fcd81b802b9d9b:week:4
2025_04_BAL_KC,3314.0,2025,4,BAL,KC,,-0.0,BAL,KC,archive:asset:299770475:sha256:0b04ffcee75f07c5a1cec292d7b485ec3222bbbcb65f7d5866fcd81b802b9d9b:week:4
2025_04_BAL_KC,3364.0,2025,4,BAL,KC,run,-2.1523447609506547,BAL,KC,archive:asset:299770475:sha256:0b04ffcee75f07c5a1cec292d7b485ec3222bbbcb65f7d5866fcd81b802b9d9b:week:4
2025_04_BAL_KC,3390.0,2025,4,BAL,KC,pass,-2.9792478478047997,BAL,KC,archive:asset:299770475:sha256:0b04ffcee75f07c5a1cec292d7b485ec3222bbbcb65f7d5866fcd81b802b9d9b:week:4
2025_04_BAL_KC,3413.0,2025,4,KC,BAL,run,-0.24911506043281406,KC,BAL,archive:asset:299770475:sha256:0b04ffcee75f07c5a1cec292d7b485ec3222bbbcb65f7d5866fcd81b802b9d9b:week:4
2025_04_BAL_KC,3435.0,2025,4,KC,BAL,pass,-0.624230075860396,KC,BAL,archive:asset:299770475:sha256:0b04ffcee75f07c5a1cec292d7b485ec3222bbbcb65f7d5866fcd81b802b9d9b:week:4
2025_04_BAL_KC,3458.0,2025,4,KC,BAL,pass,-0.05836246069520712,KC,BAL,archive:asset:299770475:sha256:0b04ffcee75f07c5a1cec292d7b485ec3222bbbcb65f7d5866fcd81b802b9d9b:week:4
2025_04_BAL_KC,3493.0,2025,4,KC,BAL,pass,3.3885849005309865,KC,BAL,archive:asset:299770475:sha256:0b04ffcee75f07c5a1cec292d7b485ec3222bbbcb65f7d5866fcd81b802b9d9b:week:4
2025_04_BAL_KC,3519.0,2025,4,KC,BAL,extra_point,0.06757300310763314,KC,BAL,archive:asset:299770475:sha256:0b04ffcee75f07c5a1cec292d7b485ec3222bbbcb65f7d5866fcd81b802b9d9b:week:4
2025_04_BAL_KC,3534.0,2025,4,BAL,KC,kickoff,0.28763192100450397,BAL,KC,archive:asset:299770475:sha256:0b04ffcee75f07c5a1cec292d7b485ec3222bbbcb65f7d5866fcd81b802b9d9b:week:4
2025_04_BAL_KC,3557.0,2025,4,BAL,KC,pass,0.36100986786186695,BAL,KC,archive:asset:299770475:sha256:0b04ffcee75f07c5a1cec292d7b485ec3222bbbcb65f7d5866fcd81b802b9d9b:week:4
2025_04_BAL_KC,3582.0,2025,4,BAL,KC,pass,-0.7797230395954102,BAL,KC,archive:asset:299770475:sha256:0b04ffcee75f07c5a1cec292d7b485ec3222bbbcb65f7d5866fcd81b802b9d9b:week:4
2025_04_BAL_KC,3610.0,2025,4,BAL,KC,pass,-1.4931987195741385,BAL,KC,archive:asset:299770475:sha256:0b04ffcee75f07c5a1cec292d7b485ec3222bbbcb65f7d5866fcd81b802b9d9b:week:4
2025_04_BAL_KC,3633.0,2025,4,BAL,KC,pass,3.0305584757588804,BAL,KC,archive:asset:299770475:sha256:0b04ffcee75f07c5a1cec292d7b485ec3222bbbcb65f7d5866fcd81b802b9d9b:week:4
2025_04_BAL_KC,3658.0,2025,4,BAL,KC,pass,0.8032105886377394,BAL,KC,archive:asset:299770475:sha256:0b04ffcee75f07c5a1cec292d7b485ec3222bbbcb65f7d5866fcd81b802b9d9b:week:4
2025_04_BAL_KC,3683.0,2025,4,BAL,KC,pass,0.0978036840679124,BAL,KC,archive:asset:299770475:sha256:0b04ffcee75f07c5a1cec292d7b485ec3222bbbcb65f7d5866fcd81b802b9d9b:week:4
2025_04_BAL_KC,3708.0,2025,4,BAL,KC,pass,-0.6935242395848036,BAL,KC,archive:asset:299770475:sha256:0b04ffcee75f07c5a1cec292d7b485ec3222bbbcb65f7d5866fcd81b802b9d9b:week:4
2025_04_BAL_KC,3738.0,2025,4,BAL,KC,pass,-1.1409748523728922,BAL,KC,archive:asset:299770475:sha256:0b04ffcee75f07c5a1cec292d7b485ec3222bbbcb65f7d5866fcd81b802b9d9b:week:4
2025_04_BAL_KC,3761.0,2025,4,BAL,KC,pass,-3.129014591453597,BAL,KC,archive:asset:299770475:sha256:0b04ffcee75f07c5a1cec292d7b485ec3222bbbcb65f7d5866fcd81b802b9d9b:week:4
2025_04_BAL_KC,3786.0,2025,4,KC,BAL,run,0.08625764399766922,KC,BAL,archive:asset:299770475:sha256:0b04ffcee75f07c5a1cec292d7b485ec3222bbbcb65f7d5866fcd81b802b9d9b:week:4
2025_04_BAL_KC,3815.0,2025,4,KC,BAL,run,-0.10966287716291845,KC,BAL,archive:asset:299770475:sha256:0b04ffcee75f07c5a1cec292d7b485ec3222bbbcb65f7d5866fcd81b802b9d9b:week:4
2025_04_BAL_KC,3837.0,2025,4,KC,BAL,run,0.7492668651975691,KC,BAL,archive:asset:299770475:sha256:0b04ffcee75f07c5a1cec292d7b485ec3222bbbcb65f7d5866fcd81b802b9d9b:week:4
2025_04_BAL_KC,3864.0,2025,4,KC,BAL,run,-0.1443690664600581,KC,BAL,archive:asset:299770475:sha256:0b04ffcee75f07c5a1cec292d7b485ec3222bbbcb65f7d5866fcd81b802b9d9b:week:4
2025_04_BAL_KC,3886.0,2025,4,KC,BAL,run,-0.7178325990680605,KC,BAL,archive:asset:299770475:sha256:0b04ffcee75f07c5a1cec292d7b485ec3222bbbcb65f7d5866fcd81b802b9d9b:week:4
2025_04_BAL_KC,3908.0,2025,4,KC,BAL,run,-0.3316248164046556,KC,BAL,archive:asset:299770475:sha256:0b04ffcee75f07c5a1cec292d7b485ec3222bbbcb65f7d5866fcd81b802b9d9b:week:4
2025_04_BAL_KC,3930.0,2025,4,KC,BAL,run,1.9243286426644772,KC,BAL,archive:asset:299770475:sha256:0b04ffcee75f07c5a1cec292d7b485ec3222bbbcb65f7d5866fcd81b802b9d9b:week:4
2025_04_BAL_KC,3952.0,2025,4,KC,BAL,pass,-0.7094812677241862,KC,BAL,archive:asset:299770475:sha256:0b04ffcee75f07c5a1cec292d7b485ec3222bbbcb65f7d5866fcd81b802b9d9b:week:4
2025_04_BAL_KC,3987.0,2025,4,,,no_play,0.0,,,archive:asset:299770475:sha256:0b04ffcee75f07c5a1cec292d7b485ec3222bbbcb65f7d5866fcd81b802b9d9b:week:4
2025_04_BAL_KC,3975.0,2025,4,KC,BAL,no_play,-1.0784934223629534,KC,BAL,archive:asset:299770475:sha256:0b04ffcee75f07c5a1cec292d7b485ec3222bbbcb65f7d5866fcd81b802b9d9b:week:4
2025_04_BAL_KC,4020.0,2025,4,KC,BAL,run,-0.5162468107882887,KC,BAL,archive:asset:299770475:sha256:0b04ffcee75f07c5a1cec292d7b485ec3222bbbcb65f7d5866fcd81b802b9d9b:week:4
2025_04_BAL_KC,4054.0,2025,4,,,no_play,0.0,,,archive:asset:299770475:sha256:0b04ffcee75f07c5a1cec292d7b485ec3222bbbcb65f7d5866fcd81b802b9d9b:week:4
2025_04_BAL_KC,4042.0,2025,4,KC,BAL,run,-1.0992865912849084,KC,BAL,archive:asset:299770475:sha256:0b04ffcee75f07c5a1cec292d7b485ec3222bbbcb65f7d5866fcd81b802b9d9b:week:4
2025_04_BAL_KC,4071.0,2025,4,KC,BAL,punt,-0.1343508077552542,KC,BAL,archive:asset:299770475:sha256:0b04ffcee75f07c5a1cec292d7b485ec3222bbbcb65f7d5866fcd81b802b9d9b:week:4
2025_04_BAL_KC,4090.0,2025,4,BAL,KC,run,-0.3852674961090088,BAL,KC,archive:asset:299770475:sha256:0b04ffcee75f07c5a1cec292d7b485ec3222bbbcb65f7d5866fcd81b802b9d9b:week:4
2025_04_BAL_KC,4112.0,2025,4,BAL,KC,pass,1.014703540946357,BAL,KC,archive:asset:299770475:sha256:0b04ffcee75f07c5a1cec292d7b485ec3222bbbcb65f7d5866fcd81b802b9d9b:week:4
2025_04_BAL_KC,4137.0,2025,4,BAL,KC,run,5.982933588675223,BAL,KC,archive:asset:299770475:sha256:0b04ffcee75f07c5a1cec292d7b485ec3222bbbcb65f7d5866fcd81b802b9d9b:week:4
2025_04_BAL_KC,4160.0,2025,4,BAL,KC,extra_point,0.06757300310763314,BAL,KC,archive:asset:299770475:sha256:0b04ffcee75f07c5a1cec292d7b485ec3222bbbcb65f7d5866fcd81b802b9d9b:week:4
2025_04_BAL_KC,4175.0,2025,4,KC,BAL,kickoff,-0.25366570975165814,KC,BAL,archive:asset:299770475:sha256:0b04ffcee75f07c5a1cec292d7b485ec3222bbbcb65f7d5866fcd81b802b9d9b:week:4
2025_04_BAL_KC,4205.0,2025,4,KC,BAL,run,-0.6403643023222685,KC,BAL,archive:asset:299770475:sha256:0b04ffcee75f07c5a1cec292d7b485ec3222bbbcb65f7d5866fcd81b802b9d9b:week:4
2025_04_BAL_KC,4227.0,2025,4,KC,BAL,qb_kneel,0.0,KC,BAL,archive:asset:299770475:sha256:0b04ffcee75f07c5a1cec292d7b485ec3222bbbcb65f7d5866fcd81b802b9d9b:week:4
2025_04_BAL_KC,4249.0,2025,4,KC,BAL,qb_kneel,0.0,KC,BAL,archive:asset:299770475:sha256:0b04ffcee75f07c5a1cec292d7b485ec3222bbbcb65f7d5866fcd81b802b9d9b:week:4
2025_04_BAL_KC,4271.0,2025,4,KC,BAL,,,KC,BAL,archive:asset:299770475:sha256:0b04ffcee75f07c5a1cec292d7b485ec3222bbbcb65f7d5866fcd81b802b9d9b:week:4
2025_04_CAR_NE,1.0,2025,4,,,,-0.0,,,archive:asset:299770475:sha256:0b04ffcee75f07c5a1cec292d7b485ec3222bbbcb65f7d5866fcd81b802b9d9b:week:4
2025_04_CAR_NE,40.0,2025,4,CAR,NE,kickoff,-0.23302524909377098,CAR,NE,archive:asset:299770475:sha256:0b04ffcee75f07c5a1cec292d7b485ec3222bbbcb65f7d5866fcd81b802b9d9b:week:4
2025_04_CAR_NE,63.0,2025,4,CAR,NE,run,1.0353833953849971,CAR,NE,archive:asset:299770475:sha256:0b04ffcee75f07c5a1cec292d7b485ec3222bbbcb65f7d5866fcd81b802b9d9b:week:4
2025_04_CAR_NE,88.0,2025,4,CAR,NE,run,0.816778298234567,CAR,NE,archive:asset:299770475:sha256:0b04ffcee75f07c5a1cec292d7b485ec3222bbbcb65f7d5866fcd81b802b9d9b:week:4
2025_04_CAR_NE,122.0,2025,4,CAR,NE,no_play,0.05433269962668419,CAR,NE,archive:asset:299770475:sha256:0b04ffcee75f07c5a1cec292d7b485ec3222bbbcb65f7d5866fcd81b802b9d9b:week:4
2025_04_CAR_NE,156.0,2025,4,CAR,NE,pass,0.7723109507933259,CAR,NE,archive:asset:299770475:sha256:0b04ffcee75f07c5a1cec292d7b485ec3222bbbcb65f7d5866fcd81b802b9d9b:week:4
2025_04_CAR_NE,181.0,2025,4,CAR,NE,run,0.11528704571537673,CAR,NE,archive:asset:299770475:sha256:0b04ffcee75f07c5a1cec292d7b485ec3222bbbcb65f7d5866fcd81b802b9d9b:week:4
2025_04_CAR_NE,203.0,2025,4,CAR,NE,pass,1.0812326582381502,CAR,NE,archive:asset:299770475:sha256:0b04ffcee75f07c5a1cec292d7b485ec3222bbbcb65f7d5866fcd81b802b9d9b:week:4
2025_04_CAR_NE,228.0,2025,4,CAR,NE,pass,1.0141769544570707,CAR,NE,archive:asset:299770475:sha256:0b04ffcee75f07c5a1cec292d7b485ec3222bbbcb65f7d5866fcd81b802b9d9b:week:4
2025_04_CAR_NE,253.0,2025,4,CAR,NE,pass,1.573300879856106,CAR,NE,archive:asset:299770475:sha256:0b04ffcee75f07c5a1cec292d7b485ec3222bbbcb65f7d5866fcd81b802b9d9b:week:4
2025_04_CAR_NE,279.0,2025,4,CAR,NE,extra_point,-0.9324269968923669,CAR,NE,archive:asset:299770475:sha256:0b04ffcee75f07c5a1cec292d7b485ec3222bbbcb65f7d5866fcd81b802b9d9b:week:4
2025_04_CAR_NE,294.0,2025,4,NE,CAR,kickoff,0.5801845279056579,NE,CAR,archive:asset:299770475:sha256:0b04ffcee75f07c5a1cec292d7b485ec3222bbbcb65f7d5866fcd81b802b9d9b:week:4
2025_04_CAR_NE,318.0,2025,4,NE,CAR,run,-0.3868471549358219,NE,CAR,archive:asset:299770475:sha256:0b04ffcee75f07c5a1cec292d7b485ec3222bbbcb65f7d5866fcd81b802b9d9b:week:4
2025_04_CAR_NE,340.0,2025,4,NE,CAR,run,-0.05856745271012187,NE,CAR,archive:asset:299770475:sha256:0b04ffcee75f07c5a1cec292d7b485ec3222bbbcb65f7d5866fcd81b802b9d9b:week:4
2025_04_CAR_NE,362.0,2025,4,NE,CAR,pass,-1.6982978899031878,NE,CAR,archive:asset:299770475:sha256:0b04ffcee75f07c5a1cec292d7b485ec3222bbbcb65f7d5866fcd81b802b9d9b:week:4
2025_04_CAR_NE,385.0,2025,4,NE,CAR,no_play,-0.4595599411986768,NE,CAR,archive:asset:299770475:sha256:0b04ffcee75f07c5a1cec292d7b485ec3222bbbcb65f7d5866fcd81b802b9d9b:week:4
2025_04_CAR_NE,413.0,2025,4,NE,CAR,punt,0.03331131348386407,NE,CAR,archive:asset:299770475:sha256:0b04ffcee75f07c5a1cec292d7b485ec3222bbbcb65f7d5866fcd81b802b9d9b:week:4
2025_04_CAR_NE,444.0,2025,4,CAR,NE,pass,0.7103898762725294,CAR,NE,archive:asset:299770475:sha256:0b04ffcee75f07c5a1cec292d7b485ec3222bbbcb65f7d5866fcd81b802b9d9b:week:4
2025_04_CAR_NE,476.0,2025,4,CAR,NE,run,0.14392294315621257,CAR,NE,archive:asset:299770475:sha256:0b04ffcee75f07c5a1cec292d7b485ec3222bbbcb65f7d5866fcd81b802b9d9b:week:4
2025_04_CAR_NE,498.0,2025,4,CAR,NE,no_play,0.6708638533018529,CAR,NE,archive:asset:299770475:sha256:0b04ffcee75f07c5a1cec292d7b485ec3222bbbcb65f7d5866fcd81b802b9d9b:week:4
2025_04_CAR_NE,522.0,2025,4,CAR,NE,pass,0.7921979674138129,CAR,NE,archive:asset:299770475:sha256:0b04ffcee75f07c5a1cec292d7b485ec3222bbbcb65f7d5866fcd81b802b9d9b:week:4
2025_04_CAR_NE,547.0,2025,4,CAR,NE,pass,-0.5061059950385243,CAR,NE,archive:asset:299770475:sha256:0b04ffcee75f07c5a1cec292d7b485ec3222bbbcb65f7d5866fcd81b802b9d9b:week:4
2025_04_CAR_NE,570.0,2025,4,CAR,NE,pass,-0.8770462349057198,CAR,NE,archive:asset:299770475:sha256:0b04ffcee75f07c5a1cec292d7b485ec3222bbbcb65f7d5866fcd81b802b9d9b:week:4
2025_04_CAR_NE,593.0,2025,4,CAR,NE,run,-1.7988895121961832,CAR,NE,archive:asset:299770475:sha256:0b04ffcee75f07c5a1cec292d7b485ec3222bbbcb65f7d5866fcd81b802b9d9b:week:4
2025_04_CAR_NE,615.0,2025,4,CAR,NE,punt,-6.695685564773157,CAR,NE,archive:asset:299770475:sha256:0b04ffcee75f07c5a1cec292d7b485ec3222bbbcb65f7d5866fcd81b802b9d9b:week:4
2025_04_CAR_NE,642.0,2025,4,NE,CAR,extra_point,0.06757300310763314,NE,CAR,archive:asset:299770475:sha256:0b04ffcee75f07c5a1cec292d7b485ec3222bbbcb65f7d5866fcd81b802b9d9b:week:4
2025_04_CAR_NE,667.0,2025,4,CAR,NE,kickoff,0.9911396780516952,CAR,NE,archive:asset:299770475:sha256:0b04ffcee75f07c5a1cec292d7b485ec3222bbbcb65f7d5866fcd81b802b9d9b:week:4
2025_04_CAR_NE,690.0,2025,4,CAR,NE,run,-0.4962441986426711,CAR,NE,archive:asset:299770475:sha256:0b04ffcee75f07c5a1cec292d7b485ec3222bbbcb65f7d5866fcd81b802b9d9b:week:4
2025_04_CAR_NE,712.0,2025,4,CAR,NE,pass,0.7997731231153011,CAR,NE,archive:asset:299770475:sha256:0b04ffcee75f07c5a1cec292d7b485ec3222bbbcb65f7d5866fcd81b802b9d9b:week:4
2025_04_CAR_NE,748.0,2025,4,CAR,NE,run,1.0630089305341244,CAR,NE,archive:asset:299770475:sha256:0b04ffcee75f07c5a1cec292d7b485ec3222bbbcb65f7d5866fcd81b802b9d9b:week:4
2025_04_CAR_NE,775.0,2025,4,CAR,NE,pass,-0.557384216459468,CAR,NE,archive:asset:299770475:sha256:0b04ffcee75f07c5a1cec292d7b485ec3222bbbcb65f7d5866fcd81b802b9d9b:week:4
2025_04_CAR_NE,808.0,2025,4,CAR,NE,run,-1.3457306583877653,CAR,NE,archive:asset:299770475:sha256:0b04ffcee75f07c5a1cec292d7b485ec3222bbbcb65f7d5866fcd81b802b9d9b:week:4
2025_04_CAR_NE,830.0,2025,4,CAR,NE,pass,-1.601350364042446,CAR,NE,archive:asset:299770475:sha256:0b04ffcee75f07c5a1cec292d7b485ec3222bbbcb65f7d5866fcd81b802b9d9b:week:4
2025_04_CAR_NE,853.0,2025,4,CAR,NE,punt,-0.6318820836022496,CAR,NE,archive:asset:299770475:sha256:0b04ffcee75f07c5a1cec292d7b485ec3222bbbcb65f7d5866fcd81b802b9d9b:week:4
2025_04_CAR_NE,871.0,2025,4,NE,CAR,pass,1.6837011862080544,NE,CAR,archive:asset:299770475:sha256:0b04ffcee75f07c5a1cec292d7b485ec3222bbbcb65f7d5866fcd81b802b9d9b:week:4
2025_04_CAR_NE,896.0,2025,4,NE,CAR,pass,0.20862807892262936,NE,CAR,archive:asset:299770475:sha256:0b04ffcee75f07c5a1cec292d7b485ec3222bbbcb65f7d5866fcd81b802b9d9b:week:4
2025_04_CAR_NE,924.0,2025,4,NE,CAR,run,1.361758874496445,NE,CAR,archive:asset:299770475:sha256:0b04ffcee75f07c5a1cec292d7b485ec3222bbbcb65f7d5866fcd81b802b9d9b:week:4
2025_04_CAR_NE,946.0,2025,4,NE,CAR,run,1.4100292875664309,NE,CAR,archive:asset:299770475:sha256:0b04ffcee75f07c5a1cec292d7b485ec3222bbbcb65f7d5866fcd81b802b9d9b:week:4
2025_04_CAR_NE,973.0,2025,4,NE,CAR,run,-0.13272326171863824,NE,CAR,archive:asset:299770475:sha256:0b04ffcee75f07c5a1cec292d7b485ec3222bbbcb65f7d5866fcd81b802b9d9b:week:4
2025_04_CAR_NE,995.0,2025,4,NE,CAR,,0.0,NE,CAR,archive:asset:299770475:sha256:0b04ffcee75f07c5a1cec292d7b485ec3222bbbcb65f7d5866fcd81b802b9d9b:week:4
2025_04_CAR_NE,1015.0,2025,4,NE,CAR,run,1.5608954634517431,NE,CAR,archive:asset:299770475:sha256:0b04ffcee75f07c5a1cec292d7b485ec3222bbbcb65f7d5866fcd81b802b9d9b:week:4
2025_04_CAR_NE,1038.0,2025,4,NE,CAR,extra_point,0.06757300310763314,NE,CAR,archive:asset:299770475:sha256:0b04ffcee75f07c5a1cec292d7b485ec3222bbbcb65f7d5866fcd81b802b9d9b:week:4
2025_04_CAR_NE,1053.0,2025,4,CAR,NE,kickoff,0.464711916167289,CAR,NE,archive:asset:299770475:sha256:0b04ffcee75f07c5a1cec292d7b485ec3222bbbcb65f7d5866fcd81b802b9d9b:week:4
2025_04_CAR_NE,1083.0,2025,4,CAR,NE,pass,0.9684552140533924,CAR,NE,archive:asset:299770475:sha256:0b04ffcee75f07c5a1cec292d7b485ec3222bbbcb65f7d5866fcd81b802b9d9b:week:4
2025_04_CAR_NE,1108.0,2025,4,CAR,NE,run,-0.180659803096205,CAR,NE,archive:asset:299770475:sha256:0b04ffcee75f07c5a1cec292d7b485ec3222bbbcb65f7d5866fcd81b802b9d9b:week:4
2025_04_CAR_NE,1130.0,2025,4,CAR,NE,pass,0.2849923223257065,CAR,NE,archive:asset:299770475:sha256:0b04ffcee75f07c5a1cec292d7b485ec3222bbbcb65f7d5866fcd81b802b9d9b:week:4
2025_04_CAR_NE,1160.0,2025,4,CAR,NE,run,0.6461933569516987,CAR,NE,archive:asset:299770475:sha256:0b04ffcee75f07c5a1cec292d7b485ec3222bbbcb65f7d5866fcd81b802b9d9b:week:4
2025_04_CAR_NE,1192.0,2025,4,CAR,NE,pass,0.09322095278184861,CAR,NE,archive:asset:299770475:sha256:0b04ffcee75f07c5a1cec292d7b485ec3222bbbcb65f7d5866fcd81b802b9d9b:week:4
2025_04_CAR_NE,1233.0,2025,4,CAR,NE,no_play,0.5754264768911526,CAR,NE,archive:asset:299770475:sha256:0b04ffcee75f07c5a1cec292d7b485ec3222bbbcb65f7d5866fcd81b802b9d9b:week:4
2025_04_CAR_NE,1267.0,2025,4,CAR,NE,run,0.16681075375527143,CAR,NE,archive:asset:299770475:sha256:0b04ffcee75f07c5a1cec292d7b485ec3222bbbcb65f7d5866fcd81b802b9d9b:week:4
2025_04_CAR_NE,1289.0,2025,4,CAR,NE,pass,-2.379784991731867,CAR,NE,archive:asset:299770475:sha256:0b04ffcee75f07c5a1cec292d7b485ec3222bbbcb65f7d5866fcd81b802b9d9b:week:4
2025_04_CAR_NE,1314.0,2025,4,CAR,NE,pass,-0.9669261064093876,CAR,NE,archive:asset:299770475:sha256:0b04ffcee75f07c5a1cec292d7b485ec3222bbbcb65f7d5866fcd81b802b9d9b:week:4
2025_04_CAR_NE,1337.0,2025,4,CAR,NE,field_goal,-2.987810101435302,CAR,NE,archive:asset:299770475:sha256:0b04ffcee75f07c5a1cec292d7b485ec3222bbbcb65f7d5866fcd81b802b9d9b:week:4
2025_04_CAR_NE,1368.0,2025,4,NE,CAR,pass,0.7467463351786137,NE,CAR,archive:asset:299770475:sha256:0b04ffcee75f07c5a1cec292d7b485ec3222bbbcb65f7d5866fcd81b802b9d9b:week:4
2025_04_CAR_NE,1398.0,2025,4,NE,CAR,run,-0.20812882645986974,NE,CAR,archive:asset:299770475:sha256:0b04ffcee75f07c5a1cec292d7b485ec3222bbbcb65f7d5866fcd81b802b9d9b:week:4
2025_04_CAR_NE,1420.0,2025,4,NE,CAR,pass,2.0546711413771845,NE,CAR,archive:asset:299770475:sha256:0b04ffcee75f07c5a1cec292d7b485ec3222bbbcb65f7d5866fcd81b802b9d9b:week:4
2025_04_CAR_NE,1445.0,2025,4,NE,CAR,run,-1.322659705125261,NE,CAR,archive:asset:299770475:sha256:0b04ffcee75f07c5a1cec292d7b485ec3222bbbcb65f7d5866fcd81b802b9d9b:week:4
2025_04_CAR_NE,1478.0,2025,4,NE,CAR,run,-0.6436925549060106,NE,CAR,archive:asset:299770475:sha256:0b04ffcee75f07c5a1cec292d7b485ec3222bbbcb65f7d5866fcd81b802b9d9b:week:4
2025_04_CAR_NE,1510.0,2025,4,NE,CAR,pass,1.9067863617674448,NE,CAR,archive:asset:299770475:sha256:0b04ffcee75f07c5a1cec292d7b485ec3222bbbcb65f7d5866fcd81b802b9d9b:week:4
2025_04_CAR_NE,1546.0,2025,4,NE,CAR,pass,0.3855112154269591,NE,CAR,archive:asset:299770475:sha256:0b04ffcee75f07c5a1cec292d7b485ec3222bbbcb65f7d5866fcd81b802b9d9b:week:4
2025_04_CAR_NE,1576.0,2025,4,NE,CAR,run,1.672596504271496,NE,CAR,archive:asset:299770475:sha256:0b04ffcee75f07c5a1cec292d7b485ec3222bbbcb65f7d5866fcd81b802b9d9b:week:4
2025_04_CAR_NE,1599.0,2025,4,NE,CAR,extra_point,0.06757300310763314,NE,CAR,archive:asset:299770475:sha256:0b04ffcee75f07c5a1cec292d7b485ec3222bbbcb65f7d5866fcd81b802b9d9b:week:4
2025_04_CAR_NE,1614.0,2025,4,CAR,NE,kickoff,-0.04430829221382737,CAR,NE,archive:asset:299770475:sha256:0b04ffcee75f07c5a1cec292d7b485ec3222bbbcb65f7d5866fcd81b802b9d9b:week:4
2025_04_CAR_NE,1647.0,2025,4,CAR,NE,no_play,-0.6616459926590323,CAR,NE,archive:asset:299770475:sha256:0b04ffcee75f07c5a1cec292d7b485ec3222bbbcb65f7d5866fcd81b802b9d9b:week:4
2025_04_CAR_NE,1671.0,2025,4,CAR,NE,run,-0.4141932693310082,CAR,NE,archive:asset:299770475:sha256:0b04ffcee75f07c5a1cec292d7b485ec3222bbbcb65f7d5866fcd81b802b9d9b:week:4
2025_04_CAR_NE,1696.0,2025,4,CAR,NE,pass,-0.6711301514878869,CAR,NE,archive:asset:299770475:sha256:0b04ffcee75f07c5a1cec292d7b485ec3222bbbcb65f7d5866fcd81b802b9d9b:week:4
2025_04_CAR_NE,1719.0,2025,4,CAR,NE,run,-0.5347148673608899,CAR,NE,archive:asset:299770475:sha256:0b04ffcee75f07c5a1cec292d7b485ec3222bbbcb65f7d5866fcd81b802b9d9b:week:4
2025_04_CAR_NE,1741.0,2025,4,CAR,NE,punt,-3.4340550758061,CAR,NE,archive:asset:299770475:sha256:0b04ffcee75f07c5a1cec292d7b485ec3222bbbcb65f7d5866fcd81b802b9d9b:week:4
2025_04_CAR_NE,1767.0,2025,4,NE,CAR,run,-0.49874011846259236,NE,CAR,archive:asset:299770475:sha256:0b04ffcee75f07c5a1cec292d7b485ec3222bbbcb65f7d5866fcd81b802b9d9b:week:4
2025_04_CAR_NE,1789.0,2025,4,NE,CAR,pass,-0.2716381638892926,NE,CAR,archive:asset:299770475:sha256:0b04ffcee75f07c5a1cec292d7b485ec3222bbbcb65f7d5866fcd81b802b9d9b:week:4
2025_04_CAR_NE,1814.0,2025,4,NE,CAR,pass,2.279946048540296,NE,CAR,archive:asset:299770475:sha256:0b04ffcee75f07c5a1cec292d7b485ec3222bbbcb65f7d5866fcd81b802b9d9b:week:4
2025_04_CAR_NE,1839.0,2025,4,NE,CAR,run,0.6260867821692955,NE,CAR,archive:asset:299770475:sha256:0b04ffcee75f07c5a1cec292d7b485ec3222bbbcb65f7d5866fcd81b802b9d9b:week:4
2025_04_CAR_NE,1876.0,2025,4,NE,CAR,extra_point,0.06757300310763314,NE,CAR,archive:asset:299770475:sha256:0b04ffcee75f07c5a1cec292d7b485ec3222bbbcb65f7d5866fcd81b802b9d9b:week:4
2025_04_CAR_NE,1891.0,2025,4,CAR,NE,kickoff,0.42348278884310275,CAR,NE,archive:asset:299770475:sha256:0b04ffcee75f07c5a1cec292d7b485ec3222bbbcb65f7d5866fcd81b802b9d9b:week:4
2025_04_CAR_NE,1917.0,2025,4,CAR,NE,run,-0.30861833377275616,CAR,NE,archive:asset:299770475:sha256:0b04ffcee75f07c5a1cec292d7b485ec3222bbbcb65f7d5866fcd81b802b9d9b:week:4
2025_04_CAR_NE,1939.0,2025,4,CAR,NE,pass,0.3494802650529891,CAR,NE,archive:asset:299770475:sha256:0b04ffcee75f07c5a1cec292d7b485ec3222bbbcb65f7d5866fcd81b802b9d9b:week:4
2025_04_CAR_NE,1964.0,2025,4,CAR,NE,run,0.25711531087290496,CAR,NE,archive:asset:299770475:sha256:0b04ffcee75f07c5a1cec292d7b485ec3222bbbcb65f7d5866fcd81b802b9d9b:week:4
2025_04_CAR_NE,1986.0,2025,4,CAR,NE,pass,-0.21420160331763327,CAR,NE,archive:asset:299770475:sha256:0b04ffcee75f07c5a1cec292d7b485ec3222bbbcb65f7d5866fcd81b802b9d9b:week:4
2025_04_CAR_NE,2009.0,2025,4,CAR,NE,pass,-0.387315517058596,CAR,NE,archive:asset:299770475:sha256:0b04ffcee75f07c5a1cec292d7b485ec3222bbbcb65f7d5866fcd81b802b9d9b:week:4
2025_04_CAR_NE,2032.0,2025,4,CAR,NE,pass,-0.754097766475752,CAR,NE,archive:asset:299770475:sha256:0b04ffcee75f07c5a1cec292d7b485ec3222bbbcb65f7d5866fcd81b802b9d9b:week:4
2025_04_CAR_NE,2055.0,2025,4,CAR,NE,punt,-0.06600589770823717,CAR,NE,archive:asset:299770475:sha256:0b04ffcee75f07c5a1cec292d7b485ec3222bbbcb65f7d5866fcd81b802b9d9b:week:4
2025_04_CAR_NE,2074.0,2025,4,NE,CAR,run,0.049437077512266114,NE,CAR,archive:asset:299770475:sha256:0b04ffcee75f07c5a1cec292d7b485ec3222bbbcb65f7d5866fcd81b802b9d9b:week:4
2025_04_CAR_NE,2115.0,2025,4,,,no_play,0.0,,,archive:asset:299770475:sha256:0b04ffcee75f07c5a1cec292d7b485ec3222bbbcb65f7d5866fcd81b802b9d9b:week:4
2025_04_CAR_NE,2103.0,2025,4,NE,CAR,run,-0.048912815283983946,NE,CAR,archive:asset:299770475:sha256:0b04ffcee75f07c5a1cec292d7b485ec3222bbbcb65f7d5866fcd81b802b9d9b:week:4
2025_04_CAR_NE,2144.0,2025,4,,,no_play,0.0,,,archive:asset:299770475:sha256:0b04ffcee75f07c5a1cec292d7b485ec3222bbbcb65f7d5866fcd81b802b9d9b:week:4
2025_04_CAR_NE,2132.0,2025,4,NE,CAR,run,-0.08534709524246864,NE,CAR,archive:asset:299770475:sha256:0b04ffcee75f07c5a1cec292d7b485ec3222bbbcb65f7d5866fcd81b802b9d9b:week:4
2025_04_CAR_NE,2173.0,2025,4,,,no_play,0.0,,,archive:asset:299770475:sha256:0b04ffcee75f07c5a1cec292d7b485ec3222bbbcb65f7d5866fcd81b802b9d9b:week:4
2025_04_CAR_NE,2161.0,2025,4,NE,CAR,punt,-0.06784556491766125,NE,CAR,archive:asset:299770475:sha256:0b04ffcee75f07c5a1cec292d7b485ec3222bbbcb65f7d5866fcd81b802b9d9b:week:4
2025_04_CAR_NE,2206.0,2025,4,,,no_play,-0.0,,,archive:asset:299770475:sha256:0b04ffcee75f07c5a1cec292d7b485ec3222bbbcb65f7d5866fcd81b802b9d9b:week:4
2025_04_CAR_NE,2194.0,2025,4,CAR,NE,no_play,-0.23070734407519922,CAR,NE,archive:asset:299770475:sha256:0b04ffcee75f07c5a1cec292d7b485ec3222bbbcb65f7d5866fcd81b802b9d9b:week:4
2025_04_CAR_NE,2242.0,2025,4,,,,,,,archive:asset:299770475:sha256:0b04ffcee75f07c5a1cec292d7b485ec3222bbbcb65f7d5866fcd81b802b9d9b:week:4
2025_04_CAR_NE,2262.0,2025,4,NE,CAR,kickoff,-0.44137809704989195,NE,CAR,archive:asset:299770475:sha256:0b04ffcee75f07c5a1cec292d7b485ec3222bbbcb65f7d5866fcd81b802b9d9b:week:4
2025_04_CAR_NE,2296.0,2025,4,NE,CAR,pass,1.401203685440123,NE,CAR,archive:asset:299770475:sha256:0b04ffcee75f07c5a1cec292d7b485ec3222bbbcb65f7d5866fcd81b802b9d9b:week:4
2025_04_CAR_NE,2321.0,2025,4,NE,CAR,pass,-0.5102108165156096,NE,CAR,archive:asset:299770475:sha256:0b04ffcee75f07c5a1cec292d7b485ec3222bbbcb65f7d5866fcd81b802b9d9b:week:4
2025_04_CAR_NE,2344.0,2025,4,NE,CAR,run,-0.31715606059879065,NE,CAR,archive:asset:299770475:sha256:0b04ffcee75f07c5a1cec292d7b485ec3222bbbcb65f7d5866fcd81b802b9d9b:week:4
2025_04_CAR_NE,2367.0,2025,4,NE,CAR,no_play,-1.3142038320656866,NE,CAR,archive:asset:299770475:sha256:0b04ffcee75f07c5a1cec292d7b485ec3222bbbcb65f7d5866fcd81b802b9d9b:week:4
2025_04_CAR_NE,2400.0,2025,4,NE,CAR,pass,3.074352265102789,NE,CAR,archive:asset:299770475:sha256:0b04ffcee75f07c5a1cec292d7b485ec3222bbbcb65f7d5866fcd81b802b9d9b:week:4
2025_04_CAR_NE,2438.0,2025,4,NE,CAR,pass,-0.5086581790819764,NE,CAR,archive:asset:299770475:sha256:0b04ffcee75f07c5a1cec292d7b485ec3222bbbcb65f7d5866fcd81b802b9d9b:week:4
2025_04_CAR_NE,2463.0,2025,4,NE,CAR,run,1.2453650929965079,NE,CAR,archive:asset:299770475:sha256:0b04ffcee75f07c5a1cec292d7b485ec3222bbbcb65f7d5866fcd81b802b9d9b:week:4
2025_04_CAR_NE,2485.0,2025,4,NE,CAR,run,-0.42703216848894954,NE,CAR,archive:asset:299770475:sha256:0b04ffcee75f07c5a1cec292d7b485ec3222bbbcb65f7d5866fcd81b802b9d9b:week:4
2025_04_CAR_NE,2507.0,2025,4,NE,CAR,pass,3.323620342416689,NE,CAR,archive:asset:299770475:sha256:0b04ffcee75f07c5a1cec292d7b485ec3222bbbcb65f7d5866fcd81b802b9d9b:week:4
2025_04_CAR_NE,2533.0,2025,4,NE,CAR,extra_point,0.06757300310763314,NE,CAR,archive:asset:299770475:sha256:0b04ffcee75f07c5a1cec292d7b485ec3222bbbcb65f7d5866fcd81b802b9d9b:week:4
2025_04_CAR_NE,2548.0,2025,4,CAR,NE,kickoff,0.5044073141179979,CAR,NE,archive:asset:299770475:sha256:0b04ffcee75f07c5a1cec292d7b485ec3222bbbcb65f7d5866fcd81b802b9d9b:week:4
2025_04_CAR_NE,2588.0,2025,4,CAR,NE,run,0.6906633081380278,CAR,NE,archive:asset:299770475:sha256:0b04ffcee75f07c5a1cec292d7b485ec3222bbbcb65f7d5866fcd81b802b9d9b:week:4
2025_04_CAR_NE,2615.0,2025,4,CAR,NE,run,-0.035756268771365285,CAR,NE,archive:asset:299770475:sha256:0b04ffcee75f07c5a1cec292d7b485ec3222bbbcb65f7d5866fcd81b802b9d9b:week:4
2025_04_CAR_NE,2637.0,2025,4,CAR,NE,pass,1.5053500491194427,CAR,NE,archive:asset:299770475:sha256:0b04ffcee75f07c5a1cec292d7b485ec3222bbbcb65f7d5866fcd81b802b9d9b:week:4
2025_04_CAR_NE,2667.0,2025,4,CAR,NE,run,0.05500471359118819,CAR,NE,archive:asset:299770475:sha256:0b04ffcee75f07c5a1cec292d7b485ec3222bbbcb65f7d5866fcd81b802b9d9b:week:4
2025_04_CAR_NE,2729.0,2025,4,CAR,NE,pass,-0.4463332914747298,CAR,NE,archive:asset:299770475:sha256:0b04ffcee75f07c5a1cec292d7b485ec3222bbbcb65f7d5866fcd81b802b9d9b:week:4
2025_04_CAR_NE,2754.0,2025,4,CAR,NE,pass,-1.699101461097598,CAR,NE,archive:asset:299770475:sha256:0b04ffcee75f07c5a1cec292d7b485ec3222bbbcb65f7d5866fcd81b802b9d9b:week:4
2025_04_CAR_NE,2779.0,2025,4,CAR,NE,pass,-3.1323474873788655,CAR,NE,archive:asset:299770475:sha256:0b04ffcee75f07c5a1cec292d7b485ec3222bbbcb65f7d5866fcd81b802b9d9b:week:4
2025_04_CAR_NE,2802.0,2025,4,NE,CAR,run,-0.20917904353700578,NE,CAR,archive:asset:299770475:sha256:0b04ffcee75f07c5a1cec292d7b485ec3222bbbcb65f7d5866fcd81b802b9d9b:week:4
2025_04_CAR_NE,2836.0,2025,4,NE,CAR,run,-0.7138352831825614,NE,CAR,archive:asset:299770475:sha256:0b04ffcee75f07c5a1cec292d7b485ec3222bbbcb65f7d5866fcd81b802b9d9b:week:4
2025_04_CAR_NE,2858.0,2025,4,NE,CAR,run,-1.1581193970050663,NE,CAR,archive:asset:299770475:sha256:0b04ffcee75f07c5a1cec292d7b485ec3222bbbcb65f7d5866fcd81b802b9d9b:week:4
2025_04_CAR_NE,2885.0,2025,4,NE,CAR,punt,0.9343080371618271,NE,CAR,archive:asset:299770475:sha256:0b04ffcee75f07c5a1cec292d7b485ec3222bbbcb65f7d5866fcd81b802b9d9b:week:4
2025_04_CAR_NE,2911.0,2025,4,CAR,NE,run,0.2177763837389648,CAR,NE,archive:asset:299770475:sha256:0b04ffcee75f07c5a1cec292d7b485ec3222bbbcb65f7d5866fcd81b802b9d9b:week:4
2025_04_CAR_NE,2945.0,2025,4,CAR,NE,pass,-0.2921361674088985,CAR,NE,archive:asset:299770475:sha256:0b04ffcee75f07c5a1cec292d7b485ec3222bbbcb65f7d5866fcd81b802b9d9b:week:4
2025_04_CAR_NE,2970.0,2025,4,CAR,NE,no_play,-0.5233281378168613,CAR,NE,archive:asset:299770475:sha256:0b04ffcee75f07c5a1cec292d7b485ec3222bbbcb65f7d5866fcd81b802b9d9b:week:4
2025_04_CAR_NE,2994.0,2025,4,CAR,NE,pass,-1.2974043164867908,CAR,NE,archive:asset:299770475:sha256:0b04ffcee75f07c5a1cec292d7b485ec3222bbbcb65f7d5866fcd81b802b9d9b:week:4
2025_04_CAR_NE,3017.0,2025,4,CAR,NE,punt,-0.9051258272957057,CAR,NE,archive:asset:299770475:sha256:0b04ffcee75f07c5a1cec292d7b485ec3222bbbcb65f7d5866fcd81b802b9d9b:week:4
2025_04_CAR_NE,3043.0,2025,4,NE,CAR,run,-0.3503586380975321,NE,CAR,archive:asset:299770475:sha256:0b04ffcee75f07c5a1cec292d7b485ec3222bbbcb65f7d5866fcd81b802b9d9b:week:4
2025_04_CAR_NE,3065.0,2025,4,NE,CAR,run,-0.7623076547170058,NE,CAR,archive:asset:299770475:sha256:0b04ffcee75f07c5a1cec292d7b485ec3222bbbcb65f7d5866fcd81b802b9d9b:week:4
2025_04_CAR_NE,3087.0,2025,4,NE,CAR,pass,-1.1734775060322136,NE,CAR,archive:asset:299770475:sha256:0b04ffcee75f07c5a1cec292d7b485ec3222bbbcb65f7d5866fcd81b802b9d9b:week:4
2025_04_CAR_NE,3117.0,2025,4,NE,CAR,pass,4.922910101246089,NE,CAR,archive:asset:299770475:sha256:0b04ffcee75f07c5a1cec292d7b485ec3222bbbcb65f7d5866fcd81b802b9d9b:week:4
2025_04_CAR_NE,3142.0,2025,4,NE,CAR,,0.0,NE,CAR,archive:asset:299770475:sha256:0b04ffcee75f07c5a1cec292d7b485ec3222bbbcb65f7d5866fcd81b802b9d9b:week:4
2025_04_CAR_NE,3162.0,2025,4,NE,CAR,run,-0.44267516961554065,NE,CAR,archive:asset:299770475:sha256:0b04ffcee75f07c5a1cec292d7b485ec3222bbbcb65f7d5866fcd81b802b9d9b:week:4
2025_04_CAR_NE,3189.0,2025,4,NE,CAR,pass,-1.005709489574656,NE,CAR,archive:asset:299770475:sha256:0b04ffcee75f07c5a1cec292d7b485ec3222bbbcb65f7d5866fcd81b802b9d9b:week:4
2025_04_CAR_NE,3214.0,2025,4,NE,CAR,pass,2.4555491905775853,NE,CAR,archive:asset:299770475:sha256:0b04ffcee75f07c5a1cec292d7b485ec3222bbbcb65f7d5866fcd81b802b9d9b:week:4
2025_04_CAR_NE,3245.0,2025,4,NE,CAR,extra_point,0.06757300310763314,NE,CAR,archive:asset:299770475:sha256:0b04ffcee75f07c5a1cec292d7b485ec3222bbbcb65f7d5866fcd81b802b9d9b:week:4
2025_04_CAR_NE,3260.0,2025,4,CAR,NE,kickoff,0.5200902316719294,CAR,NE,archive:asset:299770475:sha256:0b04ffcee75f07c5a1cec292d7b485ec3222bbbcb65f7d5866fcd81b802b9d9b:week:4
2025_04_CAR_NE,3289.0,2025,4,CAR,NE,run,0.48624154389835894,CAR,NE,archive:asset:299770475:sha256:0b04ffcee75f07c5a1cec292d7b485ec3222bbbcb65f7d5866fcd81b802b9d9b:week:4
2025_04_CAR_NE,3311.0,2025,4,CAR,NE,pass,0.640850177500397,CAR,NE,archive:asset:299770475:sha256:0b04ffcee75f07c5a1cec292d7b485ec3222bbbcb65f7d5866fcd81b802b9d9b:week:4
2025_04_CAR_NE,3336.0,2025,4,CAR,NE,no_play,-0.9118582531809807,CAR,NE,archive:asset:299770475:sha256:0b04ffcee75f07c5a1cec292d7b485ec3222bbbcb65f7d5866fcd81b802b9d9b:week:4
2025_04_CAR_NE,3369.0,2025,4,CAR,NE,run,-0.03723751613870263,CAR,NE,archive:asset:299770475:sha256:0b04ffcee75f07c5a1cec292d7b485ec3222bbbcb65f7d5866fcd81b802b9d9b:week:4
2025_04_CAR_NE,3391.0,2025,4,CAR,NE,pass,-0.3484760920982808,CAR,NE,archive:asset:299770475:sha256:0b04ffcee75f07c5a1cec292d7b485ec3222bbbcb65f7d5866fcd81b802b9d9b:week:4
2025_04_CAR_NE,3416.0,2025,4,CAR,NE,pass,-0.5637329602614045,CAR,NE,archive:asset:299770475:sha256:0b04ffcee75f07c5a1cec292d7b485ec3222bbbcb65f7d5866fcd81b802b9d9b:week:4
2025_04_CAR_NE,3441.0,2025,4,CAR,NE,pass,-2.8273002305068076,CAR,NE,archive:asset:299770475:sha256:0b04ffcee75f07c5a1cec292d7b485ec3222bbbcb65f7d5866fcd81b802b9d9b:week:4
2025_04_CAR_NE,3475.0,2025,4,NE,CAR,run,-0.21711418079212308,NE,CAR,archive:asset:299770475:sha256:0b04ffcee75f07c5a1cec292d7b485ec3222bbbcb65f7d5866fcd81b802b9d9b:week:4
2025_04_CAR_NE,3508.0,2025,4,NE,CAR,pass,-0.8546301424503326,NE,CAR,archive:asset:299770475:sha256:0b04ffcee75f07c5a1cec292d7b485ec3222bbbcb65f7d5866fcd81b802b9d9b:week:4
2025_04_CAR_NE,3531.0,2025,4,NE,CAR,run,-0.7215814129449427,NE,CAR,archive:asset:299770475:sha256:0b04ffcee75f07c5a1cec292d7b485ec3222bbbcb65f7d5866fcd81b802b9d9b:week:4
2025_04_CAR_NE,3553.0,2025,4,NE,CAR,punt,-0.2992486300645396,NE,CAR,archive:asset:299770475:sha256:0b04ffcee75f07c5a1cec292d7b485ec3222bbbcb65f7d5866fcd81b802b9d9b:week:4
2025_04_CAR_NE,3573.0,2025,4,CAR,NE,run,0.20527086837682873,CAR,NE,archive:asset:299770475:sha256:0b04ffcee75f07c5a1cec292d7b485ec3222bbbcb65f7d5866fcd81b802b9d9b:week:4
2025_04_CAR_NE,3599.0,2025,4,CAR,NE,pass,-0.7304209927096963,CAR,NE,archive:asset:299770475:sha256:0b04ffcee75f07c5a1cec292d7b485ec3222bbbcb65f7d5866fcd81b802b9d9b:week:4
2025_04_CAR_NE,3622.0,2025,4,CAR,NE,pass,1.3738973517902195,CAR,NE,archive:asset:299770475:sha256:0b04ffcee75f07c5a1cec292d7b485ec3222bbbcb65f7d5866fcd81b802b9d9b:week:4
2025_04_CAR_NE,3647.0,2025,4,CAR,NE,run,-0.7111143255606294,CAR,NE,archive:asset:299770475:sha256:0b04ffcee75f07c5a1cec292d7b485ec3222bbbcb65f7d5866fcd81b802b9d9b:week:4
2025_04_CAR_NE,3669.0,2025,4,CAR,NE,run,-0.36099584330804646,CAR,NE,archive:asset:299770475:sha256:0b04ffcee75f07c5a1cec292d7b485ec3222bbbcb65f7d5866fcd81b802b9d9b:week:4
2025_04_CAR_NE,3691.0,2025,4,CAR,NE,pass,2.635358169209212,CAR,NE,archive:asset:299770475:sha256:0b04ffcee75f07c5a1cec292d7b485ec3222bbbcb65f7d5866fcd81b802b9d9b:week:4
2025_04_CAR_NE,3725.0,2025,4,CAR,NE,run,1.232411113800481,CAR,NE,archive:asset:299770475:sha256:0b04ffcee75f07c5a1cec292d7b485ec3222bbbcb65f7d5866fcd81b802b9d9b:week:4
2025_04_CAR_NE,3752.0,2025,4,CAR,NE,run,-0.8631092559662648,CAR,NE,archive:asset:299770475:sha256:0b04ffcee75f07c5a1cec292d7b485ec3222bbbcb65f7d5866fcd81b802b9d9b:week:4
2025_04_CAR_NE,3774.0,2025,4,CAR,NE,pass,2.035290472966153,CAR,NE,archive:asset:299770475:sha256:0b04ffcee75f07c5a1cec292d7b485ec3222bbbcb65f7d5866fcd81b802b9d9b:week:4
2025_04_CAR_NE,3799.0,2025,4,CAR,NE,run,-0.09211909485748038,CAR,NE,archive:asset:299770475:sha256:0b04ffcee75f07c5a1cec292d7b485ec3222bbbcb65f7d5866fcd81b802b9d9b:week:4
2025_04_CAR_NE,3821.0,2025,4,CAR,NE,pass,0.7946184386382811,CAR,NE,archive:asset:299770475:sha256:0b04ffcee75f07c5a1cec292d7b485ec3222bbbcb65f7d5866fcd81b802b9d9b:week:4
2025_04_CAR_NE,3855.0,2025,4,CAR,NE,run,-2.511954756162595,CAR,NE,archive:asset:299770475:sha256:0b04ffcee75f07c5a1cec292d7b485ec3222bbbcb65f7d5866fcd81b802b9d9b:week:4
2025_04_CAR_NE,3919.0,2025,4,CAR,NE,pass,3.8050630327197723,CAR,NE,archive:asset:299770475:sha256:0b04ffcee75f07c5a1cec292d7b485ec3222bbbcb65f7d5866fcd81b802b9d9b:week:4
2025_04_CAR_NE,3952.0,2025,4,CAR,NE,extra_point,0.06757300310763314,CAR,NE,archive:asset:299770475:sha256:0b04ffcee75f07c5a1cec292d7b485ec3222bbbcb65f7d5866fcd81b802b9d9b:week:4
2025_04_CAR_NE,3967.0,2025,4,NE,CAR,kickoff,-0.750782932038419,NE,CAR,archive:asset:299770475:sha256:0b04ffcee75f07c5a1cec292d7b485ec3222bbbcb65f7d5866fcd81b802b9d9b:week:4
2025_04_CAR_NE,3990.0,2025,4,NE,CAR,qb_kneel,0.0,NE,CAR,archive:asset:299770475:sha256:0b04ffcee75f07c5a1cec292d7b485ec3222bbbcb65f7d5866fcd81b802b9d9b:week:4
2025_04_CAR_NE,4012.0,2025,4,NE,CAR,qb_kneel,0.0,NE,CAR,archive:asset:299770475:sha256:0b04ffcee75f07c5a1cec292d7b485ec3222bbbcb65f7d5866fcd81b802b9d9b:week:4
2025_04_CAR_NE,4034.0,2025,4,NE,CAR,qb_kneel,0.0,NE,CAR,archive:asset:299770475:sha256:0b04ffcee75f07c5a1cec292d7b485ec3222bbbcb65f7d5866fcd81b802b9d9b:week:4
2025_04_CAR_NE,4056.0,2025,4,NE,CAR,,,NE,CAR,archive:asset:299770475:sha256:0b04ffcee75f07c5a1cec292d7b485ec3222bbbcb65f7d5866fcd81b802b9d9b:week:4
2025_04_CHI_LV,1.0,2025,4,,,,-0.0,,,archive:asset:299770475:sha256:0b04ffcee75f07c5a1cec292d7b485ec3222bbbcb65f7d5866fcd81b802b9d9b:week:4
2025_04_CHI_LV,40.0,2025,4,CHI,LV,kickoff,0.29205299727618694,CHI,LV,archive:asset:299770475:sha256:0b04ffcee75f07c5a1cec292d7b485ec3222bbbcb65f7d5866fcd81b802b9d9b:week:4
2025_04_CHI_LV,63.0,2025,4,CHI,LV,run,-0.5394280985929072,CHI,LV,archive:asset:299770475:sha256:0b04ffcee75f07c5a1cec292d7b485ec3222bbbcb65f7d5866fcd81b802b9d9b:week:4
2025_04_CHI_LV,85.0,2025,4,CHI,LV,pass,0.08635550504550338,CHI,LV,archive:asset:299770475:sha256:0b04ffcee75f07c5a1cec292d7b485ec3222bbbcb65f7d5866fcd81b802b9d9b:week:4
2025_04_CHI_LV,110.0,2025,4,CHI,LV,pass,-1.7958929068408906,CHI,LV,archive:asset:299770475:sha256:0b04ffcee75f07c5a1cec292d7b485ec3222bbbcb65f7d5866fcd81b802b9d9b:week:4
2025_04_CHI_LV,133.0,2025,4,CHI,LV,punt,-0.9209171920083463,CHI,LV,archive:asset:299770475:sha256:0b04ffcee75f07c5a1cec292d7b485ec3222bbbcb65f7d5866fcd81b802b9d9b:week:4
2025_04_CHI_LV,159.0,2025,4,LV,CHI,pass,0.6258706087246537,LV,CHI,archive:asset:299770475:sha256:0b04ffcee75f07c5a1cec292d7b485ec3222bbbcb65f7d5866fcd81b802b9d9b:week:4
2025_04_CHI_LV,184.0,2025,4,LV,CHI,run,0.562024432932958,LV,CHI,archive:asset:299770475:sha256:0b04ffcee75f07c5a1cec292d7b485ec3222bbbcb65f7d5866fcd81b802b9d9b:week:4
2025_04_CHI_LV,206.0,2025,4,LV,CHI,pass,-0.5608612911310047,LV,CHI,archive:asset:299770475:sha256:0b04ffcee75f07c5a1cec292d7b485ec3222bbbcb65f7d5866fcd81b802b9d9b:week:4
2025_04_CHI_LV,229.0,2025,4,LV,CHI,run,-0.986094240564853,LV,CHI,archive:asset:299770475:sha256:0b04ffcee75f07c5a1cec292d7b485ec3222bbbcb65f7d5866fcd81b802b9d9b:week:4
2025_04_CHI_LV,251.0,2025,4,LV,CHI,pass,-6.0625436012633145,LV,CHI,archive:asset:299770475:sha256:0b04ffcee75f07c5a1cec292d7b485ec3222bbbcb65f7d5866fcd81b802b9d9b:week:4
2025_04_CHI_LV,278.0,2025,4,CHI,LV,run,-1.1885584166739136,CHI,LV,archive:asset:299770475:sha256:0b04ffcee75f07c5a1cec292d7b485ec3222bbbcb65f7d5866fcd81b802b9d9b:week:4
2025_04_CHI_LV,300.0,2025,4,CHI,LV,pass,-0.7904580971226096,CHI,LV,archive:asset:299770475:sha256:0b04ffcee75f07c5a1cec292d7b485ec3222bbbcb65f7d5866fcd81b802b9d9b:week:4
2025_04_CHI_LV,335.0,2025,4,,,no_play,-0.0,,,archive:asset:299770475:sha256:0b04ffcee75f07c5a1cec292d7b485ec3222bbbcb65f7d5866fcd81b802b9d9b:week:4
2025_04_CHI_LV,323.0,2025,4,CHI,LV,pass,-0.6543350477369565,CHI,LV,archive:asset:299770475:sha256:0b04ffcee75f07c5a1cec292d7b485ec3222bbbcb65f7d5866fcd81b802b9d9b:week:4
2025_04_CHI_LV,353.0,2025,4,CHI,LV,field_goal,1.0813258070631016,CHI,LV,archive:asset:299770475:sha256:0b04ffcee75f07c5a1cec292d7b485ec3222bbbcb65f7d5866fcd81b802b9d9b:week:4
2025_04_CHI_LV,373.0,2025,4,LV,CHI,kickoff,-0.16363876033574343,LV,CHI,archive:asset:299770475:sha256:0b04ffcee75f07c5a1cec292d7b485ec3222bbbcb65f7d5866fcd81b802b9d9b:week:4
2025_04_CHI_LV,415.0,2025,4,,,no_play,0.0,,,archive:asset:299770475:sha256:0b04ffcee75f07c5a1cec292d7b485ec3222bbbcb65f7d5866fcd81b802b9d9b:week:4
2025_04_CHI_LV,403.0,2025,4,LV,CHI,pass,0.7128041135147214,LV,CHI,archive:asset:299770475:sha256:0b04ffcee75f07c5a1cec292d7b485ec3222bbbcb65f7d5866fcd81b802b9d9b:week:4
2025_04_CHI_LV,435.0,2025,4,LV,CHI,run,-0.8510736527387053,LV,CHI,archive:asset:299770475:sha256:0b04ffcee75f07c5a1cec292d7b485ec3222bbbcb65f7d5866fcd81b802b9d9b:week:4
2025_04_CHI_LV,473.0,2025,4,LV,CHI,run,0.28271189727820456,LV,CHI,archive:asset:299770475:sha256:0b04ffcee75f07c5a1cec292d7b485ec3222bbbcb65f7d5866fcd81b802b9d9b:week:4
2025_04_CHI_LV,495.0,2025,4,LV,CHI,run,-1.705729459412396,LV,CHI,archive:asset:299770475:sha256:0b04ffcee75f07c5a1cec292d7b485ec3222bbbcb65f7d5866fcd81b802b9d9b:week:4
2025_04_CHI_LV,517.0,2025,4,LV,CHI,run,-4.9419889281271026,LV,CHI,archive:asset:299770475:sha256:0b04ffcee75f07c5a1cec292d7b485ec3222bbbcb65f7d5866fcd81b802b9d9b:week:4
2025_04_CHI_LV,550.0,2025,4,CHI,LV,run,-0.5235293568111956,CHI,LV,archive:asset:299770475:sha256:0b04ffcee75f07c5a1cec292d7b485ec3222bbbcb65f7d5866fcd81b802b9d9b:week:4
2025_04_CHI_LV,572.0,2025,4,CHI,LV,run,-0.04651783837471157,CHI,LV,archive:asset:299770475:sha256:0b04ffcee75f07c5a1cec292d7b485ec3222bbbcb65f7d5866fcd81b802b9d9b:week:4
2025_04_CHI_LV,599.0,2025,4,CHI,LV,pass,1.1921004481846467,CHI,LV,archive:asset:299770475:sha256:0b04ffcee75f07c5a1cec292d7b485ec3222bbbcb65f7d5866fcd81b802b9d9b:week:4
2025_04_CHI_LV,624.0,2025,4,CHI,LV,run,-1.0711520188488066,CHI,LV,archive:asset:299770475:sha256:0b04ffcee75f07c5a1cec292d7b485ec3222bbbcb65f7d5866fcd81b802b9d9b:week:4
2025_04_CHI_LV,646.0,2025,4,CHI,LV,pass,-0.8164369300939143,CHI,LV,archive:asset:299770475:sha256:0b04ffcee75f07c5a1cec292d7b485ec3222bbbcb65f7d5866fcd81b802b9d9b:week:4
2025_04_CHI_LV,669.0,2025,4,CHI,LV,pass,-5.720737572410144,CHI,LV,archive:asset:299770475:sha256:0b04ffcee75f07c5a1cec292d7b485ec3222bbbcb65f7d5866fcd81b802b9d9b:week:4
2025_04_CHI_LV,701.0,2025,4,LV,CHI,run,0.7326681511476636,LV,CHI,archive:asset:299770475:sha256:0b04ffcee75f07c5a1cec292d7b485ec3222bbbcb65f7d5866fcd81b802b9d9b:week:4
2025_04_CHI_LV,730.0,2025,4,LV,CHI,no_play,0.15578966913744807,LV,CHI,archive:asset:299770475:sha256:0b04ffcee75f07c5a1cec292d7b485ec3222bbbcb65f7d5866fcd81b802b9d9b:week:4
2025_04_CHI_LV,754.0,2025,4,LV,CHI,run,0.17346302792429924,LV,CHI,archive:asset:299770475:sha256:0b04ffcee75f07c5a1cec292d7b485ec3222bbbcb65f7d5866fcd81b802b9d9b:week:4
2025_04_CHI_LV,776.0,2025,4,LV,CHI,run,0.7313485706690699,LV,CHI,archive:asset:299770475:sha256:0b04ffcee75f07c5a1cec292d7b485ec3222bbbcb65f7d5866fcd81b802b9d9b:week:4
2025_04_CHI_LV,798.0,2025,4,LV,CHI,pass,0.05827880639117211,LV,CHI,archive:asset:299770475:sha256:0b04ffcee75f07c5a1cec292d7b485ec3222bbbcb65f7d5866fcd81b802b9d9b:week:4
2025_04_CHI_LV,826.0,2025,4,LV,CHI,run,1.3867404379998334,LV,CHI,archive:asset:299770475:sha256:0b04ffcee75f07c5a1cec292d7b485ec3222bbbcb65f7d5866fcd81b802b9d9b:week:4
2025_04_CHI_LV,860.0,2025,4,,,no_play,0.0,,,archive:asset:299770475:sha256:0b04ffcee75f07c5a1cec292d7b485ec3222bbbcb65f7d5866fcd81b802b9d9b:week:4
2025_04_CHI_LV,848.0,2025,4,LV,CHI,pass,-0.5688414752366953,LV,CHI,archive:asset:299770475:sha256:0b04ffcee75f07c5a1cec292d7b485ec3222bbbcb65f7d5866fcd81b802b9d9b:week:4
2025_04_CHI_LV,878.0,2025,4,LV,CHI,pass,2.0532644568011165,LV,CHI,archive:asset:299770475:sha256:0b04ffcee75f07c5a1cec292d7b485ec3222bbbcb65f7d5866fcd81b802b9d9b:week:4
2025_04_CHI_LV,902.0,2025,4,LV,CHI,extra_point,0.05117156607063911,LV,CHI,archive:asset:299770475:sha256:0b04ffcee75f07c5a1cec292d7b485ec3222bbbcb65f7d5866fcd81b802b9d9b:week:4
2025_04_CHI_LV,917.0,2025,4,CHI,LV,kickoff,0.2734914473257959,CHI,LV,archive:asset:299770475:sha256:0b04ffcee75f07c5a1cec292d7b485ec3222bbbcb65f7d5866fcd81b802b9d9b:week:4
2025_04_CHI_LV,947.0,2025,4,CHI,LV,no_play,-0.5820088309701532,CHI,LV,archive:asset:299770475:sha256:0b04ffcee75f07c5a1cec292d7b485ec3222bbbcb65f7d5866fcd81b802b9d9b:week:4
2025_04_CHI_LV,983.0,2025,4,CHI,LV,,-0.0,CHI,LV,archive:asset:299770475:sha256:0b04ffcee75f07c5a1cec292d7b485ec3222bbbcb65f7d5866fcd81b802b9d9b:week:4
2025_04_CHI_LV,1003.0,2025,4,CHI,LV,pass,-0.27020052168518305,CHI,LV,archive:asset:299770475:sha256:0b04ffcee75f07c5a1cec292d7b485ec3222bbbcb65f7d5866fcd81b802b9d9b:week:4
2025_04_CHI_LV,1028.0,2025,4,CHI,LV,pass,0.9537078018765897,CHI,LV,archive:asset:299770475:sha256:0b04ffcee75f07c5a1cec292d7b485ec3222bbbcb65f7d5866fcd81b802b9d9b:week:4
2025_04_CHI_LV,1053.0,2025,4,CHI,LV,pass,-1.7200876700226218,CHI,LV,archive:asset:299770475:sha256:0b04ffcee75f07c5a1cec292d7b485ec3222bbbcb65f7d5866fcd81b802b9d9b:week:4
2025_04_CHI_LV,1076.0,2025,4,CHI,LV,pass,2.6756379168946296,CHI,LV,archive:asset:299770475:sha256:0b04ffcee75f07c5a1cec292d7b485ec3222bbbcb65f7d5866fcd81b802b9d9b:week:4
2025_04_CHI_LV,1101.0,2025,4,CHI,LV,pass,1.8194292593980208,CHI,LV,archive:asset:299770475:sha256:0b04ffcee75f07c5a1cec292d7b485ec3222bbbcb65f7d5866fcd81b802b9d9b:week:4
2025_04_CHI_LV,1126.0,2025,4,CHI,LV,pass,-0.4203196404268965,CHI,LV,archive:asset:299770475:sha256:0b04ffcee75f07c5a1cec292d7b485ec3222bbbcb65f7d5866fcd81b802b9d9b:week:4
2025_04_CHI_LV,1149.0,2025,4,CHI,LV,run,-1.6733226695796475,CHI,LV,archive:asset:299770475:sha256:0b04ffcee75f07c5a1cec292d7b485ec3222bbbcb65f7d5866fcd81b802b9d9b:week:4
2025_04_CHI_LV,1176.0,2025,4,CHI,LV,pass,-2.0962758782552555,CHI,LV,archive:asset:299770475:sha256:0b04ffcee75f07c5a1cec292d7b485ec3222bbbcb65f7d5866fcd81b802b9d9b:week:4
2025_04_CHI_LV,1196.0,2025,4,CHI,LV,punt,-1.7739014131948352,CHI,LV,archive:asset:299770475:sha256:0b04ffcee75f07c5a1cec292d7b485ec3222bbbcb65f7d5866fcd81b802b9d9b:week:4
2025_04_CHI_LV,1235.0,2025,4,LV,CHI,run,-0.5608688204083592,LV,CHI,archive:asset:299770475:sha256:0b04ffcee75f07c5a1cec292d7b485ec3222bbbcb65f7d5866fcd81b802b9d9b:week:4
2025_04_CHI_LV,1264.0,2025,4,LV,CHI,run,-0.6671288763172925,LV,CHI,archive:asset:299770475:sha256:0b04ffcee75f07c5a1cec292d7b485ec3222bbbcb65f7d5866fcd81b802b9d9b:week:4
2025_04_CHI_LV,1286.0,2025,4,LV,CHI,pass,-4.628157993312925,LV,CHI,archive:asset:299770475:sha256:0b04ffcee75f07c5a1cec292d7b485ec3222bbbcb65f7d5866fcd81b802b9d9b:week:4
2025_04_CHI_LV,1313.0,2025,4,CHI,LV,run,0.4242227595532313,CHI,LV,archive:asset:299770475:sha256:0b04ffcee75f07c5a1cec292d7b485ec3222bbbcb65f7d5866fcd81b802b9d9b:week:4
2025_04_CHI_LV,1335.0,2025,4,CHI,LV,pass,-1.8264623037539423,CHI,LV,archive:asset:299770475:sha256:0b04ffcee75f07c5a1cec292d7b485ec3222bbbcb65f7d5866fcd81b802b9d9b:week:4
2025_04_CHI_LV,1360.0,2025,4,CHI,LV,pass,1.7760783300036564,CHI,LV,archive:asset:299770475:sha256:0b04ffcee75f07c5a1cec292d7b485ec3222bbbcb65f7d5866fcd81b802b9d9b:week:4
2025_04_CHI_LV,1385.0,2025,4,CHI,LV,run,-0.9592618141323328,CHI,LV,archive:asset:299770475:sha256:0b04ffcee75f07c5a1cec292d7b485ec3222bbbcb65f7d5866fcd81b802b9d9b:week:4
2025_04_CHI_LV,1437.0,2025,4,CHI,LV,run,-0.7105339175323024,CHI,LV,archive:asset:299770475:sha256:0b04ffcee75f07c5a1cec292d7b485ec3222bbbcb65f7d5866fcd81b802b9d9b:week:4
2025_04_CHI_LV,1471.0,2025,4,,,no_play,-0.0,,,archive:asset:299770475:sha256:0b04ffcee75f07c5a1cec292d7b485ec3222bbbcb65f7d5866fcd81b802b9d9b:week:4
2025_04_CHI_LV,1459.0,2025,4,CHI,LV,pass,-0.3921211052220315,CHI,LV,archive:asset:299770475:sha256:0b04ffcee75f07c5a1cec292d7b485ec3222bbbcb65f7d5866fcd81b802b9d9b:week:4
2025_04_CHI_LV,1513.0,2025,4,CHI,LV,run,-0.7152038391236486,CHI,LV,archive:asset:299770475:sha256:0b04ffcee75f07c5a1cec292d7b485ec3222bbbcb65f7d5866fcd81b802b9d9b:week:4
2025_04_CHI_LV,1535.0,2025,4,CHI,LV,field_goal,0.9624178634280609,CHI,LV,archive:asset:299770475:sha256:0b04ffcee75f07c5a1cec292d7b485ec3222bbbcb65f7d5866fcd81b802b9d9b:week:4
2025_04_CHI_LV,1555.0,2025,4,LV,CHI,kickoff,0.5274056419730186,LV,CHI,archive:asset:299770475:sha256:0b04ffcee75f07c5a1cec292d7b485ec3222bbbcb65f7d5866fcd81b802b9d9b:week:4
2025_04_CHI_LV,1585.0,2025,4,LV,CHI,run,5.198408606462181,LV,CHI,archive:asset:299770475:sha256:0b04ffcee75f07c5a1cec292d7b485ec3222bbbcb65f7d5866fcd81b802b9d9b:week:4
2025_04_CHI_LV,1603.0,2025,4,LV,CHI,extra_point,0.05117156607063911,LV,CHI,archive:asset:299770475:sha256:0b04ffcee75f07c5a1cec292d7b485ec3222bbbcb65f7d5866fcd81b802b9d9b:week:4
2025_04_CHI_LV,1618.0,2025,4,CHI,LV,kickoff,0.28554709488525987,CHI,LV,archive:asset:299770475:sha256:0b04ffcee75f07c5a1cec292d7b485ec3222bbbcb65f7d5866fcd81b802b9d9b:week:4
2025_04_CHI_LV,1648.0,2025,4,CHI,LV,pass,-0.5479735701810569,CHI,LV,archive:asset:299770475:sha256:0b04ffcee75f07c5a1cec292d7b485ec3222bbbcb65f7d5866fcd81b802b9d9b:week:4
2025_04_CHI_LV,1671.0,2025,4,CHI,LV,pass,0.6695314927492291,CHI,LV,archive:asset:299770475:sha256:0b04ffcee75f07c5a1cec292d7b485ec3222bbbcb65f7d5866fcd81b802b9d9b:week:4
2025_04_CHI_LV,1696.0,2025,4,CHI,LV,pass,-0.6163695190334693,CHI,LV,archive:asset:299770475:sha256:0b04ffcee75f07c5a1cec292d7b485ec3222bbbcb65f7d5866fcd81b802b9d9b:week:4
2025_04_CHI_LV,1726.0,2025,4,CHI,LV,run,0.10016920475754887,CHI,LV,archive:asset:299770475:sha256:0b04ffcee75f07c5a1cec292d7b485ec3222bbbcb65f7d5866fcd81b802b9d9b:week:4
2025_04_CHI_LV,1748.0,2025,4,CHI,LV,pass,1.2058133847313002,CHI,LV,archive:asset:299770475:sha256:0b04ffcee75f07c5a1cec292d7b485ec3222bbbcb65f7d5866fcd81b802b9d9b:week:4
2025_04_CHI_LV,1780.0,2025,4,CHI,LV,run,-0.4814860420883633,CHI,LV,archive:asset:299770475:sha256:0b04ffcee75f07c5a1cec292d7b485ec3222bbbcb65f7d5866fcd81b802b9d9b:week:4
2025_04_CHI_LV,1802.0,2025,4,CHI,LV,pass,-0.3032455795328133,CHI,LV,archive:asset:299770475:sha256:0b04ffcee75f07c5a1cec292d7b485ec3222bbbcb65f7d5866fcd81b802b9d9b:week:4
2025_04_CHI_LV,1837.0,2025,4,,,no_play,-0.0,,,archive:asset:299770475:sha256:0b04ffcee75f07c5a1cec292d7b485ec3222bbbcb65f7d5866fcd81b802b9d9b:week:4
2025_04_CHI_LV,1825.0,2025,4,CHI,LV,pass,0.2569318701205705,CHI,LV,archive:asset:299770475:sha256:0b04ffcee75f07c5a1cec292d7b485ec3222bbbcb65f7d5866fcd81b802b9d9b:week:4
2025_04_CHI_LV,1855.0,2025,4,CHI,LV,field_goal,1.2240876527577709,CHI,LV,archive:asset:299770475:sha256:0b04ffcee75f07c5a1cec292d7b485ec3222bbbcb65f7d5866fcd81b802b9d9b:week:4
2025_04_CHI_LV,1875.0,2025,4,LV,CHI,kickoff,-0.41401477507315576,LV,CHI,archive:asset:299770475:sha256:0b04ffcee75f07c5a1cec292d7b485ec3222bbbcb65f7d5866fcd81b802b9d9b:week:4
2025_04_CHI_LV,1916.0,2025,4,LV,CHI,pass,0.03883291804231703,LV,CHI,archive:asset:299770475:sha256:0b04ffcee75f07c5a1cec292d7b485ec3222bbbcb65f7d5866fcd81b802b9d9b:week:4
2025_04_CHI_LV,1941.0,2025,4,LV,CHI,pass,-0.04363484971690923,LV,CHI,archive:asset:299770475:sha256:0b04ffcee75f07c5a1cec292d7b485ec3222bbbcb65f7d5866fcd81b802b9d9b:week:4
2025_04_CHI_LV,1966.0,2025,4,LV,CHI,qb_spike,-0.011445738782640547,LV,CHI,archive:asset:299770475:sha256:0b04ffcee75f07c5a1cec292d7b485ec3222bbbcb65f7d5866fcd81b802b9d9b:week:4
2025_04_CHI_LV,1989.0,2025,4,LV,CHI,run,-0.10714765399461612,LV,CHI,archive:asset:299770475:sha256:0b04ffcee75f07c5a1cec292d7b485ec3222bbbcb65f7d5866fcd81b802b9d9b:week:4
2025_04_CHI_LV,2011.0,2025,4,,,,,,,archive:asset:299770475:sha256:0b04ffcee75f07c5a1cec292d7b485ec3222bbbcb65f7d5866fcd81b802b9d9b:week:4
2025_04_CHI_LV,2031.0,2025,4,LV,CHI,kickoff,0.11629352020099759,LV,CHI,archive:asset:299770475:sha256:0b04ffcee75f07c5a1cec292d7b485ec3222bbbcb65f7d5866fcd81b802b9d9b:week:4
2025_04_CHI_LV,2054.0,2025,4,LV,CHI,pass,-5.366514081135392,LV,CHI,archive:asset:299770475:sha256:0b04ffcee75f07c5a1cec292d7b485ec3222bbbcb65f7d5866fcd81b802b9d9b:week:4
2025_04_CHI_LV,2084.0,2025,4,CHI,LV,run,-1.0912929722107947,CHI,LV,archive:asset:299770475:sha256:0b04ffcee75f07c5a1cec292d7b485ec3222bbbcb65f7d5866fcd81b802b9d9b:week:4
2025_04_CHI_LV,2129.0,2025,4,CHI,LV,pass,-0.6997536916751415,CHI,LV,archive:asset:299770475:sha256:0b04ffcee75f07c5a1cec292d7b485ec3222bbbcb65f7d5866fcd81b802b9d9b:week:4
2025_04_CHI_LV,2160.0,2025,4,CHI,LV,pass,1.0476537516806275,CHI,LV,archive:asset:299770475:sha256:0b04ffcee75f07c5a1cec292d7b485ec3222bbbcb65f7d5866fcd81b802b9d9b:week:4
2025_04_CHI_LV,2185.0,2025,4,CHI,LV,pass,1.8069589484948665,CHI,LV,archive:asset:299770475:sha256:0b04ffcee75f07c5a1cec292d7b485ec3222bbbcb65f7d5866fcd81b802b9d9b:week:4
2025_04_CHI_LV,2210.0,2025,4,CHI,LV,run,-0.1645980819594115,CHI,LV,archive:asset:299770475:sha256:0b04ffcee75f07c5a1cec292d7b485ec3222bbbcb65f7d5866fcd81b802b9d9b:week:4
2025_04_CHI_LV,2232.0,2025,4,CHI,LV,no_play,-0.7461662094574422,CHI,LV,archive:asset:299770475:sha256:0b04ffcee75f07c5a1cec292d7b485ec3222bbbcb65f7d5866fcd81b802b9d9b:week:4
2025_04_CHI_LV,2256.0,2025,4,CHI,LV,pass,-0.6533296154811978,CHI,LV,archive:asset:299770475:sha256:0b04ffcee75f07c5a1cec292d7b485ec3222bbbcb65f7d5866fcd81b802b9d9b:week:4
2025_04_CHI_LV,2286.0,2025,4,CHI,LV,pass,4.091591293690726,CHI,LV,archive:asset:299770475:sha256:0b04ffcee75f07c5a1cec292d7b485ec3222bbbcb65f7d5866fcd81b802b9d9b:week:4
2025_04_CHI_LV,2312.0,2025,4,CHI,LV,extra_point,0.05117156607063911,CHI,LV,archive:asset:299770475:sha256:0b04ffcee75f07c5a1cec292d7b485ec3222bbbcb65f7d5866fcd81b802b9d9b:week:4
2025_04_CHI_LV,2327.0,2025,4,LV,CHI,kickoff,-0.4561988040804863,LV,CHI,archive:asset:299770475:sha256:0b04ffcee75f07c5a1cec292d7b485ec3222bbbcb65f7d5866fcd81b802b9d9b:week:4
2025_04_CHI_LV,2368.0,2025,4,LV,CHI,run,0.8655278598889709,LV,CHI,archive:asset:299770475:sha256:0b04ffcee75f07c5a1cec292d7b485ec3222bbbcb65f7d5866fcd81b802b9d9b:week:4
2025_04_CHI_LV,2390.0,2025,4,LV,CHI,run,0.3845335179939866,LV,CHI,archive:asset:299770475:sha256:0b04ffcee75f07c5a1cec292d7b485ec3222bbbcb65f7d5866fcd81b802b9d9b:week:4
2025_04_CHI_LV,2415.0,2025,4,LV,CHI,run,0.2887589691672474,LV,CHI,archive:asset:299770475:sha256:0b04ffcee75f07c5a1cec292d7b485ec3222bbbcb65f7d5866fcd81b802b9d9b:week:4
2025_04_CHI_LV,2437.0,2025,4,LV,CHI,pass,1.1371411513537169,LV,CHI,archive:asset:299770475:sha256:0b04ffcee75f07c5a1cec292d7b485ec3222bbbcb65f7d5866fcd81b802b9d9b:week:4
2025_04_CHI_LV,2462.0,2025,4,LV,CHI,run,-0.22301181266084313,LV,CHI,archive:asset:299770475:sha256:0b04ffcee75f07c5a1cec292d7b485ec3222bbbcb65f7d5866fcd81b802b9d9b:week:4
2025_04_CHI_LV,2484.0,2025,4,LV,CHI,run,-0.13313512678723782,LV,CHI,archive:asset:299770475:sha256:0b04ffcee75f07c5a1cec292d7b485ec3222bbbcb65f7d5866fcd81b802b9d9b:week:4
2025_04_CHI_LV,2506.0,2025,4,LV,CHI,pass,1.4246030994690955,LV,CHI,archive:asset:299770475:sha256:0b04ffcee75f07c5a1cec292d7b485ec3222bbbcb65f7d5866fcd81b802b9d9b:week:4
2025_04_CHI_LV,2531.0,2025,4,LV,CHI,run,0.4550984629895538,LV,CHI,archive:asset:299770475:sha256:0b04ffcee75f07c5a1cec292d7b485ec3222bbbcb65f7d5866fcd81b802b9d9b:week:4
2025_04_CHI_LV,2553.0,2025,4,LV,CHI,run,-0.5523778216447681,LV,CHI,archive:asset:299770475:sha256:0b04ffcee75f07c5a1cec292d7b485ec3222bbbcb65f7d5866fcd81b802b9d9b:week:4
2025_04_CHI_LV,2586.0,2025,4,LV,CHI,pass,2.049596843891777,LV,CHI,archive:asset:299770475:sha256:0b04ffcee75f07c5a1cec292d7b485ec3222bbbcb65f7d5866fcd81b802b9d9b:week:4
2025_04_CHI_LV,2607.0,2025,4,LV,CHI,extra_point,0.05117156607063911,LV,CHI,archive:asset:299770475:sha256:0b04ffcee75f07c5a1cec292d7b485ec3222bbbcb65f7d5866fcd81b802b9d9b:week:4
2025_04_CHI_LV,2622.0,2025,4,CHI,LV,kickoff,0.4578990852460265,CHI,LV,archive:asset:299770475:sha256:0b04ffcee75f07c5a1cec292d7b485ec3222bbbcb65f7d5866fcd81b802b9d9b:week:4
2025_04_CHI_LV,2652.0,2025,4,CHI,LV,run,0.2757014336530119,CHI,LV,archive:asset:299770475:sha256:0b04ffcee75f07c5a1cec292d7b485ec3222bbbcb65f7d5866fcd81b802b9d9b:week:4
2025_04_CHI_LV,2674.0,2025,4,CHI,LV,pass,-0.8586916911881417,CHI,LV,archive:asset:299770475:sha256:0b04ffcee75f07c5a1cec292d7b485ec3222bbbcb65f7d5866fcd81b802b9d9b:week:4
2025_04_CHI_LV,2697.0,2025,4,CHI,LV,run,-1.1228981278836727,CHI,LV,archive:asset:299770475:sha256:0b04ffcee75f07c5a1cec292d7b485ec3222bbbcb65f7d5866fcd81b802b9d9b:week:4
2025_04_CHI_LV,2722.0,2025,4,CHI,LV,no_play,-0.7469574762508273,CHI,LV,archive:asset:299770475:sha256:0b04ffcee75f07c5a1cec292d7b485ec3222bbbcb65f7d5866fcd81b802b9d9b:week:4
2025_04_CHI_LV,2753.0,2025,4,CHI,LV,punt,0.9227342719677836,CHI,LV,archive:asset:299770475:sha256:0b04ffcee75f07c5a1cec292d7b485ec3222bbbcb65f7d5866fcd81b802b9d9b:week:4
2025_04_CHI_LV,2784.0,2025,4,LV,CHI,run,-0.2675974068697542,LV,CHI,archive:asset:299770475:sha256:0b04ffcee75f07c5a1cec292d7b485ec3222bbbcb65f7d5866fcd81b802b9d9b:week:4
2025_04_CHI_LV,2808.0,2025,4,LV,CHI,run,-0.7620949710253626,LV,CHI,archive:asset:299770475:sha256:0b04ffcee75f07c5a1cec292d7b485ec3222bbbcb65f7d5866fcd81b802b9d9b:week:4
2025_04_CHI_LV,2830.0,2025,4,LV,CHI,pass,-1.039153597317636,LV,CHI,archive:asset:299770475:sha256:0b04ffcee75f07c5a1cec292d7b485ec3222bbbcb65f7d5866fcd81b802b9d9b:week:4
2025_04_CHI_LV,2855.0,2025,4,LV,CHI,punt,-0.7008333371486515,LV,CHI,archive:asset:299770475:sha256:0b04ffcee75f07c5a1cec292d7b485ec3222bbbcb65f7d5866fcd81b802b9d9b:week:4
2025_04_CHI_LV,2881.0,2025,4,CHI,LV,pass,-0.5763551946729422,CHI,LV,archive:asset:299770475:sha256:0b04ffcee75f07c5a1cec292d7b485ec3222bbbcb65f7d5866fcd81b802b9d9b:week:4
2025_04_CHI_LV,2906.0,2025,4,CHI,LV,run,0.6401499256026,CHI,LV,archive:asset:299770475:sha256:0b04ffcee75f07c5a1cec292d7b485ec3222bbbcb65f7d5866fcd81b802b9d9b:week:4
2025_04_CHI_LV,2928.0,2025,4,CHI,LV,,-0.0,CHI,LV,archive:asset:299770475:sha256:0b04ffcee75f07c5a1cec292d7b485ec3222bbbcb65f7d5866fcd81b802b9d9b:week:4
2025_04_CHI_LV,2948.0,2025,4,CHI,LV,run,1.4345522344810888,CHI,LV,archive:asset:299770475:sha256:0b04ffcee75f07c5a1cec292d7b485ec3222bbbcb65f7d5866fcd81b802b9d9b:week:4
2025_04_CHI_LV,2970.0,2025,4,CHI,LV,no_play,-1.1710710494080558,CHI,LV,archive:asset:299770475:sha256:0b04ffcee75f07c5a1cec292d7b485ec3222bbbcb65f7d5866fcd81b802b9d9b:week:4
2025_04_CHI_LV,3003.0,2025,4,CHI,LV,pass,1.006932969787158,CHI,LV,archive:asset:299770475:sha256:0b04ffcee75f07c5a1cec292d7b485ec3222bbbcb65f7d5866fcd81b802b9d9b:week:4
2025_04_CHI_LV,3028.0,2025,4,CHI,LV,no_play,0.6186288436874747,CHI,LV,archive:asset:299770475:sha256:0b04ffcee75f07c5a1cec292d7b485ec3222bbbcb65f7d5866fcd81b802b9d9b:week:4
2025_04_CHI_LV,3065.0,2025,4,CHI,LV,pass,0.1699742282507941,CHI,LV,archive:asset:299770475:sha256:0b04ffcee75f07c5a1cec292d7b485ec3222bbbcb65f7d5866fcd81b802b9d9b:week:4
2025_04_CHI_LV,3090.0,2025,4,CHI,LV,pass,-0.7620680085383356,CHI,LV,archive:asset:299770475:sha256:0b04ffcee75f07c5a1cec292d7b485ec3222bbbcb65f7d5866fcd81b802b9d9b:week:4
2025_04_CHI_LV,3113.0,2025,4,CHI,LV,run,-2.5977729341179687,CHI,LV,archive:asset:299770475:sha256:0b04ffcee75f07c5a1cec292d7b485ec3222bbbcb65f7d5866fcd81b802b9d9b:week:4
2025_04_CHI_LV,3140.0,2025,4,CHI,LV,field_goal,1.455619797685798,CHI,LV,archive:asset:299770475:sha256:0b04ffcee75f07c5a1cec292d7b485ec3222bbbcb65f7d5866fcd81b802b9d9b:week:4
2025_04_CHI_LV,3160.0,2025,4,LV,CHI,kickoff,0.03223685035482049,LV,CHI,archive:asset:299770475:sha256:0b04ffcee75f07c5a1cec292d7b485ec3222bbbcb65f7d5866fcd81b802b9d9b:week:4
2025_04_CHI_LV,3190.0,2025,4,LV,CHI,run,0.48590314760804176,LV,CHI,archive:asset:299770475:sha256:0b04ffcee75f07c5a1cec292d7b485ec3222bbbcb65f7d5866fcd81b802b9d9b:week:4
2025_04_CHI_LV,3212.0,2025,4,LV,CHI,run,2.1517667510779575,LV,CHI,archive:asset:299770475:sha256:0b04ffcee75f07c5a1cec292d7b485ec3222bbbcb65f7d5866fcd81b802b9d9b:week:4
2025_04_CHI_LV,3234.0,2025,4,LV,CHI,run,-0.36707488109823316,LV,CHI,archive:asset:299770475:sha256:0b04ffcee75f07c5a1cec292d7b485ec3222bbbcb65f7d5866fcd81b802b9d9b:week:4
2025_04_CHI_LV,3256.0,2025,4,LV,CHI,pass,0.5434742602519691,LV,CHI,archive:asset:299770475:sha256:0b04ffcee75f07c5a1cec292d7b485ec3222bbbcb65f7d5866fcd81b802b9d9b:week:4
2025_04_CHI_LV,3286.0,2025,4,LV,CHI,run,1.1680855167796835,LV,CHI,archive:asset:299770475:sha256:0b04ffcee75f07c5a1cec292d7b485ec3222bbbcb65f7d5866fcd81b802b9d9b:week:4
2025_04_CHI_LV,3308.0,2025,4,LV,CHI,run,-0.6922013316070661,LV,CHI,archive:asset:299770475:sha256:0b04ffcee75f07c5a1cec292d7b485ec3222bbbcb65f7d5866fcd81b802b9d9b:week:4
2025_04_CHI_LV,3330.0,2025,4,LV,CHI,run,-1.2366776203271002,LV,CHI,archive:asset:299770475:sha256:0b04ffcee75f07c5a1cec292d7b485ec3222bbbcb65f7d5866fcd81b802b9d9b:week:4
2025_04_CHI_LV,3352.0,2025,4,LV,CHI,pass,-0.6763812607861972,LV,CHI,archive:asset:299770475:sha256:0b04ffcee75f07c5a1cec292d7b485ec3222bbbcb65f7d5866fcd81b802b9d9b:week:4
2025_04_CHI_LV,3375.0,2025,4,LV,CHI,field_goal,0.09449704892560007,LV,CHI,archive:asset:299770475:sha256:0b04ffcee75f07c5a1cec292d7b485ec3222bbbcb65f7d5866fcd81b802b9d9b:week:4
2025_04_CHI_LV,3400.0,2025,4,CHI,LV,kickoff,0.3885831432417035,CHI,LV,archive:asset:299770475:sha256:0b04ffcee75f07c5a1cec292d7b485ec3222bbbcb65f7d5866fcd81b802b9d9b:week:4
2025_04_CHI_LV,3430.0,2025,4,CHI,LV,pass,0.08934199903160334,CHI,LV,archive:asset:299770475:sha256:0b04ffcee75f07c5a1cec292d7b485ec3222bbbcb65f7d5866fcd81b802b9d9b:week:4
2025_04_CHI_LV,3455.0,2025,4,CHI,LV,run,0.5933702278416604,CHI,LV,archive:asset:299770475:sha256:0b04ffcee75f07c5a1cec292d7b485ec3222bbbcb65f7d5866fcd81b802b9d9b:week:4
2025_04_CHI_LV,3477.0,2025,4,CHI,LV,pass,0.8402963179978542,CHI,LV,archive:asset:299770475:sha256:0b04ffcee75f07c5a1cec292d7b485ec3222bbbcb65f7d5866fcd81b802b9d9b:week:4
2025_04_CHI_LV,3502.0,2025,4,CHI,LV,pass,0.27231297123944387,CHI,LV,archive:asset:299770475:sha256:0b04ffcee75f07c5a1cec292d7b485ec3222bbbcb65f7d5866fcd81b802b9d9b:week:4
2025_04_CHI_LV,3527.0,2025,4,CHI,LV,no_play,-0.5971847570035607,CHI,LV,archive:asset:299770475:sha256:0b04ffcee75f07c5a1cec292d7b485ec3222bbbcb65f7d5866fcd81b802b9d9b:week:4
2025_04_CHI_LV,3551.0,2025,4,CHI,LV,run,1.0357118751853704,CHI,LV,archive:asset:299770475:sha256:0b04ffcee75f07c5a1cec292d7b485ec3222bbbcb65f7d5866fcd81b802b9d9b:week:4
2025_04_CHI_LV,3573.0,2025,4,CHI,LV,run,-0.8050117984530516,CHI,LV,archive:asset:299770475:sha256:0b04ffcee75f07c5a1cec292d7b485ec3222bbbcb65f7d5866fcd81b802b9d9b:week:4
2025_04_CHI_LV,3600.0,2025,4,CHI,LV,pass,1.885224959696643,CHI,LV,archive:asset:299770475:sha256:0b04ffcee75f07c5a1cec292d7b485ec3222bbbcb65f7d5866fcd81b802b9d9b:week:4
2025_04_CHI_LV,3625.0,2025,4,CHI,LV,pass,-0.4987169223022647,CHI,LV,archive:asset:299770475:sha256:0b04ffcee75f07c5a1cec292d7b485ec3222bbbcb65f7d5866fcd81b802b9d9b:week:4
2025_04_CHI_LV,3655.0,2025,4,CHI,LV,run,-0.10736562218517065,CHI,LV,archive:asset:299770475:sha256:0b04ffcee75f07c5a1cec292d7b485ec3222bbbcb65f7d5866fcd81b802b9d9b:week:4
2025_04_CHI_LV,3677.0,2025,4,CHI,LV,run,1.9065532113309018,CHI,LV,archive:asset:299770475:sha256:0b04ffcee75f07c5a1cec292d7b485ec3222bbbcb65f7d5866fcd81b802b9d9b:week:4
2025_04_CHI_LV,3711.0,2025,4,,,no_play,-0.0,,,archive:asset:299770475:sha256:0b04ffcee75f07c5a1cec292d7b485ec3222bbbcb65f7d5866fcd81b802b9d9b:week:4
2025_04_CHI_LV,3699.0,2025,4,CHI,LV,run,0.7918953694752418,CHI,LV,archive:asset:299770475:sha256:0b04ffcee75f07c5a1cec292d7b485ec3222bbbcb65f7d5866fcd81b802b9d9b:week:4
2025_04_CHI_LV,3729.0,2025,4,CHI,LV,pass,-0.947,CHI,LV,archive:asset:299770475:sha256:0b04ffcee75f07c5a1cec292d7b485ec3222bbbcb65f7d5866fcd81b802b9d9b:week:4
2025_04_CHI_LV,3742.0,2025,4,LV,CHI,kickoff,0.8090900155948475,LV,CHI,archive:asset:299770475:sha256:0b04ffcee75f07c5a1cec292d7b485ec3222bbbcb65f7d5866fcd81b802b9d9b:week:4
2025_04_CHI_LV,3765.0,2025,4,LV,CHI,pass,0.1645739166997373,LV,CHI,archive:asset:299770475:sha256:0b04ffcee75f07c5a1cec292d7b485ec3222bbbcb65f7d5866fcd81b802b9d9b:week:4
2025_04_CHI_LV,3790.0,2025,4,LV,CHI,pass,0.4818202313617803,LV,CHI,archive:asset:299770475:sha256:0b04ffcee75f07c5a1cec292d7b485ec3222bbbcb65f7d5866fcd81b802b9d9b:week:4
2025_04_CHI_LV,3815.0,2025,4,LV,CHI,pass,0.05364421964623034,LV,CHI,archive:asset:299770475:sha256:0b04ffcee75f07c5a1cec292d7b485ec3222bbbcb65f7d5866fcd81b802b9d9b:week:4
2025_04_CHI_LV,3840.0,2025,4,LV,CHI,run,0.025539204478263855,LV,CHI,archive:asset:299770475:sha256:0b04ffcee75f07c5a1cec292d7b485ec3222bbbcb65f7d5866fcd81b802b9d9b:week:4
2025_04_CHI_LV,3877.0,2025,4,,,no_play,0.0,,,archive:asset:299770475:sha256:0b04ffcee75f07c5a1cec292d7b485ec3222bbbcb65f7d5866fcd81b802b9d9b:week:4
2025_04_CHI_LV,3865.0,2025,4,LV,CHI,run,-1.2199892876995464,LV,CHI,archive:asset:299770475:sha256:0b04ffcee75f07c5a1cec292d7b485ec3222bbbcb65f7d5866fcd81b802b9d9b:week:4
2025_04_CHI_LV,3911.0,2025,4,,,no_play,0.0,,,archive:asset:299770475:sha256:0b04ffcee75f07c5a1cec292d7b485ec3222bbbcb65f7d5866fcd81b802b9d9b:week:4
2025_04_CHI_LV,3899.0,2025,4,LV,CHI,field_goal,-1.5120197006291973,LV,CHI,archive:asset:299770475:sha256:0b04ffcee75f07c5a1cec292d7b485ec3222bbbcb65f7d5866fcd81b802b9d9b:week:4
2025_04_CHI_LV,3927.0,2025,4,CHI,LV,qb_kneel,0.0,CHI,LV,archive:asset:299770475:sha256:0b04ffcee75f07c5a1cec292d7b485ec3222bbbcb65f7d5866fcd81b802b9d9b:week:4
2025_04_CHI_LV,3954.0,2025,4,CHI,LV,,,CHI,LV,archive:asset:299770475:sha256:0b04ffcee75f07c5a1cec292d7b485ec3222bbbcb65f7d5866fcd81b802b9d9b:week:4
2025_04_CIN_DEN,1.0,2025,4,,,,-0.0,,,archive:asset:299770475:sha256:0b04ffcee75f07c5a1cec292d7b485ec3222bbbcb65f7d5866fcd81b802b9d9b:week:4
2025_04_CIN_DEN,40.0,2025,4,CIN,DEN,kickoff,0.31110057793557644,CIN,DEN,archive:asset:299770475:sha256:0b04ffcee75f07c5a1cec292d7b485ec3222bbbcb65f7d5866fcd81b802b9d9b:week:4
2025_04_CIN_DEN,63.0,2025,4,CIN,DEN,no_play,0.2886167671531439,CIN,DEN,archive:asset:299770475:sha256:0b04ffcee75f07c5a1cec292d7b485ec3222bbbcb65f7d5866fcd81b802b9d9b:week:4
2025_04_CIN_DEN,98.0,2025,4,CIN,DEN,pass,-0.5688371323049068,CIN,DEN,archive:asset:299770475:sha256:0b04ffcee75f07c5a1cec292d7b485ec3222bbbcb65f7d5866fcd81b802b9d9b:week:4
2025_04_CIN_DEN,123.0,2025,4,CIN,DEN,pass,0.8950334978289902,CIN,DEN,archive:asset:299770475:sha256:0b04ffcee75f07c5a1cec292d7b485ec3222bbbcb65f7d5866fcd81b802b9d9b:week:4
2025_04_CIN_DEN,159.0,2025,4,CIN,DEN,run,0.6173861706629395,CIN,DEN,archive:asset:299770475:sha256:0b04ffcee75f07c5a1cec292d7b485ec3222bbbcb65f7d5866fcd81b802b9d9b:week:4
2025_04_CIN_DEN,181.0,2025,4,CIN,DEN,run,-0.12291735177859664,CIN,DEN,archive:asset:299770475:sha256:0b04ffcee75f07c5a1cec292d7b485ec3222bbbcb65f7d5866fcd81b802b9d9b:week:4
2025_04_CIN_DEN,203.0,2025,4,CIN,DEN,pass,-0.9058754476718605,CIN,DEN,archive:asset:299770475:sha256:0b04ffcee75f07c5a1cec292d7b485ec3222bbbcb65f7d5866fcd81b802b9d9b:week:4
2025_04_CIN_DEN,226.0,2025,4,CIN,DEN,pass,2.57776649936568,CIN,DEN,archive:asset:299770475:sha256:0b04ffcee75f07c5a1cec292d7b485ec3222bbbcb65f7d5866fcd81b802b9d9b:week:4
2025_04_CIN_DEN,251.0,2025,4,CIN,DEN,pass,0.7492680735886097,CIN,DEN,archive:asset:299770475:sha256:0b04ffcee75f07c5a1cec292d7b485ec3222bbbcb65f7d5866fcd81b802b9d9b:week:4
2025_04_CIN_DEN,276.0,2025,4,CIN,DEN,run,0.15635724854655564,CIN,DEN,archive:asset:299770475:sha256:0b04ffcee75f07c5a1cec292d7b485ec3222bbbcb65f7d5866fcd81b802b9d9b:week:4
2025_04_CIN_DEN,298.0,2025,4,CIN,DEN,run,-0.3523332683253102,CIN,DEN,archive:asset:299770475:sha256:0b04ffcee75f07c5a1cec292d7b485ec3222bbbcb65f7d5866fcd81b802b9d9b:week:4
2025_04_CIN_DEN,320.0,2025,4,CIN,DEN,pass,0.30297679133946076,CIN,DEN,archive:asset:299770475:sha256:0b04ffcee75f07c5a1cec292d7b485ec3222bbbcb65f7d5866fcd81b802b9d9b:week:4
2025_04_CIN_DEN,345.0,2025,4,CIN,DEN,pass,-1.8027004826623276,CIN,DEN,archive:asset:299770475:sha256:0b04ffcee75f07c5a1cec292d7b485ec3222bbbcb65f7d5866fcd81b802b9d9b:week:4
2025_04_CIN_DEN,368.0,2025,4,CIN,DEN,field_goal,0.08393568953455244,CIN,DEN,archive:asset:299770475:sha256:0b04ffcee75f07c5a1cec292d7b485ec3222bbbcb65f7d5866fcd81b802b9d9b:week:4
2025_04_CIN_DEN,388.0,2025,4,DEN,CIN,kickoff,0.32546743657439947,DEN,CIN,archive:asset:299770475:sha256:0b04ffcee75f07c5a1cec292d7b485ec3222bbbcb65f7d5866fcd81b802b9d9b:week:4
2025_04_CIN_DEN,418.0,2025,4,DEN,CIN,run,-0.25055484287440777,DEN,CIN,archive:asset:299770475:sha256:0b04ffcee75f07c5a1cec292d7b485ec3222bbbcb65f7d5866fcd81b802b9d9b:week:4
2025_04_CIN_DEN,440.0,2025,4,DEN,CIN,pass,-0.2553810046520084,DEN,CIN,archive:asset:299770475:sha256:0b04ffcee75f07c5a1cec292d7b485ec3222bbbcb65f7d5866fcd81b802b9d9b:week:4
2025_04_CIN_DEN,477.0,2025,4,,,no_play,0.0,,,archive:asset:299770475:sha256:0b04ffcee75f07c5a1cec292d7b485ec3222bbbcb65f7d5866fcd81b802b9d9b:week:4
2025_04_CIN_DEN,465.0,2025,4,DEN,CIN,run,-1.67197947204113,DEN,CIN,archive:asset:299770475:sha256:0b04ffcee75f07c5a1cec292d7b485ec3222bbbcb65f7d5866fcd81b802b9d9b:week:4
2025_04_CIN_DEN,494.0,2025,4,DEN,CIN,punt,0.3451102110557258,DEN,CIN,archive:asset:299770475:sha256:0b04ffcee75f07c5a1cec292d7b485ec3222bbbcb65f7d5866fcd81b802b9d9b:week:4
2025_04_CIN_DEN,523.0,2025,4,CIN,DEN,run,0.024382018484175205,CIN,DEN,archive:asset:299770475:sha256:0b04ffcee75f07c5a1cec292d7b485ec3222bbbcb65f7d5866fcd81b802b9d9b:week:4
2025_04_CIN_DEN,552.0,2025,4,CIN,DEN,no_play,1.8566633823793381,CIN,DEN,archive:asset:299770475:sha256:0b04ffcee75f07c5a1cec292d7b485ec3222bbbcb65f7d5866fcd81b802b9d9b:week:4
2025_04_CIN_DEN,591.0,2025,4,CIN,DEN,run,-0.27423801366239786,CIN,DEN,archive:asset:299770475:sha256:0b04ffcee75f07c5a1cec292d7b485ec3222bbbcb65f7d5866fcd81b802b9d9b:week:4
2025_04_CIN_DEN,613.0,2025,4,CIN,DEN,pass,0.10925183910876513,CIN,DEN,archive:asset:299770475:sha256:0b04ffcee75f07c5a1cec292d7b485ec3222bbbcb65f7d5866fcd81b802b9d9b:week:4
2025_04_CIN_DEN,638.0,2025,4,CIN,DEN,pass,-1.77091700816527,CIN,DEN,archive:asset:299770475:sha256:0b04ffcee75f07c5a1cec292d7b485ec3222bbbcb65f7d5866fcd81b802b9d9b:week:4
2025_04_CIN_DEN,661.0,2025,4,CIN,DEN,no_play,-0.5529967127367854,CIN,DEN,archive:asset:299770475:sha256:0b04ffcee75f07c5a1cec292d7b485ec3222bbbcb65f7d5866fcd81b802b9d9b:week:4
2025_04_CIN_DEN,685.0,2025,4,CIN,DEN,punt,-1.4012290679384023,CIN,DEN,archive:asset:299770475:sha256:0b04ffcee75f07c5a1cec292d7b485ec3222bbbcb65f7d5866fcd81b802b9d9b:week:4
2025_04_CIN_DEN,704.0,2025,4,DEN,CIN,run,-0.3496450185775757,DEN,CIN,archive:asset:299770475:sha256:0b04ffcee75f07c5a1cec292d7b485ec3222bbbcb65f7d5866fcd81b802b9d9b:week:4
2025_04_CIN_DEN,733.0,2025,4,DEN,CIN,pass,-0.8604961854871362,DEN,CIN,archive:asset:299770475:sha256:0b04ffcee75f07c5a1cec292d7b485ec3222bbbcb65f7d5866fcd81b802b9d9b:week:4
2025_04_CIN_DEN,756.0,2025,4,DEN,CIN,pass,2.1063487628707662,DEN,CIN,archive:asset:299770475:sha256:0b04ffcee75f07c5a1cec292d7b485ec3222bbbcb65f7d5866fcd81b802b9d9b:week:4
2025_04_CIN_DEN,781.0,2025,4,DEN,CIN,pass,1.8107946378877386,DEN,CIN,archive:asset:299770475:sha256:0b04ffcee75f07c5a1cec292d7b485ec3222bbbcb65f7d5866fcd81b802b9d9b:week:4
2025_04_CIN_DEN,806.0,2025,4,DEN,CIN,run,0.5380674836342223,DEN,CIN,archive:asset:299770475:sha256:0b04ffcee75f07c5a1cec292d7b485ec3222bbbcb65f7d5866fcd81b802b9d9b:week:4
2025_04_CIN_DEN,833.0,2025,4,DEN,CIN,run,-0.006947979796677828,DEN,CIN,archive:asset:299770475:sha256:0b04ffcee75f07c5a1cec292d7b485ec3222bbbcb65f7d5866fcd81b802b9d9b:week:4
2025_04_CIN_DEN,855.0,2025,4,DEN,CIN,run,0.20710984547622502,DEN,CIN,archive:asset:299770475:sha256:0b04ffcee75f07c5a1cec292d7b485ec3222bbbcb65f7d5866fcd81b802b9d9b:week:4
2025_04_CIN_DEN,879.0,2025,4,DEN,CIN,pass,-0.9661538960062899,DEN,CIN,archive:asset:299770475:sha256:0b04ffcee75f07c5a1cec292d7b485ec3222bbbcb65f7d5866fcd81b802b9d9b:week:4
2025_04_CIN_DEN,902.0,2025,4,DEN,CIN,run,2.610794278793037,DEN,CIN,archive:asset:299770475:sha256:0b04ffcee75f07c5a1cec292d7b485ec3222bbbcb65f7d5866fcd81b802b9d9b:week:4
2025_04_CIN_DEN,925.0,2025,4,DEN,CIN,extra_point,0.06757300310763314,DEN,CIN,archive:asset:299770475:sha256:0b04ffcee75f07c5a1cec292d7b485ec3222bbbcb65f7d5866fcd81b802b9d9b:week:4
2025_04_CIN_DEN,940.0,2025,4,CIN,DEN,kickoff,0.5316629407461733,CIN,DEN,archive:asset:299770475:sha256:0b04ffcee75f07c5a1cec292d7b485ec3222bbbcb65f7d5866fcd81b802b9d9b:week:4
2025_04_CIN_DEN,964.0,2025,4,CIN,DEN,run,-0.36024279124103487,CIN,DEN,archive:asset:299770475:sha256:0b04ffcee75f07c5a1cec292d7b485ec3222bbbcb65f7d5866fcd81b802b9d9b:week:4
2025_04_CIN_DEN,986.0,2025,4,CIN,DEN,,-0.0,CIN,DEN,archive:asset:299770475:sha256:0b04ffcee75f07c5a1cec292d7b485ec3222bbbcb65f7d5866fcd81b802b9d9b:week:4
2025_04_CIN_DEN,1006.0,2025,4,CIN,DEN,pass,0.636601468315348,CIN,DEN,archive:asset:299770475:sha256:0b04ffcee75f07c5a1cec292d7b485ec3222bbbcb65f7d5866fcd81b802b9d9b:week:4
2025_04_CIN_DEN,1031.0,2025,4,CIN,DEN,no_play,0.7070367529522628,CIN,DEN,archive:asset:299770475:sha256:0b04ffcee75f07c5a1cec292d7b485ec3222bbbcb65f7d5866fcd81b802b9d9b:week:4
2025_04_CIN_DEN,1064.0,2025,4,CIN,DEN,no_play,-0.6038604264613241,CIN,DEN,archive:asset:299770475:sha256:0b04ffcee75f07c5a1cec292d7b485ec3222bbbcb65f7d5866fcd81b802b9d9b:week:4
2025_04_CIN_DEN,1100.0,2025,4,CIN,DEN,no_play,-0.3171737133525312,CIN,DEN,archive:asset:299770475:sha256:0b04ffcee75f07c5a1cec292d7b485ec3222bbbcb65f7d5866fcd81b802b9d9b:week:4
2025_04_CIN_DEN,1124.0,2025,4,CIN,DEN,run,-0.21654046699404716,CIN,DEN,archive:asset:299770475:sha256:0b04ffcee75f07c5a1cec292d7b485ec3222bbbcb65f7d5866fcd81b802b9d9b:week:4
2025_04_CIN_DEN,1149.0,2025,4,CIN,DEN,pass,-0.9400600846856833,CIN,DEN,archive:asset:299770475:sha256:0b04ffcee75f07c5a1cec292d7b485ec3222bbbcb65f7d5866fcd81b802b9d9b:week:4
2025_04_CIN_DEN,1179.0,2025,4,CIN,DEN,no_play,-0.2503046430647373,CIN,DEN,archive:asset:299770475:sha256:0b04ffcee75f07c5a1cec292d7b485ec3222bbbcb65f7d5866fcd81b802b9d9b:week:4
2025_04_CIN_DEN,1203.0,2025,4,CIN,DEN,pass,-0.5100107458420098,CIN,DEN,archive:asset:299770475:sha256:0b04ffcee75f07c5a1cec292d7b485ec3222bbbcb65f7d5866fcd81b802b9d9b:week:4
2025_04_CIN_DEN,1238.0,2025,4,CIN,DEN,no_play,-0.3383673997595906,CIN,DEN,archive:asset:299770475:sha256:0b04ffcee75f07c5a1cec292d7b485ec3222bbbcb65f7d5866fcd81b802b9d9b:week:4
2025_04_CIN_DEN,1266.0,2025,4,CIN,DEN,punt,-0.11001439183019102,CIN,DEN,archive:asset:299770475:sha256:0b04ffcee75f07c5a1cec292d7b485ec3222bbbcb65f7d5866fcd81b802b9d9b:week:4
2025_04_CIN_DEN,1284.0,2025,4,DEN,CIN,pass,0.673936175648123,DEN,CIN,archive:asset:299770475:sha256:0b04ffcee75f07c5a1cec292d7b485ec3222bbbcb65f7d5866fcd81b802b9d9b:week:4
2025_04_CIN_DEN,1326.0,2025,4,DEN,CIN,pass,-0.5125754084438086,DEN,CIN,archive:asset:299770475:sha256:0b04ffcee75f07c5a1cec292d7b485ec3222bbbcb65f7d5866fcd81b802b9d9b:week:4
2025_04_CIN_DEN,1361.0,2025,4,DEN,CIN,pass,-0.01941429520957172,DEN,CIN,archive:asset:299770475:sha256:0b04ffcee75f07c5a1cec292d7b485ec3222bbbcb65f7d5866fcd81b802b9d9b:week:4
2025_04_CIN_DEN,1391.0,2025,4,DEN,CIN,pass,2.0752776206936687,DEN,CIN,archive:asset:299770475:sha256:0b04ffcee75f07c5a1cec292d7b485ec3222bbbcb65f7d5866fcd81b802b9d9b:week:4
2025_04_CIN_DEN,1432.0,2025,4,DEN,CIN,pass,-0.48243656172417104,DEN,CIN,archive:asset:299770475:sha256:0b04ffcee75f07c5a1cec292d7b485ec3222bbbcb65f7d5866fcd81b802b9d9b:week:4
2025_04_CIN_DEN,1455.0,2025,4,DEN,CIN,run,0.03741626034025103,DEN,CIN,archive:asset:299770475:sha256:0b04ffcee75f07c5a1cec292d7b485ec3222bbbcb65f7d5866fcd81b802b9d9b:week:4
2025_04_CIN_DEN,1477.0,2025,4,DEN,CIN,pass,2.300152653711848,DEN,CIN,archive:asset:299770475:sha256:0b04ffcee75f07c5a1cec292d7b485ec3222bbbcb65f7d5866fcd81b802b9d9b:week:4
2025_04_CIN_DEN,1505.0,2025,4,DEN,CIN,run,2.314661060459912,DEN,CIN,archive:asset:299770475:sha256:0b04ffcee75f07c5a1cec292d7b485ec3222bbbcb65f7d5866fcd81b802b9d9b:week:4
2025_04_CIN_DEN,1528.0,2025,4,DEN,CIN,extra_point,0.06757300310763314,DEN,CIN,archive:asset:299770475:sha256:0b04ffcee75f07c5a1cec292d7b485ec3222bbbcb65f7d5866fcd81b802b9d9b:week:4
2025_04_CIN_DEN,1543.0,2025,4,CIN,DEN,kickoff,-0.7965051529463381,CIN,DEN,archive:asset:299770475:sha256:0b04ffcee75f07c5a1cec292d7b485ec3222bbbcb65f7d5866fcd81b802b9d9b:week:4
2025_04_CIN_DEN,1584.0,2025,4,CIN,DEN,pass,-0.5280016311444342,CIN,DEN,archive:asset:299770475:sha256:0b04ffcee75f07c5a1cec292d7b485ec3222bbbcb65f7d5866fcd81b802b9d9b:week:4
2025_04_CIN_DEN,1607.0,2025,4,CIN,DEN,pass,-0.6419667031150311,CIN,DEN,archive:asset:299770475:sha256:0b04ffcee75f07c5a1cec292d7b485ec3222bbbcb65f7d5866fcd81b802b9d9b:week:4
2025_04_CIN_DEN,1633.0,2025,4,CIN,DEN,pass,-1.0493446823675185,CIN,DEN,archive:asset:299770475:sha256:0b04ffcee75f07c5a1cec292d7b485ec3222bbbcb65f7d5866fcd81b802b9d9b:week:4
2025_04_CIN_DEN,1667.0,2025,4,CIN,DEN,punt,0.5898527062963694,CIN,DEN,archive:asset:299770475:sha256:0b04ffcee75f07c5a1cec292d7b485ec3222bbbcb65f7d5866fcd81b802b9d9b:week:4
2025_04_CIN_DEN,1693.0,2025,4,DEN,CIN,pass,-0.8863107126671821,DEN,CIN,archive:asset:299770475:sha256:0b04ffcee75f07c5a1cec292d7b485ec3222bbbcb65f7d5866fcd81b802b9d9b:week:4
2025_04_CIN_DEN,1736.0,2025,4,DEN,CIN,run,1.4713567653670907,DEN,CIN,archive:asset:299770475:sha256:0b04ffcee75f07c5a1cec292d7b485ec3222bbbcb65f7d5866fcd81b802b9d9b:week:4
2025_04_CIN_DEN,1772.0,2025,4,DEN,CIN,run,0.7311035561142489,DEN,CIN,archive:asset:299770475:sha256:0b04ffcee75f07c5a1cec292d7b485ec3222bbbcb65f7d5866fcd81b802b9d9b:week:4
2025_04_CIN_DEN,1796.0,2025,4,DEN,CIN,run,0.5728077472886071,DEN,CIN,archive:asset:299770475:sha256:0b04ffcee75f07c5a1cec292d7b485ec3222bbbcb65f7d5866fcd81b802b9d9b:week:4
2025_04_CIN_DEN,1818.0,2025,4,DEN,CIN,run,-1.0164543786086142,DEN,CIN,archive:asset:299770475:sha256:0b04ffcee75f07c5a1cec292d7b485ec3222bbbcb65f7d5866fcd81b802b9d9b:week:4
2025_04_CIN_DEN,1851.0,2025,4,DEN,CIN,run,-0.3351900309789926,DEN,CIN,archive:asset:299770475:sha256:0b04ffcee75f07c5a1cec292d7b485ec3222bbbcb65f7d5866fcd81b802b9d9b:week:4
2025_04_CIN_DEN,1873.0,2025,4,DEN,CIN,pass,2.3526611251290888,DEN,CIN,archive:asset:299770475:sha256:0b04ffcee75f07c5a1cec292d7b485ec3222bbbcb65f7d5866fcd81b802b9d9b:week:4
2025_04_CIN_DEN,1898.0,2025,4,DEN,CIN,run,0.5002027805312537,DEN,CIN,archive:asset:299770475:sha256:0b04ffcee75f07c5a1cec292d7b485ec3222bbbcb65f7d5866fcd81b802b9d9b:week:4
2025_04_CIN_DEN,1920.0,2025,4,DEN,CIN,pass,0.2342578845564276,DEN,CIN,archive:asset:299770475:sha256:0b04ffcee75f07c5a1cec292d7b485ec3222bbbcb65f7d5866fcd81b802b9d9b:week:4
2025_04_CIN_DEN,1945.0,2025,4,DEN,CIN,pass,-0.429466282192152,DEN,CIN,archive:asset:299770475:sha256:0b04ffcee75f07c5a1cec292d7b485ec3222bbbcb65f7d5866fcd81b802b9d9b:week:4
2025_04_CIN_DEN,1980.0,2025,4,DEN,CIN,pass,1.0198061905102804,DEN,CIN,archive:asset:299770475:sha256:0b04ffcee75f07c5a1cec292d7b485ec3222bbbcb65f7d5866fcd81b802b9d9b:week:4
2025_04_CIN_DEN,2015.0,2025,4,DEN,CIN,run,-1.3977175182080828,DEN,CIN,archive:asset:299770475:sha256:0b04ffcee75f07c5a1cec292d7b485ec3222bbbcb65f7d5866fcd81b802b9d9b:week:4
2025_04_CIN_DEN,2064.0,2025,4,,,no_play,0.0,,,archive:asset:299770475:sha256:0b04ffcee75f07c5a1cec292d7b485ec3222bbbcb65f7d5866fcd81b802b9d9b:week:4
2025_04_CIN_DEN,2041.0,2025,4,DEN,CIN,pass,-4.522922222211491,DEN,CIN,archive:asset:299770475:sha256:0b04ffcee75f07c5a1cec292d7b485ec3222bbbcb65f7d5866fcd81b802b9d9b:week:4
2025_04_CIN_DEN,2144.0,2025,4,CIN,DEN,run,0.051044315565377474,CIN,DEN,archive:asset:299770475:sha256:0b04ffcee75f07c5a1cec292d7b485ec3222bbbcb65f7d5866fcd81b802b9d9b:week:4
2025_04_CIN_DEN,2166.0,2025,4,CIN,DEN,run,-0.045525941299274564,CIN,DEN,archive:asset:299770475:sha256:0b04ffcee75f07c5a1cec292d7b485ec3222bbbcb65f7d5866fcd81b802b9d9b:week:4
2025_04_CIN_DEN,2193.0,2025,4,CIN,DEN,pass,-1.0225163791328669,CIN,DEN,archive:asset:299770475:sha256:0b04ffcee75f07c5a1cec292d7b485ec3222bbbcb65f7d5866fcd81b802b9d9b:week:4
2025_04_CIN_DEN,2225.0,2025,4,,,no_play,-0.0,,,archive:asset:299770475:sha256:0b04ffcee75f07c5a1cec292d7b485ec3222bbbcb65f7d5866fcd81b802b9d9b:week:4
2025_04_CIN_DEN,2213.0,2025,4,CIN,DEN,punt,-0.11842811270616949,CIN,DEN,archive:asset:299770475:sha256:0b04ffcee75f07c5a1cec292d7b485ec3222bbbcb65f7d5866fcd81b802b9d9b:week:4
2025_04_CIN_DEN,2246.0,2025,4,DEN,CIN,pass,-0.4001462864689529,DEN,CIN,archive:asset:299770475:sha256:0b04ffcee75f07c5a1cec292d7b485ec3222bbbcb65f7d5866fcd81b802b9d9b:week:4
2025_04_CIN_DEN,2271.0,2025,4,DEN,CIN,pass,0.44124324939912185,DEN,CIN,archive:asset:299770475:sha256:0b04ffcee75f07c5a1cec292d7b485ec3222bbbcb65f7d5866fcd81b802b9d9b:week:4
2025_04_CIN_DEN,2307.0,2025,4,DEN,CIN,pass,-0.1596494873519987,DEN,CIN,archive:asset:299770475:sha256:0b04ffcee75f07c5a1cec292d7b485ec3222bbbcb65f7d5866fcd81b802b9d9b:week:4
2025_04_CIN_DEN,2342.0,2025,4,DEN,CIN,pass,-0.173637104278896,DEN,CIN,archive:asset:299770475:sha256:0b04ffcee75f07c5a1cec292d7b485ec3222bbbcb65f7d5866fcd81b802b9d9b:week:4
2025_04_CIN_DEN,2365.0,2025,4,DEN,CIN,pass,1.569797708565602,DEN,CIN,archive:asset:299770475:sha256:0b04ffcee75f07c5a1cec292d7b485ec3222bbbcb65f7d5866fcd81b802b9d9b:week:4
2025_04_CIN_DEN,2402.0,2025,4,,,no_play,0.0,,,archive:asset:299770475:sha256:0b04ffcee75f07c5a1cec292d7b485ec3222bbbcb65f7d5866fcd81b802b9d9b:week:4
2025_04_CIN_DEN,2390.0,2025,4,DEN,CIN,pass,0.488892753055552,DEN,CIN,archive:asset:299770475:sha256:0b04ffcee75f07c5a1cec292d7b485ec3222bbbcb65f7d5866fcd81b802b9d9b:week:4
2025_04_CIN_DEN,2427.0,2025,4,DEN,CIN,pass,-0.1811032457044348,DEN,CIN,archive:asset:299770475:sha256:0b04ffcee75f07c5a1cec292d7b485ec3222bbbcb65f7d5866fcd81b802b9d9b:week:4
2025_04_CIN_DEN,2455.0,2025,4,DEN,CIN,pass,0.45258764212485403,DEN,CIN,archive:asset:299770475:sha256:0b04ffcee75f07c5a1cec292d7b485ec3222bbbcb65f7d5866fcd81b802b9d9b:week:4
2025_04_CIN_DEN,2491.0,2025,4,DEN,CIN,pass,4.313511908578221,DEN,CIN,archive:asset:299770475:sha256:0b04ffcee75f07c5a1cec292d7b485ec3222bbbcb65f7d5866fcd81b802b9d9b:week:4
2025_04_CIN_DEN,2517.0,2025,4,DEN,CIN,extra_point,0.06757300310763314,DEN,CIN,archive:asset:299770475:sha256:0b04ffcee75f07c5a1cec292d7b485ec3222bbbcb65f7d5866fcd81b802b9d9b:week:4
2025_04_CIN_DEN,2532.0,2025,4,CIN,DEN,kickoff,-0.038329030212480575,CIN,DEN,archive:asset:299770475:sha256:0b04ffcee75f07c5a1cec292d7b485ec3222bbbcb65f7d5866fcd81b802b9d9b:week:4
2025_04_CIN_DEN,2549.0,2025,4,CIN,DEN,qb_kneel,0.0,CIN,DEN,archive:asset:299770475:sha256:0b04ffcee75f07c5a1cec292d7b485ec3222bbbcb65f7d5866fcd81b802b9d9b:week:4
2025_04_CIN_DEN,2571.0,2025,4,,,,,,,archive:asset:299770475:sha256:0b04ffcee75f07c5a1cec292d7b485ec3222bbbcb65f7d5866fcd81b802b9d9b:week:4
2025_04_CIN_DEN,2591.0,2025,4,DEN,CIN,kickoff,0.3343360754661262,DEN,CIN,archive:asset:299770475:sha256:0b04ffcee75f07c5a1cec292d7b485ec3222bbbcb65f7d5866fcd81b802b9d9b:week:4
2025_04_CIN_DEN,2619.0,2025,4,DEN,CIN,pass,0.605194894131273,DEN,CIN,archive:asset:299770475:sha256:0b04ffcee75f07c5a1cec292d7b485ec3222bbbcb65f7d5866fcd81b802b9d9b:week:4
2025_04_CIN_DEN,2644.0,2025,4,DEN,CIN,run,0.26973398332484066,DEN,CIN,archive:asset:299770475:sha256:0b04ffcee75f07c5a1cec292d7b485ec3222bbbcb65f7d5866fcd81b802b9d9b:week:4
2025_04_CIN_DEN,2668.0,2025,4,DEN,CIN,pass,-0.47154939942993224,DEN,CIN,archive:asset:299770475:sha256:0b04ffcee75f07c5a1cec292d7b485ec3222bbbcb65f7d5866fcd81b802b9d9b:week:4
2025_04_CIN_DEN,2691.0,2025,4,DEN,CIN,run,-0.844402342569083,DEN,CIN,archive:asset:299770475:sha256:0b04ffcee75f07c5a1cec292d7b485ec3222bbbcb65f7d5866fcd81b802b9d9b:week:4
2025_04_CIN_DEN,2713.0,2025,4,DEN,CIN,pass,-1.5731094754301012,DEN,CIN,archive:asset:299770475:sha256:0b04ffcee75f07c5a1cec292d7b485ec3222bbbcb65f7d5866fcd81b802b9d9b:week:4
2025_04_CIN_DEN,2736.0,2025,4,DEN,CIN,punt,-0.9753982615657151,DEN,CIN,archive:asset:299770475:sha256:0b04ffcee75f07c5a1cec292d7b485ec3222bbbcb65f7d5866fcd81b802b9d9b:week:4
2025_04_CIN_DEN,2767.0,2025,4,CIN,DEN,run,-0.10242779739201069,CIN,DEN,archive:asset:299770475:sha256:0b04ffcee75f07c5a1cec292d7b485ec3222bbbcb65f7d5866fcd81b802b9d9b:week:4
2025_04_CIN_DEN,2796.0,2025,4,CIN,DEN,run,-0.11308815935626626,CIN,DEN,archive:asset:299770475:sha256:0b04ffcee75f07c5a1cec292d7b485ec3222bbbcb65f7d5866fcd81b802b9d9b:week:4
2025_04_CIN_DEN,2818.0,2025,4,CIN,DEN,pass,-1.7035903572104871,CIN,DEN,archive:asset:299770475:sha256:0b04ffcee75f07c5a1cec292d7b485ec3222bbbcb65f7d5866fcd81b802b9d9b:week:4
2025_04_CIN_DEN,2841.0,2025,4,CIN,DEN,punt,0.10637945821508765,CIN,DEN,archive:asset:299770475:sha256:0b04ffcee75f07c5a1cec292d7b485ec3222bbbcb65f7d5866fcd81b802b9d9b:week:4
2025_04_CIN_DEN,2872.0,2025,4,DEN,CIN,run,0.7657649479806423,DEN,CIN,archive:asset:299770475:sha256:0b04ffcee75f07c5a1cec292d7b485ec3222bbbcb65f7d5866fcd81b802b9d9b:week:4
2025_04_CIN_DEN,2901.0,2025,4,DEN,CIN,run,0.3350668444763869,DEN,CIN,archive:asset:299770475:sha256:0b04ffcee75f07c5a1cec292d7b485ec3222bbbcb65f7d5866fcd81b802b9d9b:week:4
2025_04_CIN_DEN,2923.0,2025,4,DEN,CIN,pass,-0.5469237344805151,DEN,CIN,archive:asset:299770475:sha256:0b04ffcee75f07c5a1cec292d7b485ec3222bbbcb65f7d5866fcd81b802b9d9b:week:4
2025_04_CIN_DEN,2957.0,2025,4,DEN,CIN,pass,1.4583677160553634,DEN,CIN,archive:asset:299770475:sha256:0b04ffcee75f07c5a1cec292d7b485ec3222bbbcb65f7d5866fcd81b802b9d9b:week:4
2025_04_CIN_DEN,2982.0,2025,4,DEN,CIN,no_play,-1.1511020176112652,DEN,CIN,archive:asset:299770475:sha256:0b04ffcee75f07c5a1cec292d7b485ec3222bbbcb65f7d5866fcd81b802b9d9b:week:4
2025_04_CIN_DEN,3017.0,2025,4,DEN,CIN,pass,-0.39590839203447104,DEN,CIN,archive:asset:299770475:sha256:0b04ffcee75f07c5a1cec292d7b485ec3222bbbcb65f7d5866fcd81b802b9d9b:week:4
2025_04_CIN_DEN,3048.0,2025,4,DEN,CIN,pass,-0.5211425335146487,DEN,CIN,archive:asset:299770475:sha256:0b04ffcee75f07c5a1cec292d7b485ec3222bbbcb65f7d5866fcd81b802b9d9b:week:4
2025_04_CIN_DEN,3084.0,2025,4,DEN,CIN,pass,-0.8835873333737254,DEN,CIN,archive:asset:299770475:sha256:0b04ffcee75f07c5a1cec292d7b485ec3222bbbcb65f7d5866fcd81b802b9d9b:week:4
2025_04_CIN_DEN,3109.0,2025,4,DEN,CIN,punt,-0.1501103388145566,DEN,CIN,archive:asset:299770475:sha256:0b04ffcee75f07c5a1cec292d7b485ec3222bbbcb65f7d5866fcd81b802b9d9b:week:4
2025_04_CIN_DEN,3127.0,2025,4,CIN,DEN,pass,1.4728530251886696,CIN,DEN,archive:asset:299770475:sha256:0b04ffcee75f07c5a1cec292d7b485ec3222bbbcb65f7d5866fcd81b802b9d9b:week:4
2025_04_CIN_DEN,3159.0,2025,4,CIN,DEN,pass,0.6688641058281064,CIN,DEN,archive:asset:299770475:sha256:0b04ffcee75f07c5a1cec292d7b485ec3222bbbcb65f7d5866fcd81b802b9d9b:week:4
2025_04_CIN_DEN,3184.0,2025,4,CIN,DEN,run,0.27715088170953095,CIN,DEN,archive:asset:299770475:sha256:0b04ffcee75f07c5a1cec292d7b485ec3222bbbcb65f7d5866fcd81b802b9d9b:week:4
2025_04_CIN_DEN,3206.0,2025,4,CIN,DEN,no_play,-0.8296226151287556,CIN,DEN,archive:asset:299770475:sha256:0b04ffcee75f07c5a1cec292d7b485ec3222bbbcb65f7d5866fcd81b802b9d9b:week:4
2025_04_CIN_DEN,3240.0,2025,4,CIN,DEN,pass,-1.0659895911812782,CIN,DEN,archive:asset:299770475:sha256:0b04ffcee75f07c5a1cec292d7b485ec3222bbbcb65f7d5866fcd81b802b9d9b:week:4
2025_04_CIN_DEN,3260.0,2025,4,CIN,DEN,pass,-0.4091012212447822,CIN,DEN,archive:asset:299770475:sha256:0b04ffcee75f07c5a1cec292d7b485ec3222bbbcb65f7d5866fcd81b802b9d9b:week:4
2025_04_CIN_DEN,3285.0,2025,4,CIN,DEN,pass,-1.304642430972308,CIN,DEN,archive:asset:299770475:sha256:0b04ffcee75f07c5a1cec292d7b485ec3222bbbcb65f7d5866fcd81b802b9d9b:week:4
2025_04_CIN_DEN,3313.0,2025,4,CIN,DEN,punt,0.543274856870994,CIN,DEN,archive:asset:299770475:sha256:0b04ffcee75f07c5a1cec292d7b485ec3222bbbcb65f7d5866fcd81b802b9d9b:week:4
2025_04_CIN_DEN,3333.0,2025,4,DEN,CIN,run,-0.3303580596111715,DEN,CIN,archive:asset:299770475:sha256:0b04ffcee75f07c5a1cec292d7b485ec3222bbbcb65f7d5866fcd81b802b9d9b:week:4
2025_04_CIN_DEN,3362.0,2025,4,DEN,CIN,pass,0.8971264550928026,DEN,CIN,archive:asset:299770475:sha256:0b04ffcee75f07c5a1cec292d7b485ec3222bbbcb65f7d5866fcd81b802b9d9b:week:4
2025_04_CIN_DEN,3387.0,2025,4,DEN,CIN,pass,1.0409324816428125,DEN,CIN,archive:asset:299770475:sha256:0b04ffcee75f07c5a1cec292d7b485ec3222bbbcb65f7d5866fcd81b802b9d9b:week:4
2025_04_CIN_DEN,3412.0,2025,4,DEN,CIN,run,-0.8501698744948953,DEN,CIN,archive:asset:299770475:sha256:0b04ffcee75f07c5a1cec292d7b485ec3222bbbcb65f7d5866fcd81b802b9d9b:week:4
2025_04_CIN_DEN,3448.0,2025,4,,,no_play,0.0,,,archive:asset:299770475:sha256:0b04ffcee75f07c5a1cec292d7b485ec3222bbbcb65f7d5866fcd81b802b9d9b:week:4
2025_04_CIN_DEN,3436.0,2025,4,DEN,CIN,pass,1.2236945328768343,DEN,CIN,archive:asset:299770475:sha256:0b04ffcee75f07c5a1cec292d7b485ec3222bbbcb65f7d5866fcd81b802b9d9b:week:4
2025_04_CIN_DEN,3473.0,2025,4,DEN,CIN,,0.0,DEN,CIN,archive:asset:299770475:sha256:0b04ffcee75f07c5a1cec292d7b485ec3222bbbcb65f7d5866fcd81b802b9d9b:week:4
2025_04_CIN_DEN,3493.0,2025,4,DEN,CIN,run,-0.9578578139189631,DEN,CIN,archive:asset:299770475:sha256:0b04ffcee75f07c5a1cec292d7b485ec3222bbbcb65f7d5866fcd81b802b9d9b:week:4
2025_04_CIN_DEN,3526.0,2025,4,DEN,CIN,no_play,-0.3343664410058409,DEN,CIN,archive:asset:299770475:sha256:0b04ffcee75f07c5a1cec292d7b485ec3222bbbcb65f7d5866fcd81b802b9d9b:week:4
2025_04_CIN_DEN,3550.0,2025,4,DEN,CIN,pass,-0.5915541537106037,DEN,CIN,archive:asset:299770475:sha256:0b04ffcee75f07c5a1cec292d7b485ec3222bbbcb65f7d5866fcd81b802b9d9b:week:4
2025_04_CIN_DEN,3573.0,2025,4,DEN,CIN,pass,-0.5428134119138122,DEN,CIN,archive:asset:299770475:sha256:0b04ffcee75f07c5a1cec292d7b485ec3222bbbcb65f7d5866fcd81b802b9d9b:week:4
2025_04_CIN_DEN,3598.0,2025,4,DEN,CIN,pass,-0.4194670901633799,DEN,CIN,archive:asset:299770475:sha256:0b04ffcee75f07c5a1cec292d7b485ec3222bbbcb65f7d5866fcd81b802b9d9b:week:4
2025_04_CIN_DEN,3623.0,2025,4,DEN,CIN,punt,0.07195527758449316,DEN,CIN,archive:asset:299770475:sha256:0b04ffcee75f07c5a1cec292d7b485ec3222bbbcb65f7d5866fcd81b802b9d9b:week:4
2025_04_CIN_DEN,3650.0,2025,4,CIN,DEN,pass,0.7144554229453206,CIN,DEN,archive:asset:299770475:sha256:0b04ffcee75f07c5a1cec292d7b485ec3222bbbcb65f7d5866fcd81b802b9d9b:week:4
2025_04_CIN_DEN,3675.0,2025,4,CIN,DEN,pass,-0.5201773017179221,CIN,DEN,archive:asset:299770475:sha256:0b04ffcee75f07c5a1cec292d7b485ec3222bbbcb65f7d5866fcd81b802b9d9b:week:4
2025_04_CIN_DEN,3710.0,2025,4,CIN,DEN,pass,-1.5538462980184704,CIN,DEN,archive:asset:299770475:sha256:0b04ffcee75f07c5a1cec292d7b485ec3222bbbcb65f7d5866fcd81b802b9d9b:week:4
2025_04_CIN_DEN,3730.0,2025,4,CIN,DEN,pass,-0.9874223324004561,CIN,DEN,archive:asset:299770475:sha256:0b04ffcee75f07c5a1cec292d7b485ec3222bbbcb65f7d5866fcd81b802b9d9b:week:4
2025_04_CIN_DEN,3753.0,2025,4,CIN,DEN,punt,0.9505318598821759,CIN,DEN,archive:asset:299770475:sha256:0b04ffcee75f07c5a1cec292d7b485ec3222bbbcb65f7d5866fcd81b802b9d9b:week:4
2025_04_CIN_DEN,3786.0,2025,4,DEN,CIN,run,0.6561450224835426,DEN,CIN,archive:asset:299770475:sha256:0b04ffcee75f07c5a1cec292d7b485ec3222bbbcb65f7d5866fcd81b802b9d9b:week:4
2025_04_CIN_DEN,3808.0,2025,4,DEN,CIN,run,0.31087599880993366,DEN,CIN,archive:asset:299770475:sha256:0b04ffcee75f07c5a1cec292d7b485ec3222bbbcb65f7d5866fcd81b802b9d9b:week:4
2025_04_CIN_DEN,3832.0,2025,4,DEN,CIN,run,0.013183521805331111,DEN,CIN,archive:asset:299770475:sha256:0b04ffcee75f07c5a1cec292d7b485ec3222bbbcb65f7d5866fcd81b802b9d9b:week:4
2025_04_CIN_DEN,3854.0,2025,4,DEN,CIN,pass,1.0010098406346515,DEN,CIN,archive:asset:299770475:sha256:0b04ffcee75f07c5a1cec292d7b485ec3222bbbcb65f7d5866fcd81b802b9d9b:week:4
2025_04_CIN_DEN,3879.0,2025,4,DEN,CIN,run,-0.43477121216710657,DEN,CIN,archive:asset:299770475:sha256:0b04ffcee75f07c5a1cec292d7b485ec3222bbbcb65f7d5866fcd81b802b9d9b:week:4
2025_04_CIN_DEN,3901.0,2025,4,DEN,CIN,run,1.1433964563766494,DEN,CIN,archive:asset:299770475:sha256:0b04ffcee75f07c5a1cec292d7b485ec3222bbbcb65f7d5866fcd81b802b9d9b:week:4
2025_04_CIN_DEN,3925.0,2025,4,DEN,CIN,run,1.121089607651811,DEN,CIN,archive:asset:299770475:sha256:0b04ffcee75f07c5a1cec292d7b485ec3222bbbcb65f7d5866fcd81b802b9d9b:week:4
2025_04_CIN_DEN,3952.0,2025,4,DEN,CIN,run,-0.20446388615528122,DEN,CIN,archive:asset:299770475:sha256:0b04ffcee75f07c5a1cec292d7b485ec3222bbbcb65f7d5866fcd81b802b9d9b:week:4
2025_04_CIN_DEN,3974.0,2025,4,DEN,CIN,run,-0.40926432760898024,DEN,CIN,archive:asset:299770475:sha256:0b04ffcee75f07c5a1cec292d7b485ec3222bbbcb65f7d5866fcd81b802b9d9b:week:4
2025_04_CIN_DEN,3998.0,2025,4,DEN,CIN,pass,3.009950181352906,DEN,CIN,archive:asset:299770475:sha256:0b04ffcee75f07c5a1cec292d7b485ec3222bbbcb65f7d5866fcd81b802b9d9b:week:4
2025_04_CIN_DEN,4024.0,2025,4,DEN,CIN,extra_point,0.06757300310763314,DEN,CIN,archive:asset:299770475:sha256:0b04ffcee75f07c5a1cec292d7b485ec3222bbbcb65f7d5866fcd81b802b9d9b:week:4
2025_04_CIN_DEN,4039.0,2025,4,CIN,DEN,kickoff,0.6010695968288928,CIN,DEN,archive:asset:299770475:sha256:0b04ffcee75f07c5a1cec292d7b485ec3222bbbcb65f7d5866fcd81b802b9d9b:week:4
2025_04_CIN_DEN,4063.0,2025,4,CIN,DEN,no_play,-0.4860054219607264,CIN,DEN,archive:asset:299770475:sha256:0b04ffcee75f07c5a1cec292d7b485ec3222bbbcb65f7d5866fcd81b802b9d9b:week:4
2025_04_CIN_DEN,4087.0,2025,4,CIN,DEN,run,0.04834648407995701,CIN,DEN,archive:asset:299770475:sha256:0b04ffcee75f07c5a1cec292d7b485ec3222bbbcb65f7d5866fcd81b802b9d9b:week:4
2025_04_CIN_DEN,4109.0,2025,4,CIN,DEN,pass,-0.5929665178991854,CIN,DEN,archive:asset:299770475:sha256:0b04ffcee75f07c5a1cec292d7b485ec3222bbbcb65f7d5866fcd81b802b9d9b:week:4
2025_04_CIN_DEN,4134.0,2025,4,CIN,DEN,pass,-0.6037819755729288,CIN,DEN,archive:asset:299770475:sha256:0b04ffcee75f07c5a1cec292d7b485ec3222bbbcb65f7d5866fcd81b802b9d9b:week:4
2025_04_CIN_DEN,4159.0,2025,4,CIN,DEN,punt,-0.5106667778454721,CIN,DEN,archive:asset:299770475:sha256:0b04ffcee75f07c5a1cec292d7b485ec3222bbbcb65f7d5866fcd81b802b9d9b:week:4
2025_04_CIN_DEN,4178.0,2025,4,DEN,CIN,run,-0.2817639275453985,DEN,CIN,archive:asset:299770475:sha256:0b04ffcee75f07c5a1cec292d7b485ec3222bbbcb65f7d5866fcd81b802b9d9b:week:4
2025_04_CIN_DEN,4202.0,2025,4,DEN,CIN,run,0.9212881457060575,DEN,CIN,archive:asset:299770475:sha256:0b04ffcee75f07c5a1cec292d7b485ec3222bbbcb65f7d5866fcd81b802b9d9b:week:4
2025_04_CIN_DEN,4229.0,2025,4,DEN,CIN,run,0.3563724085688591,DEN,CIN,archive:asset:299770475:sha256:0b04ffcee75f07c5a1cec292d7b485ec3222bbbcb65f7d5866fcd81b802b9d9b:week:4
2025_04_CIN_DEN,4256.0,2025,4,DEN,CIN,run,-1.5860491516068578,DEN,CIN,archive:asset:299770475:sha256:0b04ffcee75f07c5a1cec292d7b485ec3222bbbcb65f7d5866fcd81b802b9d9b:week:4
2025_04_CIN_DEN,4283.0,2025,4,DEN,CIN,qb_kneel,0.0,DEN,CIN,archive:asset:299770475:sha256:0b04ffcee75f07c5a1cec292d7b485ec3222bbbcb65f7d5866fcd81b802b9d9b:week:4
2025_04_CIN_DEN,4312.0,2025,4,DEN,CIN,qb_kneel,0.0,DEN,CIN,archive:asset:299770475:sha256:0b04ffcee75f07c5a1cec292d7b485ec3222bbbcb65f7d5866fcd81b802b9d9b:week:4
2025_04_CIN_DEN,4334.0,2025,4,DEN,CIN,qb_kneel,0.0,DEN,CIN,archive:asset:299770475:sha256:0b04ffcee75f07c5a1cec292d7b485ec3222bbbcb65f7d5866fcd81b802b9d9b:week:4
2025_04_CIN_DEN,4356.0,2025,4,DEN,CIN,,,DEN,CIN,archive:asset:299770475:sha256:0b04ffcee75f07c5a1cec292d7b485ec3222bbbcb65f7d5866fcd81b802b9d9b:week:4
2025_04_CLE_DET,1.0,2025,4,,,,0.0,,,archive:asset:299770475:sha256:0b04ffcee75f07c5a1cec292d7b485ec3222bbbcb65f7d5866fcd81b802b9d9b:week:4
2025_04_CLE_DET,40.0,2025,4,DET,CLE,kickoff,0.337447828380391,DET,CLE,archive:asset:299770475:sha256:0b04ffcee75f07c5a1cec292d7b485ec3222bbbcb65f7d5866fcd81b802b9d9b:week:4
2025_04_CLE_DET,63.0,2025,4,DET,CLE,pass,0.7663818439468741,DET,CLE,archive:asset:299770475:sha256:0b04ffcee75f07c5a1cec292d7b485ec3222bbbcb65f7d5866fcd81b802b9d9b:week:4
2025_04_CLE_DET,88.0,2025,4,DET,CLE,pass,-0.5168393275234848,DET,CLE,archive:asset:299770475:sha256:0b04ffcee75f07c5a1cec292d7b485ec3222bbbcb65f7d5866fcd81b802b9d9b:week:4
2025_04_CLE_DET,111.0,2025,4,DET,CLE,run,-0.6190656330436468,DET,CLE,archive:asset:299770475:sha256:0b04ffcee75f07c5a1cec292d7b485ec3222bbbcb65f7d5866fcd81b802b9d9b:week:4
2025_04_CLE_DET,133.0,2025,4,DET,CLE,pass,-1.2678330224007368,DET,CLE,archive:asset:299770475:sha256:0b04ffcee75f07c5a1cec292d7b485ec3222bbbcb65f7d5866fcd81b802b9d9b:week:4
2025_04_CLE_DET,158.0,2025,4,DET,CLE,punt,-0.7937074052169919,DET,CLE,archive:asset:299770475:sha256:0b04ffcee75f07c5a1cec292d7b485ec3222bbbcb65f7d5866fcd81b802b9d9b:week:4
2025_04_CLE_DET,187.0,2025,4,CLE,DET,pass,0.5563144441694021,CLE,DET,archive:asset:299770475:sha256:0b04ffcee75f07c5a1cec292d7b485ec3222bbbcb65f7d5866fcd81b802b9d9b:week:4
2025_04_CLE_DET,219.0,2025,4,CLE,DET,run,0.748761429451406,CLE,DET,archive:asset:299770475:sha256:0b04ffcee75f07c5a1cec292d7b485ec3222bbbcb65f7d5866fcd81b802b9d9b:week:4
2025_04_CLE_DET,241.0,2025,4,CLE,DET,run,-0.2873986279591918,CLE,DET,archive:asset:299770475:sha256:0b04ffcee75f07c5a1cec292d7b485ec3222bbbcb65f7d5866fcd81b802b9d9b:week:4
2025_04_CLE_DET,268.0,2025,4,CLE,DET,run,-0.43196758441627026,CLE,DET,archive:asset:299770475:sha256:0b04ffcee75f07c5a1cec292d7b485ec3222bbbcb65f7d5866fcd81b802b9d9b:week:4
2025_04_CLE_DET,290.0,2025,4,CLE,DET,pass,2.161975741852075,CLE,DET,archive:asset:299770475:sha256:0b04ffcee75f07c5a1cec292d7b485ec3222bbbcb65f7d5866fcd81b802b9d9b:week:4
2025_04_CLE_DET,326.0,2025,4,CLE,DET,pass,2.171129833208397,CLE,DET,archive:asset:299770475:sha256:0b04ffcee75f07c5a1cec292d7b485ec3222bbbcb65f7d5866fcd81b802b9d9b:week:4
2025_04_CLE_DET,353.0,2025,4,CLE,DET,run,-0.5057391761802137,CLE,DET,archive:asset:299770475:sha256:0b04ffcee75f07c5a1cec292d7b485ec3222bbbcb65f7d5866fcd81b802b9d9b:week:4
2025_04_CLE_DET,375.0,2025,4,CLE,DET,pass,-0.14131753460969776,CLE,DET,archive:asset:299770475:sha256:0b04ffcee75f07c5a1cec292d7b485ec3222bbbcb65f7d5866fcd81b802b9d9b:week:4
2025_04_CLE_DET,412.0,2025,4,,,no_play,-0.0,,,archive:asset:299770475:sha256:0b04ffcee75f07c5a1cec292d7b485ec3222bbbcb65f7d5866fcd81b802b9d9b:week:4
2025_04_CLE_DET,400.0,2025,4,CLE,DET,pass,1.9977709061931819,CLE,DET,archive:asset:299770475:sha256:0b04ffcee75f07c5a1cec292d7b485ec3222bbbcb65f7d5866fcd81b802b9d9b:week:4
2025_04_CLE_DET,443.0,2025,4,CLE,DET,run,-0.22258780075935647,CLE,DET,archive:asset:299770475:sha256:0b04ffcee75f07c5a1cec292d7b485ec3222bbbcb65f7d5866fcd81b802b9d9b:week:4
2025_04_CLE_DET,469.0,2025,4,CLE,DET,run,-0.3880185542511754,CLE,DET,archive:asset:299770475:sha256:0b04ffcee75f07c5a1cec292d7b485ec3222bbbcb65f7d5866fcd81b802b9d9b:week:4
2025_04_CLE_DET,491.0,2025,4,CLE,DET,run,-1.194312161183916,CLE,DET,archive:asset:299770475:sha256:0b04ffcee75f07c5a1cec292d7b485ec3222bbbcb65f7d5866fcd81b802b9d9b:week:4
2025_04_CLE_DET,513.0,2025,4,CLE,DET,run,2.2830573526443914,CLE,DET,archive:asset:299770475:sha256:0b04ffcee75f07c5a1cec292d7b485ec3222bbbcb65f7d5866fcd81b802b9d9b:week:4
2025_04_CLE_DET,540.0,2025,4,CLE,DET,extra_point,0.05117156607063911,CLE,DET,archive:asset:299770475:sha256:0b04ffcee75f07c5a1cec292d7b485ec3222bbbcb65f7d5866fcd81b802b9d9b:week:4
2025_04_CLE_DET,555.0,2025,4,DET,CLE,kickoff,0.49468433344736695,DET,CLE,archive:asset:299770475:sha256:0b04ffcee75f07c5a1cec292d7b485ec3222bbbcb65f7d5866fcd81b802b9d9b:week:4
2025_04_CLE_DET,585.0,2025,4,DET,CLE,pass,-0.5850701110903174,DET,CLE,archive:asset:299770475:sha256:0b04ffcee75f07c5a1cec292d7b485ec3222bbbcb65f7d5866fcd81b802b9d9b:week:4
2025_04_CLE_DET,608.0,2025,4,DET,CLE,pass,-0.37087227520532906,DET,CLE,archive:asset:299770475:sha256:0b04ffcee75f07c5a1cec292d7b485ec3222bbbcb65f7d5866fcd81b802b9d9b:week:4
2025_04_CLE_DET,633.0,2025,4,DET,CLE,pass,2.792734774411656,DET,CLE,archive:asset:299770475:sha256:0b04ffcee75f07c5a1cec292d7b485ec3222bbbcb65f7d5866fcd81b802b9d9b:week:4
2025_04_CLE_DET,663.0,2025,4,DET,CLE,run,1.4720267035299912,DET,CLE,archive:asset:299770475:sha256:0b04ffcee75f07c5a1cec292d7b485ec3222bbbcb65f7d5866fcd81b802b9d9b:week:4
2025_04_CLE_DET,697.0,2025,4,DET,CLE,no_play,0.27803490799851716,DET,CLE,archive:asset:299770475:sha256:0b04ffcee75f07c5a1cec292d7b485ec3222bbbcb65f7d5866fcd81b802b9d9b:week:4
2025_04_CLE_DET,728.0,2025,4,DET,CLE,run,1.35333910305053,DET,CLE,archive:asset:299770475:sha256:0b04ffcee75f07c5a1cec292d7b485ec3222bbbcb65f7d5866fcd81b802b9d9b:week:4
2025_04_CLE_DET,751.0,2025,4,DET,CLE,extra_point,0.05117156607063911,DET,CLE,archive:asset:299770475:sha256:0b04ffcee75f07c5a1cec292d7b485ec3222bbbcb65f7d5866fcd81b802b9d9b:week:4
2025_04_CLE_DET,766.0,2025,4,CLE,DET,kickoff,-0.24036502838134766,CLE,DET,archive:asset:299770475:sha256:0b04ffcee75f07c5a1cec292d7b485ec3222bbbcb65f7d5866fcd81b802b9d9b:week:4
2025_04_CLE_DET,796.0,2025,4,CLE,DET,pass,-0.4301345555577427,CLE,DET,archive:asset:299770475:sha256:0b04ffcee75f07c5a1cec292d7b485ec3222bbbcb65f7d5866fcd81b802b9d9b:week:4
2025_04_CLE_DET,821.0,2025,4,CLE,DET,run,-0.7208074072841555,CLE,DET,archive:asset:299770475:sha256:0b04ffcee75f07c5a1cec292d7b485ec3222bbbcb65f7d5866fcd81b802b9d9b:week:4
2025_04_CLE_DET,843.0,2025,4,CLE,DET,pass,-3.264770246925764,CLE,DET,archive:asset:299770475:sha256:0b04ffcee75f07c5a1cec292d7b485ec3222bbbcb65f7d5866fcd81b802b9d9b:week:4
2025_04_CLE_DET,875.0,2025,4,DET,CLE,pass,0.7719098986126482,DET,CLE,archive:asset:299770475:sha256:0b04ffcee75f07c5a1cec292d7b485ec3222bbbcb65f7d5866fcd81b802b9d9b:week:4
2025_04_CLE_DET,905.0,2025,4,DET,CLE,run,-0.42857152922078967,DET,CLE,archive:asset:299770475:sha256:0b04ffcee75f07c5a1cec292d7b485ec3222bbbcb65f7d5866fcd81b802b9d9b:week:4
2025_04_CLE_DET,932.0,2025,4,DET,CLE,run,-0.758159811142832,DET,CLE,archive:asset:299770475:sha256:0b04ffcee75f07c5a1cec292d7b485ec3222bbbcb65f7d5866fcd81b802b9d9b:week:4
2025_04_CLE_DET,954.0,2025,4,DET,CLE,no_play,-1.1584640691289678,DET,CLE,archive:asset:299770475:sha256:0b04ffcee75f07c5a1cec292d7b485ec3222bbbcb65f7d5866fcd81b802b9d9b:week:4
2025_04_CLE_DET,978.0,2025,4,DET,CLE,,0.0,DET,CLE,archive:asset:299770475:sha256:0b04ffcee75f07c5a1cec292d7b485ec3222bbbcb65f7d5866fcd81b802b9d9b:week:4
2025_04_CLE_DET,998.0,2025,4,DET,CLE,pass,0.04908743976369778,DET,CLE,archive:asset:299770475:sha256:0b04ffcee75f07c5a1cec292d7b485ec3222bbbcb65f7d5866fcd81b802b9d9b:week:4
2025_04_CLE_DET,1023.0,2025,4,DET,CLE,field_goal,1.2998736937461766,DET,CLE,archive:asset:299770475:sha256:0b04ffcee75f07c5a1cec292d7b485ec3222bbbcb65f7d5866fcd81b802b9d9b:week:4
2025_04_CLE_DET,1043.0,2025,4,CLE,DET,kickoff,0.4726339445915073,CLE,DET,archive:asset:299770475:sha256:0b04ffcee75f07c5a1cec292d7b485ec3222bbbcb65f7d5866fcd81b802b9d9b:week:4
2025_04_CLE_DET,1070.0,2025,4,CLE,DET,pass,1.086775696836412,CLE,DET,archive:asset:299770475:sha256:0b04ffcee75f07c5a1cec292d7b485ec3222bbbcb65f7d5866fcd81b802b9d9b:week:4
2025_04_CLE_DET,1100.0,2025,4,CLE,DET,pass,-1.259503964567557,CLE,DET,archive:asset:299770475:sha256:0b04ffcee75f07c5a1cec292d7b485ec3222bbbcb65f7d5866fcd81b802b9d9b:week:4
2025_04_CLE_DET,1120.0,2025,4,CLE,DET,no_play,-0.3259248249232769,CLE,DET,archive:asset:299770475:sha256:0b04ffcee75f07c5a1cec292d7b485ec3222bbbcb65f7d5866fcd81b802b9d9b:week:4
2025_04_CLE_DET,1144.0,2025,4,CLE,DET,pass,-0.9189243400469422,CLE,DET,archive:asset:299770475:sha256:0b04ffcee75f07c5a1cec292d7b485ec3222bbbcb65f7d5866fcd81b802b9d9b:week:4
2025_04_CLE_DET,1167.0,2025,4,CLE,DET,pass,-1.0369050814770162,CLE,DET,archive:asset:299770475:sha256:0b04ffcee75f07c5a1cec292d7b485ec3222bbbcb65f7d5866fcd81b802b9d9b:week:4
2025_04_CLE_DET,1190.0,2025,4,CLE,DET,punt,-0.17083972366526723,CLE,DET,archive:asset:299770475:sha256:0b04ffcee75f07c5a1cec292d7b485ec3222bbbcb65f7d5866fcd81b802b9d9b:week:4
2025_04_CLE_DET,1216.0,2025,4,DET,CLE,run,1.442201773636043,DET,CLE,archive:asset:299770475:sha256:0b04ffcee75f07c5a1cec292d7b485ec3222bbbcb65f7d5866fcd81b802b9d9b:week:4
2025_04_CLE_DET,1245.0,2025,4,DET,CLE,no_play,-0.5657832638826221,DET,CLE,archive:asset:299770475:sha256:0b04ffcee75f07c5a1cec292d7b485ec3222bbbcb65f7d5866fcd81b802b9d9b:week:4
2025_04_CLE_DET,1269.0,2025,4,DET,CLE,no_play,-0.25088678719475865,DET,CLE,archive:asset:299770475:sha256:0b04ffcee75f07c5a1cec292d7b485ec3222bbbcb65f7d5866fcd81b802b9d9b:week:4
2025_04_CLE_DET,1293.0,2025,4,DET,CLE,pass,-0.1981136598624289,DET,CLE,archive:asset:299770475:sha256:0b04ffcee75f07c5a1cec292d7b485ec3222bbbcb65f7d5866fcd81b802b9d9b:week:4
2025_04_CLE_DET,1323.0,2025,4,DET,CLE,pass,-0.97679397999309,DET,CLE,archive:asset:299770475:sha256:0b04ffcee75f07c5a1cec292d7b485ec3222bbbcb65f7d5866fcd81b802b9d9b:week:4
2025_04_CLE_DET,1346.0,2025,4,DET,CLE,pass,-0.8735550697892904,DET,CLE,archive:asset:299770475:sha256:0b04ffcee75f07c5a1cec292d7b485ec3222bbbcb65f7d5866fcd81b802b9d9b:week:4
2025_04_CLE_DET,1371.0,2025,4,DET,CLE,punt,0.4083301208447665,DET,CLE,archive:asset:299770475:sha256:0b04ffcee75f07c5a1cec292d7b485ec3222bbbcb65f7d5866fcd81b802b9d9b:week:4
2025_04_CLE_DET,1391.0,2025,4,CLE,DET,run,-1.1518102569971234,CLE,DET,archive:asset:299770475:sha256:0b04ffcee75f07c5a1cec292d7b485ec3222bbbcb65f7d5866fcd81b802b9d9b:week:4
2025_04_CLE_DET,1420.0,2025,4,CLE,DET,pass,-0.6645462453598157,CLE,DET,archive:asset:299770475:sha256:0b04ffcee75f07c5a1cec292d7b485ec3222bbbcb65f7d5866fcd81b802b9d9b:week:4
2025_04_CLE_DET,1443.0,2025,4,CLE,DET,pass,0.3832442528801039,CLE,DET,archive:asset:299770475:sha256:0b04ffcee75f07c5a1cec292d7b485ec3222bbbcb65f7d5866fcd81b802b9d9b:week:4
2025_04_CLE_DET,1468.0,2025,4,CLE,DET,punt,-0.9367675832472742,CLE,DET,archive:asset:299770475:sha256:0b04ffcee75f07c5a1cec292d7b485ec3222bbbcb65f7d5866fcd81b802b9d9b:week:4
2025_04_CLE_DET,1487.0,2025,4,DET,CLE,run,-1.000549339922145,DET,CLE,archive:asset:299770475:sha256:0b04ffcee75f07c5a1cec292d7b485ec3222bbbcb65f7d5866fcd81b802b9d9b:week:4
2025_04_CLE_DET,1516.0,2025,4,DET,CLE,run,-0.78211325337179,DET,CLE,archive:asset:299770475:sha256:0b04ffcee75f07c5a1cec292d7b485ec3222bbbcb65f7d5866fcd81b802b9d9b:week:4
2025_04_CLE_DET,1538.0,2025,4,DET,CLE,pass,-1.1189792740624398,DET,CLE,archive:asset:299770475:sha256:0b04ffcee75f07c5a1cec292d7b485ec3222bbbcb65f7d5866fcd81b802b9d9b:week:4
2025_04_CLE_DET,1561.0,2025,4,DET,CLE,punt,-0.12731123832054436,DET,CLE,archive:asset:299770475:sha256:0b04ffcee75f07c5a1cec292d7b485ec3222bbbcb65f7d5866fcd81b802b9d9b:week:4
2025_04_CLE_DET,1594.0,2025,4,CLE,DET,run,-0.4855043904390186,CLE,DET,archive:asset:299770475:sha256:0b04ffcee75f07c5a1cec292d7b485ec3222bbbcb65f7d5866fcd81b802b9d9b:week:4
2025_04_CLE_DET,1621.0,2025,4,CLE,DET,run,1.2064140427391976,CLE,DET,archive:asset:299770475:sha256:0b04ffcee75f07c5a1cec292d7b485ec3222bbbcb65f7d5866fcd81b802b9d9b:week:4
2025_04_CLE_DET,1643.0,2025,4,CLE,DET,pass,-7.398223902651807,CLE,DET,archive:asset:299770475:sha256:0b04ffcee75f07c5a1cec292d7b485ec3222bbbcb65f7d5866fcd81b802b9d9b:week:4
2025_04_CLE_DET,1678.0,2025,4,DET,CLE,run,0.1711047283024527,DET,CLE,archive:asset:299770475:sha256:0b04ffcee75f07c5a1cec292d7b485ec3222bbbcb65f7d5866fcd81b802b9d9b:week:4
2025_04_CLE_DET,1752.0,2025,4,DET,CLE,run,-0.7776156916224863,DET,CLE,archive:asset:299770475:sha256:0b04ffcee75f07c5a1cec292d7b485ec3222bbbcb65f7d5866fcd81b802b9d9b:week:4
2025_04_CLE_DET,1777.0,2025,4,DET,CLE,pass,1.859466931258794,DET,CLE,archive:asset:299770475:sha256:0b04ffcee75f07c5a1cec292d7b485ec3222bbbcb65f7d5866fcd81b802b9d9b:week:4
2025_04_CLE_DET,1803.0,2025,4,DET,CLE,extra_point,0.05117156607063911,DET,CLE,archive:asset:299770475:sha256:0b04ffcee75f07c5a1cec292d7b485ec3222bbbcb65f7d5866fcd81b802b9d9b:week:4
2025_04_CLE_DET,1818.0,2025,4,CLE,DET,kickoff,0.5724300811998546,CLE,DET,archive:asset:299770475:sha256:0b04ffcee75f07c5a1cec292d7b485ec3222bbbcb65f7d5866fcd81b802b9d9b:week:4
2025_04_CLE_DET,1846.0,2025,4,CLE,DET,run,-0.5306982862530276,CLE,DET,archive:asset:299770475:sha256:0b04ffcee75f07c5a1cec292d7b485ec3222bbbcb65f7d5866fcd81b802b9d9b:week:4
2025_04_CLE_DET,1868.0,2025,4,CLE,DET,no_play,-0.8865125457523391,CLE,DET,archive:asset:299770475:sha256:0b04ffcee75f07c5a1cec292d7b485ec3222bbbcb65f7d5866fcd81b802b9d9b:week:4
2025_04_CLE_DET,1919.0,2025,4,CLE,DET,pass,-0.1455159867182374,CLE,DET,archive:asset:299770475:sha256:0b04ffcee75f07c5a1cec292d7b485ec3222bbbcb65f7d5866fcd81b802b9d9b:week:4
2025_04_CLE_DET,1951.0,2025,4,CLE,DET,pass,-0.32209559704642743,CLE,DET,archive:asset:299770475:sha256:0b04ffcee75f07c5a1cec292d7b485ec3222bbbcb65f7d5866fcd81b802b9d9b:week:4
2025_04_CLE_DET,1991.0,2025,4,,,no_play,-0.0,,,archive:asset:299770475:sha256:0b04ffcee75f07c5a1cec292d7b485ec3222bbbcb65f7d5866fcd81b802b9d9b:week:4
2025_04_CLE_DET,1979.0,2025,4,CLE,DET,punt,-0.5031068278476596,CLE,DET,archive:asset:299770475:sha256:0b04ffcee75f07c5a1cec292d7b485ec3222bbbcb65f7d5866fcd81b802b9d9b:week:4
2025_04_CLE_DET,2012.0,2025,4,DET,CLE,no_play,0.12115914886817336,DET,CLE,archive:asset:299770475:sha256:0b04ffcee75f07c5a1cec292d7b485ec3222bbbcb65f7d5866fcd81b802b9d9b:week:4
2025_04_CLE_DET,2046.0,2025,4,DET,CLE,pass,0.02054277982097119,DET,CLE,archive:asset:299770475:sha256:0b04ffcee75f07c5a1cec292d7b485ec3222bbbcb65f7d5866fcd81b802b9d9b:week:4
2025_04_CLE_DET,2076.0,2025,4,DET,CLE,pass,1.300662343914155,DET,CLE,archive:asset:299770475:sha256:0b04ffcee75f07c5a1cec292d7b485ec3222bbbcb65f7d5866fcd81b802b9d9b:week:4
2025_04_CLE_DET,2101.0,2025,4,DET,CLE,pass,0.10392313811462373,DET,CLE,archive:asset:299770475:sha256:0b04ffcee75f07c5a1cec292d7b485ec3222bbbcb65f7d5866fcd81b802b9d9b:week:4
2025_04_CLE_DET,2131.0,2025,4,DET,CLE,pass,-0.317474584444426,DET,CLE,archive:asset:299770475:sha256:0b04ffcee75f07c5a1cec292d7b485ec3222bbbcb65f7d5866fcd81b802b9d9b:week:4
2025_04_CLE_DET,2154.0,2025,4,DET,CLE,pass,-0.44012137100947557,DET,CLE,archive:asset:299770475:sha256:0b04ffcee75f07c5a1cec292d7b485ec3222bbbcb65f7d5866fcd81b802b9d9b:week:4
2025_04_CLE_DET,2177.0,2025,4,DET,CLE,field_goal,1.6305013747202186,DET,CLE,archive:asset:299770475:sha256:0b04ffcee75f07c5a1cec292d7b485ec3222bbbcb65f7d5866fcd81b802b9d9b:week:4
2025_04_CLE_DET,2197.0,2025,4,CLE,DET,kickoff,-0.18165663961553946,CLE,DET,archive:asset:299770475:sha256:0b04ffcee75f07c5a1cec292d7b485ec3222bbbcb65f7d5866fcd81b802b9d9b:week:4
2025_04_CLE_DET,2220.0,2025,4,CLE,DET,qb_kneel,0.0,CLE,DET,archive:asset:299770475:sha256:0b04ffcee75f07c5a1cec292d7b485ec3222bbbcb65f7d5866fcd81b802b9d9b:week:4
2025_04_CLE_DET,2242.0,2025,4,,,,,,,archive:asset:299770475:sha256:0b04ffcee75f07c5a1cec292d7b485ec3222bbbcb65f7d5866fcd81b802b9d9b:week:4
2025_04_CLE_DET,2263.0,2025,4,CLE,DET,kickoff,0.10723812086507678,CLE,DET,archive:asset:299770475:sha256:0b04ffcee75f07c5a1cec292d7b485ec3222bbbcb65f7d5866fcd81b802b9d9b:week:4
2025_04_CLE_DET,2292.0,2025,4,CLE,DET,run,-0.405943829100579,CLE,DET,archive:asset:299770475:sha256:0b04ffcee75f07c5a1cec292d7b485ec3222bbbcb65f7d5866fcd81b802b9d9b:week:4
2025_04_CLE_DET,2314.0,2025,4,CLE,DET,pass,1.4856272665783763,CLE,DET,archive:asset:299770475:sha256:0b04ffcee75f07c5a1cec292d7b485ec3222bbbcb65f7d5866fcd81b802b9d9b:week:4
2025_04_CLE_DET,2339.0,2025,4,CLE,DET,run,-0.4843994649127126,CLE,DET,archive:asset:299770475:sha256:0b04ffcee75f07c5a1cec292d7b485ec3222bbbcb65f7d5866fcd81b802b9d9b:week:4
2025_04_CLE_DET,2372.0,2025,4,CLE,DET,pass,-0.9068894719239324,CLE,DET,archive:asset:299770475:sha256:0b04ffcee75f07c5a1cec292d7b485ec3222bbbcb65f7d5866fcd81b802b9d9b:week:4
2025_04_CLE_DET,2407.0,2025,4,CLE,DET,no_play,1.8410050994716585,CLE,DET,archive:asset:299770475:sha256:0b04ffcee75f07c5a1cec292d7b485ec3222bbbcb65f7d5866fcd81b802b9d9b:week:4
2025_04_CLE_DET,2455.0,2025,4,CLE,DET,pass,-0.5630381575319916,CLE,DET,archive:asset:299770475:sha256:0b04ffcee75f07c5a1cec292d7b485ec3222bbbcb65f7d5866fcd81b802b9d9b:week:4
2025_04_CLE_DET,2478.0,2025,4,CLE,DET,pass,-0.9389771728310734,CLE,DET,archive:asset:299770475:sha256:0b04ffcee75f07c5a1cec292d7b485ec3222bbbcb65f7d5866fcd81b802b9d9b:week:4
2025_04_CLE_DET,2501.0,2025,4,CLE,DET,pass,-1.784327324014157,CLE,DET,archive:asset:299770475:sha256:0b04ffcee75f07c5a1cec292d7b485ec3222bbbcb65f7d5866fcd81b802b9d9b:week:4
2025_04_CLE_DET,2524.0,2025,4,CLE,DET,punt,-0.014060475630685687,CLE,DET,archive:asset:299770475:sha256:0b04ffcee75f07c5a1cec292d7b485ec3222bbbcb65f7d5866fcd81b802b9d9b:week:4
2025_04_CLE_DET,2550.0,2025,4,DET,CLE,run,-0.620410761795938,DET,CLE,archive:asset:299770475:sha256:0b04ffcee75f07c5a1cec292d7b485ec3222bbbcb65f7d5866fcd81b802b9d9b:week:4
2025_04_CLE_DET,2579.0,2025,4,DET,CLE,run,0.6901299990713596,DET,CLE,archive:asset:299770475:sha256:0b04ffcee75f07c5a1cec292d7b485ec3222bbbcb65f7d5866fcd81b802b9d9b:week:4
2025_04_CLE_DET,2606.0,2025,4,DET,CLE,run,0.5628125597722828,DET,CLE,archive:asset:299770475:sha256:0b04ffcee75f07c5a1cec292d7b485ec3222bbbcb65f7d5866fcd81b802b9d9b:week:4
2025_04_CLE_DET,2628.0,2025,4,DET,CLE,no_play,-1.017130121588707,DET,CLE,archive:asset:299770475:sha256:0b04ffcee75f07c5a1cec292d7b485ec3222bbbcb65f7d5866fcd81b802b9d9b:week:4
2025_04_CLE_DET,2661.0,2025,4,DET,CLE,pass,-3.4220335413701832,DET,CLE,archive:asset:299770475:sha256:0b04ffcee75f07c5a1cec292d7b485ec3222bbbcb65f7d5866fcd81b802b9d9b:week:4
2025_04_CLE_DET,2688.0,2025,4,CLE,DET,run,0.8446093286620453,CLE,DET,archive:asset:299770475:sha256:0b04ffcee75f07c5a1cec292d7b485ec3222bbbcb65f7d5866fcd81b802b9d9b:week:4
2025_04_CLE_DET,2710.0,2025,4,CLE,DET,pass,0.46037326171062887,CLE,DET,archive:asset:299770475:sha256:0b04ffcee75f07c5a1cec292d7b485ec3222bbbcb65f7d5866fcd81b802b9d9b:week:4
2025_04_CLE_DET,2747.0,2025,4,CLE,DET,pass,-0.5850299266166985,CLE,DET,archive:asset:299770475:sha256:0b04ffcee75f07c5a1cec292d7b485ec3222bbbcb65f7d5866fcd81b802b9d9b:week:4
2025_04_CLE_DET,2776.0,2025,4,CLE,DET,run,1.0436216421658173,CLE,DET,archive:asset:299770475:sha256:0b04ffcee75f07c5a1cec292d7b485ec3222bbbcb65f7d5866fcd81b802b9d9b:week:4
2025_04_CLE_DET,2808.0,2025,4,CLE,DET,run,-0.21577486325986683,CLE,DET,archive:asset:299770475:sha256:0b04ffcee75f07c5a1cec292d7b485ec3222bbbcb65f7d5866fcd81b802b9d9b:week:4
2025_04_CLE_DET,2838.0,2025,4,CLE,DET,pass,-0.7626392289530486,CLE,DET,archive:asset:299770475:sha256:0b04ffcee75f07c5a1cec292d7b485ec3222bbbcb65f7d5866fcd81b802b9d9b:week:4
2025_04_CLE_DET,2861.0,2025,4,CLE,DET,pass,-1.1302540641653338,CLE,DET,archive:asset:299770475:sha256:0b04ffcee75f07c5a1cec292d7b485ec3222bbbcb65f7d5866fcd81b802b9d9b:week:4
2025_04_CLE_DET,2884.0,2025,4,CLE,DET,field_goal,0.19397603528601914,CLE,DET,archive:asset:299770475:sha256:0b04ffcee75f07c5a1cec292d7b485ec3222bbbcb65f7d5866fcd81b802b9d9b:week:4
2025_04_CLE_DET,2904.0,2025,4,DET,CLE,kickoff,0.6961192167364061,DET,CLE,archive:asset:299770475:sha256:0b04ffcee75f07c5a1cec292d7b485ec3222bbbcb65f7d5866fcd81b802b9d9b:week:4
2025_04_CLE_DET,2934.0,2025,4,DET,CLE,run,-0.48228038870729506,DET,CLE,archive:asset:299770475:sha256:0b04ffcee75f07c5a1cec292d7b485ec3222bbbcb65f7d5866fcd81b802b9d9b:week:4
2025_04_CLE_DET,2956.0,2025,4,DET,CLE,run,-0.2084805618505925,DET,CLE,archive:asset:299770475:sha256:0b04ffcee75f07c5a1cec292d7b485ec3222bbbcb65f7d5866fcd81b802b9d9b:week:4
2025_04_CLE_DET,2978.0,2025,4,DET,CLE,pass,-1.748598265927285,DET,CLE,archive:asset:299770475:sha256:0b04ffcee75f07c5a1cec292d7b485ec3222bbbcb65f7d5866fcd81b802b9d9b:week:4
2025_04_CLE_DET,3001.0,2025,4,DET,CLE,punt,-0.4480547523126006,DET,CLE,archive:asset:299770475:sha256:0b04ffcee75f07c5a1cec292d7b485ec3222bbbcb65f7d5866fcd81b802b9d9b:week:4
2025_04_CLE_DET,3021.0,2025,4,CLE,DET,run,0.8290053908713162,CLE,DET,archive:asset:299770475:sha256:0b04ffcee75f07c5a1cec292d7b485ec3222bbbcb65f7d5866fcd81b802b9d9b:week:4
2025_04_CLE_DET,3050.0,2025,4,CLE,DET,run,0.07039001770317554,CLE,DET,archive:asset:299770475:sha256:0b04ffcee75f07c5a1cec292d7b485ec3222bbbcb65f7d5866fcd81b802b9d9b:week:4
2025_04_CLE_DET,3072.0,2025,4,CLE,DET,run,-0.4485850501805544,CLE,DET,archive:asset:299770475:sha256:0b04ffcee75f07c5a1cec292d7b485ec3222bbbcb65f7d5866fcd81b802b9d9b:week:4
2025_04_CLE_DET,3104.0,2025,4,CLE,DET,pass,2.965043746633455,CLE,DET,archive:asset:299770475:sha256:0b04ffcee75f07c5a1cec292d7b485ec3222bbbcb65f7d5866fcd81b802b9d9b:week:4
2025_04_CLE_DET,3129.0,2025,4,CLE,DET,no_play,-0.751085342373699,CLE,DET,archive:asset:299770475:sha256:0b04ffcee75f07c5a1cec292d7b485ec3222bbbcb65f7d5866fcd81b802b9d9b:week:4
2025_04_CLE_DET,3153.0,2025,4,CLE,DET,pass,-0.6313934868667275,CLE,DET,archive:asset:299770475:sha256:0b04ffcee75f07c5a1cec292d7b485ec3222bbbcb65f7d5866fcd81b802b9d9b:week:4
2025_04_CLE_DET,3176.0,2025,4,CLE,DET,run,-1.1921206824481487,CLE,DET,archive:asset:299770475:sha256:0b04ffcee75f07c5a1cec292d7b485ec3222bbbcb65f7d5866fcd81b802b9d9b:week:4
2025_04_CLE_DET,3198.0,2025,4,CLE,DET,pass,-0.41419368627506903,CLE,DET,archive:asset:299770475:sha256:0b04ffcee75f07c5a1cec292d7b485ec3222bbbcb65f7d5866fcd81b802b9d9b:week:4
2025_04_CLE_DET,3233.0,2025,4,CLE,DET,field_goal,-3.8606375502978674,CLE,DET,archive:asset:299770475:sha256:0b04ffcee75f07c5a1cec292d7b485ec3222bbbcb65f7d5866fcd81b802b9d9b:week:4
2025_04_CLE_DET,3260.0,2025,4,DET,CLE,run,1.1935164544265717,DET,CLE,archive:asset:299770475:sha256:0b04ffcee75f07c5a1cec292d7b485ec3222bbbcb65f7d5866fcd81b802b9d9b:week:4
2025_04_CLE_DET,3294.0,2025,4,DET,CLE,run,-0.46159228158649057,DET,CLE,archive:asset:299770475:sha256:0b04ffcee75f07c5a1cec292d7b485ec3222bbbcb65f7d5866fcd81b802b9d9b:week:4
2025_04_CLE_DET,3316.0,2025,4,DET,CLE,pass,0.5039111492224038,DET,CLE,archive:asset:299770475:sha256:0b04ffcee75f07c5a1cec292d7b485ec3222bbbcb65f7d5866fcd81b802b9d9b:week:4
2025_04_CLE_DET,3341.0,2025,4,DET,CLE,,0.0,DET,CLE,archive:asset:299770475:sha256:0b04ffcee75f07c5a1cec292d7b485ec3222bbbcb65f7d5866fcd81b802b9d9b:week:4
2025_04_CLE_DET,3361.0,2025,4,DET,CLE,pass,-1.450066965422593,DET,CLE,archive:asset:299770475:sha256:0b04ffcee75f07c5a1cec292d7b485ec3222bbbcb65f7d5866fcd81b802b9d9b:week:4
2025_04_CLE_DET,3384.0,2025,4,DET,CLE,run,-3.583084963494912,DET,CLE,archive:asset:299770475:sha256:0b04ffcee75f07c5a1cec292d7b485ec3222bbbcb65f7d5866fcd81b802b9d9b:week:4
2025_04_CLE_DET,3411.0,2025,4,CLE,DET,pass,-0.23443310940638185,CLE,DET,archive:asset:299770475:sha256:0b04ffcee75f07c5a1cec292d7b485ec3222bbbcb65f7d5866fcd81b802b9d9b:week:4
2025_04_CLE_DET,3436.0,2025,4,CLE,DET,pass,-0.9568152306601405,CLE,DET,archive:asset:299770475:sha256:0b04ffcee75f07c5a1cec292d7b485ec3222bbbcb65f7d5866fcd81b802b9d9b:week:4
2025_04_CLE_DET,3471.0,2025,4,,,no_play,-0.0,,,archive:asset:299770475:sha256:0b04ffcee75f07c5a1cec292d7b485ec3222bbbcb65f7d5866fcd81b802b9d9b:week:4
2025_04_CLE_DET,3459.0,2025,4,CLE,DET,pass,-1.335146156605333,CLE,DET,archive:asset:299770475:sha256:0b04ffcee75f07c5a1cec292d7b485ec3222bbbcb65f7d5866fcd81b802b9d9b:week:4
2025_04_CLE_DET,3492.0,2025,4,CLE,DET,punt,-5.345126683358103,CLE,DET,archive:asset:299770475:sha256:0b04ffcee75f07c5a1cec292d7b485ec3222bbbcb65f7d5866fcd81b802b9d9b:week:4
2025_04_CLE_DET,3529.0,2025,4,DET,CLE,extra_point,0.05117156607063911,DET,CLE,archive:asset:299770475:sha256:0b04ffcee75f07c5a1cec292d7b485ec3222bbbcb65f7d5866fcd81b802b9d9b:week:4
2025_04_CLE_DET,3544.0,2025,4,CLE,DET,kickoff,0.44613025221042335,CLE,DET,archive:asset:299770475:sha256:0b04ffcee75f07c5a1cec292d7b485ec3222bbbcb65f7d5866fcd81b802b9d9b:week:4
2025_04_CLE_DET,3561.0,2025,4,CLE,DET,run,-0.28159427363425493,CLE,DET,archive:asset:299770475:sha256:0b04ffcee75f07c5a1cec292d7b485ec3222bbbcb65f7d5866fcd81b802b9d9b:week:4
2025_04_CLE_DET,3583.0,2025,4,CLE,DET,pass,-0.8469053748995066,CLE,DET,archive:asset:299770475:sha256:0b04ffcee75f07c5a1cec292d7b485ec3222bbbcb65f7d5866fcd81b802b9d9b:week:4
2025_04_CLE_DET,3618.0,2025,4,CLE,DET,pass,-1.3597304096911103,CLE,DET,archive:asset:299770475:sha256:0b04ffcee75f07c5a1cec292d7b485ec3222bbbcb65f7d5866fcd81b802b9d9b:week:4
2025_04_CLE_DET,3641.0,2025,4,CLE,DET,punt,-0.17469253903254867,CLE,DET,archive:asset:299770475:sha256:0b04ffcee75f07c5a1cec292d7b485ec3222bbbcb65f7d5866fcd81b802b9d9b:week:4
2025_04_CLE_DET,3661.0,2025,4,DET,CLE,run,-0.2539994176477194,DET,CLE,archive:asset:299770475:sha256:0b04ffcee75f07c5a1cec292d7b485ec3222bbbcb65f7d5866fcd81b802b9d9b:week:4
2025_04_CLE_DET,3700.0,2025,4,DET,CLE,run,-1.078693872783333,DET,CLE,archive:asset:299770475:sha256:0b04ffcee75f07c5a1cec292d7b485ec3222bbbcb65f7d5866fcd81b802b9d9b:week:4
2025_04_CLE_DET,3722.0,2025,4,DET,CLE,pass,2.923339194850996,DET,CLE,archive:asset:299770475:sha256:0b04ffcee75f07c5a1cec292d7b485ec3222bbbcb65f7d5866fcd81b802b9d9b:week:4
2025_04_CLE_DET,3752.0,2025,4,DET,CLE,run,-0.8441318699624389,DET,CLE,archive:asset:299770475:sha256:0b04ffcee75f07c5a1cec292d7b485ec3222bbbcb65f7d5866fcd81b802b9d9b:week:4
2025_04_CLE_DET,3774.0,2025,4,DET,CLE,run,-0.4712369437329471,DET,CLE,archive:asset:299770475:sha256:0b04ffcee75f07c5a1cec292d7b485ec3222bbbcb65f7d5866fcd81b802b9d9b:week:4
2025_04_CLE_DET,3796.0,2025,4,DET,CLE,pass,-1.5072470610029995,DET,CLE,archive:asset:299770475:sha256:0b04ffcee75f07c5a1cec292d7b485ec3222bbbcb65f7d5866fcd81b802b9d9b:week:4
2025_04_CLE_DET,3819.0,2025,4,DET,CLE,punt,0.16115609812550247,DET,CLE,archive:asset:299770475:sha256:0b04ffcee75f07c5a1cec292d7b485ec3222bbbcb65f7d5866fcd81b802b9d9b:week:4
2025_04_CLE_DET,3838.0,2025,4,CLE,DET,pass,0.8352022236213088,CLE,DET,archive:asset:299770475:sha256:0b04ffcee75f07c5a1cec292d7b485ec3222bbbcb65f7d5866fcd81b802b9d9b:week:4
2025_04_CLE_DET,3874.0,2025,4,CLE,DET,pass,-0.13464113464578986,CLE,DET,archive:asset:299770475:sha256:0b04ffcee75f07c5a1cec292d7b485ec3222bbbcb65f7d5866fcd81b802b9d9b:week:4
2025_04_CLE_DET,3900.0,2025,4,CLE,DET,run,0.6908080703578889,CLE,DET,archive:asset:299770475:sha256:0b04ffcee75f07c5a1cec292d7b485ec3222bbbcb65f7d5866fcd81b802b9d9b:week:4
2025_04_CLE_DET,3922.0,2025,4,CLE,DET,pass,-0.6118523722980171,CLE,DET,archive:asset:299770475:sha256:0b04ffcee75f07c5a1cec292d7b485ec3222bbbcb65f7d5866fcd81b802b9d9b:week:4
2025_04_CLE_DET,3945.0,2025,4,CLE,DET,pass,-5.272491321898997,CLE,DET,archive:asset:299770475:sha256:0b04ffcee75f07c5a1cec292d7b485ec3222bbbcb65f7d5866fcd81b802b9d9b:week:4
2025_04_CLE_DET,3986.0,2025,4,DET,CLE,run,-0.8772359582362697,DET,CLE,archive:asset:299770475:sha256:0b04ffcee75f07c5a1cec292d7b485ec3222bbbcb65f7d5866fcd81b802b9d9b:week:4
2025_04_CLE_DET,4008.0,2025,4,DET,CLE,pass,0.4231507829390466,DET,CLE,archive:asset:299770475:sha256:0b04ffcee75f07c5a1cec292d7b485ec3222bbbcb65f7d5866fcd81b802b9d9b:week:4
2025_04_CLE_DET,4033.0,2025,4,DET,CLE,run,1.4300284289638512,DET,CLE,archive:asset:299770475:sha256:0b04ffcee75f07c5a1cec292d7b485ec3222bbbcb65f7d5866fcd81b802b9d9b:week:4
2025_04_CLE_DET,4055.0,2025,4,DET,CLE,run,0.11187839385820553,DET,CLE,archive:asset:299770475:sha256:0b04ffcee75f07c5a1cec292d7b485ec3222bbbcb65f7d5866fcd81b802b9d9b:week:4
2025_04_CLE_DET,4077.0,2025,4,DET,CLE,no_play,-0.9522622608346865,DET,CLE,archive:asset:299770475:sha256:0b04ffcee75f07c5a1cec292d7b485ec3222bbbcb65f7d5866fcd81b802b9d9b:week:4
2025_04_CLE_DET,4111.0,2025,4,DET,CLE,pass,-0.8173609655350447,DET,CLE,archive:asset:299770475:sha256:0b04ffcee75f07c5a1cec292d7b485ec3222bbbcb65f7d5866fcd81b802b9d9b:week:4
2025_04_CLE_DET,4134.0,2025,4,DET,CLE,pass,3.0737398512428626,DET,CLE,archive:asset:299770475:sha256:0b04ffcee75f07c5a1cec292d7b485ec3222bbbcb65f7d5866fcd81b802b9d9b:week:4
2025_04_CLE_DET,4160.0,2025,4,DET,CLE,extra_point,0.05117156607063911,DET,CLE,archive:asset:299770475:sha256:0b04ffcee75f07c5a1cec292d7b485ec3222bbbcb65f7d5866fcd81b802b9d9b:week:4
2025_04_CLE_DET,4175.0,2025,4,CLE,DET,kickoff,0.6053235400468111,CLE,DET,archive:asset:299770475:sha256:0b04ffcee75f07c5a1cec292d7b485ec3222bbbcb65f7d5866fcd81b802b9d9b:week:4
2025_04_CLE_DET,4201.0,2025,4,CLE,DET,run,-0.44112086261156946,CLE,DET,archive:asset:299770475:sha256:0b04ffcee75f07c5a1cec292d7b485ec3222bbbcb65f7d5866fcd81b802b9d9b:week:4
2025_04_CLE_DET,4223.0,2025,4,CLE,DET,run,-0.40271368715912104,CLE,DET,archive:asset:299770475:sha256:0b04ffcee75f07c5a1cec292d7b485ec3222bbbcb65f7d5866fcd81b802b9d9b:week:4
2025_04_CLE_DET,4245.0,2025,4,CLE,DET,pass,-1.213066232507117,CLE,DET,archive:asset:299770475:sha256:0b04ffcee75f07c5a1cec292d7b485ec3222bbbcb65f7d5866fcd81b802b9d9b:week:4
2025_04_CLE_DET,4268.0,2025,4,CLE,DET,punt,-0.519357827026397,CLE,DET,archive:asset:299770475:sha256:0b04ffcee75f07c5a1cec292d7b485ec3222bbbcb65f7d5866fcd81b802b9d9b:week:4
2025_04_CLE_DET,4294.0,2025,4,DET,CLE,run,-0.48664068849757314,DET,CLE,archive:asset:299770475:sha256:0b04ffcee75f07c5a1cec292d7b485ec3222bbbcb65f7d5866fcd81b802b9d9b:week:4
2025_04_CLE_DET,4316.0,2025,4,DET,CLE,run,-0.5723292015027255,DET,CLE,archive:asset:299770475:sha256:0b04ffcee75f07c5a1cec292d7b485ec3222bbbcb65f7d5866fcd81b802b9d9b:week:4
2025_04_CLE_DET,4345.0,2025,4,DET,CLE,qb_kneel,0.0,DET,CLE,archive:asset:299770475:sha256:0b04ffcee75f07c5a1cec292d7b485ec3222bbbcb65f7d5866fcd81b802b9d9b:week:4
2025_04_CLE_DET,4367.0,2025,4,DET,CLE,qb_kneel,0.0,DET,CLE,archive:asset:299770475:sha256:0b04ffcee75f07c5a1cec292d7b485ec3222bbbcb65f7d5866fcd81b802b9d9b:week:4
2025_04_CLE_DET,4389.0,2025,4,DET,CLE,,,DET,CLE,archive:asset:299770475:sha256:0b04ffcee75f07c5a1cec292d7b485ec3222bbbcb65f7d5866fcd81b802b9d9b:week:4
2025_04_GB_DAL,1.0,2025,4,,,,-0.0,,,archive:asset:299770475:sha256:0b04ffcee75f07c5a1cec292d7b485ec3222bbbcb65f7d5866fcd81b802b9d9b:week:4
2025_04_GB_DAL,39.0,2025,4,GB,DAL,kickoff,0.3267571912147105,GB,DAL,archive:asset:299770475:sha256:0b04ffcee75f07c5a1cec292d7b485ec3222bbbcb65f7d5866fcd81b802b9d9b:week:4
2025_04_GB_DAL,62.0,2025,4,GB,DAL,pass,-0.12282159551978111,GB,DAL,archive:asset:299770475:sha256:0b04ffcee75f07c5a1cec292d7b485ec3222bbbcb65f7d5866fcd81b802b9d9b:week:4
2025_04_GB_DAL,96.0,2025,4,GB,DAL,run,-1.0706166583113372,GB,DAL,archive:asset:299770475:sha256:0b04ffcee75f07c5a1cec292d7b485ec3222bbbcb65f7d5866fcd81b802b9d9b:week:4
2025_04_GB_DAL,118.0,2025,4,GB,DAL,pass,4.637883080285974,GB,DAL,archive:asset:299770475:sha256:0b04ffcee75f07c5a1cec292d7b485ec3222bbbcb65f7d5866fcd81b802b9d9b:week:4
2025_04_GB_DAL,143.0,2025,4,GB,DAL,pass,0.1966846651630476,GB,DAL,archive:asset:299770475:sha256:0b04ffcee75f07c5a1cec292d7b485ec3222bbbcb65f7d5866fcd81b802b9d9b:week:4
2025_04_GB_DAL,168.0,2025,4,GB,DAL,run,-0.7982201704289764,GB,DAL,archive:asset:299770475:sha256:0b04ffcee75f07c5a1cec292d7b485ec3222bbbcb65f7d5866fcd81b802b9d9b:week:4
2025_04_GB_DAL,190.0,2025,4,GB,DAL,pass,2.399337180162547,GB,DAL,archive:asset:299770475:sha256:0b04ffcee75f07c5a1cec292d7b485ec3222bbbcb65f7d5866fcd81b802b9d9b:week:4
2025_04_GB_DAL,215.0,2025,4,GB,DAL,no_play,-0.668445377930766,GB,DAL,archive:asset:299770475:sha256:0b04ffcee75f07c5a1cec292d7b485ec3222bbbcb65f7d5866fcd81b802b9d9b:week:4
2025_04_GB_DAL,239.0,2025,4,GB,DAL,run,0.14353667054092512,GB,DAL,archive:asset:299770475:sha256:0b04ffcee75f07c5a1cec292d7b485ec3222bbbcb65f7d5866fcd81b802b9d9b:week:4
2025_04_GB_DAL,261.0,2025,4,GB,DAL,pass,1.02521726366831,GB,DAL,archive:asset:299770475:sha256:0b04ffcee75f07c5a1cec292d7b485ec3222bbbcb65f7d5866fcd81b802b9d9b:week:4
2025_04_GB_DAL,287.0,2025,4,GB,DAL,extra_point,0.06857135097992784,GB,DAL,archive:asset:299770475:sha256:0b04ffcee75f07c5a1cec292d7b485ec3222bbbcb65f7d5866fcd81b802b9d9b:week:4
2025_04_GB_DAL,302.0,2025,4,DAL,GB,kickoff,-0.00993148423731327,DAL,GB,archive:asset:299770475:sha256:0b04ffcee75f07c5a1cec292d7b485ec3222bbbcb65f7d5866fcd81b802b9d9b:week:4
2025_04_GB_DAL,337.0,2025,4,DAL,GB,run,-0.14183182502165437,DAL,GB,archive:asset:299770475:sha256:0b04ffcee75f07c5a1cec292d7b485ec3222bbbcb65f7d5866fcd81b802b9d9b:week:4
2025_04_GB_DAL,359.0,2025,4,DAL,GB,run,-0.3422188377007842,DAL,GB,archive:asset:299770475:sha256:0b04ffcee75f07c5a1cec292d7b485ec3222bbbcb65f7d5866fcd81b802b9d9b:week:4
2025_04_GB_DAL,381.0,2025,4,DAL,GB,run,-1.6036068121902645,DAL,GB,archive:asset:299770475:sha256:0b04ffcee75f07c5a1cec292d7b485ec3222bbbcb65f7d5866fcd81b802b9d9b:week:4
2025_04_GB_DAL,403.0,2025,4,DAL,GB,punt,0.25143868336454034,DAL,GB,archive:asset:299770475:sha256:0b04ffcee75f07c5a1cec292d7b485ec3222bbbcb65f7d5866fcd81b802b9d9b:week:4
2025_04_GB_DAL,423.0,2025,4,GB,DAL,pass,1.0262133716605604,GB,DAL,archive:asset:299770475:sha256:0b04ffcee75f07c5a1cec292d7b485ec3222bbbcb65f7d5866fcd81b802b9d9b:week:4
2025_04_GB_DAL,455.0,2025,4,GB,DAL,run,0.3437466495670378,GB,DAL,archive:asset:299770475:sha256:0b04ffcee75f07c5a1cec292d7b485ec3222bbbcb65f7d5866fcd81b802b9d9b:week:4
2025_04_GB_DAL,477.0,2025,4,GB,DAL,run,0.4576638122089207,GB,DAL,archive:asset:299770475:sha256:0b04ffcee75f07c5a1cec292d7b485ec3222bbbcb65f7d5866fcd81b802b9d9b:week:4
2025_04_GB_DAL,499.0,2025,4,GB,DAL,pass,-0.504548849305138,GB,DAL,archive:asset:299770475:sha256:0b04ffcee75f07c5a1cec292d7b485ec3222bbbcb65f7d5866fcd81b802b9d9b:week:4
2025_04_GB_DAL,522.0,2025,4,GB,DAL,run,-1.000467078993097,GB,DAL,archive:asset:299770475:sha256:0b04ffcee75f07c5a1cec292d7b485ec3222bbbcb65f7d5866fcd81b802b9d9b:week:4
2025_04_GB_DAL,555.0,2025,4,GB,DAL,pass,-0.8508991342969239,GB,DAL,archive:asset:299770475:sha256:0b04ffcee75f07c5a1cec292d7b485ec3222bbbcb65f7d5866fcd81b802b9d9b:week:4
2025_04_GB_DAL,578.0,2025,4,GB,DAL,pass,0.14256263454444706,GB,DAL,archive:asset:299770475:sha256:0b04ffcee75f07c5a1cec292d7b485ec3222bbbcb65f7d5866fcd81b802b9d9b:week:4
2025_04_GB_DAL,603.0,2025,4,GB,DAL,no_play,-0.5542823865544051,GB,DAL,archive:asset:299770475:sha256:0b04ffcee75f07c5a1cec292d7b485ec3222bbbcb65f7d5866fcd81b802b9d9b:week:4
2025_04_GB_DAL,627.0,2025,4,GB,DAL,punt,0.08947291714139283,GB,DAL,archive:asset:299770475:sha256:0b04ffcee75f07c5a1cec292d7b485ec3222bbbcb65f7d5866fcd81b802b9d9b:week:4
2025_04_GB_DAL,647.0,2025,4,DAL,GB,pass,0.26971091073937714,DAL,GB,archive:asset:299770475:sha256:0b04ffcee75f07c5a1cec292d7b485ec3222bbbcb65f7d5866fcd81b802b9d9b:week:4
2025_04_GB_DAL,679.0,2025,4,DAL,GB,pass,0.2801045938394964,DAL,GB,archive:asset:299770475:sha256:0b04ffcee75f07c5a1cec292d7b485ec3222bbbcb65f7d5866fcd81b802b9d9b:week:4
2025_04_GB_DAL,704.0,2025,4,DAL,GB,run,0.19163577910512686,DAL,GB,archive:asset:299770475:sha256:0b04ffcee75f07c5a1cec292d7b485ec3222bbbcb65f7d5866fcd81b802b9d9b:week:4
2025_04_GB_DAL,728.0,2025,4,DAL,GB,pass,-0.8532133377157152,DAL,GB,archive:asset:299770475:sha256:0b04ffcee75f07c5a1cec292d7b485ec3222bbbcb65f7d5866fcd81b802b9d9b:week:4
2025_04_GB_DAL,751.0,2025,4,DAL,GB,pass,-0.5612357552163303,DAL,GB,archive:asset:299770475:sha256:0b04ffcee75f07c5a1cec292d7b485ec3222bbbcb65f7d5866fcd81b802b9d9b:week:4
2025_04_GB_DAL,788.0,2025,4,,,no_play,0.0,,,archive:asset:299770475:sha256:0b04ffcee75f07c5a1cec292d7b485ec3222bbbcb65f7d5866fcd81b802b9d9b:week:4
2025_04_GB_DAL,776.0,2025,4,DAL,GB,no_play,-0.9925158419646323,DAL,GB,archive:asset:299770475:sha256:0b04ffcee75f07c5a1cec292d7b485ec3222bbbcb65f7d5866fcd81b802b9d9b:week:4
2025_04_GB_DAL,807.0,2025,4,DAL,GB,punt,-0.25924619380384684,DAL,GB,archive:asset:299770475:sha256:0b04ffcee75f07c5a1cec292d7b485ec3222bbbcb65f7d5866fcd81b802b9d9b:week:4
2025_04_GB_DAL,838.0,2025,4,GB,DAL,pass,1.4573246173094958,GB,DAL,archive:asset:299770475:sha256:0b04ffcee75f07c5a1cec292d7b485ec3222bbbcb65f7d5866fcd81b802b9d9b:week:4
2025_04_GB_DAL,870.0,2025,4,GB,DAL,run,0.14803412987384945,GB,DAL,archive:asset:299770475:sha256:0b04ffcee75f07c5a1cec292d7b485ec3222bbbcb65f7d5866fcd81b802b9d9b:week:4
2025_04_GB_DAL,892.0,2025,4,GB,DAL,,-0.0,GB,DAL,archive:asset:299770475:sha256:0b04ffcee75f07c5a1cec292d7b485ec3222bbbcb65f7d5866fcd81b802b9d9b:week:4
2025_04_GB_DAL,912.0,2025,4,GB,DAL,run,-0.627369612455368,GB,DAL,archive:asset:299770475:sha256:0b04ffcee75f07c5a1cec292d7b485ec3222bbbcb65f7d5866fcd81b802b9d9b:week:4
2025_04_GB_DAL,934.0,2025,4,GB,DAL,no_play,1.4023985716048628,GB,DAL,archive:asset:299770475:sha256:0b04ffcee75f07c5a1cec292d7b485ec3222bbbcb65f7d5866fcd81b802b9d9b:week:4
2025_04_GB_DAL,977.0,2025,4,GB,DAL,run,-0.40483947889879346,GB,DAL,archive:asset:299770475:sha256:0b04ffcee75f07c5a1cec292d7b485ec3222bbbcb65f7d5866fcd81b802b9d9b:week:4
2025_04_GB_DAL,999.0,2025,4,GB,DAL,pass,0.17438251484418288,GB,DAL,archive:asset:299770475:sha256:0b04ffcee75f07c5a1cec292d7b485ec3222bbbcb65f7d5866fcd81b802b9d9b:week:4
2025_04_GB_DAL,1024.0,2025,4,GB,DAL,run,1.0289996430510655,GB,DAL,archive:asset:299770475:sha256:0b04ffcee75f07c5a1cec292d7b485ec3222bbbcb65f7d5866fcd81b802b9d9b:week:4
2025_04_GB_DAL,1046.0,2025,4,GB,DAL,no_play,-1.1553672479349189,GB,DAL,archive:asset:299770475:sha256:0b04ffcee75f07c5a1cec292d7b485ec3222bbbcb65f7d5866fcd81b802b9d9b:week:4
2025_04_GB_DAL,1082.0,2025,4,GB,DAL,pass,-0.3802038438152522,GB,DAL,archive:asset:299770475:sha256:0b04ffcee75f07c5a1cec292d7b485ec3222bbbcb65f7d5866fcd81b802b9d9b:week:4
2025_04_GB_DAL,1107.0,2025,4,GB,DAL,pass,3.4028072389482986,GB,DAL,archive:asset:299770475:sha256:0b04ffcee75f07c5a1cec292d7b485ec3222bbbcb65f7d5866fcd81b802b9d9b:week:4
2025_04_GB_DAL,1139.0,2025,4,GB,DAL,pass,0.5698766467685346,GB,DAL,archive:asset:299770475:sha256:0b04ffcee75f07c5a1cec292d7b485ec3222bbbcb65f7d5866fcd81b802b9d9b:week:4
2025_04_GB_DAL,1166.0,2025,4,GB,DAL,extra_point,-2.9314286490200723,GB,DAL,archive:asset:299770475:sha256:0b04ffcee75f07c5a1cec292d7b485ec3222bbbcb65f7d5866fcd81b802b9d9b:week:4
2025_04_GB_DAL,1194.0,2025,4,DAL,GB,kickoff,-0.80833311076276,DAL,GB,archive:asset:299770475:sha256:0b04ffcee75f07c5a1cec292d7b485ec3222bbbcb65f7d5866fcd81b802b9d9b:week:4
2025_04_GB_DAL,1235.0,2025,4,DAL,GB,run,-0.36660096840932965,DAL,GB,archive:asset:299770475:sha256:0b04ffcee75f07c5a1cec292d7b485ec3222bbbcb65f7d5866fcd81b802b9d9b:week:4
2025_04_GB_DAL,1257.0,2025,4,DAL,GB,pass,-0.7144189425744116,DAL,GB,archive:asset:299770475:sha256:0b04ffcee75f07c5a1cec292d7b485ec3222bbbcb65f7d5866fcd81b802b9d9b:week:4
2025_04_GB_DAL,1291.0,2025,4,DAL,GB,no_play,-0.8410950605757535,DAL,GB,archive:asset:299770475:sha256:0b04ffcee75f07c5a1cec292d7b485ec3222bbbcb65f7d5866fcd81b802b9d9b:week:4
2025_04_GB_DAL,1327.0,2025,4,DAL,GB,run,-0.4090806266758591,DAL,GB,archive:asset:299770475:sha256:0b04ffcee75f07c5a1cec292d7b485ec3222bbbcb65f7d5866fcd81b802b9d9b:week:4
2025_04_GB_DAL,1349.0,2025,4,DAL,GB,punt,-0.29402968171052635,DAL,GB,archive:asset:299770475:sha256:0b04ffcee75f07c5a1cec292d7b485ec3222bbbcb65f7d5866fcd81b802b9d9b:week:4
2025_04_GB_DAL,1375.0,2025,4,GB,DAL,run,-0.3010461626108736,GB,DAL,archive:asset:299770475:sha256:0b04ffcee75f07c5a1cec292d7b485ec3222bbbcb65f7d5866fcd81b802b9d9b:week:4
2025_04_GB_DAL,1404.0,2025,4,GB,DAL,pass,1.0902527812868357,GB,DAL,archive:asset:299770475:sha256:0b04ffcee75f07c5a1cec292d7b485ec3222bbbcb65f7d5866fcd81b802b9d9b:week:4
2025_04_GB_DAL,1440.0,2025,4,GB,DAL,run,-0.08749870804604143,GB,DAL,archive:asset:299770475:sha256:0b04ffcee75f07c5a1cec292d7b485ec3222bbbcb65f7d5866fcd81b802b9d9b:week:4
2025_04_GB_DAL,1462.0,2025,4,GB,DAL,run,-0.4938767687417567,GB,DAL,archive:asset:299770475:sha256:0b04ffcee75f07c5a1cec292d7b485ec3222bbbcb65f7d5866fcd81b802b9d9b:week:4
2025_04_GB_DAL,1484.0,2025,4,GB,DAL,pass,-1.7099803845630959,GB,DAL,archive:asset:299770475:sha256:0b04ffcee75f07c5a1cec292d7b485ec3222bbbcb65f7d5866fcd81b802b9d9b:week:4
2025_04_GB_DAL,1507.0,2025,4,GB,DAL,punt,-0.3370546711375937,GB,DAL,archive:asset:299770475:sha256:0b04ffcee75f07c5a1cec292d7b485ec3222bbbcb65f7d5866fcd81b802b9d9b:week:4
2025_04_GB_DAL,1530.0,2025,4,DAL,GB,pass,0.7310747381998226,DAL,GB,archive:asset:299770475:sha256:0b04ffcee75f07c5a1cec292d7b485ec3222bbbcb65f7d5866fcd81b802b9d9b:week:4
2025_04_GB_DAL,1562.0,2025,4,DAL,GB,pass,0.6375418042298406,DAL,GB,archive:asset:299770475:sha256:0b04ffcee75f07c5a1cec292d7b485ec3222bbbcb65f7d5866fcd81b802b9d9b:week:4
2025_04_GB_DAL,1587.0,2025,4,DAL,GB,no_play,0.005351632833480835,DAL,GB,archive:asset:299770475:sha256:0b04ffcee75f07c5a1cec292d7b485ec3222bbbcb65f7d5866fcd81b802b9d9b:week:4
2025_04_GB_DAL,1620.0,2025,4,DAL,GB,run,0.21290367376059294,DAL,GB,archive:asset:299770475:sha256:0b04ffcee75f07c5a1cec292d7b485ec3222bbbcb65f7d5866fcd81b802b9d9b:week:4
2025_04_GB_DAL,1642.0,2025,4,DAL,GB,pass,-0.42334784392733127,DAL,GB,archive:asset:299770475:sha256:0b04ffcee75f07c5a1cec292d7b485ec3222bbbcb65f7d5866fcd81b802b9d9b:week:4
2025_04_GB_DAL,1667.0,2025,4,DAL,GB,pass,1.2401177785359323,DAL,GB,archive:asset:299770475:sha256:0b04ffcee75f07c5a1cec292d7b485ec3222bbbcb65f7d5866fcd81b802b9d9b:week:4
2025_04_GB_DAL,1692.0,2025,4,DAL,GB,pass,0.4468090864829719,DAL,GB,archive:asset:299770475:sha256:0b04ffcee75f07c5a1cec292d7b485ec3222bbbcb65f7d5866fcd81b802b9d9b:week:4
2025_04_GB_DAL,1720.0,2025,4,DAL,GB,run,0.17296134680509567,DAL,GB,archive:asset:299770475:sha256:0b04ffcee75f07c5a1cec292d7b485ec3222bbbcb65f7d5866fcd81b802b9d9b:week:4
2025_04_GB_DAL,1749.0,2025,4,DAL,GB,pass,0.6554171703755856,DAL,GB,archive:asset:299770475:sha256:0b04ffcee75f07c5a1cec292d7b485ec3222bbbcb65f7d5866fcd81b802b9d9b:week:4
2025_04_GB_DAL,1774.0,2025,4,DAL,GB,pass,2.7069021441275254,DAL,GB,archive:asset:299770475:sha256:0b04ffcee75f07c5a1cec292d7b485ec3222bbbcb65f7d5866fcd81b802b9d9b:week:4
2025_04_GB_DAL,1804.0,2025,4,DAL,GB,run,-0.7812079754367005,DAL,GB,archive:asset:299770475:sha256:0b04ffcee75f07c5a1cec292d7b485ec3222bbbcb65f7d5866fcd81b802b9d9b:week:4
2025_04_GB_DAL,1838.0,2025,4,,,no_play,0.0,,,archive:asset:299770475:sha256:0b04ffcee75f07c5a1cec292d7b485ec3222bbbcb65f7d5866fcd81b802b9d9b:week:4
2025_04_GB_DAL,1826.0,2025,4,DAL,GB,run,1.4368754375900608,DAL,GB,archive:asset:299770475:sha256:0b04ffcee75f07c5a1cec292d7b485ec3222bbbcb65f7d5866fcd81b802b9d9b:week:4
2025_04_GB_DAL,1861.0,2025,4,DAL,GB,extra_point,0.06857135097992784,DAL,GB,archive:asset:299770475:sha256:0b04ffcee75f07c5a1cec292d7b485ec3222bbbcb65f7d5866fcd81b802b9d9b:week:4
2025_04_GB_DAL,1876.0,2025,4,GB,DAL,kickoff,-0.22898704843828455,GB,DAL,archive:asset:299770475:sha256:0b04ffcee75f07c5a1cec292d7b485ec3222bbbcb65f7d5866fcd81b802b9d9b:week:4
2025_04_GB_DAL,1900.0,2025,4,GB,DAL,pass,-0.02824613603297621,GB,DAL,archive:asset:299770475:sha256:0b04ffcee75f07c5a1cec292d7b485ec3222bbbcb65f7d5866fcd81b802b9d9b:week:4
2025_04_GB_DAL,1923.0,2025,4,GB,DAL,pass,-0.17795632052002475,GB,DAL,archive:asset:299770475:sha256:0b04ffcee75f07c5a1cec292d7b485ec3222bbbcb65f7d5866fcd81b802b9d9b:week:4
2025_04_GB_DAL,1946.0,2025,4,GB,DAL,pass,0.2076204945333302,GB,DAL,archive:asset:299770475:sha256:0b04ffcee75f07c5a1cec292d7b485ec3222bbbcb65f7d5866fcd81b802b9d9b:week:4
2025_04_GB_DAL,1983.0,2025,4,,,no_play,-0.0,,,archive:asset:299770475:sha256:0b04ffcee75f07c5a1cec292d7b485ec3222bbbcb65f7d5866fcd81b802b9d9b:week:4
2025_04_GB_DAL,1971.0,2025,4,GB,DAL,no_play,-0.10769583244109526,GB,DAL,archive:asset:299770475:sha256:0b04ffcee75f07c5a1cec292d7b485ec3222bbbcb65f7d5866fcd81b802b9d9b:week:4
2025_04_GB_DAL,2002.0,2025,4,GB,DAL,pass,-2.8366633579717018,GB,DAL,archive:asset:299770475:sha256:0b04ffcee75f07c5a1cec292d7b485ec3222bbbcb65f7d5866fcd81b802b9d9b:week:4
2025_04_GB_DAL,2032.0,2025,4,DAL,GB,pass,4.319693084980827,DAL,GB,archive:asset:299770475:sha256:0b04ffcee75f07c5a1cec292d7b485ec3222bbbcb65f7d5866fcd81b802b9d9b:week:4
2025_04_GB_DAL,2058.0,2025,4,DAL,GB,extra_point,0.06857135097992784,DAL,GB,archive:asset:299770475:sha256:0b04ffcee75f07c5a1cec292d7b485ec3222bbbcb65f7d5866fcd81b802b9d9b:week:4
2025_04_GB_DAL,2073.0,2025,4,GB,DAL,kickoff,-0.06291632982902229,GB,DAL,archive:asset:299770475:sha256:0b04ffcee75f07c5a1cec292d7b485ec3222bbbcb65f7d5866fcd81b802b9d9b:week:4
2025_04_GB_DAL,2102.0,2025,4,,,no_play,-0.0,,,archive:asset:299770475:sha256:0b04ffcee75f07c5a1cec292d7b485ec3222bbbcb65f7d5866fcd81b802b9d9b:week:4
2025_04_GB_DAL,2090.0,2025,4,GB,DAL,qb_kneel,0.0,GB,DAL,archive:asset:299770475:sha256:0b04ffcee75f07c5a1cec292d7b485ec3222bbbcb65f7d5866fcd81b802b9d9b:week:4
2025_04_GB_DAL,2119.0,2025,4,,,,,,,archive:asset:299770475:sha256:0b04ffcee75f07c5a1cec292d7b485ec3222bbbcb65f7d5866fcd81b802b9d9b:week:4
2025_04_GB_DAL,2139.0,2025,4,DAL,GB,kickoff,0.3060689917765558,DAL,GB,archive:asset:299770475:sha256:0b04ffcee75f07c5a1cec292d7b485ec3222bbbcb65f7d5866fcd81b802b9d9b:week:4
2025_04_GB_DAL,2162.0,2025,4,DAL,GB,run,-0.06657041003927588,DAL,GB,archive:asset:299770475:sha256:0b04ffcee75f07c5a1cec292d7b485ec3222bbbcb65f7d5866fcd81b802b9d9b:week:4
2025_04_GB_DAL,2189.0,2025,4,DAL,GB,run,0.8888151412829757,DAL,GB,archive:asset:299770475:sha256:0b04ffcee75f07c5a1cec292d7b485ec3222bbbcb65f7d5866fcd81b802b9d9b:week:4
2025_04_GB_DAL,2211.0,2025,4,DAL,GB,no_play,-0.5928542939946055,DAL,GB,archive:asset:299770475:sha256:0b04ffcee75f07c5a1cec292d7b485ec3222bbbcb65f7d5866fcd81b802b9d9b:week:4
2025_04_GB_DAL,2235.0,2025,4,DAL,GB,pass,-0.5952404364943504,DAL,GB,archive:asset:299770475:sha256:0b04ffcee75f07c5a1cec292d7b485ec3222bbbcb65f7d5866fcd81b802b9d9b:week:4
2025_04_GB_DAL,2258.0,2025,4,DAL,GB,run,-0.9036692776717246,DAL,GB,archive:asset:299770475:sha256:0b04ffcee75f07c5a1cec292d7b485ec3222bbbcb65f7d5866fcd81b802b9d9b:week:4
2025_04_GB_DAL,2280.0,2025,4,DAL,GB,pass,-1.292768188752234,DAL,GB,archive:asset:299770475:sha256:0b04ffcee75f07c5a1cec292d7b485ec3222bbbcb65f7d5866fcd81b802b9d9b:week:4
2025_04_GB_DAL,2303.0,2025,4,DAL,GB,punt,-0.12338137766346335,DAL,GB,archive:asset:299770475:sha256:0b04ffcee75f07c5a1cec292d7b485ec3222bbbcb65f7d5866fcd81b802b9d9b:week:4
2025_04_GB_DAL,2351.0,2025,4,GB,DAL,pass,0.9886520896106958,GB,DAL,archive:asset:299770475:sha256:0b04ffcee75f07c5a1cec292d7b485ec3222bbbcb65f7d5866fcd81b802b9d9b:week:4
2025_04_GB_DAL,2393.0,2025,4,GB,DAL,run,-0.48149172868579626,GB,DAL,archive:asset:299770475:sha256:0b04ffcee75f07c5a1cec292d7b485ec3222bbbcb65f7d5866fcd81b802b9d9b:week:4
2025_04_GB_DAL,2415.0,2025,4,GB,DAL,pass,0.73552300571464,GB,DAL,archive:asset:299770475:sha256:0b04ffcee75f07c5a1cec292d7b485ec3222bbbcb65f7d5866fcd81b802b9d9b:week:4
2025_04_GB_DAL,2445.0,2025,4,GB,DAL,no_play,1.3998488108627498,GB,DAL,archive:asset:299770475:sha256:0b04ffcee75f07c5a1cec292d7b485ec3222bbbcb65f7d5866fcd81b802b9d9b:week:4
2025_04_GB_DAL,2476.0,2025,4,GB,DAL,run,1.3287420487613417,GB,DAL,archive:asset:299770475:sha256:0b04ffcee75f07c5a1cec292d7b485ec3222bbbcb65f7d5866fcd81b802b9d9b:week:4
2025_04_GB_DAL,2503.0,2025,4,GB,DAL,pass,-0.02179207222070545,GB,DAL,archive:asset:299770475:sha256:0b04ffcee75f07c5a1cec292d7b485ec3222bbbcb65f7d5866fcd81b802b9d9b:week:4
2025_04_GB_DAL,2533.0,2025,4,GB,DAL,pass,1.7753239826415665,GB,DAL,archive:asset:299770475:sha256:0b04ffcee75f07c5a1cec292d7b485ec3222bbbcb65f7d5866fcd81b802b9d9b:week:4
2025_04_GB_DAL,2589.0,2025,4,GB,DAL,no_play,-0.6464488201891072,GB,DAL,archive:asset:299770475:sha256:0b04ffcee75f07c5a1cec292d7b485ec3222bbbcb65f7d5866fcd81b802b9d9b:week:4
2025_04_GB_DAL,2613.0,2025,4,GB,DAL,run,0.13302511861547828,GB,DAL,archive:asset:299770475:sha256:0b04ffcee75f07c5a1cec292d7b485ec3222bbbcb65f7d5866fcd81b802b9d9b:week:4
2025_04_GB_DAL,2635.0,2025,4,GB,DAL,run,-0.09705194522393867,GB,DAL,archive:asset:299770475:sha256:0b04ffcee75f07c5a1cec292d7b485ec3222bbbcb65f7d5866fcd81b802b9d9b:week:4
2025_04_GB_DAL,2657.0,2025,4,GB,DAL,run,1.0990631992463022,GB,DAL,archive:asset:299770475:sha256:0b04ffcee75f07c5a1cec292d7b485ec3222bbbcb65f7d5866fcd81b802b9d9b:week:4
2025_04_GB_DAL,2680.0,2025,4,GB,DAL,extra_point,0.06857135097992784,GB,DAL,archive:asset:299770475:sha256:0b04ffcee75f07c5a1cec292d7b485ec3222bbbcb65f7d5866fcd81b802b9d9b:week:4
2025_04_GB_DAL,2695.0,2025,4,DAL,GB,kickoff,-0.4212312246672809,DAL,GB,archive:asset:299770475:sha256:0b04ffcee75f07c5a1cec292d7b485ec3222bbbcb65f7d5866fcd81b802b9d9b:week:4
2025_04_GB_DAL,2719.0,2025,4,DAL,GB,pass,-0.5986060141585767,DAL,GB,archive:asset:299770475:sha256:0b04ffcee75f07c5a1cec292d7b485ec3222bbbcb65f7d5866fcd81b802b9d9b:week:4
2025_04_GB_DAL,2744.0,2025,4,DAL,GB,pass,-0.5105629782192409,DAL,GB,archive:asset:299770475:sha256:0b04ffcee75f07c5a1cec292d7b485ec3222bbbcb65f7d5866fcd81b802b9d9b:week:4
2025_04_GB_DAL,2769.0,2025,4,DAL,GB,pass,2.3700065026059747,DAL,GB,archive:asset:299770475:sha256:0b04ffcee75f07c5a1cec292d7b485ec3222bbbcb65f7d5866fcd81b802b9d9b:week:4
2025_04_GB_DAL,2799.0,2025,4,DAL,GB,run,-0.11234133807010949,DAL,GB,archive:asset:299770475:sha256:0b04ffcee75f07c5a1cec292d7b485ec3222bbbcb65f7d5866fcd81b802b9d9b:week:4
2025_04_GB_DAL,2821.0,2025,4,DAL,GB,pass,0.953818780137226,DAL,GB,archive:asset:299770475:sha256:0b04ffcee75f07c5a1cec292d7b485ec3222bbbcb65f7d5866fcd81b802b9d9b:week:4
2025_04_GB_DAL,2846.0,2025,4,DAL,GB,run,0.6657499225111678,DAL,GB,archive:asset:299770475:sha256:0b04ffcee75f07c5a1cec292d7b485ec3222bbbcb65f7d5866fcd81b802b9d9b:week:4
2025_04_GB_DAL,2868.0,2025,4,DAL,GB,pass,0.04918899270705879,DAL,GB,archive:asset:299770475:sha256:0b04ffcee75f07c5a1cec292d7b485ec3222bbbcb65f7d5866fcd81b802b9d9b:week:4
2025_04_GB_DAL,2893.0,2025,4,DAL,GB,run,0.8911036213394254,DAL,GB,archive:asset:299770475:sha256:0b04ffcee75f07c5a1cec292d7b485ec3222bbbcb65f7d5866fcd81b802b9d9b:week:4
2025_04_GB_DAL,2915.0,2025,4,DAL,GB,pass,-0.4322032320778817,DAL,GB,archive:asset:299770475:sha256:0b04ffcee75f07c5a1cec292d7b485ec3222bbbcb65f7d5866fcd81b802b9d9b:week:4
2025_04_GB_DAL,2938.0,2025,4,DAL,GB,pass,0.9679212422925048,DAL,GB,archive:asset:299770475:sha256:0b04ffcee75f07c5a1cec292d7b485ec3222bbbcb65f7d5866fcd81b802b9d9b:week:4
2025_04_GB_DAL,2963.0,2025,4,DAL,GB,no_play,-0.6438584059942514,DAL,GB,archive:asset:299770475:sha256:0b04ffcee75f07c5a1cec292d7b485ec3222bbbcb65f7d5866fcd81b802b9d9b:week:4
2025_04_GB_DAL,2987.0,2025,4,DAL,GB,pass,0.45834390772506595,DAL,GB,archive:asset:299770475:sha256:0b04ffcee75f07c5a1cec292d7b485ec3222bbbcb65f7d5866fcd81b802b9d9b:week:4
2025_04_GB_DAL,3012.0,2025,4,DAL,GB,pass,1.8394929372589104,DAL,GB,archive:asset:299770475:sha256:0b04ffcee75f07c5a1cec292d7b485ec3222bbbcb65f7d5866fcd81b802b9d9b:week:4
2025_04_GB_DAL,3038.0,2025,4,DAL,GB,extra_point,0.06857135097992784,DAL,GB,archive:asset:299770475:sha256:0b04ffcee75f07c5a1cec292d7b485ec3222bbbcb65f7d5866fcd81b802b9d9b:week:4
2025_04_GB_DAL,3053.0,2025,4,GB,DAL,kickoff,0.2603670465759933,GB,DAL,archive:asset:299770475:sha256:0b04ffcee75f07c5a1cec292d7b485ec3222bbbcb65f7d5866fcd81b802b9d9b:week:4
2025_04_GB_DAL,3083.0,2025,4,GB,DAL,run,-0.31748850364238024,GB,DAL,archive:asset:299770475:sha256:0b04ffcee75f07c5a1cec292d7b485ec3222bbbcb65f7d5866fcd81b802b9d9b:week:4
2025_04_GB_DAL,3105.0,2025,4,GB,DAL,,-0.0,GB,DAL,archive:asset:299770475:sha256:0b04ffcee75f07c5a1cec292d7b485ec3222bbbcb65f7d5866fcd81b802b9d9b:week:4
2025_04_GB_DAL,3125.0,2025,4,GB,DAL,run,0.0471434760838747,GB,DAL,archive:asset:299770475:sha256:0b04ffcee75f07c5a1cec292d7b485ec3222bbbcb65f7d5866fcd81b802b9d9b:week:4
2025_04_GB_DAL,3147.0,2025,4,GB,DAL,run,2.8019346306100488,GB,DAL,archive:asset:299770475:sha256:0b04ffcee75f07c5a1cec292d7b485ec3222bbbcb65f7d5866fcd81b802b9d9b:week:4
2025_04_GB_DAL,3180.0,2025,4,GB,DAL,pass,-0.42871874175034463,GB,DAL,archive:asset:299770475:sha256:0b04ffcee75f07c5a1cec292d7b485ec3222bbbcb65f7d5866fcd81b802b9d9b:week:4
2025_04_GB_DAL,3203.0,2025,4,GB,DAL,pass,0.4980684434995055,GB,DAL,archive:asset:299770475:sha256:0b04ffcee75f07c5a1cec292d7b485ec3222bbbcb65f7d5866fcd81b802b9d9b:week:4
2025_04_GB_DAL,3228.0,2025,4,GB,DAL,run,0.648608137096744,GB,DAL,archive:asset:299770475:sha256:0b04ffcee75f07c5a1cec292d7b485ec3222bbbcb65f7d5866fcd81b802b9d9b:week:4
2025_04_GB_DAL,3250.0,2025,4,GB,DAL,run,-0.14966558938613161,GB,DAL,archive:asset:299770475:sha256:0b04ffcee75f07c5a1cec292d7b485ec3222bbbcb65f7d5866fcd81b802b9d9b:week:4
2025_04_GB_DAL,3272.0,2025,4,GB,DAL,run,2.553334488067776,GB,DAL,archive:asset:299770475:sha256:0b04ffcee75f07c5a1cec292d7b485ec3222bbbcb65f7d5866fcd81b802b9d9b:week:4
2025_04_GB_DAL,3295.0,2025,4,GB,DAL,extra_point,0.06857135097992784,GB,DAL,archive:asset:299770475:sha256:0b04ffcee75f07c5a1cec292d7b485ec3222bbbcb65f7d5866fcd81b802b9d9b:week:4
2025_04_GB_DAL,3310.0,2025,4,DAL,GB,kickoff,-0.2991510913707316,DAL,GB,archive:asset:299770475:sha256:0b04ffcee75f07c5a1cec292d7b485ec3222bbbcb65f7d5866fcd81b802b9d9b:week:4
2025_04_GB_DAL,3340.0,2025,4,DAL,GB,pass,0.09515593806281686,DAL,GB,archive:asset:299770475:sha256:0b04ffcee75f07c5a1cec292d7b485ec3222bbbcb65f7d5866fcd81b802b9d9b:week:4
2025_04_GB_DAL,3365.0,2025,4,DAL,GB,run,-0.4469801364466548,DAL,GB,archive:asset:299770475:sha256:0b04ffcee75f07c5a1cec292d7b485ec3222bbbcb65f7d5866fcd81b802b9d9b:week:4
2025_04_GB_DAL,3387.0,2025,4,DAL,GB,pass,1.1105124950408936,DAL,GB,archive:asset:299770475:sha256:0b04ffcee75f07c5a1cec292d7b485ec3222bbbcb65f7d5866fcd81b802b9d9b:week:4
2025_04_GB_DAL,3412.0,2025,4,DAL,GB,run,-0.0948992467019707,DAL,GB,archive:asset:299770475:sha256:0b04ffcee75f07c5a1cec292d7b485ec3222bbbcb65f7d5866fcd81b802b9d9b:week:4
2025_04_GB_DAL,3434.0,2025,4,DAL,GB,pass,-0.001927267061546445,DAL,GB,archive:asset:299770475:sha256:0b04ffcee75f07c5a1cec292d7b485ec3222bbbcb65f7d5866fcd81b802b9d9b:week:4
2025_04_GB_DAL,3462.0,2025,4,DAL,GB,pass,-1.7920862091705203,DAL,GB,archive:asset:299770475:sha256:0b04ffcee75f07c5a1cec292d7b485ec3222bbbcb65f7d5866fcd81b802b9d9b:week:4
2025_04_GB_DAL,3485.0,2025,4,DAL,GB,pass,3.0761528126895428,DAL,GB,archive:asset:299770475:sha256:0b04ffcee75f07c5a1cec292d7b485ec3222bbbcb65f7d5866fcd81b802b9d9b:week:4
2025_04_GB_DAL,3510.0,2025,4,DAL,GB,run,0.14536153560038656,DAL,GB,archive:asset:299770475:sha256:0b04ffcee75f07c5a1cec292d7b485ec3222bbbcb65f7d5866fcd81b802b9d9b:week:4
2025_04_GB_DAL,3532.0,2025,4,DAL,GB,pass,-0.7509524541674182,DAL,GB,archive:asset:299770475:sha256:0b04ffcee75f07c5a1cec292d7b485ec3222bbbcb65f7d5866fcd81b802b9d9b:week:4
2025_04_GB_DAL,3555.0,2025,4,DAL,GB,pass,2.1499421983608045,DAL,GB,archive:asset:299770475:sha256:0b04ffcee75f07c5a1cec292d7b485ec3222bbbcb65f7d5866fcd81b802b9d9b:week:4
2025_04_GB_DAL,3591.0,2025,4,DAL,GB,run,0.20663148630410433,DAL,GB,archive:asset:299770475:sha256:0b04ffcee75f07c5a1cec292d7b485ec3222bbbcb65f7d5866fcd81b802b9d9b:week:4
2025_04_GB_DAL,3613.0,2025,4,DAL,GB,run,1.271100044454215,DAL,GB,archive:asset:299770475:sha256:0b04ffcee75f07c5a1cec292d7b485ec3222bbbcb65f7d5866fcd81b802b9d9b:week:4
2025_04_GB_DAL,3635.0,2025,4,DAL,GB,run,0.14613581134472042,DAL,GB,archive:asset:299770475:sha256:0b04ffcee75f07c5a1cec292d7b485ec3222bbbcb65f7d5866fcd81b802b9d9b:week:4
2025_04_GB_DAL,3657.0,2025,4,DAL,GB,run,0.749654676852515,DAL,GB,archive:asset:299770475:sha256:0b04ffcee75f07c5a1cec292d7b485ec3222bbbcb65f7d5866fcd81b802b9d9b:week:4
2025_04_GB_DAL,3698.0,2025,4,DAL,GB,extra_point,0.06857135097992784,DAL,GB,archive:asset:299770475:sha256:0b04ffcee75f07c5a1cec292d7b485ec3222bbbcb65f7d5866fcd81b802b9d9b:week:4
2025_04_GB_DAL,3713.0,2025,4,GB,DAL,kickoff,-0.30335299810394645,GB,DAL,archive:asset:299770475:sha256:0b04ffcee75f07c5a1cec292d7b485ec3222bbbcb65f7d5866fcd81b802b9d9b:week:4
2025_04_GB_DAL,3742.0,2025,4,GB,DAL,pass,-0.6009660579729825,GB,DAL,archive:asset:299770475:sha256:0b04ffcee75f07c5a1cec292d7b485ec3222bbbcb65f7d5866fcd81b802b9d9b:week:4
2025_04_GB_DAL,3779.0,2025,4,GB,DAL,run,-0.6233937991783023,GB,DAL,archive:asset:299770475:sha256:0b04ffcee75f07c5a1cec292d7b485ec3222bbbcb65f7d5866fcd81b802b9d9b:week:4
2025_04_GB_DAL,3801.0,2025,4,GB,DAL,pass,2.28103326971177,GB,DAL,archive:asset:299770475:sha256:0b04ffcee75f07c5a1cec292d7b485ec3222bbbcb65f7d5866fcd81b802b9d9b:week:4
2025_04_GB_DAL,3832.0,2025,4,GB,DAL,pass,-0.506893681595102,GB,DAL,archive:asset:299770475:sha256:0b04ffcee75f07c5a1cec292d7b485ec3222bbbcb65f7d5866fcd81b802b9d9b:week:4
2025_04_GB_DAL,3862.0,2025,4,GB,DAL,pass,1.4652062183013186,GB,DAL,archive:asset:299770475:sha256:0b04ffcee75f07c5a1cec292d7b485ec3222bbbcb65f7d5866fcd81b802b9d9b:week:4
2025_04_GB_DAL,3887.0,2025,4,GB,DAL,run,-0.22802607249468565,GB,DAL,archive:asset:299770475:sha256:0b04ffcee75f07c5a1cec292d7b485ec3222bbbcb65f7d5866fcd81b802b9d9b:week:4
2025_04_GB_DAL,3909.0,2025,4,GB,DAL,no_play,1.2719394246232696,GB,DAL,archive:asset:299770475:sha256:0b04ffcee75f07c5a1cec292d7b485ec3222bbbcb65f7d5866fcd81b802b9d9b:week:4
2025_04_GB_DAL,3943.0,2025,4,GB,DAL,run,1.0340717207291164,GB,DAL,archive:asset:299770475:sha256:0b04ffcee75f07c5a1cec292d7b485ec3222bbbcb65f7d5866fcd81b802b9d9b:week:4
2025_04_GB_DAL,3965.0,2025,4,GB,DAL,run,-0.966156005510129,GB,DAL,archive:asset:299770475:sha256:0b04ffcee75f07c5a1cec292d7b485ec3222bbbcb65f7d5866fcd81b802b9d9b:week:4
2025_04_GB_DAL,4013.0,2025,4,,,no_play,-0.0,,,archive:asset:299770475:sha256:0b04ffcee75f07c5a1cec292d7b485ec3222bbbcb65f7d5866fcd81b802b9d9b:week:4
2025_04_GB_DAL,4001.0,2025,4,GB,DAL,run,-0.30759508116170764,GB,DAL,archive:asset:299770475:sha256:0b04ffcee75f07c5a1cec292d7b485ec3222bbbcb65f7d5866fcd81b802b9d9b:week:4
2025_04_GB_DAL,4045.0,2025,4,,,no_play,-0.0,,,archive:asset:299770475:sha256:0b04ffcee75f07c5a1cec292d7b485ec3222bbbcb65f7d5866fcd81b802b9d9b:week:4
2025_04_GB_DAL,4033.0,2025,4,GB,DAL,pass,3.470012977719307,GB,DAL,archive:asset:299770475:sha256:0b04ffcee75f07c5a1cec292d7b485ec3222bbbcb65f7d5866fcd81b802b9d9b:week:4
2025_04_GB_DAL,4066.0,2025,4,GB,DAL,extra_point,0.06857135097992784,GB,DAL,archive:asset:299770475:sha256:0b04ffcee75f07c5a1cec292d7b485ec3222bbbcb65f7d5866fcd81b802b9d9b:week:4
2025_04_GB_DAL,4081.0,2025,4,DAL,GB,kickoff,1.164922350901179,DAL,GB,archive:asset:299770475:sha256:0b04ffcee75f07c5a1cec292d7b485ec3222bbbcb65f7d5866fcd81b802b9d9b:week:4
2025_04_GB_DAL,4104.0,2025,4,DAL,GB,pass,-0.38387751078698784,DAL,GB,archive:asset:299770475:sha256:0b04ffcee75f07c5a1cec292d7b485ec3222bbbcb65f7d5866fcd81b802b9d9b:week:4
2025_04_GB_DAL,4127.0,2025,4,DAL,GB,pass,0.23133176809642464,DAL,GB,archive:asset:299770475:sha256:0b04ffcee75f07c5a1cec292d7b485ec3222bbbcb65f7d5866fcd81b802b9d9b:week:4
2025_04_GB_DAL,4152.0,2025,4,DAL,GB,pass,1.4841806335025467,DAL,GB,archive:asset:299770475:sha256:0b04ffcee75f07c5a1cec292d7b485ec3222bbbcb65f7d5866fcd81b802b9d9b:week:4
2025_04_GB_DAL,4182.0,2025,4,DAL,GB,pass,3.3593956827535294,DAL,GB,archive:asset:299770475:sha256:0b04ffcee75f07c5a1cec292d7b485ec3222bbbcb65f7d5866fcd81b802b9d9b:week:4
2025_04_GB_DAL,4208.0,2025,4,DAL,GB,extra_point,0.06857135097992784,DAL,GB,archive:asset:299770475:sha256:0b04ffcee75f07c5a1cec292d7b485ec3222bbbcb65f7d5866fcd81b802b9d9b:week:4
2025_04_GB_DAL,4223.0,2025,4,GB,DAL,kickoff,-0.0355107031064108,GB,DAL,archive:asset:299770475:sha256:0b04ffcee75f07c5a1cec292d7b485ec3222bbbcb65f7d5866fcd81b802b9d9b:week:4
2025_04_GB_DAL,4246.0,2025,4,GB,DAL,pass,1.0010582291288301,GB,DAL,archive:asset:299770475:sha256:0b04ffcee75f07c5a1cec292d7b485ec3222bbbcb65f7d5866fcd81b802b9d9b:week:4
2025_04_GB_DAL,4276.0,2025,4,GB,DAL,pass,-0.2904115776764229,GB,DAL,archive:asset:299770475:sha256:0b04ffcee75f07c5a1cec292d7b485ec3222bbbcb65f7d5866fcd81b802b9d9b:week:4
2025_04_GB_DAL,4299.0,2025,4,GB,DAL,pass,0.34216329554328695,GB,DAL,archive:asset:299770475:sha256:0b04ffcee75f07c5a1cec292d7b485ec3222bbbcb65f7d5866fcd81b802b9d9b:week:4
2025_04_GB_DAL,4329.0,2025,4,GB,DAL,run,-0.005647258600220084,GB,DAL,archive:asset:299770475:sha256:0b04ffcee75f07c5a1cec292d7b485ec3222bbbcb65f7d5866fcd81b802b9d9b:week:4
2025_04_GB_DAL,4363.0,2025,4,,,no_play,-0.0,,,archive:asset:299770475:sha256:0b04ffcee75f07c5a1cec292d7b485ec3222bbbcb65f7d5866fcd81b802b9d9b:week:4
2025_04_GB_DAL,4370.0,2025,4,,,no_play,-0.0,,,archive:asset:299770475:sha256:0b04ffcee75f07c5a1cec292d7b485ec3222bbbcb65f7d5866fcd81b802b9d9b:week:4
2025_04_GB_DAL,4351.0,2025,4,GB,DAL,run,0.08241832489147782,GB,DAL,archive:asset:299770475:sha256:0b04ffcee75f07c5a1cec292d7b485ec3222bbbcb65f7d5866fcd81b802b9d9b:week:4
2025_04_GB_DAL,4399.0,2025,4,,,no_play,-0.0,,,archive:asset:299770475:sha256:0b04ffcee75f07c5a1cec292d7b485ec3222bbbcb65f7d5866fcd81b802b9d9b:week:4
2025_04_GB_DAL,4387.0,2025,4,GB,DAL,pass,0.30831181960322374,GB,DAL,archive:asset:299770475:sha256:0b04ffcee75f07c5a1cec292d7b485ec3222bbbcb65f7d5866fcd81b802b9d9b:week:4
2025_04_GB_DAL,4423.0,2025,4,GB,DAL,field_goal,0.9815380266713682,GB,DAL,archive:asset:299770475:sha256:0b04ffcee75f07c5a1cec292d7b485ec3222bbbcb65f7d5866fcd81b802b9d9b:week:4
2025_04_GB_DAL,4443.0,2025,4,,,,0.0,,,archive:asset:299770475:sha256:0b04ffcee75f07c5a1cec292d7b485ec3222bbbcb65f7d5866fcd81b802b9d9b:week:4
2025_04_GB_DAL,4471.0,2025,4,DAL,GB,kickoff,-0.2685312528628856,DAL,GB,archive:asset:299770475:sha256:0b04ffcee75f07c5a1cec292d7b485ec3222bbbcb65f7d5866fcd81b802b9d9b:week:4
2025_04_GB_DAL,4505.0,2025,4,DAL,GB,run,0.46104976045899093,DAL,GB,archive:asset:299770475:sha256:0b04ffcee75f07c5a1cec292d7b485ec3222bbbcb65f7d5866fcd81b802b9d9b:week:4
2025_04_GB_DAL,4527.0,2025,4,DAL,GB,pass,-0.23179450375027955,DAL,GB,archive:asset:299770475:sha256:0b04ffcee75f07c5a1cec292d7b485ec3222bbbcb65f7d5866fcd81b802b9d9b:week:4
2025_04_GB_DAL,4552.0,2025,4,DAL,GB,run,-0.3669738818425685,DAL,GB,archive:asset:299770475:sha256:0b04ffcee75f07c5a1cec292d7b485ec3222bbbcb65f7d5866fcd81b802b9d9b:week:4
2025_04_GB_DAL,4574.0,2025,4,DAL,GB,pass,2.227879351237789,DAL,GB,archive:asset:299770475:sha256:0b04ffcee75f07c5a1cec292d7b485ec3222bbbcb65f7d5866fcd81b802b9d9b:week:4
2025_04_GB_DAL,4604.0,2025,4,DAL,GB,pass,-0.25232105515897274,DAL,GB,archive:asset:299770475:sha256:0b04ffcee75f07c5a1cec292d7b485ec3222bbbcb65f7d5866fcd81b802b9d9b:week:4
2025_04_GB_DAL,4634.0,2025,4,DAL,GB,pass,2.6644657943979837,DAL,GB,archive:asset:299770475:sha256:0b04ffcee75f07c5a1cec292d7b485ec3222bbbcb65f7d5866fcd81b802b9d9b:week:4
2025_04_GB_DAL,4676.0,2025,4,,,no_play,0.0,,,archive:asset:299770475:sha256:0b04ffcee75f07c5a1cec292d7b485ec3222bbbcb65f7d5866fcd81b802b9d9b:week:4
2025_04_GB_DAL,4664.0,2025,4,DAL,GB,run,-0.24448459380073473,DAL,GB,archive:asset:299770475:sha256:0b04ffcee75f07c5a1cec292d7b485ec3222bbbcb65f7d5866fcd81b802b9d9b:week:4
2025_04_GB_DAL,4693.0,2025,4,DAL,GB,pass,-1.0057780553470366,DAL,GB,archive:asset:299770475:sha256:0b04ffcee75f07c5a1cec292d7b485ec3222bbbcb65f7d5866fcd81b802b9d9b:week:4
2025_04_GB_DAL,4713.0,2025,4,DAL,GB,pass,-1.4939431730581312,DAL,GB,archive:asset:299770475:sha256:0b04ffcee75f07c5a1cec292d7b485ec3222bbbcb65f7d5866fcd81b802b9d9b:week:4
2025_04_GB_DAL,4736.0,2025,4,DAL,GB,field_goal,0.05427998202320694,DAL,GB,archive:asset:299770475:sha256:0b04ffcee75f07c5a1cec292d7b485ec3222bbbcb65f7d5866fcd81b802b9d9b:week:4
2025_04_GB_DAL,4756.0,2025,4,GB,DAL,kickoff,-0.20232190750539303,GB,DAL,archive:asset:299770475:sha256:0b04ffcee75f07c5a1cec292d7b485ec3222bbbcb65f7d5866fcd81b802b9d9b:week:4
2025_04_GB_DAL,4780.0,2025,4,GB,DAL,pass,-0.3045083018951118,GB,DAL,archive:asset:299770475:sha256:0b04ffcee75f07c5a1cec292d7b485ec3222bbbcb65f7d5866fcd81b802b9d9b:week:4
2025_04_GB_DAL,4805.0,2025,4,GB,DAL,pass,-0.7082036605570465,GB,DAL,archive:asset:299770475:sha256:0b04ffcee75f07c5a1cec292d7b485ec3222bbbcb65f7d5866fcd81b802b9d9b:week:4
2025_04_GB_DAL,4851.0,2025,4,,,no_play,-0.0,,,archive:asset:299770475:sha256:0b04ffcee75f07c5a1cec292d7b485ec3222bbbcb65f7d5866fcd81b802b9d9b:week:4
2025_04_GB_DAL,4839.0,2025,4,GB,DAL,pass,-0.690117385936901,GB,DAL,archive:asset:299770475:sha256:0b04ffcee75f07c5a1cec292d7b485ec3222bbbcb65f7d5866fcd81b802b9d9b:week:4
2025_04_GB_DAL,4881.0,2025,4,,,no_play,-0.0,,,archive:asset:299770475:sha256:0b04ffcee75f07c5a1cec292d7b485ec3222bbbcb65f7d5866fcd81b802b9d9b:week:4
2025_04_GB_DAL,4869.0,2025,4,GB,DAL,pass,2.341860225889832,GB,DAL,archive:asset:299770475:sha256:0b04ffcee75f07c5a1cec292d7b485ec3222bbbcb65f7d5866fcd81b802b9d9b:week:4
2025_04_GB_DAL,4901.0,2025,4,GB,DAL,run,0.09950378665234894,GB,DAL,archive:asset:299770475:sha256:0b04ffcee75f07c5a1cec292d7b485ec3222bbbcb65f7d5866fcd81b802b9d9b:week:4
2025_04_GB_DAL,4923.0,2025,4,GB,DAL,run,0.5317304629716091,GB,DAL,archive:asset:299770475:sha256:0b04ffcee75f07c5a1cec292d7b485ec3222bbbcb65f7d5866fcd81b802b9d9b:week:4
2025_04_GB_DAL,4945.0,2025,4,GB,DAL,pass,0.718675990763586,GB,DAL,archive:asset:299770475:sha256:0b04ffcee75f07c5a1cec292d7b485ec3222bbbcb65f7d5866fcd81b802b9d9b:week:4
2025_04_GB_DAL,4977.0,2025,4,GB,DAL,pass,0.5648303680936806,GB,DAL,archive:asset:299770475:sha256:0b04ffcee75f07c5a1cec292d7b485ec3222bbbcb65f7d5866fcd81b802b9d9b:week:4
2025_04_GB_DAL,5002.0,2025,4,GB,DAL,run,0.6516339076915756,GB,DAL,archive:asset:299770475:sha256:0b04ffcee75f07c5a1cec292d7b485ec3222bbbcb65f7d5866fcd81b802b9d9b:week:4
2025_04_GB_DAL,5024.0,2025,4,GB,DAL,pass,-1.0299897091463208,GB,DAL,archive:asset:299770475:sha256:0b04ffcee75f07c5a1cec292d7b485ec3222bbbcb65f7d5866fcd81b802b9d9b:week:4
2025_04_GB_DAL,5061.0,2025,4,,,no_play,-0.0,,,archive:asset:299770475:sha256:0b04ffcee75f07c5a1cec292d7b485ec3222bbbcb65f7d5866fcd81b802b9d9b:week:4
2025_04_GB_DAL,5049.0,2025,4,GB,DAL,pass,-0.5442914093728177,GB,DAL,archive:asset:299770475:sha256:0b04ffcee75f07c5a1cec292d7b485ec3222bbbcb65f7d5866fcd81b802b9d9b:week:4
2025_04_GB_DAL,5081.0,2025,4,GB,DAL,pass,0.36730410983872863,GB,DAL,archive:asset:299770475:sha256:0b04ffcee75f07c5a1cec292d7b485ec3222bbbcb65f7d5866fcd81b802b9d9b:week:4
2025_04_GB_DAL,5104.0,2025,4,GB,DAL,field_goal,0.2302091501318544,GB,DAL,archive:asset:299770475:sha256:0b04ffcee75f07c5a1cec292d7b485ec3222bbbcb65f7d5866fcd81b802b9d9b:week:4
2025_04_GB_DAL,5124.0,2025,4,DAL,GB,,,DAL,GB,archive:asset:299770475:sha256:0b04ffcee75f07c5a1cec292d7b485ec3222bbbcb65f7d5866fcd81b802b9d9b:week:4
2025_04_IND_LA,1.0,2025,4,,,,-0.0,,,archive:asset:299770475:sha256:0b04ffcee75f07c5a1cec292d7b485ec3222bbbcb65f7d5866fcd81b802b9d9b:week:4
2025_04_IND_LA,39.0,2025,4,IND,LAR,kickoff,0.04840955324470997,IND,LA,archive:asset:299770475:sha256:0b04ffcee75f07c5a1cec292d7b485ec3222bbbcb65f7d5866fcd81b802b9d9b:week:4
2025_04_IND_LA,62.0,2025,4,IND,LAR,run,0.026367950718849897,IND,LA,archive:asset:299770475:sha256:0b04ffcee75f07c5a1cec292d7b485ec3222bbbcb65f7d5866fcd81b802b9d9b:week:4
2025_04_IND_LA,94.0,2025,4,IND,LAR,pass,-0.947288223542273,IND,LA,archive:asset:299770475:sha256:0b04ffcee75f07c5a1cec292d7b485ec3222bbbcb65f7d5866fcd81b802b9d9b:week:4
2025_04_IND_LA,123.0,2025,4,IND,LAR,pass,1.9835849611554295,IND,LA,archive:asset:299770475:sha256:0b04ffcee75f07c5a1cec292d7b485ec3222bbbcb65f7d5866fcd81b802b9d9b:week:4
2025_04_IND_LA,148.0,2025,4,IND,LAR,pass,-3.554428212577477,IND,LA,archive:asset:299770475:sha256:0b04ffcee75f07c5a1cec292d7b485ec3222bbbcb65f7d5866fcd81b802b9d9b:week:4
2025_04_IND_LA,175.0,2025,4,LAR,IND,run,0.6649158236104995,LA,IND,archive:asset:299770475:sha256:0b04ffcee75f07c5a1cec292d7b485ec3222bbbcb65f7d5866fcd81b802b9d9b:week:4
2025_04_IND_LA,197.0,2025,4,LAR,IND,pass,0.5023978983517736,LA,IND,archive:asset:299770475:sha256:0b04ffcee75f07c5a1cec292d7b485ec3222bbbcb65f7d5866fcd81b802b9d9b:week:4
2025_04_IND_LA,222.0,2025,4,LAR,IND,run,0.5845263975206763,LA,IND,archive:asset:299770475:sha256:0b04ffcee75f07c5a1cec292d7b485ec3222bbbcb65f7d5866fcd81b802b9d9b:week:4
2025_04_IND_LA,244.0,2025,4,LAR,IND,pass,-0.5414020761381835,LA,IND,archive:asset:299770475:sha256:0b04ffcee75f07c5a1cec292d7b485ec3222bbbcb65f7d5866fcd81b802b9d9b:week:4
2025_04_IND_LA,267.0,2025,4,LAR,IND,run,0.14753662142902613,LA,IND,archive:asset:299770475:sha256:0b04ffcee75f07c5a1cec292d7b485ec3222bbbcb65f7d5866fcd81b802b9d9b:week:4
2025_04_IND_LA,289.0,2025,4,LAR,IND,pass,1.358448687242344,LA,IND,archive:asset:299770475:sha256:0b04ffcee75f07c5a1cec292d7b485ec3222bbbcb65f7d5866fcd81b802b9d9b:week:4
2025_04_IND_LA,331.0,2025,4,,,no_play,0.0,,,archive:asset:299770475:sha256:0b04ffcee75f07c5a1cec292d7b485ec3222bbbcb65f7d5866fcd81b802b9d9b:week:4
2025_04_IND_LA,319.0,2025,4,LAR,IND,run,0.48814653418958187,LA,IND,archive:asset:299770475:sha256:0b04ffcee75f07c5a1cec292d7b485ec3222bbbcb65f7d5866fcd81b802b9d9b:week:4
2025_04_IND_LA,359.0,2025,4,LAR,IND,no_play,-1.1577784304972738,LA,IND,archive:asset:299770475:sha256:0b04ffcee75f07c5a1cec292d7b485ec3222bbbcb65f7d5866fcd81b802b9d9b:week:4
2025_04_IND_LA,393.0,2025,4,LAR,IND,pass,-0.1372122875181958,LA,IND,archive:asset:299770475:sha256:0b04ffcee75f07c5a1cec292d7b485ec3222bbbcb65f7d5866fcd81b802b9d9b:week:4
2025_04_IND_LA,418.0,2025,4,LAR,IND,pass,0.4266013626474887,LA,IND,archive:asset:299770475:sha256:0b04ffcee75f07c5a1cec292d7b485ec3222bbbcb65f7d5866fcd81b802b9d9b:week:4
2025_04_IND_LA,443.0,2025,4,LAR,IND,pass,-1.6104054693483434,LA,IND,archive:asset:299770475:sha256:0b04ffcee75f07c5a1cec292d7b485ec3222bbbcb65f7d5866fcd81b802b9d9b:week:4
2025_04_IND_LA,466.0,2025,4,LAR,IND,field_goal,0.8391223257991172,LA,IND,archive:asset:299770475:sha256:0b04ffcee75f07c5a1cec292d7b485ec3222bbbcb65f7d5866fcd81b802b9d9b:week:4
2025_04_IND_LA,486.0,2025,4,IND,LAR,kickoff,1.4985421732999384,IND,LA,archive:asset:299770475:sha256:0b04ffcee75f07c5a1cec292d7b485ec3222bbbcb65f7d5866fcd81b802b9d9b:week:4
2025_04_IND_LA,521.0,2025,4,IND,LAR,pass,1.5059313182719052,IND,LA,archive:asset:299770475:sha256:0b04ffcee75f07c5a1cec292d7b485ec3222bbbcb65f7d5866fcd81b802b9d9b:week:4
2025_04_IND_LA,546.0,2025,4,IND,LAR,pass,0.1072041483130306,IND,LA,archive:asset:299770475:sha256:0b04ffcee75f07c5a1cec292d7b485ec3222bbbcb65f7d5866fcd81b802b9d9b:week:4
2025_04_IND_LA,571.0,2025,4,IND,LAR,no_play,-1.4056383480783552,IND,LA,archive:asset:299770475:sha256:0b04ffcee75f07c5a1cec292d7b485ec3222bbbcb65f7d5866fcd81b802b9d9b:week:4
2025_04_IND_LA,605.0,2025,4,IND,LAR,pass,-0.857006436213851,IND,LA,archive:asset:299770475:sha256:0b04ffcee75f07c5a1cec292d7b485ec3222bbbcb65f7d5866fcd81b802b9d9b:week:4
2025_04_IND_LA,628.0,2025,4,IND,LAR,no_play,-1.0236518671736121,IND,LA,archive:asset:299770475:sha256:0b04ffcee75f07c5a1cec292d7b485ec3222bbbcb65f7d5866fcd81b802b9d9b:week:4
2025_04_IND_LA,664.0,2025,4,IND,LAR,pass,0.2046950370317453,IND,LA,archive:asset:299770475:sha256:0b04ffcee75f07c5a1cec292d7b485ec3222bbbcb65f7d5866fcd81b802b9d9b:week:4
2025_04_IND_LA,689.0,2025,4,IND,LAR,field_goal,1.5997991571890062,IND,LA,archive:asset:299770475:sha256:0b04ffcee75f07c5a1cec292d7b485ec3222bbbcb65f7d5866fcd81b802b9d9b:week:4
2025_04_IND_LA,709.0,2025,4,LAR,IND,kickoff,0.024429900106042624,LA,IND,archive:asset:299770475:sha256:0b04ffcee75f07c5a1cec292d7b485ec3222bbbcb65f7d5866fcd81b802b9d9b:week:4
2025_04_IND_LA,739.0,2025,4,LAR,IND,run,0.2583525055088103,LA,IND,archive:asset:299770475:sha256:0b04ffcee75f07c5a1cec292d7b485ec3222bbbcb65f7d5866fcd81b802b9d9b:week:4
2025_04_IND_LA,761.0,2025,4,LAR,IND,run,0.3687177337706089,LA,IND,archive:asset:299770475:sha256:0b04ffcee75f07c5a1cec292d7b485ec3222bbbcb65f7d5866fcd81b802b9d9b:week:4
2025_04_IND_LA,783.0,2025,4,LAR,IND,run,-0.5905170417390764,LA,IND,archive:asset:299770475:sha256:0b04ffcee75f07c5a1cec292d7b485ec3222bbbcb65f7d5866fcd81b802b9d9b:week:4
2025_04_IND_LA,805.0,2025,4,LAR,IND,pass,-0.9078878236468881,LA,IND,archive:asset:299770475:sha256:0b04ffcee75f07c5a1cec292d7b485ec3222bbbcb65f7d5866fcd81b802b9d9b:week:4
2025_04_IND_LA,828.0,2025,4,LAR,IND,pass,-0.3091537933796644,LA,IND,archive:asset:299770475:sha256:0b04ffcee75f07c5a1cec292d7b485ec3222bbbcb65f7d5866fcd81b802b9d9b:week:4
2025_04_IND_LA,853.0,2025,4,LAR,IND,run,-3.7199197206646204,LA,IND,archive:asset:299770475:sha256:0b04ffcee75f07c5a1cec292d7b485ec3222bbbcb65f7d5866fcd81b802b9d9b:week:4
2025_04_IND_LA,909.0,2025,4,IND,LAR,pass,0.5363232062663883,IND,LA,archive:asset:299770475:sha256:0b04ffcee75f07c5a1cec292d7b485ec3222bbbcb65f7d5866fcd81b802b9d9b:week:4
2025_04_IND_LA,939.0,2025,4,IND,LAR,run,-0.5820090339984745,IND,LA,archive:asset:299770475:sha256:0b04ffcee75f07c5a1cec292d7b485ec3222bbbcb65f7d5866fcd81b802b9d9b:week:4
2025_04_IND_LA,961.0,2025,4,IND,LAR,pass,0.14587474125437438,IND,LA,archive:asset:299770475:sha256:0b04ffcee75f07c5a1cec292d7b485ec3222bbbcb65f7d5866fcd81b802b9d9b:week:4
2025_04_IND_LA,991.0,2025,4,IND,LAR,pass,1.2321105676237494,IND,LA,archive:asset:299770475:sha256:0b04ffcee75f07c5a1cec292d7b485ec3222bbbcb65f7d5866fcd81b802b9d9b:week:4
2025_04_IND_LA,1016.0,2025,4,IND,LAR,,-0.0,IND,LA,archive:asset:299770475:sha256:0b04ffcee75f07c5a1cec292d7b485ec3222bbbcb65f7d5866fcd81b802b9d9b:week:4
2025_04_IND_LA,1036.0,2025,4,IND,LAR,run,0.613094438216649,IND,LA,archive:asset:299770475:sha256:0b04ffcee75f07c5a1cec292d7b485ec3222bbbcb65f7d5866fcd81b802b9d9b:week:4
2025_04_IND_LA,1068.0,2025,4,IND,LAR,run,0.4854522168170661,IND,LA,archive:asset:299770475:sha256:0b04ffcee75f07c5a1cec292d7b485ec3222bbbcb65f7d5866fcd81b802b9d9b:week:4
2025_04_IND_LA,1090.0,2025,4,IND,LAR,run,-0.5708906477084383,IND,LA,archive:asset:299770475:sha256:0b04ffcee75f07c5a1cec292d7b485ec3222bbbcb65f7d5866fcd81b802b9d9b:week:4
2025_04_IND_LA,1112.0,2025,4,IND,LAR,run,-0.8928319771075621,IND,LA,archive:asset:299770475:sha256:0b04ffcee75f07c5a1cec292d7b485ec3222bbbcb65f7d5866fcd81b802b9d9b:week:4
2025_04_IND_LA,1136.0,2025,4,IND,LAR,run,2.73057502519805,IND,LA,archive:asset:299770475:sha256:0b04ffcee75f07c5a1cec292d7b485ec3222bbbcb65f7d5866fcd81b802b9d9b:week:4
2025_04_IND_LA,1159.0,2025,4,IND,LAR,extra_point,0.05117156607063911,IND,LA,archive:asset:299770475:sha256:0b04ffcee75f07c5a1cec292d7b485ec3222bbbcb65f7d5866fcd81b802b9d9b:week:4
2025_04_IND_LA,1174.0,2025,4,LAR,IND,kickoff,-0.21290268446318805,LA,IND,archive:asset:299770475:sha256:0b04ffcee75f07c5a1cec292d7b485ec3222bbbcb65f7d5866fcd81b802b9d9b:week:4
2025_04_IND_LA,1204.0,2025,4,LAR,IND,pass,-0.5967022287659347,LA,IND,archive:asset:299770475:sha256:0b04ffcee75f07c5a1cec292d7b485ec3222bbbcb65f7d5866fcd81b802b9d9b:week:4
2025_04_IND_LA,1227.0,2025,4,LAR,IND,run,-0.47469801362603903,LA,IND,archive:asset:299770475:sha256:0b04ffcee75f07c5a1cec292d7b485ec3222bbbcb65f7d5866fcd81b802b9d9b:week:4
2025_04_IND_LA,1249.0,2025,4,LAR,IND,pass,2.1269241280388087,LA,IND,archive:asset:299770475:sha256:0b04ffcee75f07c5a1cec292d7b485ec3222bbbcb65f7d5866fcd81b802b9d9b:week:4
2025_04_IND_LA,1274.0,2025,4,LAR,IND,run,0.5630519413389266,LA,IND,archive:asset:299770475:sha256:0b04ffcee75f07c5a1cec292d7b485ec3222bbbcb65f7d5866fcd81b802b9d9b:week:4
2025_04_IND_LA,1296.0,2025,4,LAR,IND,run,0.00695867370814085,LA,IND,archive:asset:299770475:sha256:0b04ffcee75f07c5a1cec292d7b485ec3222bbbcb65f7d5866fcd81b802b9d9b:week:4
2025_04_IND_LA,1318.0,2025,4,LAR,IND,pass,-0.8529370266478509,LA,IND,archive:asset:299770475:sha256:0b04ffcee75f07c5a1cec292d7b485ec3222bbbcb65f7d5866fcd81b802b9d9b:week:4
2025_04_IND_LA,1343.0,2025,4,LAR,IND,pass,3.098750124918297,LA,IND,archive:asset:299770475:sha256:0b04ffcee75f07c5a1cec292d7b485ec3222bbbcb65f7d5866fcd81b802b9d9b:week:4
2025_04_IND_LA,1368.0,2025,4,LAR,IND,no_play,-1.2358589795185253,LA,IND,archive:asset:299770475:sha256:0b04ffcee75f07c5a1cec292d7b485ec3222bbbcb65f7d5866fcd81b802b9d9b:week:4
2025_04_IND_LA,1401.0,2025,4,LAR,IND,run,-0.4234438884886913,LA,IND,archive:asset:299770475:sha256:0b04ffcee75f07c5a1cec292d7b485ec3222bbbcb65f7d5866fcd81b802b9d9b:week:4
2025_04_IND_LA,1423.0,2025,4,LAR,IND,pass,-0.9811392576084472,LA,IND,archive:asset:299770475:sha256:0b04ffcee75f07c5a1cec292d7b485ec3222bbbcb65f7d5866fcd81b802b9d9b:week:4
2025_04_IND_LA,1460.0,2025,4,,,no_play,0.0,,,archive:asset:299770475:sha256:0b04ffcee75f07c5a1cec292d7b485ec3222bbbcb65f7d5866fcd81b802b9d9b:week:4
2025_04_IND_LA,1448.0,2025,4,LAR,IND,run,0.14450304414735005,LA,IND,archive:asset:299770475:sha256:0b04ffcee75f07c5a1cec292d7b485ec3222bbbcb65f7d5866fcd81b802b9d9b:week:4
2025_04_IND_LA,1477.0,2025,4,LAR,IND,field_goal,0.4111952471348195,LA,IND,archive:asset:299770475:sha256:0b04ffcee75f07c5a1cec292d7b485ec3222bbbcb65f7d5866fcd81b802b9d9b:week:4
2025_04_IND_LA,1497.0,2025,4,IND,LAR,kickoff,0.40704060276038945,IND,LA,archive:asset:299770475:sha256:0b04ffcee75f07c5a1cec292d7b485ec3222bbbcb65f7d5866fcd81b802b9d9b:week:4
2025_04_IND_LA,1531.0,2025,4,IND,LAR,pass,-0.559220913797617,IND,LA,archive:asset:299770475:sha256:0b04ffcee75f07c5a1cec292d7b485ec3222bbbcb65f7d5866fcd81b802b9d9b:week:4
2025_04_IND_LA,1556.0,2025,4,IND,LAR,pass,0.027124727610498667,IND,LA,archive:asset:299770475:sha256:0b04ffcee75f07c5a1cec292d7b485ec3222bbbcb65f7d5866fcd81b802b9d9b:week:4
2025_04_IND_LA,1581.0,2025,4,IND,LAR,pass,1.2155428965343162,IND,LA,archive:asset:299770475:sha256:0b04ffcee75f07c5a1cec292d7b485ec3222bbbcb65f7d5866fcd81b802b9d9b:week:4
2025_04_IND_LA,1606.0,2025,4,IND,LAR,no_play,-0.5610237015644088,IND,LA,archive:asset:299770475:sha256:0b04ffcee75f07c5a1cec292d7b485ec3222bbbcb65f7d5866fcd81b802b9d9b:week:4
2025_04_IND_LA,1640.0,2025,4,IND,LAR,pass,-0.5922194740269333,IND,LA,archive:asset:299770475:sha256:0b04ffcee75f07c5a1cec292d7b485ec3222bbbcb65f7d5866fcd81b802b9d9b:week:4
2025_04_IND_LA,1663.0,2025,4,IND,LAR,pass,-0.693273953627795,IND,LA,archive:asset:299770475:sha256:0b04ffcee75f07c5a1cec292d7b485ec3222bbbcb65f7d5866fcd81b802b9d9b:week:4
2025_04_IND_LA,1686.0,2025,4,IND,LAR,run,-0.7348642466822639,IND,LA,archive:asset:299770475:sha256:0b04ffcee75f07c5a1cec292d7b485ec3222bbbcb65f7d5866fcd81b802b9d9b:week:4
2025_04_IND_LA,1708.0,2025,4,IND,LAR,punt,0.08087656169664115,IND,LA,archive:asset:299770475:sha256:0b04ffcee75f07c5a1cec292d7b485ec3222bbbcb65f7d5866fcd81b802b9d9b:week:4
2025_04_IND_LA,1727.0,2025,4,LAR,IND,pass,-0.22715611476451159,LA,IND,archive:asset:299770475:sha256:0b04ffcee75f07c5a1cec292d7b485ec3222bbbcb65f7d5866fcd81b802b9d9b:week:4
2025_04_IND_LA,1759.0,2025,4,LAR,IND,run,0.6242149756290019,LA,IND,archive:asset:299770475:sha256:0b04ffcee75f07c5a1cec292d7b485ec3222bbbcb65f7d5866fcd81b802b9d9b:week:4
2025_04_IND_LA,1788.0,2025,4,LAR,IND,pass,-0.295106103643775,LA,IND,archive:asset:299770475:sha256:0b04ffcee75f07c5a1cec292d7b485ec3222bbbcb65f7d5866fcd81b802b9d9b:week:4
2025_04_IND_LA,1823.0,2025,4,LAR,IND,pass,1.3422239045612514,LA,IND,archive:asset:299770475:sha256:0b04ffcee75f07c5a1cec292d7b485ec3222bbbcb65f7d5866fcd81b802b9d9b:week:4
2025_04_IND_LA,1853.0,2025,4,LAR,IND,pass,-0.42575210018549114,LA,IND,archive:asset:299770475:sha256:0b04ffcee75f07c5a1cec292d7b485ec3222bbbcb65f7d5866fcd81b802b9d9b:week:4
2025_04_IND_LA,1876.0,2025,4,LAR,IND,pass,-0.5270465479698032,LA,IND,archive:asset:299770475:sha256:0b04ffcee75f07c5a1cec292d7b485ec3222bbbcb65f7d5866fcd81b802b9d9b:week:4
2025_04_IND_LA,1899.0,2025,4,LAR,IND,pass,1.8174748839228414,LA,IND,archive:asset:299770475:sha256:0b04ffcee75f07c5a1cec292d7b485ec3222bbbcb65f7d5866fcd81b802b9d9b:week:4
2025_04_IND_LA,1924.0,2025,4,LAR,IND,pass,0.28373471027589403,LA,IND,archive:asset:299770475:sha256:0b04ffcee75f07c5a1cec292d7b485ec3222bbbcb65f7d5866fcd81b802b9d9b:week:4
2025_04_IND_LA,1949.0,2025,4,LAR,IND,pass,1.0669786946091335,LA,IND,archive:asset:299770475:sha256:0b04ffcee75f07c5a1cec292d7b485ec3222bbbcb65f7d5866fcd81b802b9d9b:week:4
2025_04_IND_LA,1986.0,2025,4,,,no_play,0.0,,,archive:asset:299770475:sha256:0b04ffcee75f07c5a1cec292d7b485ec3222bbbcb65f7d5866fcd81b802b9d9b:week:4
2025_04_IND_LA,1974.0,2025,4,LAR,IND,pass,-1.1852779338951223,LA,IND,archive:asset:299770475:sha256:0b04ffcee75f07c5a1cec292d7b485ec3222bbbcb65f7d5866fcd81b802b9d9b:week:4
2025_04_IND_LA,2013.0,2025,4,,,no_play,0.0,,,archive:asset:299770475:sha256:0b04ffcee75f07c5a1cec292d7b485ec3222bbbcb65f7d5866fcd81b802b9d9b:week:4
2025_04_IND_LA,2001.0,2025,4,LAR,IND,pass,0.5041748356306925,LA,IND,archive:asset:299770475:sha256:0b04ffcee75f07c5a1cec292d7b485ec3222bbbcb65f7d5866fcd81b802b9d9b:week:4
2025_04_IND_LA,2033.0,2025,4,LAR,IND,qb_spike,-0.15653986640973017,LA,IND,archive:asset:299770475:sha256:0b04ffcee75f07c5a1cec292d7b485ec3222bbbcb65f7d5866fcd81b802b9d9b:week:4
2025_04_IND_LA,2056.0,2025,4,LAR,IND,pass,3.8444295349763706,LA,IND,archive:asset:299770475:sha256:0b04ffcee75f07c5a1cec292d7b485ec3222bbbcb65f7d5866fcd81b802b9d9b:week:4
2025_04_IND_LA,2082.0,2025,4,LAR,IND,extra_point,0.05117156607063911,LA,IND,archive:asset:299770475:sha256:0b04ffcee75f07c5a1cec292d7b485ec3222bbbcb65f7d5866fcd81b802b9d9b:week:4
2025_04_IND_LA,2097.0,2025,4,IND,LAR,kickoff,-0.1385723741259426,IND,LA,archive:asset:299770475:sha256:0b04ffcee75f07c5a1cec292d7b485ec3222bbbcb65f7d5866fcd81b802b9d9b:week:4
2025_04_IND_LA,2114.0,2025,4,IND,LAR,qb_kneel,0.0,IND,LA,archive:asset:299770475:sha256:0b04ffcee75f07c5a1cec292d7b485ec3222bbbcb65f7d5866fcd81b802b9d9b:week:4
2025_04_IND_LA,2136.0,2025,4,,,,,,,archive:asset:299770475:sha256:0b04ffcee75f07c5a1cec292d7b485ec3222bbbcb65f7d5866fcd81b802b9d9b:week:4
2025_04_IND_LA,2156.0,2025,4,LAR,IND,kickoff,0.5104861008003354,LA,IND,archive:asset:299770475:sha256:0b04ffcee75f07c5a1cec292d7b485ec3222bbbcb65f7d5866fcd81b802b9d9b:week:4
2025_04_IND_LA,2191.0,2025,4,LAR,IND,run,0.7617024451028556,LA,IND,archive:asset:299770475:sha256:0b04ffcee75f07c5a1cec292d7b485ec3222bbbcb65f7d5866fcd81b802b9d9b:week:4
2025_04_IND_LA,2218.0,2025,4,LAR,IND,run,-0.21572529850527644,LA,IND,archive:asset:299770475:sha256:0b04ffcee75f07c5a1cec292d7b485ec3222bbbcb65f7d5866fcd81b802b9d9b:week:4
2025_04_IND_LA,2240.0,2025,4,LAR,IND,run,-0.894094348186627,LA,IND,archive:asset:299770475:sha256:0b04ffcee75f07c5a1cec292d7b485ec3222bbbcb65f7d5866fcd81b802b9d9b:week:4
2025_04_IND_LA,2262.0,2025,4,LAR,IND,pass,-1.7905170628800988,LA,IND,archive:asset:299770475:sha256:0b04ffcee75f07c5a1cec292d7b485ec3222bbbcb65f7d5866fcd81b802b9d9b:week:4
2025_04_IND_LA,2285.0,2025,4,LAR,IND,punt,-0.7887287512421608,LA,IND,archive:asset:299770475:sha256:0b04ffcee75f07c5a1cec292d7b485ec3222bbbcb65f7d5866fcd81b802b9d9b:week:4
2025_04_IND_LA,2304.0,2025,4,IND,LAR,pass,-0.6532518966123462,IND,LA,archive:asset:299770475:sha256:0b04ffcee75f07c5a1cec292d7b485ec3222bbbcb65f7d5866fcd81b802b9d9b:week:4
2025_04_IND_LA,2346.0,2025,4,IND,LAR,pass,-0.09907790925353765,IND,LA,archive:asset:299770475:sha256:0b04ffcee75f07c5a1cec292d7b485ec3222bbbcb65f7d5866fcd81b802b9d9b:week:4
2025_04_IND_LA,2376.0,2025,4,IND,LAR,pass,-1.1269154786132276,IND,LA,archive:asset:299770475:sha256:0b04ffcee75f07c5a1cec292d7b485ec3222bbbcb65f7d5866fcd81b802b9d9b:week:4
2025_04_IND_LA,2429.0,2025,4,LAR,IND,pass,1.10681600891985,LA,IND,archive:asset:299770475:sha256:0b04ffcee75f07c5a1cec292d7b485ec3222bbbcb65f7d5866fcd81b802b9d9b:week:4
2025_04_IND_LA,2454.0,2025,4,LAR,IND,run,-0.5264612797182053,LA,IND,archive:asset:299770475:sha256:0b04ffcee75f07c5a1cec292d7b485ec3222bbbcb65f7d5866fcd81b802b9d9b:week:4
2025_04_IND_LA,2476.0,2025,4,LAR,IND,pass,-0.7076244065538049,LA,IND,archive:asset:299770475:sha256:0b04ffcee75f07c5a1cec292d7b485ec3222bbbcb65f7d5866fcd81b802b9d9b:week:4
2025_04_IND_LA,2512.0,2025,4,LAR,IND,pass,-1.5638635563664138,LA,IND,archive:asset:299770475:sha256:0b04ffcee75f07c5a1cec292d7b485ec3222bbbcb65f7d5866fcd81b802b9d9b:week:4
2025_04_IND_LA,2535.0,2025,4,LAR,IND,punt,-0.211429534945637,LA,IND,archive:asset:299770475:sha256:0b04ffcee75f07c5a1cec292d7b485ec3222bbbcb65f7d5866fcd81b802b9d9b:week:4
2025_04_IND_LA,2561.0,2025,4,IND,LAR,run,-0.5426636599004269,IND,LA,archive:asset:299770475:sha256:0b04ffcee75f07c5a1cec292d7b485ec3222bbbcb65f7d5866fcd81b802b9d9b:week:4
2025_04_IND_LA,2590.0,2025,4,IND,LAR,pass,-0.7662097993306816,IND,LA,archive:asset:299770475:sha256:0b04ffcee75f07c5a1cec292d7b485ec3222bbbcb65f7d5866fcd81b802b9d9b:week:4
2025_04_IND_LA,2615.0,2025,4,IND,LAR,pass,-1.3765421146526933,IND,LA,archive:asset:299770475:sha256:0b04ffcee75f07c5a1cec292d7b485ec3222bbbcb65f7d5866fcd81b802b9d9b:week:4
2025_04_IND_LA,2662.0,2025,4,IND,LAR,punt,0.2992460848763585,IND,LA,archive:asset:299770475:sha256:0b04ffcee75f07c5a1cec292d7b485ec3222bbbcb65f7d5866fcd81b802b9d9b:week:4
2025_04_IND_LA,2682.0,2025,4,LAR,IND,pass,0.23902212549000978,LA,IND,archive:asset:299770475:sha256:0b04ffcee75f07c5a1cec292d7b485ec3222bbbcb65f7d5866fcd81b802b9d9b:week:4
2025_04_IND_LA,2714.0,2025,4,LAR,IND,pass,-2.145005539059639,LA,IND,archive:asset:299770475:sha256:0b04ffcee75f07c5a1cec292d7b485ec3222bbbcb65f7d5866fcd81b802b9d9b:week:4
2025_04_IND_LA,2734.0,2025,4,LAR,IND,pass,-1.3399858423508704,LA,IND,archive:asset:299770475:sha256:0b04ffcee75f07c5a1cec292d7b485ec3222bbbcb65f7d5866fcd81b802b9d9b:week:4
2025_04_IND_LA,2757.0,2025,4,LAR,IND,punt,0.6731877983547747,LA,IND,archive:asset:299770475:sha256:0b04ffcee75f07c5a1cec292d7b485ec3222bbbcb65f7d5866fcd81b802b9d9b:week:4
2025_04_IND_LA,2783.0,2025,4,IND,LAR,run,-0.2215156275779009,IND,LA,archive:asset:299770475:sha256:0b04ffcee75f07c5a1cec292d7b485ec3222bbbcb65f7d5866fcd81b802b9d9b:week:4
2025_04_IND_LA,2817.0,2025,4,IND,LAR,pass,-1.5999490851536393,IND,LA,archive:asset:299770475:sha256:0b04ffcee75f07c5a1cec292d7b485ec3222bbbcb65f7d5866fcd81b802b9d9b:week:4
2025_04_IND_LA,2842.0,2025,4,IND,LAR,pass,-1.1772181522101164,IND,LA,archive:asset:299770475:sha256:0b04ffcee75f07c5a1cec292d7b485ec3222bbbcb65f7d5866fcd81b802b9d9b:week:4
2025_04_IND_LA,2865.0,2025,4,IND,LAR,punt,0.4227997928392142,IND,LA,archive:asset:299770475:sha256:0b04ffcee75f07c5a1cec292d7b485ec3222bbbcb65f7d5866fcd81b802b9d9b:week:4
2025_04_IND_LA,2891.0,2025,4,LAR,IND,run,-1.0609686721581966,LA,IND,archive:asset:299770475:sha256:0b04ffcee75f07c5a1cec292d7b485ec3222bbbcb65f7d5866fcd81b802b9d9b:week:4
2025_04_IND_LA,2913.0,2025,4,LAR,IND,run,0.047317524906247854,LA,IND,archive:asset:299770475:sha256:0b04ffcee75f07c5a1cec292d7b485ec3222bbbcb65f7d5866fcd81b802b9d9b:week:4
2025_04_IND_LA,2935.0,2025,4,LAR,IND,pass,-1.0957858762703836,LA,IND,archive:asset:299770475:sha256:0b04ffcee75f07c5a1cec292d7b485ec3222bbbcb65f7d5866fcd81b802b9d9b:week:4
2025_04_IND_LA,2971.0,2025,4,LAR,IND,punt,0.24036394897848368,LA,IND,archive:asset:299770475:sha256:0b04ffcee75f07c5a1cec292d7b485ec3222bbbcb65f7d5866fcd81b802b9d9b:week:4
2025_04_IND_LA,2991.0,2025,4,IND,LAR,pass,0.7698623356409371,IND,LA,archive:asset:299770475:sha256:0b04ffcee75f07c5a1cec292d7b485ec3222bbbcb65f7d5866fcd81b802b9d9b:week:4
2025_04_IND_LA,3023.0,2025,4,IND,LAR,run,0.29809869080781937,IND,LA,archive:asset:299770475:sha256:0b04ffcee75f07c5a1cec292d7b485ec3222bbbcb65f7d5866fcd81b802b9d9b:week:4
2025_04_IND_LA,3045.0,2025,4,IND,LAR,run,0.5335729527287185,IND,LA,archive:asset:299770475:sha256:0b04ffcee75f07c5a1cec292d7b485ec3222bbbcb65f7d5866fcd81b802b9d9b:week:4
2025_04_IND_LA,3067.0,2025,4,IND,LAR,run,0.2903093374334276,IND,LA,archive:asset:299770475:sha256:0b04ffcee75f07c5a1cec292d7b485ec3222bbbcb65f7d5866fcd81b802b9d9b:week:4
2025_04_IND_LA,3089.0,2025,4,IND,LAR,pass,1.0633430914022028,IND,LA,archive:asset:299770475:sha256:0b04ffcee75f07c5a1cec292d7b485ec3222bbbcb65f7d5866fcd81b802b9d9b:week:4
2025_04_IND_LA,3114.0,2025,4,IND,LAR,,-0.0,IND,LA,archive:asset:299770475:sha256:0b04ffcee75f07c5a1cec292d7b485ec3222bbbcb65f7d5866fcd81b802b9d9b:week:4
2025_04_IND_LA,3134.0,2025,4,IND,LAR,pass,-0.5627546017058194,IND,LA,archive:asset:299770475:sha256:0b04ffcee75f07c5a1cec292d7b485ec3222bbbcb65f7d5866fcd81b802b9d9b:week:4
2025_04_IND_LA,3159.0,2025,4,IND,LAR,run,0.13403018470853567,IND,LA,archive:asset:299770475:sha256:0b04ffcee75f07c5a1cec292d7b485ec3222bbbcb65f7d5866fcd81b802b9d9b:week:4
2025_04_IND_LA,3186.0,2025,4,IND,LAR,pass,1.7512535797432065,IND,LA,archive:asset:299770475:sha256:0b04ffcee75f07c5a1cec292d7b485ec3222bbbcb65f7d5866fcd81b802b9d9b:week:4
2025_04_IND_LA,3211.0,2025,4,IND,LAR,run,-0.5264088438125327,IND,LA,archive:asset:299770475:sha256:0b04ffcee75f07c5a1cec292d7b485ec3222bbbcb65f7d5866fcd81b802b9d9b:week:4
2025_04_IND_LA,3233.0,2025,4,IND,LAR,pass,2.4526650924235582,IND,LA,archive:asset:299770475:sha256:0b04ffcee75f07c5a1cec292d7b485ec3222bbbcb65f7d5866fcd81b802b9d9b:week:4
2025_04_IND_LA,3258.0,2025,4,IND,LAR,pass,0.7173157945508137,IND,LA,archive:asset:299770475:sha256:0b04ffcee75f07c5a1cec292d7b485ec3222bbbcb65f7d5866fcd81b802b9d9b:week:4
2025_04_IND_LA,3295.0,2025,4,IND,LAR,extra_point,0.05117156607063911,IND,LA,archive:asset:299770475:sha256:0b04ffcee75f07c5a1cec292d7b485ec3222bbbcb65f7d5866fcd81b802b9d9b:week:4
2025_04_IND_LA,3310.0,2025,4,LAR,IND,kickoff,0.09025468584150076,LA,IND,archive:asset:299770475:sha256:0b04ffcee75f07c5a1cec292d7b485ec3222bbbcb65f7d5866fcd81b802b9d9b:week:4
2025_04_IND_LA,3340.0,2025,4,LAR,IND,run,-6.510875446838327,LA,IND,archive:asset:299770475:sha256:0b04ffcee75f07c5a1cec292d7b485ec3222bbbcb65f7d5866fcd81b802b9d9b:week:4
2025_04_IND_LA,3372.0,2025,4,IND,LAR,no_play,-1.2032103036763147,IND,LA,archive:asset:299770475:sha256:0b04ffcee75f07c5a1cec292d7b485ec3222bbbcb65f7d5866fcd81b802b9d9b:week:4
2025_04_IND_LA,3408.0,2025,4,IND,LAR,run,-0.476115366560407,IND,LA,archive:asset:299770475:sha256:0b04ffcee75f07c5a1cec292d7b485ec3222bbbcb65f7d5866fcd81b802b9d9b:week:4
2025_04_IND_LA,3430.0,2025,4,IND,LAR,pass,-0.513621317804791,IND,LA,archive:asset:299770475:sha256:0b04ffcee75f07c5a1cec292d7b485ec3222bbbcb65f7d5866fcd81b802b9d9b:week:4
2025_04_IND_LA,3455.0,2025,4,IND,LAR,run,-0.23717680230309668,IND,LA,archive:asset:299770475:sha256:0b04ffcee75f07c5a1cec292d7b485ec3222bbbcb65f7d5866fcd81b802b9d9b:week:4
2025_04_IND_LA,3477.0,2025,4,IND,LAR,field_goal,0.5139790685525298,IND,LA,archive:asset:299770475:sha256:0b04ffcee75f07c5a1cec292d7b485ec3222bbbcb65f7d5866fcd81b802b9d9b:week:4
2025_04_IND_LA,3497.0,2025,4,LAR,IND,kickoff,-0.5843572267331183,LA,IND,archive:asset:299770475:sha256:0b04ffcee75f07c5a1cec292d7b485ec3222bbbcb65f7d5866fcd81b802b9d9b:week:4
2025_04_IND_LA,3538.0,2025,4,LAR,IND,pass,0.6408173316158354,LA,IND,archive:asset:299770475:sha256:0b04ffcee75f07c5a1cec292d7b485ec3222bbbcb65f7d5866fcd81b802b9d9b:week:4
2025_04_IND_LA,3573.0,2025,4,LAR,IND,pass,-0.5267077488824725,LA,IND,archive:asset:299770475:sha256:0b04ffcee75f07c5a1cec292d7b485ec3222bbbcb65f7d5866fcd81b802b9d9b:week:4
2025_04_IND_LA,3607.0,2025,4,LAR,IND,pass,1.142115613212809,LA,IND,archive:asset:299770475:sha256:0b04ffcee75f07c5a1cec292d7b485ec3222bbbcb65f7d5866fcd81b802b9d9b:week:4
2025_04_IND_LA,3632.0,2025,4,LAR,IND,pass,0.4393712906166911,LA,IND,archive:asset:299770475:sha256:0b04ffcee75f07c5a1cec292d7b485ec3222bbbcb65f7d5866fcd81b802b9d9b:week:4
2025_04_IND_LA,3657.0,2025,4,LAR,IND,pass,0.4570024802815169,LA,IND,archive:asset:299770475:sha256:0b04ffcee75f07c5a1cec292d7b485ec3222bbbcb65f7d5866fcd81b802b9d9b:week:4
2025_04_IND_LA,3682.0,2025,4,LAR,IND,run,0.3140992533881217,LA,IND,archive:asset:299770475:sha256:0b04ffcee75f07c5a1cec292d7b485ec3222bbbcb65f7d5866fcd81b802b9d9b:week:4
2025_04_IND_LA,3704.0,2025,4,LAR,IND,no_play,-1.4278623110149056,LA,IND,archive:asset:299770475:sha256:0b04ffcee75f07c5a1cec292d7b485ec3222bbbcb65f7d5866fcd81b802b9d9b:week:4
2025_04_IND_LA,3740.0,2025,4,LAR,IND,pass,2.3798272976418957,LA,IND,archive:asset:299770475:sha256:0b04ffcee75f07c5a1cec292d7b485ec3222bbbcb65f7d5866fcd81b802b9d9b:week:4
2025_04_IND_LA,3765.0,2025,4,LAR,IND,no_play,0.5624591874657199,LA,IND,archive:asset:299770475:sha256:0b04ffcee75f07c5a1cec292d7b485ec3222bbbcb65f7d5866fcd81b802b9d9b:week:4
2025_04_IND_LA,3799.0,2025,4,LAR,IND,no_play,-0.7885244450299069,LA,IND,archive:asset:299770475:sha256:0b04ffcee75f07c5a1cec292d7b485ec3222bbbcb65f7d5866fcd81b802b9d9b:week:4
2025_04_IND_LA,3840.0,2025,4,LAR,IND,pass,-0.4258197656599805,LA,IND,archive:asset:299770475:sha256:0b04ffcee75f07c5a1cec292d7b485ec3222bbbcb65f7d5866fcd81b802b9d9b:week:4
2025_04_IND_LA,3876.0,2025,4,LAR,IND,pass,-0.6473557762801647,LA,IND,archive:asset:299770475:sha256:0b04ffcee75f07c5a1cec292d7b485ec3222bbbcb65f7d5866fcd81b802b9d9b:week:4
2025_04_IND_LA,3909.0,2025,4,LAR,IND,pass,0.03587917477125302,LA,IND,archive:asset:299770475:sha256:0b04ffcee75f07c5a1cec292d7b485ec3222bbbcb65f7d5866fcd81b802b9d9b:week:4
2025_04_IND_LA,3939.0,2025,4,LAR,IND,pass,3.9706090231775306,LA,IND,archive:asset:299770475:sha256:0b04ffcee75f07c5a1cec292d7b485ec3222bbbcb65f7d5866fcd81b802b9d9b:week:4
2025_04_IND_LA,3965.0,2025,4,LAR,IND,extra_point,0.05117156607063911,LA,IND,archive:asset:299770475:sha256:0b04ffcee75f07c5a1cec292d7b485ec3222bbbcb65f7d5866fcd81b802b9d9b:week:4
2025_04_IND_LA,3980.0,2025,4,IND,LAR,kickoff,-0.27527467370964587,IND,LA,archive:asset:299770475:sha256:0b04ffcee75f07c5a1cec292d7b485ec3222bbbcb65f7d5866fcd81b802b9d9b:week:4
2025_04_IND_LA,3997.0,2025,4,IND,LAR,pass,1.865743407572154,IND,LA,archive:asset:299770475:sha256:0b04ffcee75f07c5a1cec292d7b485ec3222bbbcb65f7d5866fcd81b802b9d9b:week:4
2025_04_IND_LA,4033.0,2025,4,IND,LAR,run,-0.8747797598480247,IND,LA,archive:asset:299770475:sha256:0b04ffcee75f07c5a1cec292d7b485ec3222bbbcb65f7d5866fcd81b802b9d9b:week:4
2025_04_IND_LA,4055.0,2025,4,IND,LAR,no_play,-0.3286747537786141,IND,LA,archive:asset:299770475:sha256:0b04ffcee75f07c5a1cec292d7b485ec3222bbbcb65f7d5866fcd81b802b9d9b:week:4
2025_04_IND_LA,4079.0,2025,4,IND,LAR,no_play,0.9178243011701852,IND,LA,archive:asset:299770475:sha256:0b04ffcee75f07c5a1cec292d7b485ec3222bbbcb65f7d5866fcd81b802b9d9b:week:4
2025_04_IND_LA,4113.0,2025,4,IND,LAR,run,-0.46016947424504906,IND,LA,archive:asset:299770475:sha256:0b04ffcee75f07c5a1cec292d7b485ec3222bbbcb65f7d5866fcd81b802b9d9b:week:4
2025_04_IND_LA,4147.0,2025,4,IND,LAR,pass,-0.5210159483831376,IND,LA,archive:asset:299770475:sha256:0b04ffcee75f07c5a1cec292d7b485ec3222bbbcb65f7d5866fcd81b802b9d9b:week:4
2025_04_IND_LA,4170.0,2025,4,IND,LAR,pass,-1.541069237398915,IND,LA,archive:asset:299770475:sha256:0b04ffcee75f07c5a1cec292d7b485ec3222bbbcb65f7d5866fcd81b802b9d9b:week:4
2025_04_IND_LA,4200.0,2025,4,IND,LAR,run,-0.4805187885649502,IND,LA,archive:asset:299770475:sha256:0b04ffcee75f07c5a1cec292d7b485ec3222bbbcb65f7d5866fcd81b802b9d9b:week:4
2025_04_IND_LA,4241.0,2025,4,,,no_play,-0.0,,,archive:asset:299770475:sha256:0b04ffcee75f07c5a1cec292d7b485ec3222bbbcb65f7d5866fcd81b802b9d9b:week:4
2025_04_IND_LA,4229.0,2025,4,IND,LAR,punt,0.15718147065490484,IND,LA,archive:asset:299770475:sha256:0b04ffcee75f07c5a1cec292d7b485ec3222bbbcb65f7d5866fcd81b802b9d9b:week:4
2025_04_IND_LA,4256.0,2025,4,LAR,IND,pass,6.506549299927428,LA,IND,archive:asset:299770475:sha256:0b04ffcee75f07c5a1cec292d7b485ec3222bbbcb65f7d5866fcd81b802b9d9b:week:4
2025_04_IND_LA,4282.0,2025,4,LAR,IND,extra_point,0.05117156607063911,LA,IND,archive:asset:299770475:sha256:0b04ffcee75f07c5a1cec292d7b485ec3222bbbcb65f7d5866fcd81b802b9d9b:week:4
2025_04_IND_LA,4297.0,2025,4,IND,LAR,kickoff,-0.7264452531235293,IND,LA,archive:asset:299770475:sha256:0b04ffcee75f07c5a1cec292d7b485ec3222bbbcb65f7d5866fcd81b802b9d9b:week:4
2025_04_IND_LA,4331.0,2025,4,IND,LAR,pass,0.30530338268727064,IND,LA,archive:asset:299770475:sha256:0b04ffcee75f07c5a1cec292d7b485ec3222bbbcb65f7d5866fcd81b802b9d9b:week:4
2025_04_IND_LA,4359.0,2025,4,IND,LAR,pass,0.45269005821319297,IND,LA,archive:asset:299770475:sha256:0b04ffcee75f07c5a1cec292d7b485ec3222bbbcb65f7d5866fcd81b802b9d9b:week:4
2025_04_IND_LA,4389.0,2025,4,IND,LAR,no_play,-0.33074075885815546,IND,LA,archive:asset:299770475:sha256:0b04ffcee75f07c5a1cec292d7b485ec3222bbbcb65f7d5866fcd81b802b9d9b:week:4
2025_04_IND_LA,4413.0,2025,4,IND,LAR,pass,-2.809285323135555,IND,LA,archive:asset:299770475:sha256:0b04ffcee75f07c5a1cec292d7b485ec3222bbbcb65f7d5866fcd81b802b9d9b:week:4
2025_04_IND_LA,4445.0,2025,4,LAR,IND,run,0.15135848091449589,LA,IND,archive:asset:299770475:sha256:0b04ffcee75f07c5a1cec292d7b485ec3222bbbcb65f7d5866fcd81b802b9d9b:week:4
2025_04_IND_LA,4479.0,2025,4,,,no_play,0.0,,,archive:asset:299770475:sha256:0b04ffcee75f07c5a1cec292d7b485ec3222bbbcb65f7d5866fcd81b802b9d9b:week:4
2025_04_IND_LA,4467.0,2025,4,LAR,IND,run,0.30580085690598935,LA,IND,archive:asset:299770475:sha256:0b04ffcee75f07c5a1cec292d7b485ec3222bbbcb65f7d5866fcd81b802b9d9b:week:4
2025_04_IND_LA,4508.0,2025,4,,,no_play,0.0,,,archive:asset:299770475:sha256:0b04ffcee75f07c5a1cec292d7b485ec3222bbbcb65f7d5866fcd81b802b9d9b:week:4
2025_04_IND_LA,4496.0,2025,4,LAR,IND,qb_kneel,-0.9109667007578537,LA,IND,archive:asset:299770475:sha256:0b04ffcee75f07c5a1cec292d7b485ec3222bbbcb65f7d5866fcd81b802b9d9b:week:4
2025_04_IND_LA,4525.0,2025,4,LAR,IND,qb_kneel,-1.4394871591357514,LA,IND,archive:asset:299770475:sha256:0b04ffcee75f07c5a1cec292d7b485ec3222bbbcb65f7d5866fcd81b802b9d9b:week:4
2025_04_IND_LA,4547.0,2025,4,LAR,IND,,,LA,IND,archive:asset:299770475:sha256:0b04ffcee75f07c5a1cec292d7b485ec3222bbbcb65f7d5866fcd81b802b9d9b:week:4
2025_04_JAX_SF,1.0,2025,4,,,,0.0,,,archive:asset:299770475:sha256:0b04ffcee75f07c5a1cec292d7b485ec3222bbbcb65f7d5866fcd81b802b9d9b:week:4
2025_04_JAX_SF,39.0,2025,4,SF,JAX,kickoff,0.6006605853326619,SF,JAX,archive:asset:299770475:sha256:0b04ffcee75f07c5a1cec292d7b485ec3222bbbcb65f7d5866fcd81b802b9d9b:week:4
2025_04_JAX_SF,69.0,2025,4,SF,JAX,pass,1.1670541684143245,SF,JAX,archive:asset:299770475:sha256:0b04ffcee75f07c5a1cec292d7b485ec3222bbbcb65f7d5866fcd81b802b9d9b:week:4
2025_04_JAX_SF,94.0,2025,4,SF,JAX,pass,-0.5094774903263897,SF,JAX,archive:asset:299770475:sha256:0b04ffcee75f07c5a1cec292d7b485ec3222bbbcb65f7d5866fcd81b802b9d9b:week:4
2025_04_JAX_SF,124.0,2025,4,SF,JAX,run,-0.636334212962538,SF,JAX,archive:asset:299770475:sha256:0b04ffcee75f07c5a1cec292d7b485ec3222bbbcb65f7d5866fcd81b802b9d9b:week:4
2025_04_JAX_SF,146.0,2025,4,SF,JAX,run,2.029034281964414,SF,JAX,archive:asset:299770475:sha256:0b04ffcee75f07c5a1cec292d7b485ec3222bbbcb65f7d5866fcd81b802b9d9b:week:4
2025_04_JAX_SF,168.0,2025,4,SF,JAX,run,-0.39369333267677575,SF,JAX,archive:asset:299770475:sha256:0b04ffcee75f07c5a1cec292d7b485ec3222bbbcb65f7d5866fcd81b802b9d9b:week:4
2025_04_JAX_SF,190.0,2025,4,SF,JAX,run,0.7005914691835642,SF,JAX,archive:asset:299770475:sha256:0b04ffcee75f07c5a1cec292d7b485ec3222bbbcb65f7d5866fcd81b802b9d9b:week:4
2025_04_JAX_SF,215.0,2025,4,SF,JAX,run,0.42247486603446305,SF,JAX,archive:asset:299770475:sha256:0b04ffcee75f07c5a1cec292d7b485ec3222bbbcb65f7d5866fcd81b802b9d9b:week:4
2025_04_JAX_SF,243.0,2025,4,SF,JAX,pass,-0.17360704636666924,SF,JAX,archive:asset:299770475:sha256:0b04ffcee75f07c5a1cec292d7b485ec3222bbbcb65f7d5866fcd81b802b9d9b:week:4
2025_04_JAX_SF,269.0,2025,4,SF,JAX,pass,0.7056171281146817,SF,JAX,archive:asset:299770475:sha256:0b04ffcee75f07c5a1cec292d7b485ec3222bbbcb65f7d5866fcd81b802b9d9b:week:4
2025_04_JAX_SF,299.0,2025,4,SF,JAX,run,-0.22384427499491721,SF,JAX,archive:asset:299770475:sha256:0b04ffcee75f07c5a1cec292d7b485ec3222bbbcb65f7d5866fcd81b802b9d9b:week:4
2025_04_JAX_SF,321.0,2025,4,SF,JAX,run,-1.0057502808631398,SF,JAX,archive:asset:299770475:sha256:0b04ffcee75f07c5a1cec292d7b485ec3222bbbcb65f7d5866fcd81b802b9d9b:week:4
2025_04_JAX_SF,346.0,2025,4,SF,JAX,pass,-1.2546293965141757,SF,JAX,archive:asset:299770475:sha256:0b04ffcee75f07c5a1cec292d7b485ec3222bbbcb65f7d5866fcd81b802b9d9b:week:4
2025_04_JAX_SF,369.0,2025,4,SF,JAX,field_goal,0.09780576781570005,SF,JAX,archive:asset:299770475:sha256:0b04ffcee75f07c5a1cec292d7b485ec3222bbbcb65f7d5866fcd81b802b9d9b:week:4
2025_04_JAX_SF,389.0,2025,4,JAX,SF,kickoff,-1.1917331772856414,JAX,SF,archive:asset:299770475:sha256:0b04ffcee75f07c5a1cec292d7b485ec3222bbbcb65f7d5866fcd81b802b9d9b:week:4
2025_04_JAX_SF,439.0,2025,4,JAX,SF,no_play,0.6432189284823835,JAX,SF,archive:asset:299770475:sha256:0b04ffcee75f07c5a1cec292d7b485ec3222bbbcb65f7d5866fcd81b802b9d9b:week:4
2025_04_JAX_SF,463.0,2025,4,JAX,SF,run,0.0586095261387527,JAX,SF,archive:asset:299770475:sha256:0b04ffcee75f07c5a1cec292d7b485ec3222bbbcb65f7d5866fcd81b802b9d9b:week:4
2025_04_JAX_SF,485.0,2025,4,JAX,SF,pass,0.7801294573582709,JAX,SF,archive:asset:299770475:sha256:0b04ffcee75f07c5a1cec292d7b485ec3222bbbcb65f7d5866fcd81b802b9d9b:week:4
2025_04_JAX_SF,515.0,2025,4,JAX,SF,run,0.7077675850596279,JAX,SF,archive:asset:299770475:sha256:0b04ffcee75f07c5a1cec292d7b485ec3222bbbcb65f7d5866fcd81b802b9d9b:week:4
2025_04_JAX_SF,537.0,2025,4,JAX,SF,run,-0.3470403414685279,JAX,SF,archive:asset:299770475:sha256:0b04ffcee75f07c5a1cec292d7b485ec3222bbbcb65f7d5866fcd81b802b9d9b:week:4
2025_04_JAX_SF,559.0,2025,4,JAX,SF,run,1.0634384013246745,JAX,SF,archive:asset:299770475:sha256:0b04ffcee75f07c5a1cec292d7b485ec3222bbbcb65f7d5866fcd81b802b9d9b:week:4
2025_04_JAX_SF,584.0,2025,4,JAX,SF,pass,-0.5199928949587047,JAX,SF,archive:asset:299770475:sha256:0b04ffcee75f07c5a1cec292d7b485ec3222bbbcb65f7d5866fcd81b802b9d9b:week:4
2025_04_JAX_SF,607.0,2025,4,JAX,SF,run,-0.5998122482560575,JAX,SF,archive:asset:299770475:sha256:0b04ffcee75f07c5a1cec292d7b485ec3222bbbcb65f7d5866fcd81b802b9d9b:week:4
2025_04_JAX_SF,629.0,2025,4,JAX,SF,pass,-0.4374583740718663,JAX,SF,archive:asset:299770475:sha256:0b04ffcee75f07c5a1cec292d7b485ec3222bbbcb65f7d5866fcd81b802b9d9b:week:4
2025_04_JAX_SF,654.0,2025,4,JAX,SF,run,2.3627722503151745,JAX,SF,archive:asset:299770475:sha256:0b04ffcee75f07c5a1cec292d7b485ec3222bbbcb65f7d5866fcd81b802b9d9b:week:4
2025_04_JAX_SF,676.0,2025,4,JAX,SF,run,-0.9608456955756992,JAX,SF,archive:asset:299770475:sha256:0b04ffcee75f07c5a1cec292d7b485ec3222bbbcb65f7d5866fcd81b802b9d9b:week:4
2025_04_JAX_SF,698.0,2025,4,JAX,SF,run,-1.1619285815395415,JAX,SF,archive:asset:299770475:sha256:0b04ffcee75f07c5a1cec292d7b485ec3222bbbcb65f7d5866fcd81b802b9d9b:week:4
2025_04_JAX_SF,720.0,2025,4,JAX,SF,pass,-1.5342996849212795,JAX,SF,archive:asset:299770475:sha256:0b04ffcee75f07c5a1cec292d7b485ec3222bbbcb65f7d5866fcd81b802b9d9b:week:4
2025_04_JAX_SF,755.0,2025,4,JAX,SF,punt,-0.6415130165405571,JAX,SF,archive:asset:299770475:sha256:0b04ffcee75f07c5a1cec292d7b485ec3222bbbcb65f7d5866fcd81b802b9d9b:week:4
2025_04_JAX_SF,778.0,2025,4,SF,JAX,pass,0.06631131749600172,SF,JAX,archive:asset:299770475:sha256:0b04ffcee75f07c5a1cec292d7b485ec3222bbbcb65f7d5866fcd81b802b9d9b:week:4
2025_04_JAX_SF,810.0,2025,4,SF,JAX,run,-0.23767896369099617,SF,JAX,archive:asset:299770475:sha256:0b04ffcee75f07c5a1cec292d7b485ec3222bbbcb65f7d5866fcd81b802b9d9b:week:4
2025_04_JAX_SF,839.0,2025,4,SF,JAX,pass,1.0687769795767963,SF,JAX,archive:asset:299770475:sha256:0b04ffcee75f07c5a1cec292d7b485ec3222bbbcb65f7d5866fcd81b802b9d9b:week:4
2025_04_JAX_SF,865.0,2025,4,SF,JAX,,0.0,SF,JAX,archive:asset:299770475:sha256:0b04ffcee75f07c5a1cec292d7b485ec3222bbbcb65f7d5866fcd81b802b9d9b:week:4
2025_04_JAX_SF,885.0,2025,4,SF,JAX,pass,-4.380778216989711,SF,JAX,archive:asset:299770475:sha256:0b04ffcee75f07c5a1cec292d7b485ec3222bbbcb65f7d5866fcd81b802b9d9b:week:4
2025_04_JAX_SF,931.0,2025,4,JAX,SF,run,4.424496701685712,JAX,SF,archive:asset:299770475:sha256:0b04ffcee75f07c5a1cec292d7b485ec3222bbbcb65f7d5866fcd81b802b9d9b:week:4
2025_04_JAX_SF,954.0,2025,4,JAX,SF,extra_point,0.06757300310763314,JAX,SF,archive:asset:299770475:sha256:0b04ffcee75f07c5a1cec292d7b485ec3222bbbcb65f7d5866fcd81b802b9d9b:week:4
2025_04_JAX_SF,969.0,2025,4,SF,JAX,kickoff,0.028876900672912598,SF,JAX,archive:asset:299770475:sha256:0b04ffcee75f07c5a1cec292d7b485ec3222bbbcb65f7d5866fcd81b802b9d9b:week:4
2025_04_JAX_SF,999.0,2025,4,SF,JAX,run,-0.7507538902573287,SF,JAX,archive:asset:299770475:sha256:0b04ffcee75f07c5a1cec292d7b485ec3222bbbcb65f7d5866fcd81b802b9d9b:week:4
2025_04_JAX_SF,1021.0,2025,4,SF,JAX,run,0.2894537993706763,SF,JAX,archive:asset:299770475:sha256:0b04ffcee75f07c5a1cec292d7b485ec3222bbbcb65f7d5866fcd81b802b9d9b:week:4
2025_04_JAX_SF,1046.0,2025,4,SF,JAX,pass,2.7994255295488983,SF,JAX,archive:asset:299770475:sha256:0b04ffcee75f07c5a1cec292d7b485ec3222bbbcb65f7d5866fcd81b802b9d9b:week:4
2025_04_JAX_SF,1082.0,2025,4,SF,JAX,pass,-3.5425529435742646,SF,JAX,archive:asset:299770475:sha256:0b04ffcee75f07c5a1cec292d7b485ec3222bbbcb65f7d5866fcd81b802b9d9b:week:4
2025_04_JAX_SF,1127.0,2025,4,JAX,SF,pass,0.27077208971604705,JAX,SF,archive:asset:299770475:sha256:0b04ffcee75f07c5a1cec292d7b485ec3222bbbcb65f7d5866fcd81b802b9d9b:week:4
2025_04_JAX_SF,1164.0,2025,4,JAX,SF,no_play,-1.2302926450502127,JAX,SF,archive:asset:299770475:sha256:0b04ffcee75f07c5a1cec292d7b485ec3222bbbcb65f7d5866fcd81b802b9d9b:week:4
2025_04_JAX_SF,1198.0,2025,4,JAX,SF,no_play,-0.2966090301051736,JAX,SF,archive:asset:299770475:sha256:0b04ffcee75f07c5a1cec292d7b485ec3222bbbcb65f7d5866fcd81b802b9d9b:week:4
2025_04_JAX_SF,1249.0,2025,4,,,no_play,-0.0,,,archive:asset:299770475:sha256:0b04ffcee75f07c5a1cec292d7b485ec3222bbbcb65f7d5866fcd81b802b9d9b:week:4
2025_04_JAX_SF,1237.0,2025,4,JAX,SF,run,-0.4764955537393689,JAX,SF,archive:asset:299770475:sha256:0b04ffcee75f07c5a1cec292d7b485ec3222bbbcb65f7d5866fcd81b802b9d9b:week:4
2025_04_JAX_SF,1266.0,2025,4,JAX,SF,pass,3.5438461643643677,JAX,SF,archive:asset:299770475:sha256:0b04ffcee75f07c5a1cec292d7b485ec3222bbbcb65f7d5866fcd81b802b9d9b:week:4
2025_04_JAX_SF,1291.0,2025,4,JAX,SF,run,-0.01265166443772614,JAX,SF,archive:asset:299770475:sha256:0b04ffcee75f07c5a1cec292d7b485ec3222bbbcb65f7d5866fcd81b802b9d9b:week:4
2025_04_JAX_SF,1366.0,2025,4,JAX,SF,pass,0.669815962202847,JAX,SF,archive:asset:299770475:sha256:0b04ffcee75f07c5a1cec292d7b485ec3222bbbcb65f7d5866fcd81b802b9d9b:week:4
2025_04_JAX_SF,1391.0,2025,4,JAX,SF,run,-0.5764837530441582,JAX,SF,archive:asset:299770475:sha256:0b04ffcee75f07c5a1cec292d7b485ec3222bbbcb65f7d5866fcd81b802b9d9b:week:4
2025_04_JAX_SF,1413.0,2025,4,JAX,SF,pass,0.6908397304359823,JAX,SF,archive:asset:299770475:sha256:0b04ffcee75f07c5a1cec292d7b485ec3222bbbcb65f7d5866fcd81b802b9d9b:week:4
2025_04_JAX_SF,1443.0,2025,4,JAX,SF,no_play,-1.2639649470802397,JAX,SF,archive:asset:299770475:sha256:0b04ffcee75f07c5a1cec292d7b485ec3222bbbcb65f7d5866fcd81b802b9d9b:week:4
2025_04_JAX_SF,1484.0,2025,4,,,no_play,-0.0,,,archive:asset:299770475:sha256:0b04ffcee75f07c5a1cec292d7b485ec3222bbbcb65f7d5866fcd81b802b9d9b:week:4
2025_04_JAX_SF,1467.0,2025,4,JAX,SF,pass,1.8074133419431746,JAX,SF,archive:asset:299770475:sha256:0b04ffcee75f07c5a1cec292d7b485ec3222bbbcb65f7d5866fcd81b802b9d9b:week:4
2025_04_JAX_SF,1504.0,2025,4,JAX,SF,pass,0.613443479523994,JAX,SF,archive:asset:299770475:sha256:0b04ffcee75f07c5a1cec292d7b485ec3222bbbcb65f7d5866fcd81b802b9d9b:week:4
2025_04_JAX_SF,1534.0,2025,4,JAX,SF,run,0.3452191425021738,JAX,SF,archive:asset:299770475:sha256:0b04ffcee75f07c5a1cec292d7b485ec3222bbbcb65f7d5866fcd81b802b9d9b:week:4
2025_04_JAX_SF,1556.0,2025,4,JAX,SF,run,0.6297232083161362,JAX,SF,archive:asset:299770475:sha256:0b04ffcee75f07c5a1cec292d7b485ec3222bbbcb65f7d5866fcd81b802b9d9b:week:4
2025_04_JAX_SF,1621.0,2025,4,JAX,SF,pass,0.974376090511214,JAX,SF,archive:asset:299770475:sha256:0b04ffcee75f07c5a1cec292d7b485ec3222bbbcb65f7d5866fcd81b802b9d9b:week:4
2025_04_JAX_SF,1651.0,2025,4,JAX,SF,pass,1.3264722620369866,JAX,SF,archive:asset:299770475:sha256:0b04ffcee75f07c5a1cec292d7b485ec3222bbbcb65f7d5866fcd81b802b9d9b:week:4
2025_04_JAX_SF,1688.0,2025,4,JAX,SF,extra_point,0.06757300310763314,JAX,SF,archive:asset:299770475:sha256:0b04ffcee75f07c5a1cec292d7b485ec3222bbbcb65f7d5866fcd81b802b9d9b:week:4
2025_04_JAX_SF,1703.0,2025,4,SF,JAX,kickoff,-0.006500806892290711,SF,JAX,archive:asset:299770475:sha256:0b04ffcee75f07c5a1cec292d7b485ec3222bbbcb65f7d5866fcd81b802b9d9b:week:4
2025_04_JAX_SF,1737.0,2025,4,SF,JAX,run,-0.22628544899635017,SF,JAX,archive:asset:299770475:sha256:0b04ffcee75f07c5a1cec292d7b485ec3222bbbcb65f7d5866fcd81b802b9d9b:week:4
2025_04_JAX_SF,1759.0,2025,4,SF,JAX,pass,0.009181477362290025,SF,JAX,archive:asset:299770475:sha256:0b04ffcee75f07c5a1cec292d7b485ec3222bbbcb65f7d5866fcd81b802b9d9b:week:4
2025_04_JAX_SF,1787.0,2025,4,SF,JAX,pass,-1.0508029859047383,SF,JAX,archive:asset:299770475:sha256:0b04ffcee75f07c5a1cec292d7b485ec3222bbbcb65f7d5866fcd81b802b9d9b:week:4
2025_04_JAX_SF,1810.0,2025,4,SF,JAX,punt,-0.5311183854937553,SF,JAX,archive:asset:299770475:sha256:0b04ffcee75f07c5a1cec292d7b485ec3222bbbcb65f7d5866fcd81b802b9d9b:week:4
2025_04_JAX_SF,1833.0,2025,4,JAX,SF,pass,-0.43530491867568344,JAX,SF,archive:asset:299770475:sha256:0b04ffcee75f07c5a1cec292d7b485ec3222bbbcb65f7d5866fcd81b802b9d9b:week:4
2025_04_JAX_SF,1863.0,2025,4,JAX,SF,pass,-0.6412715663900599,JAX,SF,archive:asset:299770475:sha256:0b04ffcee75f07c5a1cec292d7b485ec3222bbbcb65f7d5866fcd81b802b9d9b:week:4
2025_04_JAX_SF,1888.0,2025,4,JAX,SF,pass,-0.6874102256260812,JAX,SF,archive:asset:299770475:sha256:0b04ffcee75f07c5a1cec292d7b485ec3222bbbcb65f7d5866fcd81b802b9d9b:week:4
2025_04_JAX_SF,1911.0,2025,4,JAX,SF,punt,-1.0503277443931438,JAX,SF,archive:asset:299770475:sha256:0b04ffcee75f07c5a1cec292d7b485ec3222bbbcb65f7d5866fcd81b802b9d9b:week:4
2025_04_JAX_SF,1949.0,2025,4,SF,JAX,pass,-0.4102847475442104,SF,JAX,archive:asset:299770475:sha256:0b04ffcee75f07c5a1cec292d7b485ec3222bbbcb65f7d5866fcd81b802b9d9b:week:4
2025_04_JAX_SF,1983.0,2025,4,SF,JAX,pass,-0.46079343697056174,SF,JAX,archive:asset:299770475:sha256:0b04ffcee75f07c5a1cec292d7b485ec3222bbbcb65f7d5866fcd81b802b9d9b:week:4
2025_04_JAX_SF,2006.0,2025,4,SF,JAX,pass,1.574920695333276,SF,JAX,archive:asset:299770475:sha256:0b04ffcee75f07c5a1cec292d7b485ec3222bbbcb65f7d5866fcd81b802b9d9b:week:4
2025_04_JAX_SF,2031.0,2025,4,SF,JAX,pass,-0.41989636718062684,SF,JAX,archive:asset:299770475:sha256:0b04ffcee75f07c5a1cec292d7b485ec3222bbbcb65f7d5866fcd81b802b9d9b:week:4
2025_04_JAX_SF,2061.0,2025,4,SF,JAX,run,1.0146764414967038,SF,JAX,archive:asset:299770475:sha256:0b04ffcee75f07c5a1cec292d7b485ec3222bbbcb65f7d5866fcd81b802b9d9b:week:4
2025_04_JAX_SF,2083.0,2025,4,SF,JAX,no_play,-0.6671564363059588,SF,JAX,archive:asset:299770475:sha256:0b04ffcee75f07c5a1cec292d7b485ec3222bbbcb65f7d5866fcd81b802b9d9b:week:4
2025_04_JAX_SF,2107.0,2025,4,SF,JAX,pass,-0.5148872819263488,SF,JAX,archive:asset:299770475:sha256:0b04ffcee75f07c5a1cec292d7b485ec3222bbbcb65f7d5866fcd81b802b9d9b:week:4
2025_04_JAX_SF,2137.0,2025,4,SF,JAX,pass,2.3132133649778552,SF,JAX,archive:asset:299770475:sha256:0b04ffcee75f07c5a1cec292d7b485ec3222bbbcb65f7d5866fcd81b802b9d9b:week:4
2025_04_JAX_SF,2167.0,2025,4,SF,JAX,pass,0.7967396187596023,SF,JAX,archive:asset:299770475:sha256:0b04ffcee75f07c5a1cec292d7b485ec3222bbbcb65f7d5866fcd81b802b9d9b:week:4
2025_04_JAX_SF,2197.0,2025,4,SF,JAX,run,-0.31897335121175274,SF,JAX,archive:asset:299770475:sha256:0b04ffcee75f07c5a1cec292d7b485ec3222bbbcb65f7d5866fcd81b802b9d9b:week:4
2025_04_JAX_SF,2231.0,2025,4,,,no_play,0.0,,,archive:asset:299770475:sha256:0b04ffcee75f07c5a1cec292d7b485ec3222bbbcb65f7d5866fcd81b802b9d9b:week:4
2025_04_JAX_SF,2219.0,2025,4,SF,JAX,pass,-0.8629751080297865,SF,JAX,archive:asset:299770475:sha256:0b04ffcee75f07c5a1cec292d7b485ec3222bbbcb65f7d5866fcd81b802b9d9b:week:4
2025_04_JAX_SF,2256.0,2025,4,SF,JAX,pass,-0.9851026747096645,SF,JAX,archive:asset:299770475:sha256:0b04ffcee75f07c5a1cec292d7b485ec3222bbbcb65f7d5866fcd81b802b9d9b:week:4
2025_04_JAX_SF,2283.0,2025,4,SF,JAX,field_goal,0.051317398396817815,SF,JAX,archive:asset:299770475:sha256:0b04ffcee75f07c5a1cec292d7b485ec3222bbbcb65f7d5866fcd81b802b9d9b:week:4
2025_04_JAX_SF,2303.0,2025,4,JAX,SF,kickoff,1.2475540522718802,JAX,SF,archive:asset:299770475:sha256:0b04ffcee75f07c5a1cec292d7b485ec3222bbbcb65f7d5866fcd81b802b9d9b:week:4
2025_04_JAX_SF,2326.0,2025,4,JAX,SF,pass,1.2470311459619552,JAX,SF,archive:asset:299770475:sha256:0b04ffcee75f07c5a1cec292d7b485ec3222bbbcb65f7d5866fcd81b802b9d9b:week:4
2025_04_JAX_SF,2367.0,2025,4,JAX,SF,pass,0.8943644607206807,JAX,SF,archive:asset:299770475:sha256:0b04ffcee75f07c5a1cec292d7b485ec3222bbbcb65f7d5866fcd81b802b9d9b:week:4
2025_04_JAX_SF,2397.0,2025,4,JAX,SF,no_play,-0.563800644944422,JAX,SF,archive:asset:299770475:sha256:0b04ffcee75f07c5a1cec292d7b485ec3222bbbcb65f7d5866fcd81b802b9d9b:week:4
2025_04_JAX_SF,2421.0,2025,4,JAX,SF,pass,0.4193298516329378,JAX,SF,archive:asset:299770475:sha256:0b04ffcee75f07c5a1cec292d7b485ec3222bbbcb65f7d5866fcd81b802b9d9b:week:4
2025_04_JAX_SF,2458.0,2025,4,,,no_play,-0.0,,,archive:asset:299770475:sha256:0b04ffcee75f07c5a1cec292d7b485ec3222bbbcb65f7d5866fcd81b802b9d9b:week:4
2025_04_JAX_SF,2446.0,2025,4,JAX,SF,pass,-0.8571462840191089,JAX,SF,archive:asset:299770475:sha256:0b04ffcee75f07c5a1cec292d7b485ec3222bbbcb65f7d5866fcd81b802b9d9b:week:4
2025_04_JAX_SF,2478.0,2025,4,JAX,SF,qb_spike,0.18343490739116186,JAX,SF,archive:asset:299770475:sha256:0b04ffcee75f07c5a1cec292d7b485ec3222bbbcb65f7d5866fcd81b802b9d9b:week:4
2025_04_JAX_SF,2505.0,2025,4,JAX,SF,field_goal,0.07790733875245115,JAX,SF,archive:asset:299770475:sha256:0b04ffcee75f07c5a1cec292d7b485ec3222bbbcb65f7d5866fcd81b802b9d9b:week:4
2025_04_JAX_SF,2525.0,2025,4,,,,,,,archive:asset:299770475:sha256:0b04ffcee75f07c5a1cec292d7b485ec3222bbbcb65f7d5866fcd81b802b9d9b:week:4
2025_04_JAX_SF,2548.0,2025,4,JAX,SF,kickoff,0.5022245356813073,JAX,SF,archive:asset:299770475:sha256:0b04ffcee75f07c5a1cec292d7b485ec3222bbbcb65f7d5866fcd81b802b9d9b:week:4
2025_04_JAX_SF,2565.0,2025,4,JAX,SF,run,-0.2868447136133909,JAX,SF,archive:asset:299770475:sha256:0b04ffcee75f07c5a1cec292d7b485ec3222bbbcb65f7d5866fcd81b802b9d9b:week:4
2025_04_JAX_SF,2587.0,2025,4,JAX,SF,pass,0.32730507967062294,JAX,SF,archive:asset:299770475:sha256:0b04ffcee75f07c5a1cec292d7b485ec3222bbbcb65f7d5866fcd81b802b9d9b:week:4
2025_04_JAX_SF,2619.0,2025,4,JAX,SF,run,-1.5093907641712576,JAX,SF,archive:asset:299770475:sha256:0b04ffcee75f07c5a1cec292d7b485ec3222bbbcb65f7d5866fcd81b802b9d9b:week:4
2025_04_JAX_SF,2646.0,2025,4,JAX,SF,no_play,-0.7130574686452746,JAX,SF,archive:asset:299770475:sha256:0b04ffcee75f07c5a1cec292d7b485ec3222bbbcb65f7d5866fcd81b802b9d9b:week:4
2025_04_JAX_SF,2670.0,2025,4,JAX,SF,punt,-0.6456655615475029,JAX,SF,archive:asset:299770475:sha256:0b04ffcee75f07c5a1cec292d7b485ec3222bbbcb65f7d5866fcd81b802b9d9b:week:4
2025_04_JAX_SF,2703.0,2025,4,SF,JAX,run,0.08708761143498123,SF,JAX,archive:asset:299770475:sha256:0b04ffcee75f07c5a1cec292d7b485ec3222bbbcb65f7d5866fcd81b802b9d9b:week:4
2025_04_JAX_SF,2739.0,2025,4,SF,JAX,pass,1.673062483081594,SF,JAX,archive:asset:299770475:sha256:0b04ffcee75f07c5a1cec292d7b485ec3222bbbcb65f7d5866fcd81b802b9d9b:week:4
2025_04_JAX_SF,2767.0,2025,4,SF,JAX,pass,-0.5097452285699546,SF,JAX,archive:asset:299770475:sha256:0b04ffcee75f07c5a1cec292d7b485ec3222bbbcb65f7d5866fcd81b802b9d9b:week:4
2025_04_JAX_SF,2790.0,2025,4,SF,JAX,run,-0.3092024486977607,SF,JAX,archive:asset:299770475:sha256:0b04ffcee75f07c5a1cec292d7b485ec3222bbbcb65f7d5866fcd81b802b9d9b:week:4
2025_04_JAX_SF,2812.0,2025,4,SF,JAX,pass,1.9300479610683396,SF,JAX,archive:asset:299770475:sha256:0b04ffcee75f07c5a1cec292d7b485ec3222bbbcb65f7d5866fcd81b802b9d9b:week:4
2025_04_JAX_SF,2849.0,2025,4,,,no_play,0.0,,,archive:asset:299770475:sha256:0b04ffcee75f07c5a1cec292d7b485ec3222bbbcb65f7d5866fcd81b802b9d9b:week:4
2025_04_JAX_SF,2837.0,2025,4,SF,JAX,run,-0.07517898635705933,SF,JAX,archive:asset:299770475:sha256:0b04ffcee75f07c5a1cec292d7b485ec3222bbbcb65f7d5866fcd81b802b9d9b:week:4
2025_04_JAX_SF,2866.0,2025,4,SF,JAX,no_play,0.7602961544762366,SF,JAX,archive:asset:299770475:sha256:0b04ffcee75f07c5a1cec292d7b485ec3222bbbcb65f7d5866fcd81b802b9d9b:week:4
2025_04_JAX_SF,2902.0,2025,4,SF,JAX,no_play,0.12323458649916574,SF,JAX,archive:asset:299770475:sha256:0b04ffcee75f07c5a1cec292d7b485ec3222bbbcb65f7d5866fcd81b802b9d9b:week:4
2025_04_JAX_SF,2943.0,2025,4,SF,JAX,run,-0.2727350870263763,SF,JAX,archive:asset:299770475:sha256:0b04ffcee75f07c5a1cec292d7b485ec3222bbbcb65f7d5866fcd81b802b9d9b:week:4
2025_04_JAX_SF,2965.0,2025,4,SF,JAX,pass,2.037926428252831,SF,JAX,archive:asset:299770475:sha256:0b04ffcee75f07c5a1cec292d7b485ec3222bbbcb65f7d5866fcd81b802b9d9b:week:4
2025_04_JAX_SF,2986.0,2025,4,SF,JAX,pass,1.053,SF,JAX,archive:asset:299770475:sha256:0b04ffcee75f07c5a1cec292d7b485ec3222bbbcb65f7d5866fcd81b802b9d9b:week:4
2025_04_JAX_SF,3002.0,2025,4,JAX,SF,kickoff,0.1282885994296521,JAX,SF,archive:asset:299770475:sha256:0b04ffcee75f07c5a1cec292d7b485ec3222bbbcb65f7d5866fcd81b802b9d9b:week:4
2025_04_JAX_SF,3035.0,2025,4,JAX,SF,pass,-0.5545774556230754,JAX,SF,archive:asset:299770475:sha256:0b04ffcee75f07c5a1cec292d7b485ec3222bbbcb65f7d5866fcd81b802b9d9b:week:4
2025_04_JAX_SF,3058.0,2025,4,JAX,SF,pass,-0.7660209340974689,JAX,SF,archive:asset:299770475:sha256:0b04ffcee75f07c5a1cec292d7b485ec3222bbbcb65f7d5866fcd81b802b9d9b:week:4
2025_04_JAX_SF,3081.0,2025,4,JAX,SF,no_play,-0.8553901694249362,JAX,SF,archive:asset:299770475:sha256:0b04ffcee75f07c5a1cec292d7b485ec3222bbbcb65f7d5866fcd81b802b9d9b:week:4
2025_04_JAX_SF,3105.0,2025,4,JAX,SF,no_play,2.8078082697466016,JAX,SF,archive:asset:299770475:sha256:0b04ffcee75f07c5a1cec292d7b485ec3222bbbcb65f7d5866fcd81b802b9d9b:week:4
2025_04_JAX_SF,3144.0,2025,4,JAX,SF,run,1.1505271287169307,JAX,SF,archive:asset:299770475:sha256:0b04ffcee75f07c5a1cec292d7b485ec3222bbbcb65f7d5866fcd81b802b9d9b:week:4
2025_04_JAX_SF,3166.0,2025,4,JAX,SF,run,0.02576050371862948,JAX,SF,archive:asset:299770475:sha256:0b04ffcee75f07c5a1cec292d7b485ec3222bbbcb65f7d5866fcd81b802b9d9b:week:4
2025_04_JAX_SF,3193.0,2025,4,JAX,SF,run,-1.2710916372016072,JAX,SF,archive:asset:299770475:sha256:0b04ffcee75f07c5a1cec292d7b485ec3222bbbcb65f7d5866fcd81b802b9d9b:week:4
2025_04_JAX_SF,3229.0,2025,4,JAX,SF,pass,-1.753483827225864,JAX,SF,archive:asset:299770475:sha256:0b04ffcee75f07c5a1cec292d7b485ec3222bbbcb65f7d5866fcd81b802b9d9b:week:4
2025_04_JAX_SF,3252.0,2025,4,JAX,SF,punt,-0.809281894704327,JAX,SF,archive:asset:299770475:sha256:0b04ffcee75f07c5a1cec292d7b485ec3222bbbcb65f7d5866fcd81b802b9d9b:week:4
2025_04_JAX_SF,3270.0,2025,4,SF,JAX,pass,-4.945445845136419,SF,JAX,archive:asset:299770475:sha256:0b04ffcee75f07c5a1cec292d7b485ec3222bbbcb65f7d5866fcd81b802b9d9b:week:4
2025_04_JAX_SF,3304.0,2025,4,JAX,SF,run,0.3065564875723794,JAX,SF,archive:asset:299770475:sha256:0b04ffcee75f07c5a1cec292d7b485ec3222bbbcb65f7d5866fcd81b802b9d9b:week:4
2025_04_JAX_SF,3329.0,2025,4,JAX,SF,no_play,-1.385344436741434,JAX,SF,archive:asset:299770475:sha256:0b04ffcee75f07c5a1cec292d7b485ec3222bbbcb65f7d5866fcd81b802b9d9b:week:4
2025_04_JAX_SF,3363.0,2025,4,JAX,SF,pass,-0.7692889621248469,JAX,SF,archive:asset:299770475:sha256:0b04ffcee75f07c5a1cec292d7b485ec3222bbbcb65f7d5866fcd81b802b9d9b:week:4
2025_04_JAX_SF,3386.0,2025,4,JAX,SF,pass,-0.33137527791279053,JAX,SF,archive:asset:299770475:sha256:0b04ffcee75f07c5a1cec292d7b485ec3222bbbcb65f7d5866fcd81b802b9d9b:week:4
2025_04_JAX_SF,3425.0,2025,4,JAX,SF,field_goal,0.9463279279503847,JAX,SF,archive:asset:299770475:sha256:0b04ffcee75f07c5a1cec292d7b485ec3222bbbcb65f7d5866fcd81b802b9d9b:week:4
2025_04_JAX_SF,3445.0,2025,4,SF,JAX,kickoff,0.5948558778036386,SF,JAX,archive:asset:299770475:sha256:0b04ffcee75f07c5a1cec292d7b485ec3222bbbcb65f7d5866fcd81b802b9d9b:week:4
2025_04_JAX_SF,3469.0,2025,4,SF,JAX,run,-0.3676611992996186,SF,JAX,archive:asset:299770475:sha256:0b04ffcee75f07c5a1cec292d7b485ec3222bbbcb65f7d5866fcd81b802b9d9b:week:4
2025_04_JAX_SF,3491.0,2025,4,SF,JAX,run,-0.8605361296795309,SF,JAX,archive:asset:299770475:sha256:0b04ffcee75f07c5a1cec292d7b485ec3222bbbcb65f7d5866fcd81b802b9d9b:week:4
2025_04_JAX_SF,3513.0,2025,4,SF,JAX,pass,-1.320762843126431,SF,JAX,archive:asset:299770475:sha256:0b04ffcee75f07c5a1cec292d7b485ec3222bbbcb65f7d5866fcd81b802b9d9b:week:4
2025_04_JAX_SF,3536.0,2025,4,SF,JAX,punt,-6.1397616600152105,SF,JAX,archive:asset:299770475:sha256:0b04ffcee75f07c5a1cec292d7b485ec3222bbbcb65f7d5866fcd81b802b9d9b:week:4
2025_04_JAX_SF,3563.0,2025,4,JAX,SF,pass,-0.947,JAX,SF,archive:asset:299770475:sha256:0b04ffcee75f07c5a1cec292d7b485ec3222bbbcb65f7d5866fcd81b802b9d9b:week:4
2025_04_JAX_SF,3576.0,2025,4,SF,JAX,kickoff,0.5785251189954579,SF,JAX,archive:asset:299770475:sha256:0b04ffcee75f07c5a1cec292d7b485ec3222bbbcb65f7d5866fcd81b802b9d9b:week:4
2025_04_JAX_SF,3593.0,2025,4,SF,JAX,pass,-0.5379054278600961,SF,JAX,archive:asset:299770475:sha256:0b04ffcee75f07c5a1cec292d7b485ec3222bbbcb65f7d5866fcd81b802b9d9b:week:4
2025_04_JAX_SF,3623.0,2025,4,SF,JAX,pass,1.890629914123565,SF,JAX,archive:asset:299770475:sha256:0b04ffcee75f07c5a1cec292d7b485ec3222bbbcb65f7d5866fcd81b802b9d9b:week:4
2025_04_JAX_SF,3648.0,2025,4,SF,JAX,pass,0.5864390410715714,SF,JAX,archive:asset:299770475:sha256:0b04ffcee75f07c5a1cec292d7b485ec3222bbbcb65f7d5866fcd81b802b9d9b:week:4
2025_04_JAX_SF,3684.0,2025,4,SF,JAX,run,0.167157648014836,SF,JAX,archive:asset:299770475:sha256:0b04ffcee75f07c5a1cec292d7b485ec3222bbbcb65f7d5866fcd81b802b9d9b:week:4
2025_04_JAX_SF,3706.0,2025,4,SF,JAX,run,-0.34794598480220884,SF,JAX,archive:asset:299770475:sha256:0b04ffcee75f07c5a1cec292d7b485ec3222bbbcb65f7d5866fcd81b802b9d9b:week:4
2025_04_JAX_SF,3728.0,2025,4,SF,JAX,,0.0,SF,JAX,archive:asset:299770475:sha256:0b04ffcee75f07c5a1cec292d7b485ec3222bbbcb65f7d5866fcd81b802b9d9b:week:4
2025_04_JAX_SF,3748.0,2025,4,SF,JAX,run,-1.2385891495505348,SF,JAX,archive:asset:299770475:sha256:0b04ffcee75f07c5a1cec292d7b485ec3222bbbcb65f7d5866fcd81b802b9d9b:week:4
2025_04_JAX_SF,3770.0,2025,4,SF,JAX,pass,-3.3678615405224264,SF,JAX,archive:asset:299770475:sha256:0b04ffcee75f07c5a1cec292d7b485ec3222bbbcb65f7d5866fcd81b802b9d9b:week:4
2025_04_JAX_SF,3793.0,2025,4,JAX,SF,run,-0.45781339798122644,JAX,SF,archive:asset:299770475:sha256:0b04ffcee75f07c5a1cec292d7b485ec3222bbbcb65f7d5866fcd81b802b9d9b:week:4
2025_04_JAX_SF,3815.0,2025,4,JAX,SF,pass,0.7306805732659996,JAX,SF,archive:asset:299770475:sha256:0b04ffcee75f07c5a1cec292d7b485ec3222bbbcb65f7d5866fcd81b802b9d9b:week:4
2025_04_JAX_SF,3840.0,2025,4,JAX,SF,run,-1.8413841887377203,JAX,SF,archive:asset:299770475:sha256:0b04ffcee75f07c5a1cec292d7b485ec3222bbbcb65f7d5866fcd81b802b9d9b:week:4
2025_04_JAX_SF,3862.0,2025,4,JAX,SF,punt,0.6032364717684686,JAX,SF,archive:asset:299770475:sha256:0b04ffcee75f07c5a1cec292d7b485ec3222bbbcb65f7d5866fcd81b802b9d9b:week:4
2025_04_JAX_SF,3881.0,2025,4,SF,JAX,pass,0.3746015587821603,SF,JAX,archive:asset:299770475:sha256:0b04ffcee75f07c5a1cec292d7b485ec3222bbbcb65f7d5866fcd81b802b9d9b:week:4
2025_04_JAX_SF,3913.0,2025,4,SF,JAX,run,-0.033502016915008426,SF,JAX,archive:asset:299770475:sha256:0b04ffcee75f07c5a1cec292d7b485ec3222bbbcb65f7d5866fcd81b802b9d9b:week:4
2025_04_JAX_SF,3938.0,2025,4,SF,JAX,pass,2.1643818579614162,SF,JAX,archive:asset:299770475:sha256:0b04ffcee75f07c5a1cec292d7b485ec3222bbbcb65f7d5866fcd81b802b9d9b:week:4
2025_04_JAX_SF,3968.0,2025,4,SF,JAX,run,-0.05314722761977464,SF,JAX,archive:asset:299770475:sha256:0b04ffcee75f07c5a1cec292d7b485ec3222bbbcb65f7d5866fcd81b802b9d9b:week:4
2025_04_JAX_SF,3990.0,2025,4,SF,JAX,pass,-0.8155196119332686,SF,JAX,archive:asset:299770475:sha256:0b04ffcee75f07c5a1cec292d7b485ec3222bbbcb65f7d5866fcd81b802b9d9b:week:4
2025_04_JAX_SF,4013.0,2025,4,SF,JAX,pass,2.176765176234767,SF,JAX,archive:asset:299770475:sha256:0b04ffcee75f07c5a1cec292d7b485ec3222bbbcb65f7d5866fcd81b802b9d9b:week:4
2025_04_JAX_SF,4043.0,2025,4,SF,JAX,pass,0.8071403736248612,SF,JAX,archive:asset:299770475:sha256:0b04ffcee75f07c5a1cec292d7b485ec3222bbbcb65f7d5866fcd81b802b9d9b:week:4
2025_04_JAX_SF,4073.0,2025,4,SF,JAX,pass,2.579823652980849,SF,JAX,archive:asset:299770475:sha256:0b04ffcee75f07c5a1cec292d7b485ec3222bbbcb65f7d5866fcd81b802b9d9b:week:4
2025_04_JAX_SF,4094.0,2025,4,SF,JAX,extra_point,0.06757300310763314,SF,JAX,archive:asset:299770475:sha256:0b04ffcee75f07c5a1cec292d7b485ec3222bbbcb65f7d5866fcd81b802b9d9b:week:4
2025_04_JAX_SF,4109.0,2025,4,JAX,SF,kickoff,1.1211246901657432,JAX,SF,archive:asset:299770475:sha256:0b04ffcee75f07c5a1cec292d7b485ec3222bbbcb65f7d5866fcd81b802b9d9b:week:4
2025_04_JAX_SF,4155.0,2025,4,JAX,SF,pass,0.7404324423987418,JAX,SF,archive:asset:299770475:sha256:0b04ffcee75f07c5a1cec292d7b485ec3222bbbcb65f7d5866fcd81b802b9d9b:week:4
2025_04_JAX_SF,4180.0,2025,4,JAX,SF,run,-0.5280361294280738,JAX,SF,archive:asset:299770475:sha256:0b04ffcee75f07c5a1cec292d7b485ec3222bbbcb65f7d5866fcd81b802b9d9b:week:4
2025_04_JAX_SF,4202.0,2025,4,JAX,SF,run,0.32414355024229735,JAX,SF,archive:asset:299770475:sha256:0b04ffcee75f07c5a1cec292d7b485ec3222bbbcb65f7d5866fcd81b802b9d9b:week:4
2025_04_JAX_SF,4224.0,2025,4,JAX,SF,run,0.5365421704482287,JAX,SF,archive:asset:299770475:sha256:0b04ffcee75f07c5a1cec292d7b485ec3222bbbcb65f7d5866fcd81b802b9d9b:week:4
2025_04_JAX_SF,4246.0,2025,4,JAX,SF,run,-0.6353886543074623,JAX,SF,archive:asset:299770475:sha256:0b04ffcee75f07c5a1cec292d7b485ec3222bbbcb65f7d5866fcd81b802b9d9b:week:4
2025_04_JAX_SF,4284.0,2025,4,JAX,SF,pass,-0.47738250554539263,JAX,SF,archive:asset:299770475:sha256:0b04ffcee75f07c5a1cec292d7b485ec3222bbbcb65f7d5866fcd81b802b9d9b:week:4
2025_04_JAX_SF,4307.0,2025,4,JAX,SF,run,-0.4672885538893752,JAX,SF,archive:asset:299770475:sha256:0b04ffcee75f07c5a1cec292d7b485ec3222bbbcb65f7d5866fcd81b802b9d9b:week:4
2025_04_JAX_SF,4329.0,2025,4,JAX,SF,pass,-0.13156208523402402,JAX,SF,archive:asset:299770475:sha256:0b04ffcee75f07c5a1cec292d7b485ec3222bbbcb65f7d5866fcd81b802b9d9b:week:4
2025_04_JAX_SF,4371.0,2025,4,,,no_play,-0.0,,,archive:asset:299770475:sha256:0b04ffcee75f07c5a1cec292d7b485ec3222bbbcb65f7d5866fcd81b802b9d9b:week:4
2025_04_JAX_SF,4359.0,2025,4,JAX,SF,field_goal,-3.247631114506233,JAX,SF,archive:asset:299770475:sha256:0b04ffcee75f07c5a1cec292d7b485ec3222bbbcb65f7d5866fcd81b802b9d9b:week:4
2025_04_JAX_SF,4387.0,2025,4,SF,JAX,pass,0.8328752451925538,SF,JAX,archive:asset:299770475:sha256:0b04ffcee75f07c5a1cec292d7b485ec3222bbbcb65f7d5866fcd81b802b9d9b:week:4
2025_04_JAX_SF,4412.0,2025,4,SF,JAX,pass,-4.351129910268355,SF,JAX,archive:asset:299770475:sha256:0b04ffcee75f07c5a1cec292d7b485ec3222bbbcb65f7d5866fcd81b802b9d9b:week:4
2025_04_JAX_SF,4445.0,2025,4,JAX,SF,run,-1.3878759364015423,JAX,SF,archive:asset:299770475:sha256:0b04ffcee75f07c5a1cec292d7b485ec3222bbbcb65f7d5866fcd81b802b9d9b:week:4
2025_04_JAX_SF,4479.0,2025,4,,,no_play,-0.0,,,archive:asset:299770475:sha256:0b04ffcee75f07c5a1cec292d7b485ec3222bbbcb65f7d5866fcd81b802b9d9b:week:4
2025_04_JAX_SF,4467.0,2025,4,JAX,SF,run,-0.09029819187708199,JAX,SF,archive:asset:299770475:sha256:0b04ffcee75f07c5a1cec292d7b485ec3222bbbcb65f7d5866fcd81b802b9d9b:week:4
2025_04_JAX_SF,4506.0,2025,4,JAX,SF,pass,1.1561268066288903,JAX,SF,archive:asset:299770475:sha256:0b04ffcee75f07c5a1cec292d7b485ec3222bbbcb65f7d5866fcd81b802b9d9b:week:4
2025_04_JAX_SF,4531.0,2025,4,JAX,SF,qb_kneel,-0.6491626424831338,JAX,SF,archive:asset:299770475:sha256:0b04ffcee75f07c5a1cec292d7b485ec3222bbbcb65f7d5866fcd81b802b9d9b:week:4
2025_04_JAX_SF,4560.0,2025,4,JAX,SF,qb_kneel,-0.22026338521391153,JAX,SF,archive:asset:299770475:sha256:0b04ffcee75f07c5a1cec292d7b485ec3222bbbcb65f7d5866fcd81b802b9d9b:week:4
2025_04_JAX_SF,4582.0,2025,4,JAX,SF,qb_kneel,-0.8614249605452642,JAX,SF,archive:asset:299770475:sha256:0b04ffcee75f07c5a1cec292d7b485ec3222bbbcb65f7d5866fcd81b802b9d9b:week:4
2025_04_JAX_SF,4604.0,2025,4,JAX,SF,,,JAX,SF,archive:asset:299770475:sha256:0b04ffcee75f07c5a1cec292d7b485ec3222bbbcb65f7d5866fcd81b802b9d9b:week:4
2025_04_LAC_NYG,1.0,2025,4,,,,-0.0,,,archive:asset:299770475:sha256:0b04ffcee75f07c5a1cec292d7b485ec3222bbbcb65f7d5866fcd81b802b9d9b:week:4
2025_04_LAC_NYG,40.0,2025,4,LAC,NYG,kickoff,0.5022245356813073,LAC,NYG,archive:asset:299770475:sha256:0b04ffcee75f07c5a1cec292d7b485ec3222bbbcb65f7d5866fcd81b802b9d9b:week:4
2025_04_LAC_NYG,57.0,2025,4,LAC,NYG,no_play,-0.5610601920634508,LAC,NYG,archive:asset:299770475:sha256:0b04ffcee75f07c5a1cec292d7b485ec3222bbbcb65f7d5866fcd81b802b9d9b:week:4
2025_04_LAC_NYG,81.0,2025,4,LAC,NYG,pass,0.6710611013695598,LAC,NYG,archive:asset:299770475:sha256:0b04ffcee75f07c5a1cec292d7b485ec3222bbbcb65f7d5866fcd81b802b9d9b:week:4
2025_04_LAC_NYG,106.0,2025,4,LAC,NYG,run,-1.0744805163703859,LAC,NYG,archive:asset:299770475:sha256:0b04ffcee75f07c5a1cec292d7b485ec3222bbbcb65f7d5866fcd81b802b9d9b:week:4
2025_04_LAC_NYG,128.0,2025,4,LAC,NYG,pass,-1.515509532764554,LAC,NYG,archive:asset:299770475:sha256:0b04ffcee75f07c5a1cec292d7b485ec3222bbbcb65f7d5866fcd81b802b9d9b:week:4
2025_04_LAC_NYG,151.0,2025,4,LAC,NYG,punt,0.7810974945314229,LAC,NYG,archive:asset:299770475:sha256:0b04ffcee75f07c5a1cec292d7b485ec3222bbbcb65f7d5866fcd81b802b9d9b:week:4
2025_04_LAC_NYG,171.0,2025,4,NYG,LAC,run,0.05504824314266443,NYG,LAC,archive:asset:299770475:sha256:0b04ffcee75f07c5a1cec292d7b485ec3222bbbcb65f7d5866fcd81b802b9d9b:week:4
2025_04_LAC_NYG,193.0,2025,4,NYG,LAC,no_play,1.3817198723554611,NYG,LAC,archive:asset:299770475:sha256:0b04ffcee75f07c5a1cec292d7b485ec3222bbbcb65f7d5866fcd81b802b9d9b:week:4
2025_04_LAC_NYG,227.0,2025,4,NYG,LAC,run,-0.39782622270286083,NYG,LAC,archive:asset:299770475:sha256:0b04ffcee75f07c5a1cec292d7b485ec3222bbbcb65f7d5866fcd81b802b9d9b:week:4
2025_04_LAC_NYG,249.0,2025,4,NYG,LAC,pass,0.5831354167312384,NYG,LAC,archive:asset:299770475:sha256:0b04ffcee75f07c5a1cec292d7b485ec3222bbbcb65f7d5866fcd81b802b9d9b:week:4
2025_04_LAC_NYG,274.0,2025,4,NYG,LAC,run,0.5959848226048052,NYG,LAC,archive:asset:299770475:sha256:0b04ffcee75f07c5a1cec292d7b485ec3222bbbcb65f7d5866fcd81b802b9d9b:week:4
2025_04_LAC_NYG,296.0,2025,4,NYG,LAC,run,0.9545327534433454,NYG,LAC,archive:asset:299770475:sha256:0b04ffcee75f07c5a1cec292d7b485ec3222bbbcb65f7d5866fcd81b802b9d9b:week:4
2025_04_LAC_NYG,318.0,2025,4,NYG,LAC,run,0.6505913225701079,NYG,LAC,archive:asset:299770475:sha256:0b04ffcee75f07c5a1cec292d7b485ec3222bbbcb65f7d5866fcd81b802b9d9b:week:4
2025_04_LAC_NYG,340.0,2025,4,NYG,LAC,run,0.11294031084980816,NYG,LAC,archive:asset:299770475:sha256:0b04ffcee75f07c5a1cec292d7b485ec3222bbbcb65f7d5866fcd81b802b9d9b:week:4
2025_04_LAC_NYG,362.0,2025,4,NYG,LAC,pass,0.8082454132381827,NYG,LAC,archive:asset:299770475:sha256:0b04ffcee75f07c5a1cec292d7b485ec3222bbbcb65f7d5866fcd81b802b9d9b:week:4
2025_04_LAC_NYG,396.0,2025,4,NYG,LAC,run,1.82918332493864,NYG,LAC,archive:asset:299770475:sha256:0b04ffcee75f07c5a1cec292d7b485ec3222bbbcb65f7d5866fcd81b802b9d9b:week:4
2025_04_LAC_NYG,419.0,2025,4,NYG,LAC,extra_point,0.06757300310763314,NYG,LAC,archive:asset:299770475:sha256:0b04ffcee75f07c5a1cec292d7b485ec3222bbbcb65f7d5866fcd81b802b9d9b:week:4
2025_04_LAC_NYG,434.0,2025,4,LAC,NYG,kickoff,0.029822479467839003,LAC,NYG,archive:asset:299770475:sha256:0b04ffcee75f07c5a1cec292d7b485ec3222bbbcb65f7d5866fcd81b802b9d9b:week:4
2025_04_LAC_NYG,464.0,2025,4,LAC,NYG,pass,-0.5828660544939339,LAC,NYG,archive:asset:299770475:sha256:0b04ffcee75f07c5a1cec292d7b485ec3222bbbcb65f7d5866fcd81b802b9d9b:week:4
2025_04_LAC_NYG,499.0,2025,4,LAC,NYG,pass,-0.2568358853459358,LAC,NYG,archive:asset:299770475:sha256:0b04ffcee75f07c5a1cec292d7b485ec3222bbbcb65f7d5866fcd81b802b9d9b:week:4
2025_04_LAC_NYG,524.0,2025,4,LAC,NYG,no_play,1.4013104308396578,LAC,NYG,archive:asset:299770475:sha256:0b04ffcee75f07c5a1cec292d7b485ec3222bbbcb65f7d5866fcd81b802b9d9b:week:4
2025_04_LAC_NYG,558.0,2025,4,LAC,NYG,no_play,-0.863595079164952,LAC,NYG,archive:asset:299770475:sha256:0b04ffcee75f07c5a1cec292d7b485ec3222bbbcb65f7d5866fcd81b802b9d9b:week:4
2025_04_LAC_NYG,591.0,2025,4,LAC,NYG,pass,-0.517899306025356,LAC,NYG,archive:asset:299770475:sha256:0b04ffcee75f07c5a1cec292d7b485ec3222bbbcb65f7d5866fcd81b802b9d9b:week:4
2025_04_LAC_NYG,616.0,2025,4,LAC,NYG,pass,-0.859596083406359,LAC,NYG,archive:asset:299770475:sha256:0b04ffcee75f07c5a1cec292d7b485ec3222bbbcb65f7d5866fcd81b802b9d9b:week:4
2025_04_LAC_NYG,636.0,2025,4,LAC,NYG,run,3.3491448962595314,LAC,NYG,archive:asset:299770475:sha256:0b04ffcee75f07c5a1cec292d7b485ec3222bbbcb65f7d5866fcd81b802b9d9b:week:4
2025_04_LAC_NYG,666.0,2025,4,LAC,NYG,pass,-0.529389227507636,LAC,NYG,archive:asset:299770475:sha256:0b04ffcee75f07c5a1cec292d7b485ec3222bbbcb65f7d5866fcd81b802b9d9b:week:4
2025_04_LAC_NYG,689.0,2025,4,LAC,NYG,no_play,0.5807536055799574,LAC,NYG,archive:asset:299770475:sha256:0b04ffcee75f07c5a1cec292d7b485ec3222bbbcb65f7d5866fcd81b802b9d9b:week:4
2025_04_LAC_NYG,725.0,2025,4,LAC,NYG,pass,-0.8439734478015453,LAC,NYG,archive:asset:299770475:sha256:0b04ffcee75f07c5a1cec292d7b485ec3222bbbcb65f7d5866fcd81b802b9d9b:week:4
2025_04_LAC_NYG,748.0,2025,4,LAC,NYG,pass,-1.7375323800370097,LAC,NYG,archive:asset:299770475:sha256:0b04ffcee75f07c5a1cec292d7b485ec3222bbbcb65f7d5866fcd81b802b9d9b:week:4
2025_04_LAC_NYG,771.0,2025,4,LAC,NYG,punt,0.16495012724772096,LAC,NYG,archive:asset:299770475:sha256:0b04ffcee75f07c5a1cec292d7b485ec3222bbbcb65f7d5866fcd81b802b9d9b:week:4
2025_04_LAC_NYG,791.0,2025,4,NYG,LAC,run,-0.24531485070474446,NYG,LAC,archive:asset:299770475:sha256:0b04ffcee75f07c5a1cec292d7b485ec3222bbbcb65f7d5866fcd81b802b9d9b:week:4
2025_04_LAC_NYG,830.0,2025,4,NYG,LAC,run,-0.5124494597548619,NYG,LAC,archive:asset:299770475:sha256:0b04ffcee75f07c5a1cec292d7b485ec3222bbbcb65f7d5866fcd81b802b9d9b:week:4
2025_04_LAC_NYG,852.0,2025,4,NYG,LAC,pass,1.9855082764988765,NYG,LAC,archive:asset:299770475:sha256:0b04ffcee75f07c5a1cec292d7b485ec3222bbbcb65f7d5866fcd81b802b9d9b:week:4
2025_04_LAC_NYG,877.0,2025,4,NYG,LAC,pass,-0.5573034421540797,NYG,LAC,archive:asset:299770475:sha256:0b04ffcee75f07c5a1cec292d7b485ec3222bbbcb65f7d5866fcd81b802b9d9b:week:4
2025_04_LAC_NYG,902.0,2025,4,NYG,LAC,pass,-0.8087616027332842,NYG,LAC,archive:asset:299770475:sha256:0b04ffcee75f07c5a1cec292d7b485ec3222bbbcb65f7d5866fcd81b802b9d9b:week:4
2025_04_LAC_NYG,925.0,2025,4,NYG,LAC,pass,-1.6131027969531715,NYG,LAC,archive:asset:299770475:sha256:0b04ffcee75f07c5a1cec292d7b485ec3222bbbcb65f7d5866fcd81b802b9d9b:week:4
2025_04_LAC_NYG,945.0,2025,4,NYG,LAC,punt,0.5495923240669072,NYG,LAC,archive:asset:299770475:sha256:0b04ffcee75f07c5a1cec292d7b485ec3222bbbcb65f7d5866fcd81b802b9d9b:week:4
2025_04_LAC_NYG,971.0,2025,4,LAC,NYG,pass,0.5572712447028607,LAC,NYG,archive:asset:299770475:sha256:0b04ffcee75f07c5a1cec292d7b485ec3222bbbcb65f7d5866fcd81b802b9d9b:week:4
2025_04_LAC_NYG,1008.0,2025,4,LAC,NYG,run,0.2198340070899576,LAC,NYG,archive:asset:299770475:sha256:0b04ffcee75f07c5a1cec292d7b485ec3222bbbcb65f7d5866fcd81b802b9d9b:week:4
2025_04_LAC_NYG,1030.0,2025,4,LAC,NYG,pass,-0.49820023076608777,LAC,NYG,archive:asset:299770475:sha256:0b04ffcee75f07c5a1cec292d7b485ec3222bbbcb65f7d5866fcd81b802b9d9b:week:4
2025_04_LAC_NYG,1053.0,2025,4,LAC,NYG,pass,-7.87802509724861,LAC,NYG,archive:asset:299770475:sha256:0b04ffcee75f07c5a1cec292d7b485ec3222bbbcb65f7d5866fcd81b802b9d9b:week:4
2025_04_LAC_NYG,1085.0,2025,4,NYG,LAC,no_play,-0.7045716046704911,NYG,LAC,archive:asset:299770475:sha256:0b04ffcee75f07c5a1cec292d7b485ec3222bbbcb65f7d5866fcd81b802b9d9b:week:4
2025_04_LAC_NYG,1109.0,2025,4,NYG,LAC,run,-0.43520770693430677,NYG,LAC,archive:asset:299770475:sha256:0b04ffcee75f07c5a1cec292d7b485ec3222bbbcb65f7d5866fcd81b802b9d9b:week:4
2025_04_LAC_NYG,1131.0,2025,4,NYG,LAC,,0.0,NYG,LAC,archive:asset:299770475:sha256:0b04ffcee75f07c5a1cec292d7b485ec3222bbbcb65f7d5866fcd81b802b9d9b:week:4
2025_04_LAC_NYG,1151.0,2025,4,NYG,LAC,run,-0.2404590625083074,NYG,LAC,archive:asset:299770475:sha256:0b04ffcee75f07c5a1cec292d7b485ec3222bbbcb65f7d5866fcd81b802b9d9b:week:4
2025_04_LAC_NYG,1173.0,2025,4,NYG,LAC,run,-1.8739309558996502,NYG,LAC,archive:asset:299770475:sha256:0b04ffcee75f07c5a1cec292d7b485ec3222bbbcb65f7d5866fcd81b802b9d9b:week:4
2025_04_LAC_NYG,1195.0,2025,4,NYG,LAC,field_goal,0.04814959883247871,NYG,LAC,archive:asset:299770475:sha256:0b04ffcee75f07c5a1cec292d7b485ec3222bbbcb65f7d5866fcd81b802b9d9b:week:4
2025_04_LAC_NYG,1215.0,2025,4,LAC,NYG,kickoff,0.49563410971313715,LAC,NYG,archive:asset:299770475:sha256:0b04ffcee75f07c5a1cec292d7b485ec3222bbbcb65f7d5866fcd81b802b9d9b:week:4
2025_04_LAC_NYG,1239.0,2025,4,LAC,NYG,run,0.32394877448678017,LAC,NYG,archive:asset:299770475:sha256:0b04ffcee75f07c5a1cec292d7b485ec3222bbbcb65f7d5866fcd81b802b9d9b:week:4
2025_04_LAC_NYG,1261.0,2025,4,LAC,NYG,run,0.5268914874177426,LAC,NYG,archive:asset:299770475:sha256:0b04ffcee75f07c5a1cec292d7b485ec3222bbbcb65f7d5866fcd81b802b9d9b:week:4
2025_04_LAC_NYG,1288.0,2025,4,LAC,NYG,pass,0.6838958244770765,LAC,NYG,archive:asset:299770475:sha256:0b04ffcee75f07c5a1cec292d7b485ec3222bbbcb65f7d5866fcd81b802b9d9b:week:4
2025_04_LAC_NYG,1313.0,2025,4,LAC,NYG,pass,0.787279111915268,LAC,NYG,archive:asset:299770475:sha256:0b04ffcee75f07c5a1cec292d7b485ec3222bbbcb65f7d5866fcd81b802b9d9b:week:4
2025_04_LAC_NYG,1338.0,2025,4,LAC,NYG,pass,0.20631108188536018,LAC,NYG,archive:asset:299770475:sha256:0b04ffcee75f07c5a1cec292d7b485ec3222bbbcb65f7d5866fcd81b802b9d9b:week:4
2025_04_LAC_NYG,1363.0,2025,4,LAC,NYG,pass,0.514567696605809,LAC,NYG,archive:asset:299770475:sha256:0b04ffcee75f07c5a1cec292d7b485ec3222bbbcb65f7d5866fcd81b802b9d9b:week:4
2025_04_LAC_NYG,1393.0,2025,4,LAC,NYG,no_play,-1.1306971402373165,LAC,NYG,archive:asset:299770475:sha256:0b04ffcee75f07c5a1cec292d7b485ec3222bbbcb65f7d5866fcd81b802b9d9b:week:4
2025_04_LAC_NYG,1431.0,2025,4,LAC,NYG,pass,-0.8766300418647006,LAC,NYG,archive:asset:299770475:sha256:0b04ffcee75f07c5a1cec292d7b485ec3222bbbcb65f7d5866fcd81b802b9d9b:week:4
2025_04_LAC_NYG,1456.0,2025,4,LAC,NYG,pass,1.446034652122762,LAC,NYG,archive:asset:299770475:sha256:0b04ffcee75f07c5a1cec292d7b485ec3222bbbcb65f7d5866fcd81b802b9d9b:week:4
2025_04_LAC_NYG,1486.0,2025,4,LAC,NYG,pass,-1.8199112439005636,LAC,NYG,archive:asset:299770475:sha256:0b04ffcee75f07c5a1cec292d7b485ec3222bbbcb65f7d5866fcd81b802b9d9b:week:4
2025_04_LAC_NYG,1520.0,2025,4,LAC,NYG,field_goal,0.9027248668543995,LAC,NYG,archive:asset:299770475:sha256:0b04ffcee75f07c5a1cec292d7b485ec3222bbbcb65f7d5866fcd81b802b9d9b:week:4
2025_04_LAC_NYG,1551.0,2025,4,NYG,LAC,kickoff,0.8019191848579794,NYG,LAC,archive:asset:299770475:sha256:0b04ffcee75f07c5a1cec292d7b485ec3222bbbcb65f7d5866fcd81b802b9d9b:week:4
2025_04_LAC_NYG,1583.0,2025,4,NYG,LAC,run,0.12360227946192026,NYG,LAC,archive:asset:299770475:sha256:0b04ffcee75f07c5a1cec292d7b485ec3222bbbcb65f7d5866fcd81b802b9d9b:week:4
2025_04_LAC_NYG,1605.0,2025,4,NYG,LAC,pass,-1.853099279338494,NYG,LAC,archive:asset:299770475:sha256:0b04ffcee75f07c5a1cec292d7b485ec3222bbbcb65f7d5866fcd81b802b9d9b:week:4
2025_04_LAC_NYG,1625.0,2025,4,NYG,LAC,pass,2.342422730056569,NYG,LAC,archive:asset:299770475:sha256:0b04ffcee75f07c5a1cec292d7b485ec3222bbbcb65f7d5866fcd81b802b9d9b:week:4
2025_04_LAC_NYG,1692.0,2025,4,NYG,LAC,pass,-0.45387331675738096,NYG,LAC,archive:asset:299770475:sha256:0b04ffcee75f07c5a1cec292d7b485ec3222bbbcb65f7d5866fcd81b802b9d9b:week:4
2025_04_LAC_NYG,1715.0,2025,4,NYG,LAC,pass,-0.7465645815245807,NYG,LAC,archive:asset:299770475:sha256:0b04ffcee75f07c5a1cec292d7b485ec3222bbbcb65f7d5866fcd81b802b9d9b:week:4
2025_04_LAC_NYG,1779.0,2025,4,NYG,LAC,no_play,0.6016805986873806,NYG,LAC,archive:asset:299770475:sha256:0b04ffcee75f07c5a1cec292d7b485ec3222bbbcb65f7d5866fcd81b802b9d9b:week:4
2025_04_LAC_NYG,1828.0,2025,4,NYG,LAC,no_play,-0.6005574087612331,NYG,LAC,archive:asset:299770475:sha256:0b04ffcee75f07c5a1cec292d7b485ec3222bbbcb65f7d5866fcd81b802b9d9b:week:4
2025_04_LAC_NYG,1859.0,2025,4,NYG,LAC,run,1.9675632427679375,NYG,LAC,archive:asset:299770475:sha256:0b04ffcee75f07c5a1cec292d7b485ec3222bbbcb65f7d5866fcd81b802b9d9b:week:4
2025_04_LAC_NYG,1881.0,2025,4,NYG,LAC,pass,-0.22482972126454115,NYG,LAC,archive:asset:299770475:sha256:0b04ffcee75f07c5a1cec292d7b485ec3222bbbcb65f7d5866fcd81b802b9d9b:week:4
2025_04_LAC_NYG,1906.0,2025,4,NYG,LAC,pass,0.003773910808376968,NYG,LAC,archive:asset:299770475:sha256:0b04ffcee75f07c5a1cec292d7b485ec3222bbbcb65f7d5866fcd81b802b9d9b:week:4
2025_04_LAC_NYG,1931.0,2025,4,NYG,LAC,run,0.6985694167669863,NYG,LAC,archive:asset:299770475:sha256:0b04ffcee75f07c5a1cec292d7b485ec3222bbbcb65f7d5866fcd81b802b9d9b:week:4
2025_04_LAC_NYG,1953.0,2025,4,NYG,LAC,run,-0.44564844691194594,NYG,LAC,archive:asset:299770475:sha256:0b04ffcee75f07c5a1cec292d7b485ec3222bbbcb65f7d5866fcd81b802b9d9b:week:4
2025_04_LAC_NYG,1975.0,2025,4,NYG,LAC,run,-0.3423252241918817,NYG,LAC,archive:asset:299770475:sha256:0b04ffcee75f07c5a1cec292d7b485ec3222bbbcb65f7d5866fcd81b802b9d9b:week:4
2025_04_LAC_NYG,1997.0,2025,4,NYG,LAC,no_play,1.7835025188687723,NYG,LAC,archive:asset:299770475:sha256:0b04ffcee75f07c5a1cec292d7b485ec3222bbbcb65f7d5866fcd81b802b9d9b:week:4
2025_04_LAC_NYG,2031.0,2025,4,NYG,LAC,run,-0.5887777152529452,NYG,LAC,archive:asset:299770475:sha256:0b04ffcee75f07c5a1cec292d7b485ec3222bbbcb65f7d5866fcd81b802b9d9b:week:4
2025_04_LAC_NYG,2053.0,2025,4,NYG,LAC,pass,-0.8331161414971575,NYG,LAC,archive:asset:299770475:sha256:0b04ffcee75f07c5a1cec292d7b485ec3222bbbcb65f7d5866fcd81b802b9d9b:week:4
2025_04_LAC_NYG,2073.0,2025,4,NYG,LAC,pass,-0.6619450253038646,NYG,LAC,archive:asset:299770475:sha256:0b04ffcee75f07c5a1cec292d7b485ec3222bbbcb65f7d5866fcd81b802b9d9b:week:4
2025_04_LAC_NYG,2103.0,2025,4,NYG,LAC,field_goal,0.18765755397733086,NYG,LAC,archive:asset:299770475:sha256:0b04ffcee75f07c5a1cec292d7b485ec3222bbbcb65f7d5866fcd81b802b9d9b:week:4
2025_04_LAC_NYG,2123.0,2025,4,LAC,NYG,kickoff,0.011788410833105445,LAC,NYG,archive:asset:299770475:sha256:0b04ffcee75f07c5a1cec292d7b485ec3222bbbcb65f7d5866fcd81b802b9d9b:week:4
2025_04_LAC_NYG,2146.0,2025,4,LAC,NYG,pass,0.8401388836791739,LAC,NYG,archive:asset:299770475:sha256:0b04ffcee75f07c5a1cec292d7b485ec3222bbbcb65f7d5866fcd81b802b9d9b:week:4
2025_04_LAC_NYG,2171.0,2025,4,LAC,NYG,pass,-0.17710773285944015,LAC,NYG,archive:asset:299770475:sha256:0b04ffcee75f07c5a1cec292d7b485ec3222bbbcb65f7d5866fcd81b802b9d9b:week:4
2025_04_LAC_NYG,2196.0,2025,4,LAC,NYG,pass,-0.27352112135849893,LAC,NYG,archive:asset:299770475:sha256:0b04ffcee75f07c5a1cec292d7b485ec3222bbbcb65f7d5866fcd81b802b9d9b:week:4
2025_04_LAC_NYG,2230.0,2025,4,LAC,NYG,pass,1.0837468795944005,LAC,NYG,archive:asset:299770475:sha256:0b04ffcee75f07c5a1cec292d7b485ec3222bbbcb65f7d5866fcd81b802b9d9b:week:4
2025_04_LAC_NYG,2260.0,2025,4,LAC,NYG,pass,-0.18244524905458093,LAC,NYG,archive:asset:299770475:sha256:0b04ffcee75f07c5a1cec292d7b485ec3222bbbcb65f7d5866fcd81b802b9d9b:week:4
2025_04_LAC_NYG,2297.0,2025,4,,,no_play,-0.0,,,archive:asset:299770475:sha256:0b04ffcee75f07c5a1cec292d7b485ec3222bbbcb65f7d5866fcd81b802b9d9b:week:4
2025_04_LAC_NYG,2285.0,2025,4,LAC,NYG,pass,-0.30608917702920735,LAC,NYG,archive:asset:299770475:sha256:0b04ffcee75f07c5a1cec292d7b485ec3222bbbcb65f7d5866fcd81b802b9d9b:week:4
2025_04_LAC_NYG,2315.0,2025,4,LAC,NYG,pass,-0.9896574502927251,LAC,NYG,archive:asset:299770475:sha256:0b04ffcee75f07c5a1cec292d7b485ec3222bbbcb65f7d5866fcd81b802b9d9b:week:4
2025_04_LAC_NYG,2352.0,2025,4,,,no_play,-0.0,,,archive:asset:299770475:sha256:0b04ffcee75f07c5a1cec292d7b485ec3222bbbcb65f7d5866fcd81b802b9d9b:week:4
2025_04_LAC_NYG,2340.0,2025,4,LAC,NYG,no_play,1.6095779241877608,LAC,NYG,archive:asset:299770475:sha256:0b04ffcee75f07c5a1cec292d7b485ec3222bbbcb65f7d5866fcd81b802b9d9b:week:4
2025_04_LAC_NYG,2397.0,2025,4,,,no_play,-0.0,,,archive:asset:299770475:sha256:0b04ffcee75f07c5a1cec292d7b485ec3222bbbcb65f7d5866fcd81b802b9d9b:week:4
2025_04_LAC_NYG,2385.0,2025,4,LAC,NYG,pass,4.6973822441650555,LAC,NYG,archive:asset:299770475:sha256:0b04ffcee75f07c5a1cec292d7b485ec3222bbbcb65f7d5866fcd81b802b9d9b:week:4
2025_04_LAC_NYG,2418.0,2025,4,LAC,NYG,extra_point,0.06757300310763314,LAC,NYG,archive:asset:299770475:sha256:0b04ffcee75f07c5a1cec292d7b485ec3222bbbcb65f7d5866fcd81b802b9d9b:week:4
2025_04_LAC_NYG,2433.0,2025,4,NYG,LAC,kickoff,-0.026911147870123386,NYG,LAC,archive:asset:299770475:sha256:0b04ffcee75f07c5a1cec292d7b485ec3222bbbcb65f7d5866fcd81b802b9d9b:week:4
2025_04_LAC_NYG,2456.0,2025,4,NYG,LAC,run,-0.21518577984534204,NYG,LAC,archive:asset:299770475:sha256:0b04ffcee75f07c5a1cec292d7b485ec3222bbbcb65f7d5866fcd81b802b9d9b:week:4
2025_04_LAC_NYG,2478.0,2025,4,,,,,,,archive:asset:299770475:sha256:0b04ffcee75f07c5a1cec292d7b485ec3222bbbcb65f7d5866fcd81b802b9d9b:week:4
2025_04_LAC_NYG,2498.0,2025,4,NYG,LAC,kickoff,0.008639628067612648,NYG,LAC,archive:asset:299770475:sha256:0b04ffcee75f07c5a1cec292d7b485ec3222bbbcb65f7d5866fcd81b802b9d9b:week:4
2025_04_LAC_NYG,2539.0,2025,4,NYG,LAC,run,-0.05666795885190368,NYG,LAC,archive:asset:299770475:sha256:0b04ffcee75f07c5a1cec292d7b485ec3222bbbcb65f7d5866fcd81b802b9d9b:week:4
2025_04_LAC_NYG,2561.0,2025,4,NYG,LAC,run,0.8535235626623034,NYG,LAC,archive:asset:299770475:sha256:0b04ffcee75f07c5a1cec292d7b485ec3222bbbcb65f7d5866fcd81b802b9d9b:week:4
2025_04_LAC_NYG,2583.0,2025,4,NYG,LAC,run,0.15151764056645334,NYG,LAC,archive:asset:299770475:sha256:0b04ffcee75f07c5a1cec292d7b485ec3222bbbcb65f7d5866fcd81b802b9d9b:week:4
2025_04_LAC_NYG,2605.0,2025,4,NYG,LAC,run,-0.8217119371984154,NYG,LAC,archive:asset:299770475:sha256:0b04ffcee75f07c5a1cec292d7b485ec3222bbbcb65f7d5866fcd81b802b9d9b:week:4
2025_04_LAC_NYG,2630.0,2025,4,NYG,LAC,run,1.5086061211768538,NYG,LAC,archive:asset:299770475:sha256:0b04ffcee75f07c5a1cec292d7b485ec3222bbbcb65f7d5866fcd81b802b9d9b:week:4
2025_04_LAC_NYG,2652.0,2025,4,NYG,LAC,pass,-0.5060392313171178,NYG,LAC,archive:asset:299770475:sha256:0b04ffcee75f07c5a1cec292d7b485ec3222bbbcb65f7d5866fcd81b802b9d9b:week:4
2025_04_LAC_NYG,2675.0,2025,4,NYG,LAC,no_play,-0.8591206683777273,NYG,LAC,archive:asset:299770475:sha256:0b04ffcee75f07c5a1cec292d7b485ec3222bbbcb65f7d5866fcd81b802b9d9b:week:4
2025_04_LAC_NYG,2708.0,2025,4,NYG,LAC,pass,-1.3772579738870263,NYG,LAC,archive:asset:299770475:sha256:0b04ffcee75f07c5a1cec292d7b485ec3222bbbcb65f7d5866fcd81b802b9d9b:week:4
2025_04_LAC_NYG,2759.0,2025,4,NYG,LAC,pass,-0.7913276753388345,NYG,LAC,archive:asset:299770475:sha256:0b04ffcee75f07c5a1cec292d7b485ec3222bbbcb65f7d5866fcd81b802b9d9b:week:4
2025_04_LAC_NYG,2788.0,2025,4,NYG,LAC,punt,0.7990151771809906,NYG,LAC,archive:asset:299770475:sha256:0b04ffcee75f07c5a1cec292d7b485ec3222bbbcb65f7d5866fcd81b802b9d9b:week:4
2025_04_LAC_NYG,2825.0,2025,4,LAC,NYG,pass,0.3970158768352121,LAC,NYG,archive:asset:299770475:sha256:0b04ffcee75f07c5a1cec292d7b485ec3222bbbcb65f7d5866fcd81b802b9d9b:week:4
2025_04_LAC_NYG,2885.0,2025,4,LAC,NYG,run,-0.512812283821404,LAC,NYG,archive:asset:299770475:sha256:0b04ffcee75f07c5a1cec292d7b485ec3222bbbcb65f7d5866fcd81b802b9d9b:week:4
2025_04_LAC_NYG,2944.0,2025,4,LAC,NYG,run,1.8643695279024541,LAC,NYG,archive:asset:299770475:sha256:0b04ffcee75f07c5a1cec292d7b485ec3222bbbcb65f7d5866fcd81b802b9d9b:week:4
2025_04_LAC_NYG,2967.0,2025,4,LAC,NYG,pass,-0.5454564238898456,LAC,NYG,archive:asset:299770475:sha256:0b04ffcee75f07c5a1cec292d7b485ec3222bbbcb65f7d5866fcd81b802b9d9b:week:4
2025_04_LAC_NYG,2999.0,2025,4,LAC,NYG,pass,-0.625727531965822,LAC,NYG,archive:asset:299770475:sha256:0b04ffcee75f07c5a1cec292d7b485ec3222bbbcb65f7d5866fcd81b802b9d9b:week:4
2025_04_LAC_NYG,3024.0,2025,4,LAC,NYG,no_play,-0.6431609005667269,LAC,NYG,archive:asset:299770475:sha256:0b04ffcee75f07c5a1cec292d7b485ec3222bbbcb65f7d5866fcd81b802b9d9b:week:4
2025_04_LAC_NYG,3048.0,2025,4,LAC,NYG,no_play,-0.4050702229142189,LAC,NYG,archive:asset:299770475:sha256:0b04ffcee75f07c5a1cec292d7b485ec3222bbbcb65f7d5866fcd81b802b9d9b:week:4
2025_04_LAC_NYG,3081.0,2025,4,LAC,NYG,pass,-0.44027138175442815,LAC,NYG,archive:asset:299770475:sha256:0b04ffcee75f07c5a1cec292d7b485ec3222bbbcb65f7d5866fcd81b802b9d9b:week:4
2025_04_LAC_NYG,3106.0,2025,4,LAC,NYG,punt,1.1328374596778303,LAC,NYG,archive:asset:299770475:sha256:0b04ffcee75f07c5a1cec292d7b485ec3222bbbcb65f7d5866fcd81b802b9d9b:week:4
2025_04_LAC_NYG,3154.0,2025,4,NYG,LAC,run,-0.5154039850458503,NYG,LAC,archive:asset:299770475:sha256:0b04ffcee75f07c5a1cec292d7b485ec3222bbbcb65f7d5866fcd81b802b9d9b:week:4
2025_04_LAC_NYG,3183.0,2025,4,NYG,LAC,run,-1.7112930652219802,NYG,LAC,archive:asset:299770475:sha256:0b04ffcee75f07c5a1cec292d7b485ec3222bbbcb65f7d5866fcd81b802b9d9b:week:4
2025_04_LAC_NYG,3213.0,2025,4,NYG,LAC,pass,-0.9498532461002469,NYG,LAC,archive:asset:299770475:sha256:0b04ffcee75f07c5a1cec292d7b485ec3222bbbcb65f7d5866fcd81b802b9d9b:week:4
2025_04_LAC_NYG,3236.0,2025,4,NYG,LAC,punt,1.1535333530046046,NYG,LAC,archive:asset:299770475:sha256:0b04ffcee75f07c5a1cec292d7b485ec3222bbbcb65f7d5866fcd81b802b9d9b:week:4
2025_04_LAC_NYG,3262.0,2025,4,LAC,NYG,run,-0.20050315279513597,LAC,NYG,archive:asset:299770475:sha256:0b04ffcee75f07c5a1cec292d7b485ec3222bbbcb65f7d5866fcd81b802b9d9b:week:4
2025_04_LAC_NYG,3291.0,2025,4,LAC,NYG,run,-0.7321962227579206,LAC,NYG,archive:asset:299770475:sha256:0b04ffcee75f07c5a1cec292d7b485ec3222bbbcb65f7d5866fcd81b802b9d9b:week:4
2025_04_LAC_NYG,3313.0,2025,4,LAC,NYG,pass,-7.1540510806953534,LAC,NYG,archive:asset:299770475:sha256:0b04ffcee75f07c5a1cec292d7b485ec3222bbbcb65f7d5866fcd81b802b9d9b:week:4
2025_04_LAC_NYG,3361.0,2025,4,NYG,LAC,run,-0.3809802010655403,NYG,LAC,archive:asset:299770475:sha256:0b04ffcee75f07c5a1cec292d7b485ec3222bbbcb65f7d5866fcd81b802b9d9b:week:4
2025_04_LAC_NYG,3383.0,2025,4,NYG,LAC,pass,1.1556963551556692,NYG,LAC,archive:asset:299770475:sha256:0b04ffcee75f07c5a1cec292d7b485ec3222bbbcb65f7d5866fcd81b802b9d9b:week:4
2025_04_LAC_NYG,3420.0,2025,4,NYG,LAC,run,1.053,NYG,LAC,archive:asset:299770475:sha256:0b04ffcee75f07c5a1cec292d7b485ec3222bbbcb65f7d5866fcd81b802b9d9b:week:4
2025_04_LAC_NYG,3433.0,2025,4,LAC,NYG,kickoff,0.5825438634492457,LAC,NYG,archive:asset:299770475:sha256:0b04ffcee75f07c5a1cec292d7b485ec3222bbbcb65f7d5866fcd81b802b9d9b:week:4
2025_04_LAC_NYG,3463.0,2025,4,LAC,NYG,pass,-0.5678277108818293,LAC,NYG,archive:asset:299770475:sha256:0b04ffcee75f07c5a1cec292d7b485ec3222bbbcb65f7d5866fcd81b802b9d9b:week:4
2025_04_LAC_NYG,3488.0,2025,4,LAC,NYG,pass,1.4123004176653922,LAC,NYG,archive:asset:299770475:sha256:0b04ffcee75f07c5a1cec292d7b485ec3222bbbcb65f7d5866fcd81b802b9d9b:week:4
2025_04_LAC_NYG,3518.0,2025,4,LAC,NYG,run,4.713195779826492,LAC,NYG,archive:asset:299770475:sha256:0b04ffcee75f07c5a1cec292d7b485ec3222bbbcb65f7d5866fcd81b802b9d9b:week:4
2025_04_LAC_NYG,3541.0,2025,4,LAC,NYG,run,1.053,LAC,NYG,archive:asset:299770475:sha256:0b04ffcee75f07c5a1cec292d7b485ec3222bbbcb65f7d5866fcd81b802b9d9b:week:4
2025_04_LAC_NYG,3567.0,2025,4,NYG,LAC,kickoff,0.8864012067206204,NYG,LAC,archive:asset:299770475:sha256:0b04ffcee75f07c5a1cec292d7b485ec3222bbbcb65f7d5866fcd81b802b9d9b:week:4
2025_04_LAC_NYG,3595.0,2025,4,NYG,LAC,pass,0.30088925594463944,NYG,LAC,archive:asset:299770475:sha256:0b04ffcee75f07c5a1cec292d7b485ec3222bbbcb65f7d5866fcd81b802b9d9b:week:4
2025_04_LAC_NYG,3620.0,2025,4,NYG,LAC,run,0.30629588896408677,NYG,LAC,archive:asset:299770475:sha256:0b04ffcee75f07c5a1cec292d7b485ec3222bbbcb65f7d5866fcd81b802b9d9b:week:4
2025_04_LAC_NYG,3642.0,2025,4,NYG,LAC,pass,-1.1679455121047795,NYG,LAC,archive:asset:299770475:sha256:0b04ffcee75f07c5a1cec292d7b485ec3222bbbcb65f7d5866fcd81b802b9d9b:week:4
2025_04_LAC_NYG,3662.0,2025,4,NYG,LAC,,0.0,NYG,LAC,archive:asset:299770475:sha256:0b04ffcee75f07c5a1cec292d7b485ec3222bbbcb65f7d5866fcd81b802b9d9b:week:4
2025_04_LAC_NYG,3682.0,2025,4,NYG,LAC,pass,1.8261207472532988,NYG,LAC,archive:asset:299770475:sha256:0b04ffcee75f07c5a1cec292d7b485ec3222bbbcb65f7d5866fcd81b802b9d9b:week:4
2025_04_LAC_NYG,3707.0,2025,4,NYG,LAC,run,-0.5071479612961411,NYG,LAC,archive:asset:299770475:sha256:0b04ffcee75f07c5a1cec292d7b485ec3222bbbcb65f7d5866fcd81b802b9d9b:week:4
2025_04_LAC_NYG,3729.0,2025,4,NYG,LAC,pass,-1.8257620583754033,NYG,LAC,archive:asset:299770475:sha256:0b04ffcee75f07c5a1cec292d7b485ec3222bbbcb65f7d5866fcd81b802b9d9b:week:4
2025_04_LAC_NYG,3749.0,2025,4,NYG,LAC,run,-1.1989900544285774,NYG,LAC,archive:asset:299770475:sha256:0b04ffcee75f07c5a1cec292d7b485ec3222bbbcb65f7d5866fcd81b802b9d9b:week:4
2025_04_LAC_NYG,3771.0,2025,4,NYG,LAC,punt,0.08162446273490787,NYG,LAC,archive:asset:299770475:sha256:0b04ffcee75f07c5a1cec292d7b485ec3222bbbcb65f7d5866fcd81b802b9d9b:week:4
2025_04_LAC_NYG,3791.0,2025,4,LAC,NYG,pass,-0.5424393659923226,LAC,NYG,archive:asset:299770475:sha256:0b04ffcee75f07c5a1cec292d7b485ec3222bbbcb65f7d5866fcd81b802b9d9b:week:4
2025_04_LAC_NYG,3821.0,2025,4,LAC,NYG,pass,0.35507076838985085,LAC,NYG,archive:asset:299770475:sha256:0b04ffcee75f07c5a1cec292d7b485ec3222bbbcb65f7d5866fcd81b802b9d9b:week:4
2025_04_LAC_NYG,3851.0,2025,4,LAC,NYG,pass,-1.5129681448452175,LAC,NYG,archive:asset:299770475:sha256:0b04ffcee75f07c5a1cec292d7b485ec3222bbbcb65f7d5866fcd81b802b9d9b:week:4
2025_04_LAC_NYG,3874.0,2025,4,LAC,NYG,punt,-1.0598961166106164,LAC,NYG,archive:asset:299770475:sha256:0b04ffcee75f07c5a1cec292d7b485ec3222bbbcb65f7d5866fcd81b802b9d9b:week:4
2025_04_LAC_NYG,3893.0,2025,4,NYG,LAC,run,0.19389496580697596,NYG,LAC,archive:asset:299770475:sha256:0b04ffcee75f07c5a1cec292d7b485ec3222bbbcb65f7d5866fcd81b802b9d9b:week:4
2025_04_LAC_NYG,3915.0,2025,4,NYG,LAC,run,0.5746492458274588,NYG,LAC,archive:asset:299770475:sha256:0b04ffcee75f07c5a1cec292d7b485ec3222bbbcb65f7d5866fcd81b802b9d9b:week:4
2025_04_LAC_NYG,3937.0,2025,4,NYG,LAC,pass,0.7016824750462547,NYG,LAC,archive:asset:299770475:sha256:0b04ffcee75f07c5a1cec292d7b485ec3222bbbcb65f7d5866fcd81b802b9d9b:week:4
2025_04_LAC_NYG,3962.0,2025,4,NYG,LAC,run,0.33481334848329425,NYG,LAC,archive:asset:299770475:sha256:0b04ffcee75f07c5a1cec292d7b485ec3222bbbcb65f7d5866fcd81b802b9d9b:week:4
2025_04_LAC_NYG,3984.0,2025,4,NYG,LAC,pass,0.21221628144849092,NYG,LAC,archive:asset:299770475:sha256:0b04ffcee75f07c5a1cec292d7b485ec3222bbbcb65f7d5866fcd81b802b9d9b:week:4
2025_04_LAC_NYG,4014.0,2025,4,NYG,LAC,run,-0.1312074894667603,NYG,LAC,archive:asset:299770475:sha256:0b04ffcee75f07c5a1cec292d7b485ec3222bbbcb65f7d5866fcd81b802b9d9b:week:4
2025_04_LAC_NYG,4075.0,2025,4,NYG,LAC,no_play,1.1171716369572096,NYG,LAC,archive:asset:299770475:sha256:0b04ffcee75f07c5a1cec292d7b485ec3222bbbcb65f7d5866fcd81b802b9d9b:week:4
2025_04_LAC_NYG,4108.0,2025,4,NYG,LAC,run,0.2660018555179704,NYG,LAC,archive:asset:299770475:sha256:0b04ffcee75f07c5a1cec292d7b485ec3222bbbcb65f7d5866fcd81b802b9d9b:week:4
2025_04_LAC_NYG,4130.0,2025,4,NYG,LAC,run,-0.4721970417012926,NYG,LAC,archive:asset:299770475:sha256:0b04ffcee75f07c5a1cec292d7b485ec3222bbbcb65f7d5866fcd81b802b9d9b:week:4
2025_04_LAC_NYG,4155.0,2025,4,NYG,LAC,run,-2.687802357308101,NYG,LAC,archive:asset:299770475:sha256:0b04ffcee75f07c5a1cec292d7b485ec3222bbbcb65f7d5866fcd81b802b9d9b:week:4
2025_04_LAC_NYG,4177.0,2025,4,NYG,LAC,pass,-2.8022040931973606,NYG,LAC,archive:asset:299770475:sha256:0b04ffcee75f07c5a1cec292d7b485ec3222bbbcb65f7d5866fcd81b802b9d9b:week:4
2025_04_LAC_NYG,4200.0,2025,4,LAC,NYG,run,0.29049812932498753,LAC,NYG,archive:asset:299770475:sha256:0b04ffcee75f07c5a1cec292d7b485ec3222bbbcb65f7d5866fcd81b802b9d9b:week:4
2025_04_LAC_NYG,4222.0,2025,4,LAC,NYG,pass,-0.5982385445386171,LAC,NYG,archive:asset:299770475:sha256:0b04ffcee75f07c5a1cec292d7b485ec3222bbbcb65f7d5866fcd81b802b9d9b:week:4
2025_04_LAC_NYG,4245.0,2025,4,LAC,NYG,run,2.3578500493895262,LAC,NYG,archive:asset:299770475:sha256:0b04ffcee75f07c5a1cec292d7b485ec3222bbbcb65f7d5866fcd81b802b9d9b:week:4
2025_04_LAC_NYG,4272.0,2025,4,LAC,NYG,pass,-0.4796657278202474,LAC,NYG,archive:asset:299770475:sha256:0b04ffcee75f07c5a1cec292d7b485ec3222bbbcb65f7d5866fcd81b802b9d9b:week:4
2025_04_LAC_NYG,4295.0,2025,4,LAC,NYG,no_play,0.7980304548982531,LAC,NYG,archive:asset:299770475:sha256:0b04ffcee75f07c5a1cec292d7b485ec3222bbbcb65f7d5866fcd81b802b9d9b:week:4
2025_04_LAC_NYG,4329.0,2025,4,LAC,NYG,run,-0.5768774828175083,LAC,NYG,archive:asset:299770475:sha256:0b04ffcee75f07c5a1cec292d7b485ec3222bbbcb65f7d5866fcd81b802b9d9b:week:4
2025_04_LAC_NYG,4351.0,2025,4,LAC,NYG,pass,-0.6626782054081559,LAC,NYG,archive:asset:299770475:sha256:0b04ffcee75f07c5a1cec292d7b485ec3222bbbcb65f7d5866fcd81b802b9d9b:week:4
2025_04_LAC_NYG,4374.0,2025,4,LAC,NYG,pass,-1.7938906740164384,LAC,NYG,archive:asset:299770475:sha256:0b04ffcee75f07c5a1cec292d7b485ec3222bbbcb65f7d5866fcd81b802b9d9b:week:4
2025_04_LAC_NYG,4394.0,2025,4,LAC,NYG,punt,-0.07471380475908518,LAC,NYG,archive:asset:299770475:sha256:0b04ffcee75f07c5a1cec292d7b485ec3222bbbcb65f7d5866fcd81b802b9d9b:week:4
2025_04_LAC_NYG,4420.0,2025,4,NYG,LAC,no_play,0.6040050796000287,NYG,LAC,archive:asset:299770475:sha256:0b04ffcee75f07c5a1cec292d7b485ec3222bbbcb65f7d5866fcd81b802b9d9b:week:4
2025_04_LAC_NYG,4453.0,2025,4,NYG,LAC,run,-0.1909589336719364,NYG,LAC,archive:asset:299770475:sha256:0b04ffcee75f07c5a1cec292d7b485ec3222bbbcb65f7d5866fcd81b802b9d9b:week:4
2025_04_LAC_NYG,4487.0,2025,4,,,no_play,0.0,,,archive:asset:299770475:sha256:0b04ffcee75f07c5a1cec292d7b485ec3222bbbcb65f7d5866fcd81b802b9d9b:week:4
2025_04_LAC_NYG,4475.0,2025,4,NYG,LAC,run,-1.0430692114168778,NYG,LAC,archive:asset:299770475:sha256:0b04ffcee75f07c5a1cec292d7b485ec3222bbbcb65f7d5866fcd81b802b9d9b:week:4
2025_04_LAC_NYG,4516.0,2025,4,,,no_play,0.0,,,archive:asset:299770475:sha256:0b04ffcee75f07c5a1cec292d7b485ec3222bbbcb65f7d5866fcd81b802b9d9b:week:4
2025_04_LAC_NYG,4504.0,2025,4,NYG,LAC,pass,0.5477673519635573,NYG,LAC,archive:asset:299770475:sha256:0b04ffcee75f07c5a1cec292d7b485ec3222bbbcb65f7d5866fcd81b802b9d9b:week:4
2025_04_LAC_NYG,4548.0,2025,4,,,no_play,0.0,,,archive:asset:299770475:sha256:0b04ffcee75f07c5a1cec292d7b485ec3222bbbcb65f7d5866fcd81b802b9d9b:week:4
2025_04_LAC_NYG,4536.0,2025,4,NYG,LAC,run,-0.09507719072280452,NYG,LAC,archive:asset:299770475:sha256:0b04ffcee75f07c5a1cec292d7b485ec3222bbbcb65f7d5866fcd81b802b9d9b:week:4
2025_04_LAC_NYG,4565.0,2025,4,NYG,LAC,run,-0.28692262788536027,NYG,LAC,archive:asset:299770475:sha256:0b04ffcee75f07c5a1cec292d7b485ec3222bbbcb65f7d5866fcd81b802b9d9b:week:4
2025_04_LAC_NYG,4594.0,2025,4,NYG,LAC,run,-0.29969345533754677,NYG,LAC,archive:asset:299770475:sha256:0b04ffcee75f07c5a1cec292d7b485ec3222bbbcb65f7d5866fcd81b802b9d9b:week:4
2025_04_LAC_NYG,4632.0,2025,4,,,no_play,0.0,,,archive:asset:299770475:sha256:0b04ffcee75f07c5a1cec292d7b485ec3222bbbcb65f7d5866fcd81b802b9d9b:week:4
2025_04_LAC_NYG,4616.0,2025,4,NYG,LAC,punt,-0.1112808064208366,NYG,LAC,archive:asset:299770475:sha256:0b04ffcee75f07c5a1cec292d7b485ec3222bbbcb65f7d5866fcd81b802b9d9b:week:4
2025_04_LAC_NYG,4649.0,2025,4,LAC,NYG,pass,-0.023576330713694915,LAC,NYG,archive:asset:299770475:sha256:0b04ffcee75f07c5a1cec292d7b485ec3222bbbcb65f7d5866fcd81b802b9d9b:week:4
2025_04_LAC_NYG,4684.0,2025,4,,,no_play,-0.0,,,archive:asset:299770475:sha256:0b04ffcee75f07c5a1cec292d7b485ec3222bbbcb65f7d5866fcd81b802b9d9b:week:4
2025_04_LAC_NYG,4672.0,2025,4,LAC,NYG,pass,0.018108077376382425,LAC,NYG,archive:asset:299770475:sha256:0b04ffcee75f07c5a1cec292d7b485ec3222bbbcb65f7d5866fcd81b802b9d9b:week:4
2025_04_LAC_NYG,4707.0,2025,4,LAC,NYG,,,LAC,NYG,archive:asset:299770475:sha256:0b04ffcee75f07c5a1cec292d7b485ec3222bbbcb65f7d5866fcd81b802b9d9b:week:4
2025_04_MIN_PIT,1.0,2025,4,,,,0.0,,,archive:asset:299770475:sha256:0b04ffcee75f07c5a1cec292d7b485ec3222bbbcb65f7d5866fcd81b802b9d9b:week:4
2025_04_MIN_PIT,39.0,2025,4,PIT,MIN,kickoff,0.5627140537835658,PIT,MIN,archive:asset:299770475:sha256:0b04ffcee75f07c5a1cec292d7b485ec3222bbbcb65f7d5866fcd81b802b9d9b:week:4
2025_04_MIN_PIT,62.0,2025,4,PIT,MIN,pass,-1.3627301268279552,PIT,MIN,archive:asset:299770475:sha256:0b04ffcee75f07c5a1cec292d7b485ec3222bbbcb65f7d5866fcd81b802b9d9b:week:4
2025_04_MIN_PIT,82.0,2025,4,PIT,MIN,pass,-0.30283613922074437,PIT,MIN,archive:asset:299770475:sha256:0b04ffcee75f07c5a1cec292d7b485ec3222bbbcb65f7d5866fcd81b802b9d9b:week:4
2025_04_MIN_PIT,107.0,2025,4,PIT,MIN,pass,-1.1685384949669242,PIT,MIN,archive:asset:299770475:sha256:0b04ffcee75f07c5a1cec292d7b485ec3222bbbcb65f7d5866fcd81b802b9d9b:week:4
2025_04_MIN_PIT,134.0,2025,4,PIT,MIN,punt,0.5862425887025893,PIT,MIN,archive:asset:299770475:sha256:0b04ffcee75f07c5a1cec292d7b485ec3222bbbcb65f7d5866fcd81b802b9d9b:week:4
2025_04_MIN_PIT,160.0,2025,4,MIN,PIT,pass,-0.07173603167757392,MIN,PIT,archive:asset:299770475:sha256:0b04ffcee75f07c5a1cec292d7b485ec3222bbbcb65f7d5866fcd81b802b9d9b:week:4
2025_04_MIN_PIT,190.0,2025,4,MIN,PIT,run,0.8140510348603129,MIN,PIT,archive:asset:299770475:sha256:0b04ffcee75f07c5a1cec292d7b485ec3222bbbcb65f7d5866fcd81b802b9d9b:week:4
2025_04_MIN_PIT,217.0,2025,4,MIN,PIT,pass,0.8617348303087056,MIN,PIT,archive:asset:299770475:sha256:0b04ffcee75f07c5a1cec292d7b485ec3222bbbcb65f7d5866fcd81b802b9d9b:week:4
2025_04_MIN_PIT,242.0,2025,4,MIN,PIT,run,-0.05109423748217523,MIN,PIT,archive:asset:299770475:sha256:0b04ffcee75f07c5a1cec292d7b485ec3222bbbcb65f7d5866fcd81b802b9d9b:week:4
2025_04_MIN_PIT,264.0,2025,4,MIN,PIT,pass,0.28544420399703085,MIN,PIT,archive:asset:299770475:sha256:0b04ffcee75f07c5a1cec292d7b485ec3222bbbcb65f7d5866fcd81b802b9d9b:week:4
2025_04_MIN_PIT,289.0,2025,4,MIN,PIT,run,0.5954345630016178,MIN,PIT,archive:asset:299770475:sha256:0b04ffcee75f07c5a1cec292d7b485ec3222bbbcb65f7d5866fcd81b802b9d9b:week:4
2025_04_MIN_PIT,323.0,2025,4,MIN,PIT,pass,1.416413227969315,MIN,PIT,archive:asset:299770475:sha256:0b04ffcee75f07c5a1cec292d7b485ec3222bbbcb65f7d5866fcd81b802b9d9b:week:4
2025_04_MIN_PIT,358.0,2025,4,MIN,PIT,run,-0.16735927911940962,MIN,PIT,archive:asset:299770475:sha256:0b04ffcee75f07c5a1cec292d7b485ec3222bbbcb65f7d5866fcd81b802b9d9b:week:4
2025_04_MIN_PIT,380.0,2025,4,MIN,PIT,no_play,-0.679119493404869,MIN,PIT,archive:asset:299770475:sha256:0b04ffcee75f07c5a1cec292d7b485ec3222bbbcb65f7d5866fcd81b802b9d9b:week:4
2025_04_MIN_PIT,457.0,2025,4,MIN,PIT,pass,-0.28062613622751087,MIN,PIT,archive:asset:299770475:sha256:0b04ffcee75f07c5a1cec292d7b485ec3222bbbcb65f7d5866fcd81b802b9d9b:week:4
2025_04_MIN_PIT,482.0,2025,4,MIN,PIT,pass,-1.3366835341893322,MIN,PIT,archive:asset:299770475:sha256:0b04ffcee75f07c5a1cec292d7b485ec3222bbbcb65f7d5866fcd81b802b9d9b:week:4
2025_04_MIN_PIT,502.0,2025,4,MIN,PIT,field_goal,0.6986151002219132,MIN,PIT,archive:asset:299770475:sha256:0b04ffcee75f07c5a1cec292d7b485ec3222bbbcb65f7d5866fcd81b802b9d9b:week:4
2025_04_MIN_PIT,522.0,2025,4,PIT,MIN,kickoff,0.2937777768820524,PIT,MIN,archive:asset:299770475:sha256:0b04ffcee75f07c5a1cec292d7b485ec3222bbbcb65f7d5866fcd81b802b9d9b:week:4
2025_04_MIN_PIT,558.0,2025,4,PIT,MIN,run,0.7454586727544665,PIT,MIN,archive:asset:299770475:sha256:0b04ffcee75f07c5a1cec292d7b485ec3222bbbcb65f7d5866fcd81b802b9d9b:week:4
2025_04_MIN_PIT,582.0,2025,4,PIT,MIN,pass,0.13372606574557722,PIT,MIN,archive:asset:299770475:sha256:0b04ffcee75f07c5a1cec292d7b485ec3222bbbcb65f7d5866fcd81b802b9d9b:week:4
2025_04_MIN_PIT,607.0,2025,4,PIT,MIN,pass,0.8319461967330426,PIT,MIN,archive:asset:299770475:sha256:0b04ffcee75f07c5a1cec292d7b485ec3222bbbcb65f7d5866fcd81b802b9d9b:week:4
2025_04_MIN_PIT,632.0,2025,4,PIT,MIN,run,-0.2964018904604018,PIT,MIN,archive:asset:299770475:sha256:0b04ffcee75f07c5a1cec292d7b485ec3222bbbcb65f7d5866fcd81b802b9d9b:week:4
2025_04_MIN_PIT,654.0,2025,4,PIT,MIN,pass,0.18223993154242635,PIT,MIN,archive:asset:299770475:sha256:0b04ffcee75f07c5a1cec292d7b485ec3222bbbcb65f7d5866fcd81b802b9d9b:week:4
2025_04_MIN_PIT,684.0,2025,4,PIT,MIN,pass,1.9722878781030886,PIT,MIN,archive:asset:299770475:sha256:0b04ffcee75f07c5a1cec292d7b485ec3222bbbcb65f7d5866fcd81b802b9d9b:week:4
2025_04_MIN_PIT,709.0,2025,4,PIT,MIN,pass,0.6846059696399607,PIT,MIN,archive:asset:299770475:sha256:0b04ffcee75f07c5a1cec292d7b485ec3222bbbcb65f7d5866fcd81b802b9d9b:week:4
2025_04_MIN_PIT,741.0,2025,4,PIT,MIN,pass,0.7017511109006591,PIT,MIN,archive:asset:299770475:sha256:0b04ffcee75f07c5a1cec292d7b485ec3222bbbcb65f7d5866fcd81b802b9d9b:week:4
2025_04_MIN_PIT,766.0,2025,4,PIT,MIN,run,0.8785503086983226,PIT,MIN,archive:asset:299770475:sha256:0b04ffcee75f07c5a1cec292d7b485ec3222bbbcb65f7d5866fcd81b802b9d9b:week:4
2025_04_MIN_PIT,789.0,2025,4,PIT,MIN,extra_point,0.06757300310763314,PIT,MIN,archive:asset:299770475:sha256:0b04ffcee75f07c5a1cec292d7b485ec3222bbbcb65f7d5866fcd81b802b9d9b:week:4
2025_04_MIN_PIT,804.0,2025,4,MIN,PIT,kickoff,0.2740646549500525,MIN,PIT,archive:asset:299770475:sha256:0b04ffcee75f07c5a1cec292d7b485ec3222bbbcb65f7d5866fcd81b802b9d9b:week:4
2025_04_MIN_PIT,834.0,2025,4,MIN,PIT,run,-0.5208630324341357,MIN,PIT,archive:asset:299770475:sha256:0b04ffcee75f07c5a1cec292d7b485ec3222bbbcb65f7d5866fcd81b802b9d9b:week:4
2025_04_MIN_PIT,856.0,2025,4,MIN,PIT,pass,2.0353473818395287,MIN,PIT,archive:asset:299770475:sha256:0b04ffcee75f07c5a1cec292d7b485ec3222bbbcb65f7d5866fcd81b802b9d9b:week:4
2025_04_MIN_PIT,881.0,2025,4,MIN,PIT,,-0.0,MIN,PIT,archive:asset:299770475:sha256:0b04ffcee75f07c5a1cec292d7b485ec3222bbbcb65f7d5866fcd81b802b9d9b:week:4
2025_04_MIN_PIT,901.0,2025,4,MIN,PIT,pass,-0.03970590443350375,MIN,PIT,archive:asset:299770475:sha256:0b04ffcee75f07c5a1cec292d7b485ec3222bbbcb65f7d5866fcd81b802b9d9b:week:4
2025_04_MIN_PIT,931.0,2025,4,MIN,PIT,run,-1.1446245645638555,MIN,PIT,archive:asset:299770475:sha256:0b04ffcee75f07c5a1cec292d7b485ec3222bbbcb65f7d5866fcd81b802b9d9b:week:4
2025_04_MIN_PIT,953.0,2025,4,MIN,PIT,no_play,-0.8324367832392454,MIN,PIT,archive:asset:299770475:sha256:0b04ffcee75f07c5a1cec292d7b485ec3222bbbcb65f7d5866fcd81b802b9d9b:week:4
2025_04_MIN_PIT,977.0,2025,4,MIN,PIT,pass,-1.4788371652830392,MIN,PIT,archive:asset:299770475:sha256:0b04ffcee75f07c5a1cec292d7b485ec3222bbbcb65f7d5866fcd81b802b9d9b:week:4
2025_04_MIN_PIT,997.0,2025,4,MIN,PIT,punt,0.1720431288704276,MIN,PIT,archive:asset:299770475:sha256:0b04ffcee75f07c5a1cec292d7b485ec3222bbbcb65f7d5866fcd81b802b9d9b:week:4
2025_04_MIN_PIT,1017.0,2025,4,PIT,MIN,pass,6.403278690297157,PIT,MIN,archive:asset:299770475:sha256:0b04ffcee75f07c5a1cec292d7b485ec3222bbbcb65f7d5866fcd81b802b9d9b:week:4
2025_04_MIN_PIT,1055.0,2025,4,PIT,MIN,extra_point,0.06757300310763314,PIT,MIN,archive:asset:299770475:sha256:0b04ffcee75f07c5a1cec292d7b485ec3222bbbcb65f7d5866fcd81b802b9d9b:week:4
2025_04_MIN_PIT,1070.0,2025,4,MIN,PIT,kickoff,0.02288547670468688,MIN,PIT,archive:asset:299770475:sha256:0b04ffcee75f07c5a1cec292d7b485ec3222bbbcb65f7d5866fcd81b802b9d9b:week:4
2025_04_MIN_PIT,1093.0,2025,4,MIN,PIT,run,-0.5229496513493359,MIN,PIT,archive:asset:299770475:sha256:0b04ffcee75f07c5a1cec292d7b485ec3222bbbcb65f7d5866fcd81b802b9d9b:week:4
2025_04_MIN_PIT,1115.0,2025,4,MIN,PIT,pass,-0.028553627198562026,MIN,PIT,archive:asset:299770475:sha256:0b04ffcee75f07c5a1cec292d7b485ec3222bbbcb65f7d5866fcd81b802b9d9b:week:4
2025_04_MIN_PIT,1152.0,2025,4,,,no_play,-0.0,,,archive:asset:299770475:sha256:0b04ffcee75f07c5a1cec292d7b485ec3222bbbcb65f7d5866fcd81b802b9d9b:week:4
2025_04_MIN_PIT,1140.0,2025,4,MIN,PIT,pass,1.4522004667669535,MIN,PIT,archive:asset:299770475:sha256:0b04ffcee75f07c5a1cec292d7b485ec3222bbbcb65f7d5866fcd81b802b9d9b:week:4
2025_04_MIN_PIT,1179.0,2025,4,MIN,PIT,run,-0.5437185931950808,MIN,PIT,archive:asset:299770475:sha256:0b04ffcee75f07c5a1cec292d7b485ec3222bbbcb65f7d5866fcd81b802b9d9b:week:4
2025_04_MIN_PIT,1201.0,2025,4,MIN,PIT,pass,0.7438042690046132,MIN,PIT,archive:asset:299770475:sha256:0b04ffcee75f07c5a1cec292d7b485ec3222bbbcb65f7d5866fcd81b802b9d9b:week:4
2025_04_MIN_PIT,1226.0,2025,4,MIN,PIT,run,-1.6029616959858686,MIN,PIT,archive:asset:299770475:sha256:0b04ffcee75f07c5a1cec292d7b485ec3222bbbcb65f7d5866fcd81b802b9d9b:week:4
2025_04_MIN_PIT,1252.0,2025,4,MIN,PIT,run,2.5122315387707204,MIN,PIT,archive:asset:299770475:sha256:0b04ffcee75f07c5a1cec292d7b485ec3222bbbcb65f7d5866fcd81b802b9d9b:week:4
2025_04_MIN_PIT,1274.0,2025,4,MIN,PIT,pass,-0.26003338396549225,MIN,PIT,archive:asset:299770475:sha256:0b04ffcee75f07c5a1cec292d7b485ec3222bbbcb65f7d5866fcd81b802b9d9b:week:4
2025_04_MIN_PIT,1299.0,2025,4,MIN,PIT,run,-0.8664919515140355,MIN,PIT,archive:asset:299770475:sha256:0b04ffcee75f07c5a1cec292d7b485ec3222bbbcb65f7d5866fcd81b802b9d9b:week:4
2025_04_MIN_PIT,1321.0,2025,4,MIN,PIT,pass,-3.0652074695099145,MIN,PIT,archive:asset:299770475:sha256:0b04ffcee75f07c5a1cec292d7b485ec3222bbbcb65f7d5866fcd81b802b9d9b:week:4
2025_04_MIN_PIT,1360.0,2025,4,PIT,MIN,pass,0.25193721149116755,PIT,MIN,archive:asset:299770475:sha256:0b04ffcee75f07c5a1cec292d7b485ec3222bbbcb65f7d5866fcd81b802b9d9b:week:4
2025_04_MIN_PIT,1392.0,2025,4,PIT,MIN,run,0.3497079835506156,PIT,MIN,archive:asset:299770475:sha256:0b04ffcee75f07c5a1cec292d7b485ec3222bbbcb65f7d5866fcd81b802b9d9b:week:4
2025_04_MIN_PIT,1414.0,2025,4,PIT,MIN,pass,-0.4968720094766468,PIT,MIN,archive:asset:299770475:sha256:0b04ffcee75f07c5a1cec292d7b485ec3222bbbcb65f7d5866fcd81b802b9d9b:week:4
2025_04_MIN_PIT,1437.0,2025,4,PIT,MIN,run,0.6601806284161285,PIT,MIN,archive:asset:299770475:sha256:0b04ffcee75f07c5a1cec292d7b485ec3222bbbcb65f7d5866fcd81b802b9d9b:week:4
2025_04_MIN_PIT,1461.0,2025,4,PIT,MIN,run,1.3772462927154265,PIT,MIN,archive:asset:299770475:sha256:0b04ffcee75f07c5a1cec292d7b485ec3222bbbcb65f7d5866fcd81b802b9d9b:week:4
2025_04_MIN_PIT,1496.0,2025,4,PIT,MIN,run,-0.5176432225271128,PIT,MIN,archive:asset:299770475:sha256:0b04ffcee75f07c5a1cec292d7b485ec3222bbbcb65f7d5866fcd81b802b9d9b:week:4
2025_04_MIN_PIT,1518.0,2025,4,PIT,MIN,pass,-0.4310725008836016,PIT,MIN,archive:asset:299770475:sha256:0b04ffcee75f07c5a1cec292d7b485ec3222bbbcb65f7d5866fcd81b802b9d9b:week:4
2025_04_MIN_PIT,1541.0,2025,4,PIT,MIN,run,2.186284309369512,PIT,MIN,archive:asset:299770475:sha256:0b04ffcee75f07c5a1cec292d7b485ec3222bbbcb65f7d5866fcd81b802b9d9b:week:4
2025_04_MIN_PIT,1579.0,2025,4,PIT,MIN,pass,0.056550991197582334,PIT,MIN,archive:asset:299770475:sha256:0b04ffcee75f07c5a1cec292d7b485ec3222bbbcb65f7d5866fcd81b802b9d9b:week:4
2025_04_MIN_PIT,1616.0,2025,4,PIT,MIN,pass,-1.7534206615528092,PIT,MIN,archive:asset:299770475:sha256:0b04ffcee75f07c5a1cec292d7b485ec3222bbbcb65f7d5866fcd81b802b9d9b:week:4
2025_04_MIN_PIT,1648.0,2025,4,,,no_play,0.0,,,archive:asset:299770475:sha256:0b04ffcee75f07c5a1cec292d7b485ec3222bbbcb65f7d5866fcd81b802b9d9b:week:4
2025_04_MIN_PIT,1636.0,2025,4,PIT,MIN,pass,-0.001279028501444568,PIT,MIN,archive:asset:299770475:sha256:0b04ffcee75f07c5a1cec292d7b485ec3222bbbcb65f7d5866fcd81b802b9d9b:week:4
2025_04_MIN_PIT,1680.0,2025,4,,,no_play,0.0,,,archive:asset:299770475:sha256:0b04ffcee75f07c5a1cec292d7b485ec3222bbbcb65f7d5866fcd81b802b9d9b:week:4
2025_04_MIN_PIT,1668.0,2025,4,PIT,MIN,field_goal,-3.091465685205917,PIT,MIN,archive:asset:299770475:sha256:0b04ffcee75f07c5a1cec292d7b485ec3222bbbcb65f7d5866fcd81b802b9d9b:week:4
2025_04_MIN_PIT,1705.0,2025,4,MIN,PIT,pass,1.1618741512065753,MIN,PIT,archive:asset:299770475:sha256:0b04ffcee75f07c5a1cec292d7b485ec3222bbbcb65f7d5866fcd81b802b9d9b:week:4
2025_04_MIN_PIT,1748.0,2025,4,MIN,PIT,pass,-0.2835466933902353,MIN,PIT,archive:asset:299770475:sha256:0b04ffcee75f07c5a1cec292d7b485ec3222bbbcb65f7d5866fcd81b802b9d9b:week:4
2025_04_MIN_PIT,1771.0,2025,4,MIN,PIT,pass,1.0524379577836953,MIN,PIT,archive:asset:299770475:sha256:0b04ffcee75f07c5a1cec292d7b485ec3222bbbcb65f7d5866fcd81b802b9d9b:week:4
2025_04_MIN_PIT,1796.0,2025,4,MIN,PIT,pass,0.24037949478952214,MIN,PIT,archive:asset:299770475:sha256:0b04ffcee75f07c5a1cec292d7b485ec3222bbbcb65f7d5866fcd81b802b9d9b:week:4
2025_04_MIN_PIT,1826.0,2025,4,MIN,PIT,pass,2.1246408883598633,MIN,PIT,archive:asset:299770475:sha256:0b04ffcee75f07c5a1cec292d7b485ec3222bbbcb65f7d5866fcd81b802b9d9b:week:4
2025_04_MIN_PIT,1851.0,2025,4,MIN,PIT,pass,-0.9466532439109869,MIN,PIT,archive:asset:299770475:sha256:0b04ffcee75f07c5a1cec292d7b485ec3222bbbcb65f7d5866fcd81b802b9d9b:week:4
2025_04_MIN_PIT,1888.0,2025,4,,,no_play,-0.0,,,archive:asset:299770475:sha256:0b04ffcee75f07c5a1cec292d7b485ec3222bbbcb65f7d5866fcd81b802b9d9b:week:4
2025_04_MIN_PIT,1876.0,2025,4,MIN,PIT,pass,-0.5941687980666757,MIN,PIT,archive:asset:299770475:sha256:0b04ffcee75f07c5a1cec292d7b485ec3222bbbcb65f7d5866fcd81b802b9d9b:week:4
2025_04_MIN_PIT,1906.0,2025,4,MIN,PIT,pass,-0.6215739231556654,MIN,PIT,archive:asset:299770475:sha256:0b04ffcee75f07c5a1cec292d7b485ec3222bbbcb65f7d5866fcd81b802b9d9b:week:4
2025_04_MIN_PIT,1929.0,2025,4,MIN,PIT,no_play,0.5121212442498506,MIN,PIT,archive:asset:299770475:sha256:0b04ffcee75f07c5a1cec292d7b485ec3222bbbcb65f7d5866fcd81b802b9d9b:week:4
2025_04_MIN_PIT,1959.0,2025,4,MIN,PIT,field_goal,0.10421899947339286,MIN,PIT,archive:asset:299770475:sha256:0b04ffcee75f07c5a1cec292d7b485ec3222bbbcb65f7d5866fcd81b802b9d9b:week:4
2025_04_MIN_PIT,1982.0,2025,4,PIT,MIN,kickoff,-0.043680007103830576,PIT,MIN,archive:asset:299770475:sha256:0b04ffcee75f07c5a1cec292d7b485ec3222bbbcb65f7d5866fcd81b802b9d9b:week:4
2025_04_MIN_PIT,2005.0,2025,4,PIT,MIN,qb_kneel,0.0,PIT,MIN,archive:asset:299770475:sha256:0b04ffcee75f07c5a1cec292d7b485ec3222bbbcb65f7d5866fcd81b802b9d9b:week:4
2025_04_MIN_PIT,2027.0,2025,4,,,,,,,archive:asset:299770475:sha256:0b04ffcee75f07c5a1cec292d7b485ec3222bbbcb65f7d5866fcd81b802b9d9b:week:4
2025_04_MIN_PIT,2050.0,2025,4,MIN,PIT,kickoff,0.5204916815273464,MIN,PIT,archive:asset:299770475:sha256:0b04ffcee75f07c5a1cec292d7b485ec3222bbbcb65f7d5866fcd81b802b9d9b:week:4
2025_04_MIN_PIT,2078.0,2025,4,MIN,PIT,run,-0.4132848856970668,MIN,PIT,archive:asset:299770475:sha256:0b04ffcee75f07c5a1cec292d7b485ec3222bbbcb65f7d5866fcd81b802b9d9b:week:4
2025_04_MIN_PIT,2103.0,2025,4,MIN,PIT,pass,-1.2689691744744778,MIN,PIT,archive:asset:299770475:sha256:0b04ffcee75f07c5a1cec292d7b485ec3222bbbcb65f7d5866fcd81b802b9d9b:week:4
2025_04_MIN_PIT,2128.0,2025,4,MIN,PIT,pass,-1.8661955571733415,MIN,PIT,archive:asset:299770475:sha256:0b04ffcee75f07c5a1cec292d7b485ec3222bbbcb65f7d5866fcd81b802b9d9b:week:4
2025_04_MIN_PIT,2159.0,2025,4,MIN,PIT,punt,1.3419340229593217,MIN,PIT,archive:asset:299770475:sha256:0b04ffcee75f07c5a1cec292d7b485ec3222bbbcb65f7d5866fcd81b802b9d9b:week:4
2025_04_MIN_PIT,2190.0,2025,4,PIT,MIN,run,-0.8223276492208242,PIT,MIN,archive:asset:299770475:sha256:0b04ffcee75f07c5a1cec292d7b485ec3222bbbcb65f7d5866fcd81b802b9d9b:week:4
2025_04_MIN_PIT,2221.0,2025,4,PIT,MIN,run,0.32796701742336154,PIT,MIN,archive:asset:299770475:sha256:0b04ffcee75f07c5a1cec292d7b485ec3222bbbcb65f7d5866fcd81b802b9d9b:week:4
2025_04_MIN_PIT,2243.0,2025,4,PIT,MIN,pass,-1.4878102545626462,PIT,MIN,archive:asset:299770475:sha256:0b04ffcee75f07c5a1cec292d7b485ec3222bbbcb65f7d5866fcd81b802b9d9b:week:4
2025_04_MIN_PIT,2268.0,2025,4,PIT,MIN,punt,1.284679954405874,PIT,MIN,archive:asset:299770475:sha256:0b04ffcee75f07c5a1cec292d7b485ec3222bbbcb65f7d5866fcd81b802b9d9b:week:4
2025_04_MIN_PIT,2307.0,2025,4,MIN,PIT,pass,-0.5518218255601823,MIN,PIT,archive:asset:299770475:sha256:0b04ffcee75f07c5a1cec292d7b485ec3222bbbcb65f7d5866fcd81b802b9d9b:week:4
2025_04_MIN_PIT,2337.0,2025,4,MIN,PIT,run,0.09465106064453721,MIN,PIT,archive:asset:299770475:sha256:0b04ffcee75f07c5a1cec292d7b485ec3222bbbcb65f7d5866fcd81b802b9d9b:week:4
2025_04_MIN_PIT,2359.0,2025,4,MIN,PIT,pass,1.1389287034980953,MIN,PIT,archive:asset:299770475:sha256:0b04ffcee75f07c5a1cec292d7b485ec3222bbbcb65f7d5866fcd81b802b9d9b:week:4
2025_04_MIN_PIT,2384.0,2025,4,MIN,PIT,run,0.7733297259546816,MIN,PIT,archive:asset:299770475:sha256:0b04ffcee75f07c5a1cec292d7b485ec3222bbbcb65f7d5866fcd81b802b9d9b:week:4
2025_04_MIN_PIT,2406.0,2025,4,MIN,PIT,pass,0.8505961582995951,MIN,PIT,archive:asset:299770475:sha256:0b04ffcee75f07c5a1cec292d7b485ec3222bbbcb65f7d5866fcd81b802b9d9b:week:4
2025_04_MIN_PIT,2441.0,2025,4,MIN,PIT,run,-0.4706947801169008,MIN,PIT,archive:asset:299770475:sha256:0b04ffcee75f07c5a1cec292d7b485ec3222bbbcb65f7d5866fcd81b802b9d9b:week:4
2025_04_MIN_PIT,2463.0,2025,4,MIN,PIT,pass,-0.8570698050316423,MIN,PIT,archive:asset:299770475:sha256:0b04ffcee75f07c5a1cec292d7b485ec3222bbbcb65f7d5866fcd81b802b9d9b:week:4
2025_04_MIN_PIT,2486.0,2025,4,MIN,PIT,run,2.1273406713735312,MIN,PIT,archive:asset:299770475:sha256:0b04ffcee75f07c5a1cec292d7b485ec3222bbbcb65f7d5866fcd81b802b9d9b:week:4
2025_04_MIN_PIT,2513.0,2025,4,MIN,PIT,pass,-0.8059693884570152,MIN,PIT,archive:asset:299770475:sha256:0b04ffcee75f07c5a1cec292d7b485ec3222bbbcb65f7d5866fcd81b802b9d9b:week:4
2025_04_MIN_PIT,2543.0,2025,4,MIN,PIT,pass,-1.421506123850122,MIN,PIT,archive:asset:299770475:sha256:0b04ffcee75f07c5a1cec292d7b485ec3222bbbcb65f7d5866fcd81b802b9d9b:week:4
2025_04_MIN_PIT,2563.0,2025,4,MIN,PIT,pass,-4.185406570555642,MIN,PIT,archive:asset:299770475:sha256:0b04ffcee75f07c5a1cec292d7b485ec3222bbbcb65f7d5866fcd81b802b9d9b:week:4
2025_04_MIN_PIT,2614.0,2025,4,PIT,MIN,pass,0.5959179416531697,PIT,MIN,archive:asset:299770475:sha256:0b04ffcee75f07c5a1cec292d7b485ec3222bbbcb65f7d5866fcd81b802b9d9b:week:4
2025_04_MIN_PIT,2646.0,2025,4,PIT,MIN,run,0.4065021075075492,PIT,MIN,archive:asset:299770475:sha256:0b04ffcee75f07c5a1cec292d7b485ec3222bbbcb65f7d5866fcd81b802b9d9b:week:4
2025_04_MIN_PIT,2668.0,2025,4,PIT,MIN,run,0.3228520287084393,PIT,MIN,archive:asset:299770475:sha256:0b04ffcee75f07c5a1cec292d7b485ec3222bbbcb65f7d5866fcd81b802b9d9b:week:4
2025_04_MIN_PIT,2695.0,2025,4,PIT,MIN,run,1.0524574323208071,PIT,MIN,archive:asset:299770475:sha256:0b04ffcee75f07c5a1cec292d7b485ec3222bbbcb65f7d5866fcd81b802b9d9b:week:4
2025_04_MIN_PIT,2717.0,2025,4,PIT,MIN,run,1.0963377018924803,PIT,MIN,archive:asset:299770475:sha256:0b04ffcee75f07c5a1cec292d7b485ec3222bbbcb65f7d5866fcd81b802b9d9b:week:4
2025_04_MIN_PIT,2740.0,2025,4,PIT,MIN,extra_point,0.06757300310763314,PIT,MIN,archive:asset:299770475:sha256:0b04ffcee75f07c5a1cec292d7b485ec3222bbbcb65f7d5866fcd81b802b9d9b:week:4
2025_04_MIN_PIT,2755.0,2025,4,MIN,PIT,kickoff,-0.554373690392822,MIN,PIT,archive:asset:299770475:sha256:0b04ffcee75f07c5a1cec292d7b485ec3222bbbcb65f7d5866fcd81b802b9d9b:week:4
2025_04_MIN_PIT,2825.0,2025,4,MIN,PIT,pass,-0.5885909316129982,MIN,PIT,archive:asset:299770475:sha256:0b04ffcee75f07c5a1cec292d7b485ec3222bbbcb65f7d5866fcd81b802b9d9b:week:4
2025_04_MIN_PIT,2848.0,2025,4,MIN,PIT,run,-0.700333050917834,MIN,PIT,archive:asset:299770475:sha256:0b04ffcee75f07c5a1cec292d7b485ec3222bbbcb65f7d5866fcd81b802b9d9b:week:4
2025_04_MIN_PIT,2873.0,2025,4,MIN,PIT,pass,-1.7541647455655038,MIN,PIT,archive:asset:299770475:sha256:0b04ffcee75f07c5a1cec292d7b485ec3222bbbcb65f7d5866fcd81b802b9d9b:week:4
2025_04_MIN_PIT,2893.0,2025,4,MIN,PIT,punt,-0.09008323564194143,MIN,PIT,archive:asset:299770475:sha256:0b04ffcee75f07c5a1cec292d7b485ec3222bbbcb65f7d5866fcd81b802b9d9b:week:4
2025_04_MIN_PIT,2924.0,2025,4,PIT,MIN,run,0.6857814927352592,PIT,MIN,archive:asset:299770475:sha256:0b04ffcee75f07c5a1cec292d7b485ec3222bbbcb65f7d5866fcd81b802b9d9b:week:4
2025_04_MIN_PIT,2959.0,2025,4,PIT,MIN,,0.0,PIT,MIN,archive:asset:299770475:sha256:0b04ffcee75f07c5a1cec292d7b485ec3222bbbcb65f7d5866fcd81b802b9d9b:week:4
2025_04_MIN_PIT,2979.0,2025,4,PIT,MIN,pass,0.16314028180204332,PIT,MIN,archive:asset:299770475:sha256:0b04ffcee75f07c5a1cec292d7b485ec3222bbbcb65f7d5866fcd81b802b9d9b:week:4
2025_04_MIN_PIT,3011.0,2025,4,PIT,MIN,pass,0.5543702210998163,PIT,MIN,archive:asset:299770475:sha256:0b04ffcee75f07c5a1cec292d7b485ec3222bbbcb65f7d5866fcd81b802b9d9b:week:4
2025_04_MIN_PIT,3036.0,2025,4,PIT,MIN,run,0.3707683309330605,PIT,MIN,archive:asset:299770475:sha256:0b04ffcee75f07c5a1cec292d7b485ec3222bbbcb65f7d5866fcd81b802b9d9b:week:4
2025_04_MIN_PIT,3073.0,2025,4,PIT,MIN,run,-0.38540183374425396,PIT,MIN,archive:asset:299770475:sha256:0b04ffcee75f07c5a1cec292d7b485ec3222bbbcb65f7d5866fcd81b802b9d9b:week:4
2025_04_MIN_PIT,3097.0,2025,4,PIT,MIN,run,-0.5170138172106817,PIT,MIN,archive:asset:299770475:sha256:0b04ffcee75f07c5a1cec292d7b485ec3222bbbcb65f7d5866fcd81b802b9d9b:week:4
2025_04_MIN_PIT,3131.0,2025,4,,,no_play,0.0,,,archive:asset:299770475:sha256:0b04ffcee75f07c5a1cec292d7b485ec3222bbbcb65f7d5866fcd81b802b9d9b:week:4
2025_04_MIN_PIT,3119.0,2025,4,PIT,MIN,pass,-0.8875529176170551,PIT,MIN,archive:asset:299770475:sha256:0b04ffcee75f07c5a1cec292d7b485ec3222bbbcb65f7d5866fcd81b802b9d9b:week:4
2025_04_MIN_PIT,3154.0,2025,4,PIT,MIN,field_goal,0.23700727525507892,PIT,MIN,archive:asset:299770475:sha256:0b04ffcee75f07c5a1cec292d7b485ec3222bbbcb65f7d5866fcd81b802b9d9b:week:4
2025_04_MIN_PIT,3174.0,2025,4,MIN,PIT,kickoff,0.27041106834076345,MIN,PIT,archive:asset:299770475:sha256:0b04ffcee75f07c5a1cec292d7b485ec3222bbbcb65f7d5866fcd81b802b9d9b:week:4
2025_04_MIN_PIT,3204.0,2025,4,MIN,PIT,pass,0.343692765571177,MIN,PIT,archive:asset:299770475:sha256:0b04ffcee75f07c5a1cec292d7b485ec3222bbbcb65f7d5866fcd81b802b9d9b:week:4
2025_04_MIN_PIT,3234.0,2025,4,MIN,PIT,run,0.31746960664168,MIN,PIT,archive:asset:299770475:sha256:0b04ffcee75f07c5a1cec292d7b485ec3222bbbcb65f7d5866fcd81b802b9d9b:week:4
2025_04_MIN_PIT,3256.0,2025,4,MIN,PIT,pass,0.29645290691405535,MIN,PIT,archive:asset:299770475:sha256:0b04ffcee75f07c5a1cec292d7b485ec3222bbbcb65f7d5866fcd81b802b9d9b:week:4
2025_04_MIN_PIT,3284.0,2025,4,MIN,PIT,pass,1.1661256552906707,MIN,PIT,archive:asset:299770475:sha256:0b04ffcee75f07c5a1cec292d7b485ec3222bbbcb65f7d5866fcd81b802b9d9b:week:4
2025_04_MIN_PIT,3312.0,2025,4,MIN,PIT,pass,-0.4313642628258094,MIN,PIT,archive:asset:299770475:sha256:0b04ffcee75f07c5a1cec292d7b485ec3222bbbcb65f7d5866fcd81b802b9d9b:week:4
2025_04_MIN_PIT,3335.0,2025,4,MIN,PIT,pass,1.2360293946694583,MIN,PIT,archive:asset:299770475:sha256:0b04ffcee75f07c5a1cec292d7b485ec3222bbbcb65f7d5866fcd81b802b9d9b:week:4
2025_04_MIN_PIT,3360.0,2025,4,MIN,PIT,pass,0.3314564489410259,MIN,PIT,archive:asset:299770475:sha256:0b04ffcee75f07c5a1cec292d7b485ec3222bbbcb65f7d5866fcd81b802b9d9b:week:4
2025_04_MIN_PIT,3385.0,2025,4,MIN,PIT,pass,-0.6760007131379098,MIN,PIT,archive:asset:299770475:sha256:0b04ffcee75f07c5a1cec292d7b485ec3222bbbcb65f7d5866fcd81b802b9d9b:week:4
2025_04_MIN_PIT,3408.0,2025,4,MIN,PIT,pass,2.9189159818342887,MIN,PIT,archive:asset:299770475:sha256:0b04ffcee75f07c5a1cec292d7b485ec3222bbbcb65f7d5866fcd81b802b9d9b:week:4
2025_04_MIN_PIT,3439.0,2025,4,MIN,PIT,pass,1.053,MIN,PIT,archive:asset:299770475:sha256:0b04ffcee75f07c5a1cec292d7b485ec3222bbbcb65f7d5866fcd81b802b9d9b:week:4
2025_04_MIN_PIT,3452.0,2025,4,PIT,MIN,kickoff,0.4975164618808776,PIT,MIN,archive:asset:299770475:sha256:0b04ffcee75f07c5a1cec292d7b485ec3222bbbcb65f7d5866fcd81b802b9d9b:week:4
2025_04_MIN_PIT,3482.0,2025,4,PIT,MIN,run,0.9823499846970662,PIT,MIN,archive:asset:299770475:sha256:0b04ffcee75f07c5a1cec292d7b485ec3222bbbcb65f7d5866fcd81b802b9d9b:week:4
2025_04_MIN_PIT,3504.0,2025,4,PIT,MIN,pass,0.326097815297544,PIT,MIN,archive:asset:299770475:sha256:0b04ffcee75f07c5a1cec292d7b485ec3222bbbcb65f7d5866fcd81b802b9d9b:week:4
2025_04_MIN_PIT,3531.0,2025,4,PIT,MIN,run,0.007160361739806831,PIT,MIN,archive:asset:299770475:sha256:0b04ffcee75f07c5a1cec292d7b485ec3222bbbcb65f7d5866fcd81b802b9d9b:week:4
2025_04_MIN_PIT,3553.0,2025,4,PIT,MIN,run,1.3919957304606214,PIT,MIN,archive:asset:299770475:sha256:0b04ffcee75f07c5a1cec292d7b485ec3222bbbcb65f7d5866fcd81b802b9d9b:week:4
2025_04_MIN_PIT,3593.0,2025,4,PIT,MIN,run,0.8084443138213828,PIT,MIN,archive:asset:299770475:sha256:0b04ffcee75f07c5a1cec292d7b485ec3222bbbcb65f7d5866fcd81b802b9d9b:week:4
2025_04_MIN_PIT,3615.0,2025,4,PIT,MIN,run,-0.7897733965655789,PIT,MIN,archive:asset:299770475:sha256:0b04ffcee75f07c5a1cec292d7b485ec3222bbbcb65f7d5866fcd81b802b9d9b:week:4
2025_04_MIN_PIT,3649.0,2025,4,,,no_play,0.0,,,archive:asset:299770475:sha256:0b04ffcee75f07c5a1cec292d7b485ec3222bbbcb65f7d5866fcd81b802b9d9b:week:4
2025_04_MIN_PIT,3637.0,2025,4,PIT,MIN,pass,-0.7013075136928819,PIT,MIN,archive:asset:299770475:sha256:0b04ffcee75f07c5a1cec292d7b485ec3222bbbcb65f7d5866fcd81b802b9d9b:week:4
2025_04_MIN_PIT,3667.0,2025,4,PIT,MIN,pass,-0.4646978983655572,PIT,MIN,archive:asset:299770475:sha256:0b04ffcee75f07c5a1cec292d7b485ec3222bbbcb65f7d5866fcd81b802b9d9b:week:4
2025_04_MIN_PIT,3704.0,2025,4,,,no_play,0.0,,,archive:asset:299770475:sha256:0b04ffcee75f07c5a1cec292d7b485ec3222bbbcb65f7d5866fcd81b802b9d9b:week:4
2025_04_MIN_PIT,3692.0,2025,4,PIT,MIN,run,-2.540323351684492,PIT,MIN,archive:asset:299770475:sha256:0b04ffcee75f07c5a1cec292d7b485ec3222bbbcb65f7d5866fcd81b802b9d9b:week:4
2025_04_MIN_PIT,3723.0,2025,4,MIN,PIT,run,0.3195020833518356,MIN,PIT,archive:asset:299770475:sha256:0b04ffcee75f07c5a1cec292d7b485ec3222bbbcb65f7d5866fcd81b802b9d9b:week:4
2025_04_MIN_PIT,3747.0,2025,4,MIN,PIT,pass,0.7245381174143404,MIN,PIT,archive:asset:299770475:sha256:0b04ffcee75f07c5a1cec292d7b485ec3222bbbcb65f7d5866fcd81b802b9d9b:week:4
2025_04_MIN_PIT,3775.0,2025,4,MIN,PIT,pass,5.649734816310229,MIN,PIT,archive:asset:299770475:sha256:0b04ffcee75f07c5a1cec292d7b485ec3222bbbcb65f7d5866fcd81b802b9d9b:week:4
2025_04_MIN_PIT,3803.0,2025,4,MIN,PIT,run,-0.6090705619135406,MIN,PIT,archive:asset:299770475:sha256:0b04ffcee75f07c5a1cec292d7b485ec3222bbbcb65f7d5866fcd81b802b9d9b:week:4
2025_04_MIN_PIT,3825.0,2025,4,MIN,PIT,pass,-0.7684317374078091,MIN,PIT,archive:asset:299770475:sha256:0b04ffcee75f07c5a1cec292d7b485ec3222bbbcb65f7d5866fcd81b802b9d9b:week:4
2025_04_MIN_PIT,3848.0,2025,4,MIN,PIT,pass,-1.7750423701654654,MIN,PIT,archive:asset:299770475:sha256:0b04ffcee75f07c5a1cec292d7b485ec3222bbbcb65f7d5866fcd81b802b9d9b:week:4
2025_04_MIN_PIT,3871.0,2025,4,MIN,PIT,pass,3.8457823916105554,MIN,PIT,archive:asset:299770475:sha256:0b04ffcee75f07c5a1cec292d7b485ec3222bbbcb65f7d5866fcd81b802b9d9b:week:4
2025_04_MIN_PIT,3897.0,2025,4,MIN,PIT,extra_point,0.06757300310763314,MIN,PIT,archive:asset:299770475:sha256:0b04ffcee75f07c5a1cec292d7b485ec3222bbbcb65f7d5866fcd81b802b9d9b:week:4
2025_04_MIN_PIT,3925.0,2025,4,,,no_play,0.0,,,archive:asset:299770475:sha256:0b04ffcee75f07c5a1cec292d7b485ec3222bbbcb65f7d5866fcd81b802b9d9b:week:4
2025_04_MIN_PIT,3912.0,2025,4,PIT,MIN,kickoff,1.1099315048195422,PIT,MIN,archive:asset:299770475:sha256:0b04ffcee75f07c5a1cec292d7b485ec3222bbbcb65f7d5866fcd81b802b9d9b:week:4
2025_04_MIN_PIT,3945.0,2025,4,PIT,MIN,run,-0.15828882239293307,PIT,MIN,archive:asset:299770475:sha256:0b04ffcee75f07c5a1cec292d7b485ec3222bbbcb65f7d5866fcd81b802b9d9b:week:4
2025_04_MIN_PIT,3967.0,2025,4,PIT,MIN,run,-0.3949637713958509,PIT,MIN,archive:asset:299770475:sha256:0b04ffcee75f07c5a1cec292d7b485ec3222bbbcb65f7d5866fcd81b802b9d9b:week:4
2025_04_MIN_PIT,4008.0,2025,4,,,no_play,0.0,,,archive:asset:299770475:sha256:0b04ffcee75f07c5a1cec292d7b485ec3222bbbcb65f7d5866fcd81b802b9d9b:week:4
2025_04_MIN_PIT,4017.0,2025,4,,,no_play,0.0,,,archive:asset:299770475:sha256:0b04ffcee75f07c5a1cec292d7b485ec3222bbbcb65f7d5866fcd81b802b9d9b:week:4
2025_04_MIN_PIT,3996.0,2025,4,PIT,MIN,run,-0.8928996817558073,PIT,MIN,archive:asset:299770475:sha256:0b04ffcee75f07c5a1cec292d7b485ec3222bbbcb65f7d5866fcd81b802b9d9b:week:4
2025_04_MIN_PIT,4034.0,2025,4,PIT,MIN,no_play,-0.2652253888081759,PIT,MIN,archive:asset:299770475:sha256:0b04ffcee75f07c5a1cec292d7b485ec3222bbbcb65f7d5866fcd81b802b9d9b:week:4
2025_04_MIN_PIT,4058.0,2025,4,PIT,MIN,punt,-0.5536128670210019,PIT,MIN,archive:asset:299770475:sha256:0b04ffcee75f07c5a1cec292d7b485ec3222bbbcb65f7d5866fcd81b802b9d9b:week:4
2025_04_MIN_PIT,4076.0,2025,4,MIN,PIT,pass,-0.09977127140155062,MIN,PIT,archive:asset:299770475:sha256:0b04ffcee75f07c5a1cec292d7b485ec3222bbbcb65f7d5866fcd81b802b9d9b:week:4
2025_04_MIN_PIT,4160.0,2025,4,MIN,PIT,no_play,0.16027845366625115,MIN,PIT,archive:asset:299770475:sha256:0b04ffcee75f07c5a1cec292d7b485ec3222bbbcb65f7d5866fcd81b802b9d9b:week:4
2025_04_MIN_PIT,4197.0,2025,4,MIN,PIT,no_play,-0.0002943217405118048,MIN,PIT,archive:asset:299770475:sha256:0b04ffcee75f07c5a1cec292d7b485ec3222bbbcb65f7d5866fcd81b802b9d9b:week:4
2025_04_MIN_PIT,4228.0,2025,4,MIN,PIT,pass,0.242204959387891,MIN,PIT,archive:asset:299770475:sha256:0b04ffcee75f07c5a1cec292d7b485ec3222bbbcb65f7d5866fcd81b802b9d9b:week:4
2025_04_MIN_PIT,4258.0,2025,4,MIN,PIT,pass,-0.5673378559877165,MIN,PIT,archive:asset:299770475:sha256:0b04ffcee75f07c5a1cec292d7b485ec3222bbbcb65f7d5866fcd81b802b9d9b:week:4
2025_04_MIN_PIT,4292.0,2025,4,MIN,PIT,pass,0.03325933337328024,MIN,PIT,archive:asset:299770475:sha256:0b04ffcee75f07c5a1cec292d7b485ec3222bbbcb65f7d5866fcd81b802b9d9b:week:4
2025_04_MIN_PIT,4317.0,2025,4,MIN,PIT,qb_spike,-0.07807284893351607,MIN,PIT,archive:asset:299770475:sha256:0b04ffcee75f07c5a1cec292d7b485ec3222bbbcb65f7d5866fcd81b802b9d9b:week:4
2025_04_MIN_PIT,4340.0,2025,4,MIN,PIT,no_play,-0.0354144653538242,MIN,PIT,archive:asset:299770475:sha256:0b04ffcee75f07c5a1cec292d7b485ec3222bbbcb65f7d5866fcd81b802b9d9b:week:4
2025_04_MIN_PIT,4364.0,2025,4,MIN,PIT,pass,-1.3276411854894832,MIN,PIT,archive:asset:299770475:sha256:0b04ffcee75f07c5a1cec292d7b485ec3222bbbcb65f7d5866fcd81b802b9d9b:week:4
2025_04_MIN_PIT,4387.0,2025,4,PIT,MIN,qb_kneel,-1.3868606180767529,PIT,MIN,archive:asset:299770475:sha256:0b04ffcee75f07c5a1cec292d7b485ec3222bbbcb65f7d5866fcd81b802b9d9b:week:4
2025_04_MIN_PIT,4409.0,2025,4,PIT,MIN,,,PIT,MIN,archive:asset:299770475:sha256:0b04ffcee75f07c5a1cec292d7b485ec3222bbbcb65f7d5866fcd81b802b9d9b:week:4
2025_04_NO_BUF,1.0,2025,4,,,,0.0,,,archive:asset:299770475:sha256:0b04ffcee75f07c5a1cec292d7b485ec3222bbbcb65f7d5866fcd81b802b9d9b:week:4
2025_04_NO_BUF,40.0,2025,4,BUF,NO,kickoff,-0.464204175863415,BUF,NO,archive:asset:299770475:sha256:0b04ffcee75f07c5a1cec292d7b485ec3222bbbcb65f7d5866fcd81b802b9d9b:week:4
2025_04_NO_BUF,63.0,2025,4,BUF,NO,run,-0.3237224039621651,BUF,NO,archive:asset:299770475:sha256:0b04ffcee75f07c5a1cec292d7b485ec3222bbbcb65f7d5866fcd81b802b9d9b:week:4
2025_04_NO_BUF,85.0,2025,4,BUF,NO,pass,1.6361238728277385,BUF,NO,archive:asset:299770475:sha256:0b04ffcee75f07c5a1cec292d7b485ec3222bbbcb65f7d5866fcd81b802b9d9b:week:4
2025_04_NO_BUF,110.0,2025,4,BUF,NO,run,-0.10605848929844797,BUF,NO,archive:asset:299770475:sha256:0b04ffcee75f07c5a1cec292d7b485ec3222bbbcb65f7d5866fcd81b802b9d9b:week:4
2025_04_NO_BUF,132.0,2025,4,BUF,NO,run,-0.709483094047755,BUF,NO,archive:asset:299770475:sha256:0b04ffcee75f07c5a1cec292d7b485ec3222bbbcb65f7d5866fcd81b802b9d9b:week:4
2025_04_NO_BUF,154.0,2025,4,BUF,NO,pass,1.5977988026570529,BUF,NO,archive:asset:299770475:sha256:0b04ffcee75f07c5a1cec292d7b485ec3222bbbcb65f7d5866fcd81b802b9d9b:week:4
2025_04_NO_BUF,191.0,2025,4,BUF,NO,run,-0.05140638770535588,BUF,NO,archive:asset:299770475:sha256:0b04ffcee75f07c5a1cec292d7b485ec3222bbbcb65f7d5866fcd81b802b9d9b:week:4
2025_04_NO_BUF,213.0,2025,4,BUF,NO,pass,3.9468541075475514,BUF,NO,archive:asset:299770475:sha256:0b04ffcee75f07c5a1cec292d7b485ec3222bbbcb65f7d5866fcd81b802b9d9b:week:4
2025_04_NO_BUF,239.0,2025,4,BUF,NO,extra_point,0.06757300310763314,BUF,NO,archive:asset:299770475:sha256:0b04ffcee75f07c5a1cec292d7b485ec3222bbbcb65f7d5866fcd81b802b9d9b:week:4
2025_04_NO_BUF,254.0,2025,4,NO,BUF,kickoff,0.3374346368946135,NO,BUF,archive:asset:299770475:sha256:0b04ffcee75f07c5a1cec292d7b485ec3222bbbcb65f7d5866fcd81b802b9d9b:week:4
2025_04_NO_BUF,284.0,2025,4,NO,BUF,run,-1.2087965556420386,NO,BUF,archive:asset:299770475:sha256:0b04ffcee75f07c5a1cec292d7b485ec3222bbbcb65f7d5866fcd81b802b9d9b:week:4
2025_04_NO_BUF,329.0,2025,4,,,no_play,-0.0,,,archive:asset:299770475:sha256:0b04ffcee75f07c5a1cec292d7b485ec3222bbbcb65f7d5866fcd81b802b9d9b:week:4
2025_04_NO_BUF,306.0,2025,4,NO,BUF,run,-0.29818163672462106,NO,BUF,archive:asset:299770475:sha256:0b04ffcee75f07c5a1cec292d7b485ec3222bbbcb65f7d5866fcd81b802b9d9b:week:4
2025_04_NO_BUF,351.0,2025,4,NO,BUF,run,1.9756296428386122,NO,BUF,archive:asset:299770475:sha256:0b04ffcee75f07c5a1cec292d7b485ec3222bbbcb65f7d5866fcd81b802b9d9b:week:4
2025_04_NO_BUF,373.0,2025,4,NO,BUF,run,-0.4506214333232492,NO,BUF,archive:asset:299770475:sha256:0b04ffcee75f07c5a1cec292d7b485ec3222bbbcb65f7d5866fcd81b802b9d9b:week:4
2025_04_NO_BUF,395.0,2025,4,NO,BUF,run,2.0702632318716496,NO,BUF,archive:asset:299770475:sha256:0b04ffcee75f07c5a1cec292d7b485ec3222bbbcb65f7d5866fcd81b802b9d9b:week:4
2025_04_NO_BUF,429.0,2025,4,NO,BUF,pass,1.3053984540165402,NO,BUF,archive:asset:299770475:sha256:0b04ffcee75f07c5a1cec292d7b485ec3222bbbcb65f7d5866fcd81b802b9d9b:week:4
2025_04_NO_BUF,459.0,2025,4,NO,BUF,run,2.400067500944715,NO,BUF,archive:asset:299770475:sha256:0b04ffcee75f07c5a1cec292d7b485ec3222bbbcb65f7d5866fcd81b802b9d9b:week:4
2025_04_NO_BUF,482.0,2025,4,NO,BUF,extra_point,0.06757300310763314,NO,BUF,archive:asset:299770475:sha256:0b04ffcee75f07c5a1cec292d7b485ec3222bbbcb65f7d5866fcd81b802b9d9b:week:4
2025_04_NO_BUF,497.0,2025,4,BUF,NO,kickoff,0.552156112389639,BUF,NO,archive:asset:299770475:sha256:0b04ffcee75f07c5a1cec292d7b485ec3222bbbcb65f7d5866fcd81b802b9d9b:week:4
2025_04_NO_BUF,527.0,2025,4,BUF,NO,pass,1.016573584638536,BUF,NO,archive:asset:299770475:sha256:0b04ffcee75f07c5a1cec292d7b485ec3222bbbcb65f7d5866fcd81b802b9d9b:week:4
2025_04_NO_BUF,552.0,2025,4,BUF,NO,run,-0.059540651738643646,BUF,NO,archive:asset:299770475:sha256:0b04ffcee75f07c5a1cec292d7b485ec3222bbbcb65f7d5866fcd81b802b9d9b:week:4
2025_04_NO_BUF,574.0,2025,4,BUF,NO,pass,1.514504765975289,BUF,NO,archive:asset:299770475:sha256:0b04ffcee75f07c5a1cec292d7b485ec3222bbbcb65f7d5866fcd81b802b9d9b:week:4
2025_04_NO_BUF,604.0,2025,4,BUF,NO,run,0.2953078794525936,BUF,NO,archive:asset:299770475:sha256:0b04ffcee75f07c5a1cec292d7b485ec3222bbbcb65f7d5866fcd81b802b9d9b:week:4
2025_04_NO_BUF,626.0,2025,4,BUF,NO,run,0.549543003377039,BUF,NO,archive:asset:299770475:sha256:0b04ffcee75f07c5a1cec292d7b485ec3222bbbcb65f7d5866fcd81b802b9d9b:week:4
2025_04_NO_BUF,658.0,2025,4,BUF,NO,run,0.7200136674800888,BUF,NO,archive:asset:299770475:sha256:0b04ffcee75f07c5a1cec292d7b485ec3222bbbcb65f7d5866fcd81b802b9d9b:week:4
2025_04_NO_BUF,685.0,2025,4,BUF,NO,run,0.7006511914660223,BUF,NO,archive:asset:299770475:sha256:0b04ffcee75f07c5a1cec292d7b485ec3222bbbcb65f7d5866fcd81b802b9d9b:week:4
2025_04_NO_BUF,708.0,2025,4,BUF,NO,extra_point,0.06757300310763314,BUF,NO,archive:asset:299770475:sha256:0b04ffcee75f07c5a1cec292d7b485ec3222bbbcb65f7d5866fcd81b802b9d9b:week:4
2025_04_NO_BUF,723.0,2025,4,NO,BUF,kickoff,-0.8203240628354251,NO,BUF,archive:asset:299770475:sha256:0b04ffcee75f07c5a1cec292d7b485ec3222bbbcb65f7d5866fcd81b802b9d9b:week:4
2025_04_NO_BUF,770.0,2025,4,NO,BUF,run,1.1245246082544327,NO,BUF,archive:asset:299770475:sha256:0b04ffcee75f07c5a1cec292d7b485ec3222bbbcb65f7d5866fcd81b802b9d9b:week:4
2025_04_NO_BUF,792.0,2025,4,NO,BUF,pass,0.4514034166932106,NO,BUF,archive:asset:299770475:sha256:0b04ffcee75f07c5a1cec292d7b485ec3222bbbcb65f7d5866fcd81b802b9d9b:week:4
2025_04_NO_BUF,817.0,2025,4,NO,BUF,run,0.39096593693830073,NO,BUF,archive:asset:299770475:sha256:0b04ffcee75f07c5a1cec292d7b485ec3222bbbcb65f7d5866fcd81b802b9d9b:week:4
2025_04_NO_BUF,839.0,2025,4,NO,BUF,run,-0.3591818390414119,NO,BUF,archive:asset:299770475:sha256:0b04ffcee75f07c5a1cec292d7b485ec3222bbbcb65f7d5866fcd81b802b9d9b:week:4
2025_04_NO_BUF,861.0,2025,4,NO,BUF,pass,1.3122570889536291,NO,BUF,archive:asset:299770475:sha256:0b04ffcee75f07c5a1cec292d7b485ec3222bbbcb65f7d5866fcd81b802b9d9b:week:4
2025_04_NO_BUF,897.0,2025,4,NO,BUF,,-0.0,NO,BUF,archive:asset:299770475:sha256:0b04ffcee75f07c5a1cec292d7b485ec3222bbbcb65f7d5866fcd81b802b9d9b:week:4
2025_04_NO_BUF,917.0,2025,4,NO,BUF,run,0.03620947489980608,NO,BUF,archive:asset:299770475:sha256:0b04ffcee75f07c5a1cec292d7b485ec3222bbbcb65f7d5866fcd81b802b9d9b:week:4
2025_04_NO_BUF,949.0,2025,4,NO,BUF,pass,-0.8293758927611634,NO,BUF,archive:asset:299770475:sha256:0b04ffcee75f07c5a1cec292d7b485ec3222bbbcb65f7d5866fcd81b802b9d9b:week:4
2025_04_NO_BUF,969.0,2025,4,NO,BUF,pass,-2.801152201136574,NO,BUF,archive:asset:299770475:sha256:0b04ffcee75f07c5a1cec292d7b485ec3222bbbcb65f7d5866fcd81b802b9d9b:week:4
2025_04_NO_BUF,1044.0,2025,4,NO,BUF,punt,0.41338465083390474,NO,BUF,archive:asset:299770475:sha256:0b04ffcee75f07c5a1cec292d7b485ec3222bbbcb65f7d5866fcd81b802b9d9b:week:4
2025_04_NO_BUF,1075.0,2025,4,BUF,NO,run,-0.8118129181675613,BUF,NO,archive:asset:299770475:sha256:0b04ffcee75f07c5a1cec292d7b485ec3222bbbcb65f7d5866fcd81b802b9d9b:week:4
2025_04_NO_BUF,1105.0,2025,4,BUF,NO,pass,-0.7161412101704627,BUF,NO,archive:asset:299770475:sha256:0b04ffcee75f07c5a1cec292d7b485ec3222bbbcb65f7d5866fcd81b802b9d9b:week:4
2025_04_NO_BUF,1128.0,2025,4,BUF,NO,pass,-1.337853770237416,BUF,NO,archive:asset:299770475:sha256:0b04ffcee75f07c5a1cec292d7b485ec3222bbbcb65f7d5866fcd81b802b9d9b:week:4
2025_04_NO_BUF,1155.0,2025,4,NO,BUF,pass,-0.4758628713898361,NO,BUF,archive:asset:299770475:sha256:0b04ffcee75f07c5a1cec292d7b485ec3222bbbcb65f7d5866fcd81b802b9d9b:week:4
2025_04_NO_BUF,1192.0,2025,4,NO,BUF,run,-0.6731745190918446,NO,BUF,archive:asset:299770475:sha256:0b04ffcee75f07c5a1cec292d7b485ec3222bbbcb65f7d5866fcd81b802b9d9b:week:4
2025_04_NO_BUF,1214.0,2025,4,NO,BUF,pass,-1.626812921371311,NO,BUF,archive:asset:299770475:sha256:0b04ffcee75f07c5a1cec292d7b485ec3222bbbcb65f7d5866fcd81b802b9d9b:week:4
2025_04_NO_BUF,1237.0,2025,4,NO,BUF,punt,0.27127284079324454,NO,BUF,archive:asset:299770475:sha256:0b04ffcee75f07c5a1cec292d7b485ec3222bbbcb65f7d5866fcd81b802b9d9b:week:4
2025_04_NO_BUF,1257.0,2025,4,BUF,NO,run,-0.3452975114341825,BUF,NO,archive:asset:299770475:sha256:0b04ffcee75f07c5a1cec292d7b485ec3222bbbcb65f7d5866fcd81b802b9d9b:week:4
2025_04_NO_BUF,1286.0,2025,4,BUF,NO,pass,0.8676341426325962,BUF,NO,archive:asset:299770475:sha256:0b04ffcee75f07c5a1cec292d7b485ec3222bbbcb65f7d5866fcd81b802b9d9b:week:4
2025_04_NO_BUF,1311.0,2025,4,BUF,NO,pass,-0.777049798052758,BUF,NO,archive:asset:299770475:sha256:0b04ffcee75f07c5a1cec292d7b485ec3222bbbcb65f7d5866fcd81b802b9d9b:week:4
2025_04_NO_BUF,1346.0,2025,4,,,no_play,0.0,,,archive:asset:299770475:sha256:0b04ffcee75f07c5a1cec292d7b485ec3222bbbcb65f7d5866fcd81b802b9d9b:week:4
2025_04_NO_BUF,1334.0,2025,4,BUF,NO,pass,-0.30250036949291825,BUF,NO,archive:asset:299770475:sha256:0b04ffcee75f07c5a1cec292d7b485ec3222bbbcb65f7d5866fcd81b802b9d9b:week:4
2025_04_NO_BUF,1366.0,2025,4,BUF,NO,pass,-1.0131933484226465,BUF,NO,archive:asset:299770475:sha256:0b04ffcee75f07c5a1cec292d7b485ec3222bbbcb65f7d5866fcd81b802b9d9b:week:4
2025_04_NO_BUF,1389.0,2025,4,BUF,NO,punt,-1.194388466188684,BUF,NO,archive:asset:299770475:sha256:0b04ffcee75f07c5a1cec292d7b485ec3222bbbcb65f7d5866fcd81b802b9d9b:week:4
2025_04_NO_BUF,1421.0,2025,4,NO,BUF,run,-0.11775825009681284,NO,BUF,archive:asset:299770475:sha256:0b04ffcee75f07c5a1cec292d7b485ec3222bbbcb65f7d5866fcd81b802b9d9b:week:4
2025_04_NO_BUF,1444.0,2025,4,NO,BUF,run,0.3554043313488364,NO,BUF,archive:asset:299770475:sha256:0b04ffcee75f07c5a1cec292d7b485ec3222bbbcb65f7d5866fcd81b802b9d9b:week:4
2025_04_NO_BUF,1480.0,2025,4,NO,BUF,run,0.5518597866175696,NO,BUF,archive:asset:299770475:sha256:0b04ffcee75f07c5a1cec292d7b485ec3222bbbcb65f7d5866fcd81b802b9d9b:week:4
2025_04_NO_BUF,1502.0,2025,4,NO,BUF,run,-0.36827813601121306,NO,BUF,archive:asset:299770475:sha256:0b04ffcee75f07c5a1cec292d7b485ec3222bbbcb65f7d5866fcd81b802b9d9b:week:4
2025_04_NO_BUF,1539.0,2025,4,NO,BUF,pass,-0.6467436623061076,NO,BUF,archive:asset:299770475:sha256:0b04ffcee75f07c5a1cec292d7b485ec3222bbbcb65f7d5866fcd81b802b9d9b:week:4
2025_04_NO_BUF,1562.0,2025,4,NO,BUF,run,-1.5261455446732874,NO,BUF,archive:asset:299770475:sha256:0b04ffcee75f07c5a1cec292d7b485ec3222bbbcb65f7d5866fcd81b802b9d9b:week:4
2025_04_NO_BUF,1584.0,2025,4,NO,BUF,field_goal,2.21272471880258,NO,BUF,archive:asset:299770475:sha256:0b04ffcee75f07c5a1cec292d7b485ec3222bbbcb65f7d5866fcd81b802b9d9b:week:4
2025_04_NO_BUF,1604.0,2025,4,BUF,NO,kickoff,0.07919314270839095,BUF,NO,archive:asset:299770475:sha256:0b04ffcee75f07c5a1cec292d7b485ec3222bbbcb65f7d5866fcd81b802b9d9b:week:4
2025_04_NO_BUF,1634.0,2025,4,BUF,NO,run,-0.46372569468803704,BUF,NO,archive:asset:299770475:sha256:0b04ffcee75f07c5a1cec292d7b485ec3222bbbcb65f7d5866fcd81b802b9d9b:week:4
2025_04_NO_BUF,1661.0,2025,4,BUF,NO,pass,-1.0928433982189745,BUF,NO,archive:asset:299770475:sha256:0b04ffcee75f07c5a1cec292d7b485ec3222bbbcb65f7d5866fcd81b802b9d9b:week:4
2025_04_NO_BUF,1691.0,2025,4,BUF,NO,no_play,-0.1917882659472525,BUF,NO,archive:asset:299770475:sha256:0b04ffcee75f07c5a1cec292d7b485ec3222bbbcb65f7d5866fcd81b802b9d9b:week:4
2025_04_NO_BUF,1715.0,2025,4,BUF,NO,pass,-0.774075870634988,BUF,NO,archive:asset:299770475:sha256:0b04ffcee75f07c5a1cec292d7b485ec3222bbbcb65f7d5866fcd81b802b9d9b:week:4
2025_04_NO_BUF,1735.0,2025,4,BUF,NO,punt,-0.9709153493749909,BUF,NO,archive:asset:299770475:sha256:0b04ffcee75f07c5a1cec292d7b485ec3222bbbcb65f7d5866fcd81b802b9d9b:week:4
2025_04_NO_BUF,1761.0,2025,4,NO,BUF,pass,0.6583618483273312,NO,BUF,archive:asset:299770475:sha256:0b04ffcee75f07c5a1cec292d7b485ec3222bbbcb65f7d5866fcd81b802b9d9b:week:4
2025_04_NO_BUF,1791.0,2025,4,NO,BUF,run,1.0134710054262541,NO,BUF,archive:asset:299770475:sha256:0b04ffcee75f07c5a1cec292d7b485ec3222bbbcb65f7d5866fcd81b802b9d9b:week:4
2025_04_NO_BUF,1813.0,2025,4,NO,BUF,run,-0.4558362899697386,NO,BUF,archive:asset:299770475:sha256:0b04ffcee75f07c5a1cec292d7b485ec3222bbbcb65f7d5866fcd81b802b9d9b:week:4
2025_04_NO_BUF,1847.0,2025,4,NO,BUF,run,0.4497469933703542,NO,BUF,archive:asset:299770475:sha256:0b04ffcee75f07c5a1cec292d7b485ec3222bbbcb65f7d5866fcd81b802b9d9b:week:4
2025_04_NO_BUF,1884.0,2025,4,,,no_play,-0.0,,,archive:asset:299770475:sha256:0b04ffcee75f07c5a1cec292d7b485ec3222bbbcb65f7d5866fcd81b802b9d9b:week:4
2025_04_NO_BUF,1872.0,2025,4,NO,BUF,run,0.5115644413162954,NO,BUF,archive:asset:299770475:sha256:0b04ffcee75f07c5a1cec292d7b485ec3222bbbcb65f7d5866fcd81b802b9d9b:week:4
2025_04_NO_BUF,1913.0,2025,4,,,no_play,-0.0,,,archive:asset:299770475:sha256:0b04ffcee75f07c5a1cec292d7b485ec3222bbbcb65f7d5866fcd81b802b9d9b:week:4
2025_04_NO_BUF,1901.0,2025,4,NO,BUF,run,-0.3621779820532538,NO,BUF,archive:asset:299770475:sha256:0b04ffcee75f07c5a1cec292d7b485ec3222bbbcb65f7d5866fcd81b802b9d9b:week:4
2025_04_NO_BUF,1942.0,2025,4,,,no_play,-0.0,,,archive:asset:299770475:sha256:0b04ffcee75f07c5a1cec292d7b485ec3222bbbcb65f7d5866fcd81b802b9d9b:week:4
2025_04_NO_BUF,1930.0,2025,4,NO,BUF,pass,-0.9792586657567881,NO,BUF,archive:asset:299770475:sha256:0b04ffcee75f07c5a1cec292d7b485ec3222bbbcb65f7d5866fcd81b802b9d9b:week:4
2025_04_NO_BUF,1976.0,2025,4,NO,BUF,pass,-3.5951321736210957,NO,BUF,archive:asset:299770475:sha256:0b04ffcee75f07c5a1cec292d7b485ec3222bbbcb65f7d5866fcd81b802b9d9b:week:4
2025_04_NO_BUF,2029.0,2025,4,BUF,NO,no_play,-0.4074135546106845,BUF,NO,archive:asset:299770475:sha256:0b04ffcee75f07c5a1cec292d7b485ec3222bbbcb65f7d5866fcd81b802b9d9b:week:4
2025_04_NO_BUF,2063.0,2025,4,BUF,NO,run,0.3531689560622908,BUF,NO,archive:asset:299770475:sha256:0b04ffcee75f07c5a1cec292d7b485ec3222bbbcb65f7d5866fcd81b802b9d9b:week:4
2025_04_NO_BUF,2101.0,2025,4,BUF,NO,run,-0.12101970339426771,BUF,NO,archive:asset:299770475:sha256:0b04ffcee75f07c5a1cec292d7b485ec3222bbbcb65f7d5866fcd81b802b9d9b:week:4
2025_04_NO_BUF,2123.0,2025,4,BUF,NO,run,0.07770863710902631,BUF,NO,archive:asset:299770475:sha256:0b04ffcee75f07c5a1cec292d7b485ec3222bbbcb65f7d5866fcd81b802b9d9b:week:4
2025_04_NO_BUF,2145.0,2025,4,,,,,,,archive:asset:299770475:sha256:0b04ffcee75f07c5a1cec292d7b485ec3222bbbcb65f7d5866fcd81b802b9d9b:week:4
2025_04_NO_BUF,2165.0,2025,4,NO,BUF,kickoff,0.5222758459858596,NO,BUF,archive:asset:299770475:sha256:0b04ffcee75f07c5a1cec292d7b485ec3222bbbcb65f7d5866fcd81b802b9d9b:week:4
2025_04_NO_BUF,2188.0,2025,4,NO,BUF,run,0.7704511610791087,NO,BUF,archive:asset:299770475:sha256:0b04ffcee75f07c5a1cec292d7b485ec3222bbbcb65f7d5866fcd81b802b9d9b:week:4
2025_04_NO_BUF,2210.0,2025,4,NO,BUF,run,-0.19686819915659726,NO,BUF,archive:asset:299770475:sha256:0b04ffcee75f07c5a1cec292d7b485ec3222bbbcb65f7d5866fcd81b802b9d9b:week:4
2025_04_NO_BUF,2232.0,2025,4,NO,BUF,pass,-0.2576906580943614,NO,BUF,archive:asset:299770475:sha256:0b04ffcee75f07c5a1cec292d7b485ec3222bbbcb65f7d5866fcd81b802b9d9b:week:4
2025_04_NO_BUF,2267.0,2025,4,,,no_play,-0.0,,,archive:asset:299770475:sha256:0b04ffcee75f07c5a1cec292d7b485ec3222bbbcb65f7d5866fcd81b802b9d9b:week:4
2025_04_NO_BUF,2255.0,2025,4,NO,BUF,pass,-1.2793893865309656,NO,BUF,archive:asset:299770475:sha256:0b04ffcee75f07c5a1cec292d7b485ec3222bbbcb65f7d5866fcd81b802b9d9b:week:4
2025_04_NO_BUF,2287.0,2025,4,NO,BUF,punt,-1.077490795403719,NO,BUF,archive:asset:299770475:sha256:0b04ffcee75f07c5a1cec292d7b485ec3222bbbcb65f7d5866fcd81b802b9d9b:week:4
2025_04_NO_BUF,2305.0,2025,4,BUF,NO,run,0.722129282541573,BUF,NO,archive:asset:299770475:sha256:0b04ffcee75f07c5a1cec292d7b485ec3222bbbcb65f7d5866fcd81b802b9d9b:week:4
2025_04_NO_BUF,2339.0,2025,4,BUF,NO,run,1.0428640875034034,BUF,NO,archive:asset:299770475:sha256:0b04ffcee75f07c5a1cec292d7b485ec3222bbbcb65f7d5866fcd81b802b9d9b:week:4
2025_04_NO_BUF,2361.0,2025,4,BUF,NO,run,-0.46429607504978776,BUF,NO,archive:asset:299770475:sha256:0b04ffcee75f07c5a1cec292d7b485ec3222bbbcb65f7d5866fcd81b802b9d9b:week:4
2025_04_NO_BUF,2383.0,2025,4,BUF,NO,no_play,-1.0686438649427146,BUF,NO,archive:asset:299770475:sha256:0b04ffcee75f07c5a1cec292d7b485ec3222bbbcb65f7d5866fcd81b802b9d9b:week:4
2025_04_NO_BUF,2424.0,2025,4,BUF,NO,pass,0.1845941182691604,BUF,NO,archive:asset:299770475:sha256:0b04ffcee75f07c5a1cec292d7b485ec3222bbbcb65f7d5866fcd81b802b9d9b:week:4
2025_04_NO_BUF,2449.0,2025,4,BUF,NO,pass,2.5447883852757514,BUF,NO,archive:asset:299770475:sha256:0b04ffcee75f07c5a1cec292d7b485ec3222bbbcb65f7d5866fcd81b802b9d9b:week:4
2025_04_NO_BUF,2474.0,2025,4,BUF,NO,run,0.731505865463987,BUF,NO,archive:asset:299770475:sha256:0b04ffcee75f07c5a1cec292d7b485ec3222bbbcb65f7d5866fcd81b802b9d9b:week:4
2025_04_NO_BUF,2496.0,2025,4,BUF,NO,pass,0.7879897693637758,BUF,NO,archive:asset:299770475:sha256:0b04ffcee75f07c5a1cec292d7b485ec3222bbbcb65f7d5866fcd81b802b9d9b:week:4
2025_04_NO_BUF,2521.0,2025,4,BUF,NO,run,0.2547148486482911,BUF,NO,archive:asset:299770475:sha256:0b04ffcee75f07c5a1cec292d7b485ec3222bbbcb65f7d5866fcd81b802b9d9b:week:4
2025_04_NO_BUF,2543.0,2025,4,BUF,NO,run,1.5158639175933786,BUF,NO,archive:asset:299770475:sha256:0b04ffcee75f07c5a1cec292d7b485ec3222bbbcb65f7d5866fcd81b802b9d9b:week:4
2025_04_NO_BUF,2566.0,2025,4,BUF,NO,extra_point,0.06757300310763314,BUF,NO,archive:asset:299770475:sha256:0b04ffcee75f07c5a1cec292d7b485ec3222bbbcb65f7d5866fcd81b802b9d9b:week:4
2025_04_NO_BUF,2581.0,2025,4,NO,BUF,kickoff,0.5376248348038644,NO,BUF,archive:asset:299770475:sha256:0b04ffcee75f07c5a1cec292d7b485ec3222bbbcb65f7d5866fcd81b802b9d9b:week:4
2025_04_NO_BUF,2611.0,2025,4,NO,BUF,run,-0.1881025261245668,NO,BUF,archive:asset:299770475:sha256:0b04ffcee75f07c5a1cec292d7b485ec3222bbbcb65f7d5866fcd81b802b9d9b:week:4
2025_04_NO_BUF,2633.0,2025,4,NO,BUF,pass,0.9768502311781049,NO,BUF,archive:asset:299770475:sha256:0b04ffcee75f07c5a1cec292d7b485ec3222bbbcb65f7d5866fcd81b802b9d9b:week:4
2025_04_NO_BUF,2658.0,2025,4,NO,BUF,run,0.646890704985708,NO,BUF,archive:asset:299770475:sha256:0b04ffcee75f07c5a1cec292d7b485ec3222bbbcb65f7d5866fcd81b802b9d9b:week:4
2025_04_NO_BUF,2680.0,2025,4,NO,BUF,run,-0.46946129435673356,NO,BUF,archive:asset:299770475:sha256:0b04ffcee75f07c5a1cec292d7b485ec3222bbbcb65f7d5866fcd81b802b9d9b:week:4
2025_04_NO_BUF,2702.0,2025,4,NO,BUF,pass,0.5070105178747326,NO,BUF,archive:asset:299770475:sha256:0b04ffcee75f07c5a1cec292d7b485ec3222bbbcb65f7d5866fcd81b802b9d9b:week:4
2025_04_NO_BUF,2727.0,2025,4,NO,BUF,run,0.7224277545465156,NO,BUF,archive:asset:299770475:sha256:0b04ffcee75f07c5a1cec292d7b485ec3222bbbcb65f7d5866fcd81b802b9d9b:week:4
2025_04_NO_BUF,2749.0,2025,4,NO,BUF,run,0.7351239623967558,NO,BUF,archive:asset:299770475:sha256:0b04ffcee75f07c5a1cec292d7b485ec3222bbbcb65f7d5866fcd81b802b9d9b:week:4
2025_04_NO_BUF,2776.0,2025,4,NO,BUF,no_play,0.5001791488612071,NO,BUF,archive:asset:299770475:sha256:0b04ffcee75f07c5a1cec292d7b485ec3222bbbcb65f7d5866fcd81b802b9d9b:week:4
2025_04_NO_BUF,2815.0,2025,4,NO,BUF,run,0.06004388618748635,NO,BUF,archive:asset:299770475:sha256:0b04ffcee75f07c5a1cec292d7b485ec3222bbbcb65f7d5866fcd81b802b9d9b:week:4
2025_04_NO_BUF,2837.0,2025,4,NO,BUF,run,-0.25345081416890025,NO,BUF,archive:asset:299770475:sha256:0b04ffcee75f07c5a1cec292d7b485ec3222bbbcb65f7d5866fcd81b802b9d9b:week:4
2025_04_NO_BUF,2859.0,2025,4,NO,BUF,pass,-0.226707695517689,NO,BUF,archive:asset:299770475:sha256:0b04ffcee75f07c5a1cec292d7b485ec3222bbbcb65f7d5866fcd81b802b9d9b:week:4
2025_04_NO_BUF,2884.0,2025,4,NO,BUF,pass,2.2465153044322506,NO,BUF,archive:asset:299770475:sha256:0b04ffcee75f07c5a1cec292d7b485ec3222bbbcb65f7d5866fcd81b802b9d9b:week:4
2025_04_NO_BUF,2918.0,2025,4,,,no_play,-0.0,,,archive:asset:299770475:sha256:0b04ffcee75f07c5a1cec292d7b485ec3222bbbcb65f7d5866fcd81b802b9d9b:week:4
2025_04_NO_BUF,2910.0,2025,4,NO,BUF,run,-0.947,NO,BUF,archive:asset:299770475:sha256:0b04ffcee75f07c5a1cec292d7b485ec3222bbbcb65f7d5866fcd81b802b9d9b:week:4
2025_04_NO_BUF,2930.0,2025,4,BUF,NO,kickoff,0.36428422783501446,BUF,NO,archive:asset:299770475:sha256:0b04ffcee75f07c5a1cec292d7b485ec3222bbbcb65f7d5866fcd81b802b9d9b:week:4
2025_04_NO_BUF,2966.0,2025,4,BUF,NO,pass,0.7440262180753052,BUF,NO,archive:asset:299770475:sha256:0b04ffcee75f07c5a1cec292d7b485ec3222bbbcb65f7d5866fcd81b802b9d9b:week:4
2025_04_NO_BUF,2991.0,2025,4,BUF,NO,,0.0,BUF,NO,archive:asset:299770475:sha256:0b04ffcee75f07c5a1cec292d7b485ec3222bbbcb65f7d5866fcd81b802b9d9b:week:4
2025_04_NO_BUF,3011.0,2025,4,BUF,NO,run,0.16901788231916726,BUF,NO,archive:asset:299770475:sha256:0b04ffcee75f07c5a1cec292d7b485ec3222bbbcb65f7d5866fcd81b802b9d9b:week:4
2025_04_NO_BUF,3033.0,2025,4,BUF,NO,run,-0.037597880233079195,BUF,NO,archive:asset:299770475:sha256:0b04ffcee75f07c5a1cec292d7b485ec3222bbbcb65f7d5866fcd81b802b9d9b:week:4
2025_04_NO_BUF,3055.0,2025,4,BUF,NO,run,-1.6289710632991046,BUF,NO,archive:asset:299770475:sha256:0b04ffcee75f07c5a1cec292d7b485ec3222bbbcb65f7d5866fcd81b802b9d9b:week:4
2025_04_NO_BUF,3077.0,2025,4,BUF,NO,pass,-3.5252943886443973,BUF,NO,archive:asset:299770475:sha256:0b04ffcee75f07c5a1cec292d7b485ec3222bbbcb65f7d5866fcd81b802b9d9b:week:4
2025_04_NO_BUF,3107.0,2025,4,NO,BUF,run,-0.42574991937726736,NO,BUF,archive:asset:299770475:sha256:0b04ffcee75f07c5a1cec292d7b485ec3222bbbcb65f7d5866fcd81b802b9d9b:week:4
2025_04_NO_BUF,3140.0,2025,4,NO,BUF,run,1.2705716396449134,NO,BUF,archive:asset:299770475:sha256:0b04ffcee75f07c5a1cec292d7b485ec3222bbbcb65f7d5866fcd81b802b9d9b:week:4
2025_04_NO_BUF,3165.0,2025,4,NO,BUF,pass,0.6335605183849111,NO,BUF,archive:asset:299770475:sha256:0b04ffcee75f07c5a1cec292d7b485ec3222bbbcb65f7d5866fcd81b802b9d9b:week:4
2025_04_NO_BUF,3190.0,2025,4,NO,BUF,run,-0.4615293340757489,NO,BUF,archive:asset:299770475:sha256:0b04ffcee75f07c5a1cec292d7b485ec3222bbbcb65f7d5866fcd81b802b9d9b:week:4
2025_04_NO_BUF,3212.0,2025,4,NO,BUF,pass,1.0327145761111751,NO,BUF,archive:asset:299770475:sha256:0b04ffcee75f07c5a1cec292d7b485ec3222bbbcb65f7d5866fcd81b802b9d9b:week:4
2025_04_NO_BUF,3237.0,2025,4,NO,BUF,run,-0.49570241884794086,NO,BUF,archive:asset:299770475:sha256:0b04ffcee75f07c5a1cec292d7b485ec3222bbbcb65f7d5866fcd81b802b9d9b:week:4
2025_04_NO_BUF,3259.0,2025,4,NO,BUF,pass,-1.2801909361733124,NO,BUF,archive:asset:299770475:sha256:0b04ffcee75f07c5a1cec292d7b485ec3222bbbcb65f7d5866fcd81b802b9d9b:week:4
2025_04_NO_BUF,3284.0,2025,4,NO,BUF,pass,-0.46516081164134304,NO,BUF,archive:asset:299770475:sha256:0b04ffcee75f07c5a1cec292d7b485ec3222bbbcb65f7d5866fcd81b802b9d9b:week:4
2025_04_NO_BUF,3376.0,2025,4,NO,BUF,field_goal,0.36547600847677897,NO,BUF,archive:asset:299770475:sha256:0b04ffcee75f07c5a1cec292d7b485ec3222bbbcb65f7d5866fcd81b802b9d9b:week:4
2025_04_NO_BUF,3396.0,2025,4,BUF,NO,kickoff,0.8792882536072284,BUF,NO,archive:asset:299770475:sha256:0b04ffcee75f07c5a1cec292d7b485ec3222bbbcb65f7d5866fcd81b802b9d9b:week:4
2025_04_NO_BUF,3430.0,2025,4,BUF,NO,pass,-0.034572405042126775,BUF,NO,archive:asset:299770475:sha256:0b04ffcee75f07c5a1cec292d7b485ec3222bbbcb65f7d5866fcd81b802b9d9b:week:4
2025_04_NO_BUF,3455.0,2025,4,BUF,NO,pass,-0.7072880673222244,BUF,NO,archive:asset:299770475:sha256:0b04ffcee75f07c5a1cec292d7b485ec3222bbbcb65f7d5866fcd81b802b9d9b:week:4
2025_04_NO_BUF,3478.0,2025,4,BUF,NO,run,2.619031790702138,BUF,NO,archive:asset:299770475:sha256:0b04ffcee75f07c5a1cec292d7b485ec3222bbbcb65f7d5866fcd81b802b9d9b:week:4
2025_04_NO_BUF,3500.0,2025,4,BUF,NO,pass,3.196830745728221,BUF,NO,archive:asset:299770475:sha256:0b04ffcee75f07c5a1cec292d7b485ec3222bbbcb65f7d5866fcd81b802b9d9b:week:4
2025_04_NO_BUF,3526.0,2025,4,BUF,NO,no_play,0.0,BUF,NO,archive:asset:299770475:sha256:0b04ffcee75f07c5a1cec292d7b485ec3222bbbcb65f7d5866fcd81b802b9d9b:week:4
2025_04_NO_BUF,3546.0,2025,4,BUF,NO,extra_point,0.12208925392121883,BUF,NO,archive:asset:299770475:sha256:0b04ffcee75f07c5a1cec292d7b485ec3222bbbcb65f7d5866fcd81b802b9d9b:week:4
2025_04_NO_BUF,3561.0,2025,4,NO,BUF,kickoff,0.3240564363077283,NO,BUF,archive:asset:299770475:sha256:0b04ffcee75f07c5a1cec292d7b485ec3222bbbcb65f7d5866fcd81b802b9d9b:week:4
2025_04_NO_BUF,3606.0,2025,4,NO,BUF,pass,0.030237463768571615,NO,BUF,archive:asset:299770475:sha256:0b04ffcee75f07c5a1cec292d7b485ec3222bbbcb65f7d5866fcd81b802b9d9b:week:4
2025_04_NO_BUF,3631.0,2025,4,NO,BUF,pass,1.053476053988561,NO,BUF,archive:asset:299770475:sha256:0b04ffcee75f07c5a1cec292d7b485ec3222bbbcb65f7d5866fcd81b802b9d9b:week:4
2025_04_NO_BUF,3656.0,2025,4,NO,BUF,pass,-0.4467761933337897,NO,BUF,archive:asset:299770475:sha256:0b04ffcee75f07c5a1cec292d7b485ec3222bbbcb65f7d5866fcd81b802b9d9b:week:4
2025_04_NO_BUF,3679.0,2025,4,NO,BUF,pass,-0.6711914085317403,NO,BUF,archive:asset:299770475:sha256:0b04ffcee75f07c5a1cec292d7b485ec3222bbbcb65f7d5866fcd81b802b9d9b:week:4
2025_04_NO_BUF,3702.0,2025,4,NO,BUF,pass,-0.77494549844414,NO,BUF,archive:asset:299770475:sha256:0b04ffcee75f07c5a1cec292d7b485ec3222bbbcb65f7d5866fcd81b802b9d9b:week:4
2025_04_NO_BUF,3727.0,2025,4,NO,BUF,pass,-2.5280378335155547,NO,BUF,archive:asset:299770475:sha256:0b04ffcee75f07c5a1cec292d7b485ec3222bbbcb65f7d5866fcd81b802b9d9b:week:4
2025_04_NO_BUF,3752.0,2025,4,BUF,NO,run,-0.01935881795361638,BUF,NO,archive:asset:299770475:sha256:0b04ffcee75f07c5a1cec292d7b485ec3222bbbcb65f7d5866fcd81b802b9d9b:week:4
2025_04_NO_BUF,3786.0,2025,4,,,no_play,0.0,,,archive:asset:299770475:sha256:0b04ffcee75f07c5a1cec292d7b485ec3222bbbcb65f7d5866fcd81b802b9d9b:week:4
2025_04_NO_BUF,3774.0,2025,4,BUF,NO,no_play,-0.563575939508155,BUF,NO,archive:asset:299770475:sha256:0b04ffcee75f07c5a1cec292d7b485ec3222bbbcb65f7d5866fcd81b802b9d9b:week:4
2025_04_NO_BUF,3805.0,2025,4,BUF,NO,pass,-0.08739419491030276,BUF,NO,archive:asset:299770475:sha256:0b04ffcee75f07c5a1cec292d7b485ec3222bbbcb65f7d5866fcd81b802b9d9b:week:4
2025_04_NO_BUF,3842.0,2025,4,,,no_play,0.0,,,archive:asset:299770475:sha256:0b04ffcee75f07c5a1cec292d7b485ec3222bbbcb65f7d5866fcd81b802b9d9b:week:4
2025_04_NO_BUF,3830.0,2025,4,BUF,NO,pass,-1.8572063918691128,BUF,NO,archive:asset:299770475:sha256:0b04ffcee75f07c5a1cec292d7b485ec3222bbbcb65f7d5866fcd81b802b9d9b:week:4
2025_04_NO_BUF,3878.0,2025,4,,,no_play,0.0,,,archive:asset:299770475:sha256:0b04ffcee75f07c5a1cec292d7b485ec3222bbbcb65f7d5866fcd81b802b9d9b:week:4
2025_04_NO_BUF,3866.0,2025,4,BUF,NO,no_play,3.214786380995065,BUF,NO,archive:asset:299770475:sha256:0b04ffcee75f07c5a1cec292d7b485ec3222bbbcb65f7d5866fcd81b802b9d9b:week:4
2025_04_NO_BUF,3910.0,2025,4,BUF,NO,pass,-0.7315831742016599,BUF,NO,archive:asset:299770475:sha256:0b04ffcee75f07c5a1cec292d7b485ec3222bbbcb65f7d5866fcd81b802b9d9b:week:4
2025_04_NO_BUF,3938.0,2025,4,BUF,NO,run,1.1893096879357472,BUF,NO,archive:asset:299770475:sha256:0b04ffcee75f07c5a1cec292d7b485ec3222bbbcb65f7d5866fcd81b802b9d9b:week:4
2025_04_NO_BUF,3965.0,2025,4,BUF,NO,run,0.4171273576794192,BUF,NO,archive:asset:299770475:sha256:0b04ffcee75f07c5a1cec292d7b485ec3222bbbcb65f7d5866fcd81b802b9d9b:week:4
2025_04_NO_BUF,3987.0,2025,4,BUF,NO,run,-0.5288331140764058,BUF,NO,archive:asset:299770475:sha256:0b04ffcee75f07c5a1cec292d7b485ec3222bbbcb65f7d5866fcd81b802b9d9b:week:4
2025_04_NO_BUF,4021.0,2025,4,,,no_play,0.0,,,archive:asset:299770475:sha256:0b04ffcee75f07c5a1cec292d7b485ec3222bbbcb65f7d5866fcd81b802b9d9b:week:4
2025_04_NO_BUF,4009.0,2025,4,BUF,NO,pass,-0.16353732973016077,BUF,NO,archive:asset:299770475:sha256:0b04ffcee75f07c5a1cec292d7b485ec3222bbbcb65f7d5866fcd81b802b9d9b:week:4
2025_04_NO_BUF,4039.0,2025,4,BUF,NO,field_goal,0.3331250865865054,BUF,NO,archive:asset:299770475:sha256:0b04ffcee75f07c5a1cec292d7b485ec3222bbbcb65f7d5866fcd81b802b9d9b:week:4
2025_04_NO_BUF,4064.0,2025,4,NO,BUF,kickoff,0.30447252793237567,NO,BUF,archive:asset:299770475:sha256:0b04ffcee75f07c5a1cec292d7b485ec3222bbbcb65f7d5866fcd81b802b9d9b:week:4
2025_04_NO_BUF,4084.0,2025,4,NO,BUF,pass,-0.39886501349974424,NO,BUF,archive:asset:299770475:sha256:0b04ffcee75f07c5a1cec292d7b485ec3222bbbcb65f7d5866fcd81b802b9d9b:week:4
2025_04_NO_BUF,4107.0,2025,4,NO,BUF,pass,-0.8498284708475694,NO,BUF,archive:asset:299770475:sha256:0b04ffcee75f07c5a1cec292d7b485ec3222bbbcb65f7d5866fcd81b802b9d9b:week:4
2025_04_NO_BUF,4127.0,2025,4,NO,BUF,pass,-0.20381479698698968,NO,BUF,archive:asset:299770475:sha256:0b04ffcee75f07c5a1cec292d7b485ec3222bbbcb65f7d5866fcd81b802b9d9b:week:4
2025_04_NO_BUF,4164.0,2025,4,NO,BUF,pass,-1.8759207666735165,NO,BUF,archive:asset:299770475:sha256:0b04ffcee75f07c5a1cec292d7b485ec3222bbbcb65f7d5866fcd81b802b9d9b:week:4
2025_04_NO_BUF,4194.0,2025,4,BUF,NO,qb_kneel,-0.6791546866297722,BUF,NO,archive:asset:299770475:sha256:0b04ffcee75f07c5a1cec292d7b485ec3222bbbcb65f7d5866fcd81b802b9d9b:week:4
2025_04_NO_BUF,4216.0,2025,4,BUF,NO,qb_kneel,-0.22861966927303,BUF,NO,archive:asset:299770475:sha256:0b04ffcee75f07c5a1cec292d7b485ec3222bbbcb65f7d5866fcd81b802b9d9b:week:4
2025_04_NO_BUF,4238.0,2025,4,BUF,NO,qb_kneel,-1.152945533161983,BUF,NO,archive:asset:299770475:sha256:0b04ffcee75f07c5a1cec292d7b485ec3222bbbcb65f7d5866fcd81b802b9d9b:week:4
2025_04_NO_BUF,4260.0,2025,4,BUF,NO,,,BUF,NO,archive:asset:299770475:sha256:0b04ffcee75f07c5a1cec292d7b485ec3222bbbcb65f7d5866fcd81b802b9d9b:week:4
2025_04_NYJ_MIA,1.0,2025,4,,,,0.0,,,archive:asset:299770475:sha256:0b04ffcee75f07c5a1cec292d7b485ec3222bbbcb65f7d5866fcd81b802b9d9b:week:4
2025_04_NYJ_MIA,40.0,2025,4,MIA,NYJ,kickoff,0.5788652517367154,MIA,NYJ,archive:asset:299770475:sha256:0b04ffcee75f07c5a1cec292d7b485ec3222bbbcb65f7d5866fcd81b802b9d9b:week:4
2025_04_NYJ_MIA,63.0,2025,4,MIA,NYJ,run,-0.2252621289808303,MIA,NYJ,archive:asset:299770475:sha256:0b04ffcee75f07c5a1cec292d7b485ec3222bbbcb65f7d5866fcd81b802b9d9b:week:4
2025_04_NYJ_MIA,85.0,2025,4,MIA,NYJ,run,-0.6065276516601443,MIA,NYJ,archive:asset:299770475:sha256:0b04ffcee75f07c5a1cec292d7b485ec3222bbbcb65f7d5866fcd81b802b9d9b:week:4
2025_04_NYJ_MIA,107.0,2025,4,MIA,NYJ,pass,2.06450142362155,MIA,NYJ,archive:asset:299770475:sha256:0b04ffcee75f07c5a1cec292d7b485ec3222bbbcb65f7d5866fcd81b802b9d9b:week:4
2025_04_NYJ_MIA,132.0,2025,4,MIA,NYJ,pass,-0.4967971520964056,MIA,NYJ,archive:asset:299770475:sha256:0b04ffcee75f07c5a1cec292d7b485ec3222bbbcb65f7d5866fcd81b802b9d9b:week:4
2025_04_NYJ_MIA,155.0,2025,4,MIA,NYJ,run,-0.7097109730821103,MIA,NYJ,archive:asset:299770475:sha256:0b04ffcee75f07c5a1cec292d7b485ec3222bbbcb65f7d5866fcd81b802b9d9b:week:4
2025_04_NYJ_MIA,177.0,2025,4,MIA,NYJ,pass,1.8051416302332655,MIA,NYJ,archive:asset:299770475:sha256:0b04ffcee75f07c5a1cec292d7b485ec3222bbbcb65f7d5866fcd81b802b9d9b:week:4
2025_04_NYJ_MIA,202.0,2025,4,MIA,NYJ,pass,-0.52196021808777,MIA,NYJ,archive:asset:299770475:sha256:0b04ffcee75f07c5a1cec292d7b485ec3222bbbcb65f7d5866fcd81b802b9d9b:week:4
2025_04_NYJ_MIA,225.0,2025,4,MIA,NYJ,run,0.1500326287932694,MIA,NYJ,archive:asset:299770475:sha256:0b04ffcee75f07c5a1cec292d7b485ec3222bbbcb65f7d5866fcd81b802b9d9b:week:4
2025_04_NYJ_MIA,247.0,2025,4,MIA,NYJ,pass,-1.9609434241277488,MIA,NYJ,archive:asset:299770475:sha256:0b04ffcee75f07c5a1cec292d7b485ec3222bbbcb65f7d5866fcd81b802b9d9b:week:4
2025_04_NYJ_MIA,277.0,2025,4,MIA,NYJ,field_goal,1.4485628458054127,MIA,NYJ,archive:asset:299770475:sha256:0b04ffcee75f07c5a1cec292d7b485ec3222bbbcb65f7d5866fcd81b802b9d9b:week:4
2025_04_NYJ_MIA,302.0,2025,4,NYJ,MIA,kickoff,-0.8550679758191109,NYJ,MIA,archive:asset:299770475:sha256:0b04ffcee75f07c5a1cec292d7b485ec3222bbbcb65f7d5866fcd81b802b9d9b:week:4
2025_04_NYJ_MIA,343.0,2025,4,NYJ,MIA,run,0.2745768316090107,NYJ,MIA,archive:asset:299770475:sha256:0b04ffcee75f07c5a1cec292d7b485ec3222bbbcb65f7d5866fcd81b802b9d9b:week:4
2025_04_NYJ_MIA,367.0,2025,4,NYJ,MIA,run,0.8616639580577612,NYJ,MIA,archive:asset:299770475:sha256:0b04ffcee75f07c5a1cec292d7b485ec3222bbbcb65f7d5866fcd81b802b9d9b:week:4
2025_04_NYJ_MIA,389.0,2025,4,NYJ,MIA,run,0.12416624370962381,NYJ,MIA,archive:asset:299770475:sha256:0b04ffcee75f07c5a1cec292d7b485ec3222bbbcb65f7d5866fcd81b802b9d9b:week:4
2025_04_NYJ_MIA,416.0,2025,4,NYJ,MIA,run,0.5293751943390816,NYJ,MIA,archive:asset:299770475:sha256:0b04ffcee75f07c5a1cec292d7b485ec3222bbbcb65f7d5866fcd81b802b9d9b:week:4
2025_04_NYJ_MIA,438.0,2025,4,NYJ,MIA,pass,0.11887636571191251,NYJ,MIA,archive:asset:299770475:sha256:0b04ffcee75f07c5a1cec292d7b485ec3222bbbcb65f7d5866fcd81b802b9d9b:week:4
2025_04_NYJ_MIA,468.0,2025,4,NYJ,MIA,run,1.328127953922376,NYJ,MIA,archive:asset:299770475:sha256:0b04ffcee75f07c5a1cec292d7b485ec3222bbbcb65f7d5866fcd81b802b9d9b:week:4
2025_04_NYJ_MIA,492.0,2025,4,NYJ,MIA,run,1.2595672103343531,NYJ,MIA,archive:asset:299770475:sha256:0b04ffcee75f07c5a1cec292d7b485ec3222bbbcb65f7d5866fcd81b802b9d9b:week:4
2025_04_NYJ_MIA,514.0,2025,4,NYJ,MIA,run,-0.09723510418552905,NYJ,MIA,archive:asset:299770475:sha256:0b04ffcee75f07c5a1cec292d7b485ec3222bbbcb65f7d5866fcd81b802b9d9b:week:4
2025_04_NYJ_MIA,536.0,2025,4,NYJ,MIA,run,-0.7113128261989914,NYJ,MIA,archive:asset:299770475:sha256:0b04ffcee75f07c5a1cec292d7b485ec3222bbbcb65f7d5866fcd81b802b9d9b:week:4
2025_04_NYJ_MIA,558.0,2025,4,NYJ,MIA,run,1.3067946503288113,NYJ,MIA,archive:asset:299770475:sha256:0b04ffcee75f07c5a1cec292d7b485ec3222bbbcb65f7d5866fcd81b802b9d9b:week:4
2025_04_NYJ_MIA,580.0,2025,4,NYJ,MIA,no_play,-0.5135667881695554,NYJ,MIA,archive:asset:299770475:sha256:0b04ffcee75f07c5a1cec292d7b485ec3222bbbcb65f7d5866fcd81b802b9d9b:week:4
2025_04_NYJ_MIA,604.0,2025,4,NYJ,MIA,no_play,0.5282102923374623,NYJ,MIA,archive:asset:299770475:sha256:0b04ffcee75f07c5a1cec292d7b485ec3222bbbcb65f7d5866fcd81b802b9d9b:week:4
2025_04_NYJ_MIA,638.0,2025,4,NYJ,MIA,run,0.023728748434223235,NYJ,MIA,archive:asset:299770475:sha256:0b04ffcee75f07c5a1cec292d7b485ec3222bbbcb65f7d5866fcd81b802b9d9b:week:4
2025_04_NYJ_MIA,660.0,2025,4,NYJ,MIA,run,-5.173813492059708,NYJ,MIA,archive:asset:299770475:sha256:0b04ffcee75f07c5a1cec292d7b485ec3222bbbcb65f7d5866fcd81b802b9d9b:week:4
2025_04_NYJ_MIA,700.0,2025,4,MIA,NYJ,run,-0.5103879196103662,MIA,NYJ,archive:asset:299770475:sha256:0b04ffcee75f07c5a1cec292d7b485ec3222bbbcb65f7d5866fcd81b802b9d9b:week:4
2025_04_NYJ_MIA,729.0,2025,4,MIA,NYJ,pass,0.881839771522209,MIA,NYJ,archive:asset:299770475:sha256:0b04ffcee75f07c5a1cec292d7b485ec3222bbbcb65f7d5866fcd81b802b9d9b:week:4
2025_04_NYJ_MIA,759.0,2025,4,MIA,NYJ,run,0.18074607802554965,MIA,NYJ,archive:asset:299770475:sha256:0b04ffcee75f07c5a1cec292d7b485ec3222bbbcb65f7d5866fcd81b802b9d9b:week:4
2025_04_NYJ_MIA,781.0,2025,4,MIA,NYJ,run,-0.7205846598371863,MIA,NYJ,archive:asset:299770475:sha256:0b04ffcee75f07c5a1cec292d7b485ec3222bbbcb65f7d5866fcd81b802b9d9b:week:4
2025_04_NYJ_MIA,814.0,2025,4,MIA,NYJ,pass,1.3102879174984992,MIA,NYJ,archive:asset:299770475:sha256:0b04ffcee75f07c5a1cec292d7b485ec3222bbbcb65f7d5866fcd81b802b9d9b:week:4
2025_04_NYJ_MIA,839.0,2025,4,MIA,NYJ,,0.0,MIA,NYJ,archive:asset:299770475:sha256:0b04ffcee75f07c5a1cec292d7b485ec3222bbbcb65f7d5866fcd81b802b9d9b:week:4
2025_04_NYJ_MIA,859.0,2025,4,MIA,NYJ,pass,1.694366875803098,MIA,NYJ,archive:asset:299770475:sha256:0b04ffcee75f07c5a1cec292d7b485ec3222bbbcb65f7d5866fcd81b802b9d9b:week:4
2025_04_NYJ_MIA,889.0,2025,4,MIA,NYJ,run,-1.0624409287702292,MIA,NYJ,archive:asset:299770475:sha256:0b04ffcee75f07c5a1cec292d7b485ec3222bbbcb65f7d5866fcd81b802b9d9b:week:4
2025_04_NYJ_MIA,916.0,2025,4,MIA,NYJ,pass,-0.2904244076926261,MIA,NYJ,archive:asset:299770475:sha256:0b04ffcee75f07c5a1cec292d7b485ec3222bbbcb65f7d5866fcd81b802b9d9b:week:4
2025_04_NYJ_MIA,941.0,2025,4,MIA,NYJ,pass,3.0052058385917917,MIA,NYJ,archive:asset:299770475:sha256:0b04ffcee75f07c5a1cec292d7b485ec3222bbbcb65f7d5866fcd81b802b9d9b:week:4
2025_04_NYJ_MIA,966.0,2025,4,MIA,NYJ,run,0.534504150506109,MIA,NYJ,archive:asset:299770475:sha256:0b04ffcee75f07c5a1cec292d7b485ec3222bbbcb65f7d5866fcd81b802b9d9b:week:4
2025_04_NYJ_MIA,988.0,2025,4,MIA,NYJ,run,0.47870126145426184,MIA,NYJ,archive:asset:299770475:sha256:0b04ffcee75f07c5a1cec292d7b485ec3222bbbcb65f7d5866fcd81b802b9d9b:week:4
2025_04_NYJ_MIA,1010.0,2025,4,MIA,NYJ,run,-0.5542041267035529,MIA,NYJ,archive:asset:299770475:sha256:0b04ffcee75f07c5a1cec292d7b485ec3222bbbcb65f7d5866fcd81b802b9d9b:week:4
2025_04_NYJ_MIA,1032.0,2025,4,MIA,NYJ,pass,-0.5926430936087854,MIA,NYJ,archive:asset:299770475:sha256:0b04ffcee75f07c5a1cec292d7b485ec3222bbbcb65f7d5866fcd81b802b9d9b:week:4
2025_04_NYJ_MIA,1062.0,2025,4,MIA,NYJ,pass,-1.557828968274407,MIA,NYJ,archive:asset:299770475:sha256:0b04ffcee75f07c5a1cec292d7b485ec3222bbbcb65f7d5866fcd81b802b9d9b:week:4
2025_04_NYJ_MIA,1085.0,2025,4,MIA,NYJ,pass,4.075843923783395,MIA,NYJ,archive:asset:299770475:sha256:0b04ffcee75f07c5a1cec292d7b485ec3222bbbcb65f7d5866fcd81b802b9d9b:week:4
2025_04_NYJ_MIA,1111.0,2025,4,MIA,NYJ,extra_point,0.06757300310763314,MIA,NYJ,archive:asset:299770475:sha256:0b04ffcee75f07c5a1cec292d7b485ec3222bbbcb65f7d5866fcd81b802b9d9b:week:4
2025_04_NYJ_MIA,1126.0,2025,4,NYJ,MIA,kickoff,0.022444836562499404,NYJ,MIA,archive:asset:299770475:sha256:0b04ffcee75f07c5a1cec292d7b485ec3222bbbcb65f7d5866fcd81b802b9d9b:week:4
2025_04_NYJ_MIA,1159.0,2025,4,NYJ,MIA,run,1.3896597735583782,NYJ,MIA,archive:asset:299770475:sha256:0b04ffcee75f07c5a1cec292d7b485ec3222bbbcb65f7d5866fcd81b802b9d9b:week:4
2025_04_NYJ_MIA,1241.0,2025,4,NYJ,MIA,run,-0.09624008741229773,NYJ,MIA,archive:asset:299770475:sha256:0b04ffcee75f07c5a1cec292d7b485ec3222bbbcb65f7d5866fcd81b802b9d9b:week:4
2025_04_NYJ_MIA,1263.0,2025,4,NYJ,MIA,pass,-0.9278432794380933,NYJ,MIA,archive:asset:299770475:sha256:0b04ffcee75f07c5a1cec292d7b485ec3222bbbcb65f7d5866fcd81b802b9d9b:week:4
2025_04_NYJ_MIA,1283.0,2025,4,NYJ,MIA,pass,1.7008273298852146,NYJ,MIA,archive:asset:299770475:sha256:0b04ffcee75f07c5a1cec292d7b485ec3222bbbcb65f7d5866fcd81b802b9d9b:week:4
2025_04_NYJ_MIA,1313.0,2025,4,NYJ,MIA,no_play,-0.6132524097338319,NYJ,MIA,archive:asset:299770475:sha256:0b04ffcee75f07c5a1cec292d7b485ec3222bbbcb65f7d5866fcd81b802b9d9b:week:4
2025_04_NYJ_MIA,1349.0,2025,4,NYJ,MIA,run,-0.42003706423565745,NYJ,MIA,archive:asset:299770475:sha256:0b04ffcee75f07c5a1cec292d7b485ec3222bbbcb65f7d5866fcd81b802b9d9b:week:4
2025_04_NYJ_MIA,1376.0,2025,4,NYJ,MIA,no_play,0.7537145377136767,NYJ,MIA,archive:asset:299770475:sha256:0b04ffcee75f07c5a1cec292d7b485ec3222bbbcb65f7d5866fcd81b802b9d9b:week:4
2025_04_NYJ_MIA,1400.0,2025,4,NYJ,MIA,no_play,-0.7356623155064881,NYJ,MIA,archive:asset:299770475:sha256:0b04ffcee75f07c5a1cec292d7b485ec3222bbbcb65f7d5866fcd81b802b9d9b:week:4
2025_04_NYJ_MIA,1433.0,2025,4,NYJ,MIA,pass,0.32221127540105954,NYJ,MIA,archive:asset:299770475:sha256:0b04ffcee75f07c5a1cec292d7b485ec3222bbbcb65f7d5866fcd81b802b9d9b:week:4
2025_04_NYJ_MIA,1458.0,2025,4,NYJ,MIA,pass,-1.3765647977706976,NYJ,MIA,archive:asset:299770475:sha256:0b04ffcee75f07c5a1cec292d7b485ec3222bbbcb65f7d5866fcd81b802b9d9b:week:4
2025_04_NYJ_MIA,1492.0,2025,4,NYJ,MIA,pass,-3.868312709557358,NYJ,MIA,archive:asset:299770475:sha256:0b04ffcee75f07c5a1cec292d7b485ec3222bbbcb65f7d5866fcd81b802b9d9b:week:4
2025_04_NYJ_MIA,1522.0,2025,4,MIA,NYJ,run,-0.6225252693984658,MIA,NYJ,archive:asset:299770475:sha256:0b04ffcee75f07c5a1cec292d7b485ec3222bbbcb65f7d5866fcd81b802b9d9b:week:4
2025_04_NYJ_MIA,1551.0,2025,4,MIA,NYJ,pass,-0.5140289940172806,MIA,NYJ,archive:asset:299770475:sha256:0b04ffcee75f07c5a1cec292d7b485ec3222bbbcb65f7d5866fcd81b802b9d9b:week:4
2025_04_NYJ_MIA,1581.0,2025,4,MIA,NYJ,no_play,-0.6727247054222971,MIA,NYJ,archive:asset:299770475:sha256:0b04ffcee75f07c5a1cec292d7b485ec3222bbbcb65f7d5866fcd81b802b9d9b:week:4
2025_04_NYJ_MIA,1621.0,2025,4,MIA,NYJ,pass,-0.5506009435630403,MIA,NYJ,archive:asset:299770475:sha256:0b04ffcee75f07c5a1cec292d7b485ec3222bbbcb65f7d5866fcd81b802b9d9b:week:4
2025_04_NYJ_MIA,1653.0,2025,4,MIA,NYJ,punt,-0.57029237318784,MIA,NYJ,archive:asset:299770475:sha256:0b04ffcee75f07c5a1cec292d7b485ec3222bbbcb65f7d5866fcd81b802b9d9b:week:4
2025_04_NYJ_MIA,1679.0,2025,4,NYJ,MIA,run,0.1485415541101247,NYJ,MIA,archive:asset:299770475:sha256:0b04ffcee75f07c5a1cec292d7b485ec3222bbbcb65f7d5866fcd81b802b9d9b:week:4
2025_04_NYJ_MIA,1701.0,2025,4,NYJ,MIA,pass,0.3283324787626043,NYJ,MIA,archive:asset:299770475:sha256:0b04ffcee75f07c5a1cec292d7b485ec3222bbbcb65f7d5866fcd81b802b9d9b:week:4
2025_04_NYJ_MIA,1726.0,2025,4,NYJ,MIA,run,0.039733426936436445,NYJ,MIA,archive:asset:299770475:sha256:0b04ffcee75f07c5a1cec292d7b485ec3222bbbcb65f7d5866fcd81b802b9d9b:week:4
2025_04_NYJ_MIA,1748.0,2025,4,NYJ,MIA,pass,0.0760670320596546,NYJ,MIA,archive:asset:299770475:sha256:0b04ffcee75f07c5a1cec292d7b485ec3222bbbcb65f7d5866fcd81b802b9d9b:week:4
2025_04_NYJ_MIA,1785.0,2025,4,,,no_play,-0.0,,,archive:asset:299770475:sha256:0b04ffcee75f07c5a1cec292d7b485ec3222bbbcb65f7d5866fcd81b802b9d9b:week:4
2025_04_NYJ_MIA,1773.0,2025,4,NYJ,MIA,no_play,-0.31905898702098057,NYJ,MIA,archive:asset:299770475:sha256:0b04ffcee75f07c5a1cec292d7b485ec3222bbbcb65f7d5866fcd81b802b9d9b:week:4
2025_04_NYJ_MIA,1804.0,2025,4,NYJ,MIA,pass,0.19470309664029628,NYJ,MIA,archive:asset:299770475:sha256:0b04ffcee75f07c5a1cec292d7b485ec3222bbbcb65f7d5866fcd81b802b9d9b:week:4
2025_04_NYJ_MIA,1829.0,2025,4,NYJ,MIA,pass,-0.22468810575082898,NYJ,MIA,archive:asset:299770475:sha256:0b04ffcee75f07c5a1cec292d7b485ec3222bbbcb65f7d5866fcd81b802b9d9b:week:4
2025_04_NYJ_MIA,1852.0,2025,4,NYJ,MIA,pass,0.6319271721877158,NYJ,MIA,archive:asset:299770475:sha256:0b04ffcee75f07c5a1cec292d7b485ec3222bbbcb65f7d5866fcd81b802b9d9b:week:4
2025_04_NYJ_MIA,1889.0,2025,4,,,no_play,-0.0,,,archive:asset:299770475:sha256:0b04ffcee75f07c5a1cec292d7b485ec3222bbbcb65f7d5866fcd81b802b9d9b:week:4
2025_04_NYJ_MIA,1877.0,2025,4,NYJ,MIA,pass,-0.10776928259292617,NYJ,MIA,archive:asset:299770475:sha256:0b04ffcee75f07c5a1cec292d7b485ec3222bbbcb65f7d5866fcd81b802b9d9b:week:4
2025_04_NYJ_MIA,1932.0,2025,4,,,no_play,-0.0,,,archive:asset:299770475:sha256:0b04ffcee75f07c5a1cec292d7b485ec3222bbbcb65f7d5866fcd81b802b9d9b:week:4
2025_04_NYJ_MIA,1909.0,2025,4,NYJ,MIA,no_play,-0.23149299435317516,NYJ,MIA,archive:asset:299770475:sha256:0b04ffcee75f07c5a1cec292d7b485ec3222bbbcb65f7d5866fcd81b802b9d9b:week:4
2025_04_NYJ_MIA,1973.0,2025,4,,,no_play,-0.0,,,archive:asset:299770475:sha256:0b04ffcee75f07c5a1cec292d7b485ec3222bbbcb65f7d5866fcd81b802b9d9b:week:4
2025_04_NYJ_MIA,1961.0,2025,4,NYJ,MIA,pass,0.5682701957781557,NYJ,MIA,archive:asset:299770475:sha256:0b04ffcee75f07c5a1cec292d7b485ec3222bbbcb65f7d5866fcd81b802b9d9b:week:4
2025_04_NYJ_MIA,1991.0,2025,4,NYJ,MIA,field_goal,1.6277513139860946,NYJ,MIA,archive:asset:299770475:sha256:0b04ffcee75f07c5a1cec292d7b485ec3222bbbcb65f7d5866fcd81b802b9d9b:week:4
2025_04_NYJ_MIA,2011.0,2025,4,,,,,,,archive:asset:299770475:sha256:0b04ffcee75f07c5a1cec292d7b485ec3222bbbcb65f7d5866fcd81b802b9d9b:week:4
2025_04_NYJ_MIA,2029.0,2025,4,NYJ,MIA,kickoff,-4.643905791686848,NYJ,MIA,archive:asset:299770475:sha256:0b04ffcee75f07c5a1cec292d7b485ec3222bbbcb65f7d5866fcd81b802b9d9b:week:4
2025_04_NYJ_MIA,2074.0,2025,4,MIA,NYJ,run,-0.444422131520696,MIA,NYJ,archive:asset:299770475:sha256:0b04ffcee75f07c5a1cec292d7b485ec3222bbbcb65f7d5866fcd81b802b9d9b:week:4
2025_04_NYJ_MIA,2096.0,2025,4,MIA,NYJ,run,-0.6809341635089368,MIA,NYJ,archive:asset:299770475:sha256:0b04ffcee75f07c5a1cec292d7b485ec3222bbbcb65f7d5866fcd81b802b9d9b:week:4
2025_04_NYJ_MIA,2123.0,2025,4,MIA,NYJ,pass,2.0678548831492662,MIA,NYJ,archive:asset:299770475:sha256:0b04ffcee75f07c5a1cec292d7b485ec3222bbbcb65f7d5866fcd81b802b9d9b:week:4
2025_04_NYJ_MIA,2156.0,2025,4,MIA,NYJ,run,0.4688779602875002,MIA,NYJ,archive:asset:299770475:sha256:0b04ffcee75f07c5a1cec292d7b485ec3222bbbcb65f7d5866fcd81b802b9d9b:week:4
2025_04_NYJ_MIA,2185.0,2025,4,MIA,NYJ,run,-0.27430239936802536,MIA,NYJ,archive:asset:299770475:sha256:0b04ffcee75f07c5a1cec292d7b485ec3222bbbcb65f7d5866fcd81b802b9d9b:week:4
2025_04_NYJ_MIA,2207.0,2025,4,MIA,NYJ,pass,1.9892424260615371,MIA,NYJ,archive:asset:299770475:sha256:0b04ffcee75f07c5a1cec292d7b485ec3222bbbcb65f7d5866fcd81b802b9d9b:week:4
2025_04_NYJ_MIA,2233.0,2025,4,MIA,NYJ,extra_point,0.06757300310763314,MIA,NYJ,archive:asset:299770475:sha256:0b04ffcee75f07c5a1cec292d7b485ec3222bbbcb65f7d5866fcd81b802b9d9b:week:4
2025_04_NYJ_MIA,2248.0,2025,4,NYJ,MIA,kickoff,1.5680560036562383,NYJ,MIA,archive:asset:299770475:sha256:0b04ffcee75f07c5a1cec292d7b485ec3222bbbcb65f7d5866fcd81b802b9d9b:week:4
2025_04_NYJ_MIA,2305.0,2025,4,NYJ,MIA,run,0.06460236525163054,NYJ,MIA,archive:asset:299770475:sha256:0b04ffcee75f07c5a1cec292d7b485ec3222bbbcb65f7d5866fcd81b802b9d9b:week:4
2025_04_NYJ_MIA,2327.0,2025,4,NYJ,MIA,run,-0.8985029957257211,NYJ,MIA,archive:asset:299770475:sha256:0b04ffcee75f07c5a1cec292d7b485ec3222bbbcb65f7d5866fcd81b802b9d9b:week:4
2025_04_NYJ_MIA,2349.0,2025,4,NYJ,MIA,run,-0.8551752390339971,NYJ,MIA,archive:asset:299770475:sha256:0b04ffcee75f07c5a1cec292d7b485ec3222bbbcb65f7d5866fcd81b802b9d9b:week:4
2025_04_NYJ_MIA,2371.0,2025,4,NYJ,MIA,run,6.248552663251758,NYJ,MIA,archive:asset:299770475:sha256:0b04ffcee75f07c5a1cec292d7b485ec3222bbbcb65f7d5866fcd81b802b9d9b:week:4
2025_04_NYJ_MIA,2396.0,2025,4,NYJ,MIA,extra_point,0.06757300310763314,NYJ,MIA,archive:asset:299770475:sha256:0b04ffcee75f07c5a1cec292d7b485ec3222bbbcb65f7d5866fcd81b802b9d9b:week:4
2025_04_NYJ_MIA,2411.0,2025,4,MIA,NYJ,kickoff,0.5173682214226574,MIA,NYJ,archive:asset:299770475:sha256:0b04ffcee75f07c5a1cec292d7b485ec3222bbbcb65f7d5866fcd81b802b9d9b:week:4
2025_04_NYJ_MIA,2446.0,2025,4,MIA,NYJ,no_play,0.5526680645998567,MIA,NYJ,archive:asset:299770475:sha256:0b04ffcee75f07c5a1cec292d7b485ec3222bbbcb65f7d5866fcd81b802b9d9b:week:4
2025_04_NYJ_MIA,2485.0,2025,4,MIA,NYJ,pass,0.974561678012833,MIA,NYJ,archive:asset:299770475:sha256:0b04ffcee75f07c5a1cec292d7b485ec3222bbbcb65f7d5866fcd81b802b9d9b:week:4
2025_04_NYJ_MIA,2515.0,2025,4,MIA,NYJ,run,-0.4470747332088649,MIA,NYJ,archive:asset:299770475:sha256:0b04ffcee75f07c5a1cec292d7b485ec3222bbbcb65f7d5866fcd81b802b9d9b:week:4
2025_04_NYJ_MIA,2542.0,2025,4,MIA,NYJ,pass,-0.7998189583886415,MIA,NYJ,archive:asset:299770475:sha256:0b04ffcee75f07c5a1cec292d7b485ec3222bbbcb65f7d5866fcd81b802b9d9b:week:4
2025_04_NYJ_MIA,2567.0,2025,4,MIA,NYJ,run,2.639976637205109,MIA,NYJ,archive:asset:299770475:sha256:0b04ffcee75f07c5a1cec292d7b485ec3222bbbcb65f7d5866fcd81b802b9d9b:week:4
2025_04_NYJ_MIA,2600.0,2025,4,MIA,NYJ,run,-0.15170332742854953,MIA,NYJ,archive:asset:299770475:sha256:0b04ffcee75f07c5a1cec292d7b485ec3222bbbcb65f7d5866fcd81b802b9d9b:week:4
2025_04_NYJ_MIA,2622.0,2025,4,MIA,NYJ,pass,0.6683758231229149,MIA,NYJ,archive:asset:299770475:sha256:0b04ffcee75f07c5a1cec292d7b485ec3222bbbcb65f7d5866fcd81b802b9d9b:week:4
2025_04_NYJ_MIA,2658.0,2025,4,MIA,NYJ,run,1.6404141474631615,MIA,NYJ,archive:asset:299770475:sha256:0b04ffcee75f07c5a1cec292d7b485ec3222bbbcb65f7d5866fcd81b802b9d9b:week:4
2025_04_NYJ_MIA,2681.0,2025,4,MIA,NYJ,extra_point,0.06757300310763314,MIA,NYJ,archive:asset:299770475:sha256:0b04ffcee75f07c5a1cec292d7b485ec3222bbbcb65f7d5866fcd81b802b9d9b:week:4
2025_04_NYJ_MIA,2701.0,2025,4,NYJ,MIA,kickoff,0.5350661091506481,NYJ,MIA,archive:asset:299770475:sha256:0b04ffcee75f07c5a1cec292d7b485ec3222bbbcb65f7d5866fcd81b802b9d9b:week:4
2025_04_NYJ_MIA,2725.0,2025,4,NYJ,MIA,pass,0.8898130829911679,NYJ,MIA,archive:asset:299770475:sha256:0b04ffcee75f07c5a1cec292d7b485ec3222bbbcb65f7d5866fcd81b802b9d9b:week:4
2025_04_NYJ_MIA,2755.0,2025,4,NYJ,MIA,run,0.02631637267768383,NYJ,MIA,archive:asset:299770475:sha256:0b04ffcee75f07c5a1cec292d7b485ec3222bbbcb65f7d5866fcd81b802b9d9b:week:4
2025_04_NYJ_MIA,2777.0,2025,4,NYJ,MIA,run,-1.0477430983446538,NYJ,MIA,archive:asset:299770475:sha256:0b04ffcee75f07c5a1cec292d7b485ec3222bbbcb65f7d5866fcd81b802b9d9b:week:4
2025_04_NYJ_MIA,2799.0,2025,4,NYJ,MIA,run,-1.761670843232423,NYJ,MIA,archive:asset:299770475:sha256:0b04ffcee75f07c5a1cec292d7b485ec3222bbbcb65f7d5866fcd81b802b9d9b:week:4
2025_04_NYJ_MIA,2821.0,2025,4,NYJ,MIA,punt,0.1917317844927311,NYJ,MIA,archive:asset:299770475:sha256:0b04ffcee75f07c5a1cec292d7b485ec3222bbbcb65f7d5866fcd81b802b9d9b:week:4
2025_04_NYJ_MIA,2841.0,2025,4,MIA,NYJ,no_play,0.6462729696650058,MIA,NYJ,archive:asset:299770475:sha256:0b04ffcee75f07c5a1cec292d7b485ec3222bbbcb65f7d5866fcd81b802b9d9b:week:4
2025_04_NYJ_MIA,2872.0,2025,4,MIA,NYJ,pass,-0.6661751330830157,MIA,NYJ,archive:asset:299770475:sha256:0b04ffcee75f07c5a1cec292d7b485ec3222bbbcb65f7d5866fcd81b802b9d9b:week:4
2025_04_NYJ_MIA,2895.0,2025,4,MIA,NYJ,run,-0.46737164817750454,MIA,NYJ,archive:asset:299770475:sha256:0b04ffcee75f07c5a1cec292d7b485ec3222bbbcb65f7d5866fcd81b802b9d9b:week:4
2025_04_NYJ_MIA,2917.0,2025,4,MIA,NYJ,pass,-1.5790704670362175,MIA,NYJ,archive:asset:299770475:sha256:0b04ffcee75f07c5a1cec292d7b485ec3222bbbcb65f7d5866fcd81b802b9d9b:week:4
2025_04_NYJ_MIA,2940.0,2025,4,MIA,NYJ,punt,0.1254875201266259,MIA,NYJ,archive:asset:299770475:sha256:0b04ffcee75f07c5a1cec292d7b485ec3222bbbcb65f7d5866fcd81b802b9d9b:week:4
2025_04_NYJ_MIA,2966.0,2025,4,NYJ,MIA,pass,1.2046160637401044,NYJ,MIA,archive:asset:299770475:sha256:0b04ffcee75f07c5a1cec292d7b485ec3222bbbcb65f7d5866fcd81b802b9d9b:week:4
2025_04_NYJ_MIA,2991.0,2025,4,NYJ,MIA,pass,1.8755029845051467,NYJ,MIA,archive:asset:299770475:sha256:0b04ffcee75f07c5a1cec292d7b485ec3222bbbcb65f7d5866fcd81b802b9d9b:week:4
2025_04_NYJ_MIA,3018.0,2025,4,NYJ,MIA,no_play,-1.154079642961733,NYJ,MIA,archive:asset:299770475:sha256:0b04ffcee75f07c5a1cec292d7b485ec3222bbbcb65f7d5866fcd81b802b9d9b:week:4
2025_04_NYJ_MIA,3072.0,2025,4,NYJ,MIA,,-0.0,NYJ,MIA,archive:asset:299770475:sha256:0b04ffcee75f07c5a1cec292d7b485ec3222bbbcb65f7d5866fcd81b802b9d9b:week:4
2025_04_NYJ_MIA,3092.0,2025,4,NYJ,MIA,pass,-1.1710843337932602,NYJ,MIA,archive:asset:299770475:sha256:0b04ffcee75f07c5a1cec292d7b485ec3222bbbcb65f7d5866fcd81b802b9d9b:week:4
2025_04_NYJ_MIA,3153.0,2025,4,NYJ,MIA,run,-0.3350882532540709,NYJ,MIA,archive:asset:299770475:sha256:0b04ffcee75f07c5a1cec292d7b485ec3222bbbcb65f7d5866fcd81b802b9d9b:week:4
2025_04_NYJ_MIA,3180.0,2025,4,NYJ,MIA,pass,-0.7054805455956576,NYJ,MIA,archive:asset:299770475:sha256:0b04ffcee75f07c5a1cec292d7b485ec3222bbbcb65f7d5866fcd81b802b9d9b:week:4
2025_04_NYJ_MIA,3217.0,2025,4,NYJ,MIA,field_goal,1.6416836947429894,NYJ,MIA,archive:asset:299770475:sha256:0b04ffcee75f07c5a1cec292d7b485ec3222bbbcb65f7d5866fcd81b802b9d9b:week:4
2025_04_NYJ_MIA,3237.0,2025,4,MIA,NYJ,kickoff,0.5179678567219526,MIA,NYJ,archive:asset:299770475:sha256:0b04ffcee75f07c5a1cec292d7b485ec3222bbbcb65f7d5866fcd81b802b9d9b:week:4
2025_04_NYJ_MIA,3272.0,2025,4,MIA,NYJ,run,0.5510178015101701,MIA,NYJ,archive:asset:299770475:sha256:0b04ffcee75f07c5a1cec292d7b485ec3222bbbcb65f7d5866fcd81b802b9d9b:week:4
2025_04_NYJ_MIA,3294.0,2025,4,MIA,NYJ,run,-1.1062372846063226,MIA,NYJ,archive:asset:299770475:sha256:0b04ffcee75f07c5a1cec292d7b485ec3222bbbcb65f7d5866fcd81b802b9d9b:week:4
2025_04_NYJ_MIA,3316.0,2025,4,MIA,NYJ,pass,-1.5874558982905,MIA,NYJ,archive:asset:299770475:sha256:0b04ffcee75f07c5a1cec292d7b485ec3222bbbcb65f7d5866fcd81b802b9d9b:week:4
2025_04_NYJ_MIA,3339.0,2025,4,MIA,NYJ,punt,0.6749324926640838,MIA,NYJ,archive:asset:299770475:sha256:0b04ffcee75f07c5a1cec292d7b485ec3222bbbcb65f7d5866fcd81b802b9d9b:week:4
2025_04_NYJ_MIA,3359.0,2025,4,NYJ,MIA,run,-1.0389009770005941,NYJ,MIA,archive:asset:299770475:sha256:0b04ffcee75f07c5a1cec292d7b485ec3222bbbcb65f7d5866fcd81b802b9d9b:week:4
2025_04_NYJ_MIA,3390.0,2025,4,NYJ,MIA,run,0.024520420469343662,NYJ,MIA,archive:asset:299770475:sha256:0b04ffcee75f07c5a1cec292d7b485ec3222bbbcb65f7d5866fcd81b802b9d9b:week:4
2025_04_NYJ_MIA,3412.0,2025,4,NYJ,MIA,pass,1.552393103716895,NYJ,MIA,archive:asset:299770475:sha256:0b04ffcee75f07c5a1cec292d7b485ec3222bbbcb65f7d5866fcd81b802b9d9b:week:4
2025_04_NYJ_MIA,3437.0,2025,4,NYJ,MIA,run,1.0149681027978659,NYJ,MIA,archive:asset:299770475:sha256:0b04ffcee75f07c5a1cec292d7b485ec3222bbbcb65f7d5866fcd81b802b9d9b:week:4
2025_04_NYJ_MIA,3459.0,2025,4,NYJ,MIA,pass,-0.5098576978780329,NYJ,MIA,archive:asset:299770475:sha256:0b04ffcee75f07c5a1cec292d7b485ec3222bbbcb65f7d5866fcd81b802b9d9b:week:4
2025_04_NYJ_MIA,3482.0,2025,4,NYJ,MIA,no_play,-0.5639843866229057,NYJ,MIA,archive:asset:299770475:sha256:0b04ffcee75f07c5a1cec292d7b485ec3222bbbcb65f7d5866fcd81b802b9d9b:week:4
2025_04_NYJ_MIA,3506.0,2025,4,NYJ,MIA,pass,0.5227870056405663,NYJ,MIA,archive:asset:299770475:sha256:0b04ffcee75f07c5a1cec292d7b485ec3222bbbcb65f7d5866fcd81b802b9d9b:week:4
2025_04_NYJ_MIA,3531.0,2025,4,NYJ,MIA,no_play,-1.101985725108534,NYJ,MIA,archive:asset:299770475:sha256:0b04ffcee75f07c5a1cec292d7b485ec3222bbbcb65f7d5866fcd81b802b9d9b:week:4
2025_04_NYJ_MIA,3564.0,2025,4,NYJ,MIA,pass,-0.5946300034411252,NYJ,MIA,archive:asset:299770475:sha256:0b04ffcee75f07c5a1cec292d7b485ec3222bbbcb65f7d5866fcd81b802b9d9b:week:4
2025_04_NYJ_MIA,3589.0,2025,4,NYJ,MIA,punt,-0.1696777567267418,NYJ,MIA,archive:asset:299770475:sha256:0b04ffcee75f07c5a1cec292d7b485ec3222bbbcb65f7d5866fcd81b802b9d9b:week:4
2025_04_NYJ_MIA,3609.0,2025,4,MIA,NYJ,run,0.7907423439901322,MIA,NYJ,archive:asset:299770475:sha256:0b04ffcee75f07c5a1cec292d7b485ec3222bbbcb65f7d5866fcd81b802b9d9b:week:4
2025_04_NYJ_MIA,3636.0,2025,4,MIA,NYJ,run,1.387789294240065,MIA,NYJ,archive:asset:299770475:sha256:0b04ffcee75f07c5a1cec292d7b485ec3222bbbcb65f7d5866fcd81b802b9d9b:week:4
2025_04_NYJ_MIA,3658.0,2025,4,MIA,NYJ,run,-0.35649058705894276,MIA,NYJ,archive:asset:299770475:sha256:0b04ffcee75f07c5a1cec292d7b485ec3222bbbcb65f7d5866fcd81b802b9d9b:week:4
2025_04_NYJ_MIA,3701.0,2025,4,MIA,NYJ,pass,1.6490246759494767,MIA,NYJ,archive:asset:299770475:sha256:0b04ffcee75f07c5a1cec292d7b485ec3222bbbcb65f7d5866fcd81b802b9d9b:week:4
2025_04_NYJ_MIA,3726.0,2025,4,MIA,NYJ,run,-0.5430345640634187,MIA,NYJ,archive:asset:299770475:sha256:0b04ffcee75f07c5a1cec292d7b485ec3222bbbcb65f7d5866fcd81b802b9d9b:week:4
2025_04_NYJ_MIA,3760.0,2025,4,,,no_play,0.0,,,archive:asset:299770475:sha256:0b04ffcee75f07c5a1cec292d7b485ec3222bbbcb65f7d5866fcd81b802b9d9b:week:4
2025_04_NYJ_MIA,3767.0,2025,4,,,no_play,0.0,,,archive:asset:299770475:sha256:0b04ffcee75f07c5a1cec292d7b485ec3222bbbcb65f7d5866fcd81b802b9d9b:week:4
2025_04_NYJ_MIA,3748.0,2025,4,MIA,NYJ,pass,-0.6905553107499145,MIA,NYJ,archive:asset:299770475:sha256:0b04ffcee75f07c5a1cec292d7b485ec3222bbbcb65f7d5866fcd81b802b9d9b:week:4
2025_04_NYJ_MIA,3796.0,2025,4,MIA,NYJ,run,-0.746569180146389,MIA,NYJ,archive:asset:299770475:sha256:0b04ffcee75f07c5a1cec292d7b485ec3222bbbcb65f7d5866fcd81b802b9d9b:week:4
2025_04_NYJ_MIA,3830.0,2025,4,,,no_play,0.0,,,archive:asset:299770475:sha256:0b04ffcee75f07c5a1cec292d7b485ec3222bbbcb65f7d5866fcd81b802b9d9b:week:4
2025_04_NYJ_MIA,3818.0,2025,4,MIA,NYJ,field_goal,0.3585759316757957,MIA,NYJ,archive:asset:299770475:sha256:0b04ffcee75f07c5a1cec292d7b485ec3222bbbcb65f7d5866fcd81b802b9d9b:week:4
2025_04_NYJ_MIA,3845.0,2025,4,NYJ,MIA,kickoff,0.7229262829059735,NYJ,MIA,archive:asset:299770475:sha256:0b04ffcee75f07c5a1cec292d7b485ec3222bbbcb65f7d5866fcd81b802b9d9b:week:4
2025_04_NYJ_MIA,3868.0,2025,4,NYJ,MIA,pass,0.4182644047541544,NYJ,MIA,archive:asset:299770475:sha256:0b04ffcee75f07c5a1cec292d7b485ec3222bbbcb65f7d5866fcd81b802b9d9b:week:4
2025_04_NYJ_MIA,3893.0,2025,4,NYJ,MIA,run,0.32173790584784,NYJ,MIA,archive:asset:299770475:sha256:0b04ffcee75f07c5a1cec292d7b485ec3222bbbcb65f7d5866fcd81b802b9d9b:week:4
2025_04_NYJ_MIA,3915.0,2025,4,NYJ,MIA,pass,-0.4309776041773148,NYJ,MIA,archive:asset:299770475:sha256:0b04ffcee75f07c5a1cec292d7b485ec3222bbbcb65f7d5866fcd81b802b9d9b:week:4
2025_04_NYJ_MIA,3938.0,2025,4,NYJ,MIA,pass,1.1112403821898624,NYJ,MIA,archive:asset:299770475:sha256:0b04ffcee75f07c5a1cec292d7b485ec3222bbbcb65f7d5866fcd81b802b9d9b:week:4
2025_04_NYJ_MIA,3963.0,2025,4,NYJ,MIA,pass,0.9551584149012342,NYJ,MIA,archive:asset:299770475:sha256:0b04ffcee75f07c5a1cec292d7b485ec3222bbbcb65f7d5866fcd81b802b9d9b:week:4
2025_04_NYJ_MIA,3988.0,2025,4,NYJ,MIA,pass,-0.43261632771464065,NYJ,MIA,archive:asset:299770475:sha256:0b04ffcee75f07c5a1cec292d7b485ec3222bbbcb65f7d5866fcd81b802b9d9b:week:4
2025_04_NYJ_MIA,4018.0,2025,4,NYJ,MIA,pass,3.350682149408385,NYJ,MIA,archive:asset:299770475:sha256:0b04ffcee75f07c5a1cec292d7b485ec3222bbbcb65f7d5866fcd81b802b9d9b:week:4
2025_04_NYJ_MIA,4044.0,2025,4,NYJ,MIA,run,1.053,NYJ,MIA,archive:asset:299770475:sha256:0b04ffcee75f07c5a1cec292d7b485ec3222bbbcb65f7d5866fcd81b802b9d9b:week:4
2025_04_NYJ_MIA,4057.0,2025,4,MIA,NYJ,kickoff,1.3204832300543785,MIA,NYJ,archive:asset:299770475:sha256:0b04ffcee75f07c5a1cec292d7b485ec3222bbbcb65f7d5866fcd81b802b9d9b:week:4
2025_04_NYJ_MIA,4080.0,2025,4,MIA,NYJ,run,-1.0644018356106244,MIA,NYJ,archive:asset:299770475:sha256:0b04ffcee75f07c5a1cec292d7b485ec3222bbbcb65f7d5866fcd81b802b9d9b:week:4
2025_04_NYJ_MIA,4114.0,2025,4,,,no_play,0.0,,,archive:asset:299770475:sha256:0b04ffcee75f07c5a1cec292d7b485ec3222bbbcb65f7d5866fcd81b802b9d9b:week:4
2025_04_NYJ_MIA,4102.0,2025,4,MIA,NYJ,run,-0.04502138867974281,MIA,NYJ,archive:asset:299770475:sha256:0b04ffcee75f07c5a1cec292d7b485ec3222bbbcb65f7d5866fcd81b802b9d9b:week:4
2025_04_NYJ_MIA,4131.0,2025,4,MIA,NYJ,run,-0.5990755759412423,MIA,NYJ,archive:asset:299770475:sha256:0b04ffcee75f07c5a1cec292d7b485ec3222bbbcb65f7d5866fcd81b802b9d9b:week:4
2025_04_NYJ_MIA,4165.0,2025,4,,,no_play,0.0,,,archive:asset:299770475:sha256:0b04ffcee75f07c5a1cec292d7b485ec3222bbbcb65f7d5866fcd81b802b9d9b:week:4
2025_04_NYJ_MIA,4153.0,2025,4,MIA,NYJ,punt,-0.120006236305926,MIA,NYJ,archive:asset:299770475:sha256:0b04ffcee75f07c5a1cec292d7b485ec3222bbbcb65f7d5866fcd81b802b9d9b:week:4
2025_04_NYJ_MIA,4180.0,2025,4,NYJ,MIA,pass,0.13688082748558372,NYJ,MIA,archive:asset:299770475:sha256:0b04ffcee75f07c5a1cec292d7b485ec3222bbbcb65f7d5866fcd81b802b9d9b:week:4
2025_04_NYJ_MIA,4246.0,2025,4,NYJ,MIA,,,NYJ,MIA,archive:asset:299770475:sha256:0b04ffcee75f07c5a1cec292d7b485ec3222bbbcb65f7d5866fcd81b802b9d9b:week:4
2025_04_PHI_TB,1.0,2025,4,,,,0.0,,,archive:asset:299770475:sha256:0b04ffcee75f07c5a1cec292d7b485ec3222bbbcb65f7d5866fcd81b802b9d9b:week:4
2025_04_PHI_TB,40.0,2025,4,TB,PHI,kickoff,-0.48201956367120147,TB,PHI,archive:asset:299770475:sha256:0b04ffcee75f07c5a1cec292d7b485ec3222bbbcb65f7d5866fcd81b802b9d9b:week:4
2025_04_PHI_TB,57.0,2025,4,TB,PHI,pass,0.7181602683849633,TB,PHI,archive:asset:299770475:sha256:0b04ffcee75f07c5a1cec292d7b485ec3222bbbcb65f7d5866fcd81b802b9d9b:week:4
2025_04_PHI_TB,87.0,2025,4,TB,PHI,run,0.9684654879383743,TB,PHI,archive:asset:299770475:sha256:0b04ffcee75f07c5a1cec292d7b485ec3222bbbcb65f7d5866fcd81b802b9d9b:week:4
2025_04_PHI_TB,114.0,2025,4,TB,PHI,pass,-0.4838773512747139,TB,PHI,archive:asset:299770475:sha256:0b04ffcee75f07c5a1cec292d7b485ec3222bbbcb65f7d5866fcd81b802b9d9b:week:4
2025_04_PHI_TB,137.0,2025,4,TB,PHI,run,-0.34193938062526286,TB,PHI,archive:asset:299770475:sha256:0b04ffcee75f07c5a1cec292d7b485ec3222bbbcb65f7d5866fcd81b802b9d9b:week:4
2025_04_PHI_TB,159.0,2025,4,TB,PHI,pass,-1.655331876128912,TB,PHI,archive:asset:299770475:sha256:0b04ffcee75f07c5a1cec292d7b485ec3222bbbcb65f7d5866fcd81b802b9d9b:week:4
2025_04_PHI_TB,182.0,2025,4,TB,PHI,punt,-7.197555352468044,TB,PHI,archive:asset:299770475:sha256:0b04ffcee75f07c5a1cec292d7b485ec3222bbbcb65f7d5866fcd81b802b9d9b:week:4
2025_04_PHI_TB,211.0,2025,4,PHI,TB,extra_point,0.06757300310763314,PHI,TB,archive:asset:299770475:sha256:0b04ffcee75f07c5a1cec292d7b485ec3222bbbcb65f7d5866fcd81b802b9d9b:week:4
2025_04_PHI_TB,226.0,2025,4,TB,PHI,kickoff,0.0,TB,PHI,archive:asset:299770475:sha256:0b04ffcee75f07c5a1cec292d7b485ec3222bbbcb65f7d5866fcd81b802b9d9b:week:4
2025_04_PHI_TB,256.0,2025,4,TB,PHI,pass,0.33959426637738943,TB,PHI,archive:asset:299770475:sha256:0b04ffcee75f07c5a1cec292d7b485ec3222bbbcb65f7d5866fcd81b802b9d9b:week:4
2025_04_PHI_TB,286.0,2025,4,TB,PHI,pass,-0.8072136314585805,TB,PHI,archive:asset:299770475:sha256:0b04ffcee75f07c5a1cec292d7b485ec3222bbbcb65f7d5866fcd81b802b9d9b:week:4
2025_04_PHI_TB,309.0,2025,4,TB,PHI,pass,-1.5228031789883971,TB,PHI,archive:asset:299770475:sha256:0b04ffcee75f07c5a1cec292d7b485ec3222bbbcb65f7d5866fcd81b802b9d9b:week:4
2025_04_PHI_TB,334.0,2025,4,TB,PHI,punt,-0.5085421521216631,TB,PHI,archive:asset:299770475:sha256:0b04ffcee75f07c5a1cec292d7b485ec3222bbbcb65f7d5866fcd81b802b9d9b:week:4
2025_04_PHI_TB,354.0,2025,4,PHI,TB,pass,0.7963516926392913,PHI,TB,archive:asset:299770475:sha256:0b04ffcee75f07c5a1cec292d7b485ec3222bbbcb65f7d5866fcd81b802b9d9b:week:4
2025_04_PHI_TB,391.0,2025,4,PHI,TB,pass,-0.45508833322674036,PHI,TB,archive:asset:299770475:sha256:0b04ffcee75f07c5a1cec292d7b485ec3222bbbcb65f7d5866fcd81b802b9d9b:week:4
2025_04_PHI_TB,416.0,2025,4,PHI,TB,pass,-0.811054945923388,PHI,TB,archive:asset:299770475:sha256:0b04ffcee75f07c5a1cec292d7b485ec3222bbbcb65f7d5866fcd81b802b9d9b:week:4
2025_04_PHI_TB,439.0,2025,4,PHI,TB,pass,2.0516031300649047,PHI,TB,archive:asset:299770475:sha256:0b04ffcee75f07c5a1cec292d7b485ec3222bbbcb65f7d5866fcd81b802b9d9b:week:4
2025_04_PHI_TB,464.0,2025,4,PHI,TB,run,0.7481882229913026,PHI,TB,archive:asset:299770475:sha256:0b04ffcee75f07c5a1cec292d7b485ec3222bbbcb65f7d5866fcd81b802b9d9b:week:4
2025_04_PHI_TB,486.0,2025,4,PHI,TB,pass,0.5453927663620561,PHI,TB,archive:asset:299770475:sha256:0b04ffcee75f07c5a1cec292d7b485ec3222bbbcb65f7d5866fcd81b802b9d9b:week:4
2025_04_PHI_TB,516.0,2025,4,PHI,TB,run,2.3974202980753034,PHI,TB,archive:asset:299770475:sha256:0b04ffcee75f07c5a1cec292d7b485ec3222bbbcb65f7d5866fcd81b802b9d9b:week:4
2025_04_PHI_TB,538.0,2025,4,PHI,TB,pass,0.7551749821286649,PHI,TB,archive:asset:299770475:sha256:0b04ffcee75f07c5a1cec292d7b485ec3222bbbcb65f7d5866fcd81b802b9d9b:week:4
2025_04_PHI_TB,564.0,2025,4,PHI,TB,extra_point,0.06757300310763314,PHI,TB,archive:asset:299770475:sha256:0b04ffcee75f07c5a1cec292d7b485ec3222bbbcb65f7d5866fcd81b802b9d9b:week:4
2025_04_PHI_TB,579.0,2025,4,TB,PHI,kickoff,0.13817334594205022,TB,PHI,archive:asset:299770475:sha256:0b04ffcee75f07c5a1cec292d7b485ec3222bbbcb65f7d5866fcd81b802b9d9b:week:4
2025_04_PHI_TB,609.0,2025,4,TB,PHI,run,-0.37953667994588614,TB,PHI,archive:asset:299770475:sha256:0b04ffcee75f07c5a1cec292d7b485ec3222bbbcb65f7d5866fcd81b802b9d9b:week:4
2025_04_PHI_TB,631.0,2025,4,TB,PHI,pass,1.054740400519222,TB,PHI,archive:asset:299770475:sha256:0b04ffcee75f07c5a1cec292d7b485ec3222bbbcb65f7d5866fcd81b802b9d9b:week:4
2025_04_PHI_TB,661.0,2025,4,TB,PHI,run,-0.7425907426513731,TB,PHI,archive:asset:299770475:sha256:0b04ffcee75f07c5a1cec292d7b485ec3222bbbcb65f7d5866fcd81b802b9d9b:week:4
2025_04_PHI_TB,683.0,2025,4,TB,PHI,pass,1.8084090892225504,TB,PHI,archive:asset:299770475:sha256:0b04ffcee75f07c5a1cec292d7b485ec3222bbbcb65f7d5866fcd81b802b9d9b:week:4
2025_04_PHI_TB,719.0,2025,4,TB,PHI,pass,0.9545401107752696,TB,PHI,archive:asset:299770475:sha256:0b04ffcee75f07c5a1cec292d7b485ec3222bbbcb65f7d5866fcd81b802b9d9b:week:4
2025_04_PHI_TB,798.0,2025,4,TB,PHI,run,0.5658888049656525,TB,PHI,archive:asset:299770475:sha256:0b04ffcee75f07c5a1cec292d7b485ec3222bbbcb65f7d5866fcd81b802b9d9b:week:4
2025_04_PHI_TB,820.0,2025,4,TB,PHI,run,-0.36878002516459674,TB,PHI,archive:asset:299770475:sha256:0b04ffcee75f07c5a1cec292d7b485ec3222bbbcb65f7d5866fcd81b802b9d9b:week:4
2025_04_PHI_TB,842.0,2025,4,TB,PHI,run,0.7117287564906292,TB,PHI,archive:asset:299770475:sha256:0b04ffcee75f07c5a1cec292d7b485ec3222bbbcb65f7d5866fcd81b802b9d9b:week:4
2025_04_PHI_TB,864.0,2025,4,TB,PHI,run,-0.888939333439339,TB,PHI,archive:asset:299770475:sha256:0b04ffcee75f07c5a1cec292d7b485ec3222bbbcb65f7d5866fcd81b802b9d9b:week:4
2025_04_PHI_TB,897.0,2025,4,TB,PHI,pass,-0.4251169618219137,TB,PHI,archive:asset:299770475:sha256:0b04ffcee75f07c5a1cec292d7b485ec3222bbbcb65f7d5866fcd81b802b9d9b:week:4
2025_04_PHI_TB,923.0,2025,4,TB,PHI,pass,-1.5912526071999737,TB,PHI,archive:asset:299770475:sha256:0b04ffcee75f07c5a1cec292d7b485ec3222bbbcb65f7d5866fcd81b802b9d9b:week:4
2025_04_PHI_TB,953.0,2025,4,TB,PHI,field_goal,0.7601643639147797,TB,PHI,archive:asset:299770475:sha256:0b04ffcee75f07c5a1cec292d7b485ec3222bbbcb65f7d5866fcd81b802b9d9b:week:4
2025_04_PHI_TB,973.0,2025,4,PHI,TB,,-0.0,PHI,TB,archive:asset:299770475:sha256:0b04ffcee75f07c5a1cec292d7b485ec3222bbbcb65f7d5866fcd81b802b9d9b:week:4
2025_04_PHI_TB,991.0,2025,4,PHI,TB,kickoff,0.2724397568963468,PHI,TB,archive:asset:299770475:sha256:0b04ffcee75f07c5a1cec292d7b485ec3222bbbcb65f7d5866fcd81b802b9d9b:week:4
2025_04_PHI_TB,1014.0,2025,4,PHI,TB,run,0.37654660549014807,PHI,TB,archive:asset:299770475:sha256:0b04ffcee75f07c5a1cec292d7b485ec3222bbbcb65f7d5866fcd81b802b9d9b:week:4
2025_04_PHI_TB,1036.0,2025,4,PHI,TB,run,-1.1869907029904425,PHI,TB,archive:asset:299770475:sha256:0b04ffcee75f07c5a1cec292d7b485ec3222bbbcb65f7d5866fcd81b802b9d9b:week:4
2025_04_PHI_TB,1059.0,2025,4,PHI,TB,pass,-1.0445483615621924,PHI,TB,archive:asset:299770475:sha256:0b04ffcee75f07c5a1cec292d7b485ec3222bbbcb65f7d5866fcd81b802b9d9b:week:4
2025_04_PHI_TB,1084.0,2025,4,PHI,TB,punt,0.04853525711223483,PHI,TB,archive:asset:299770475:sha256:0b04ffcee75f07c5a1cec292d7b485ec3222bbbcb65f7d5866fcd81b802b9d9b:week:4
2025_04_PHI_TB,1110.0,2025,4,TB,PHI,pass,-0.4978634836152196,TB,PHI,archive:asset:299770475:sha256:0b04ffcee75f07c5a1cec292d7b485ec3222bbbcb65f7d5866fcd81b802b9d9b:week:4
2025_04_PHI_TB,1142.0,2025,4,TB,PHI,pass,1.8575158908497542,TB,PHI,archive:asset:299770475:sha256:0b04ffcee75f07c5a1cec292d7b485ec3222bbbcb65f7d5866fcd81b802b9d9b:week:4
2025_04_PHI_TB,1172.0,2025,4,TB,PHI,pass,-0.5436546925920993,TB,PHI,archive:asset:299770475:sha256:0b04ffcee75f07c5a1cec292d7b485ec3222bbbcb65f7d5866fcd81b802b9d9b:week:4
2025_04_PHI_TB,1197.0,2025,4,TB,PHI,run,-0.5752295921556652,TB,PHI,archive:asset:299770475:sha256:0b04ffcee75f07c5a1cec292d7b485ec3222bbbcb65f7d5866fcd81b802b9d9b:week:4
2025_04_PHI_TB,1219.0,2025,4,TB,PHI,pass,-1.348931151907891,TB,PHI,archive:asset:299770475:sha256:0b04ffcee75f07c5a1cec292d7b485ec3222bbbcb65f7d5866fcd81b802b9d9b:week:4
2025_04_PHI_TB,1254.0,2025,4,TB,PHI,punt,-0.9507839852012694,TB,PHI,archive:asset:299770475:sha256:0b04ffcee75f07c5a1cec292d7b485ec3222bbbcb65f7d5866fcd81b802b9d9b:week:4
2025_04_PHI_TB,1284.0,2025,4,PHI,TB,pass,1.4162083687260747,PHI,TB,archive:asset:299770475:sha256:0b04ffcee75f07c5a1cec292d7b485ec3222bbbcb65f7d5866fcd81b802b9d9b:week:4
2025_04_PHI_TB,1316.0,2025,4,PHI,TB,pass,1.0498323293868452,PHI,TB,archive:asset:299770475:sha256:0b04ffcee75f07c5a1cec292d7b485ec3222bbbcb65f7d5866fcd81b802b9d9b:week:4
2025_04_PHI_TB,1341.0,2025,4,PHI,TB,run,-0.3385001417482272,PHI,TB,archive:asset:299770475:sha256:0b04ffcee75f07c5a1cec292d7b485ec3222bbbcb65f7d5866fcd81b802b9d9b:week:4
2025_04_PHI_TB,1363.0,2025,4,PHI,TB,run,-0.3592848514090292,PHI,TB,archive:asset:299770475:sha256:0b04ffcee75f07c5a1cec292d7b485ec3222bbbcb65f7d5866fcd81b802b9d9b:week:4
2025_04_PHI_TB,1390.0,2025,4,PHI,TB,pass,2.409232421661727,PHI,TB,archive:asset:299770475:sha256:0b04ffcee75f07c5a1cec292d7b485ec3222bbbcb65f7d5866fcd81b802b9d9b:week:4
2025_04_PHI_TB,1415.0,2025,4,PHI,TB,pass,1.3851020710426383,PHI,TB,archive:asset:299770475:sha256:0b04ffcee75f07c5a1cec292d7b485ec3222bbbcb65f7d5866fcd81b802b9d9b:week:4
2025_04_PHI_TB,1441.0,2025,4,PHI,TB,extra_point,0.06757300310763314,PHI,TB,archive:asset:299770475:sha256:0b04ffcee75f07c5a1cec292d7b485ec3222bbbcb65f7d5866fcd81b802b9d9b:week:4
2025_04_PHI_TB,1456.0,2025,4,TB,PHI,kickoff,-0.38468531565740705,TB,PHI,archive:asset:299770475:sha256:0b04ffcee75f07c5a1cec292d7b485ec3222bbbcb65f7d5866fcd81b802b9d9b:week:4
2025_04_PHI_TB,1502.0,2025,4,TB,PHI,run,0.1352645382285118,TB,PHI,archive:asset:299770475:sha256:0b04ffcee75f07c5a1cec292d7b485ec3222bbbcb65f7d5866fcd81b802b9d9b:week:4
2025_04_PHI_TB,1524.0,2025,4,TB,PHI,pass,-0.6587521424517035,TB,PHI,archive:asset:299770475:sha256:0b04ffcee75f07c5a1cec292d7b485ec3222bbbcb65f7d5866fcd81b802b9d9b:week:4
2025_04_PHI_TB,1547.0,2025,4,TB,PHI,pass,-1.2369682588614523,TB,PHI,archive:asset:299770475:sha256:0b04ffcee75f07c5a1cec292d7b485ec3222bbbcb65f7d5866fcd81b802b9d9b:week:4
2025_04_PHI_TB,1575.0,2025,4,TB,PHI,punt,0.2847540914081037,TB,PHI,archive:asset:299770475:sha256:0b04ffcee75f07c5a1cec292d7b485ec3222bbbcb65f7d5866fcd81b802b9d9b:week:4
2025_04_PHI_TB,1601.0,2025,4,PHI,TB,run,0.46172467758879066,PHI,TB,archive:asset:299770475:sha256:0b04ffcee75f07c5a1cec292d7b485ec3222bbbcb65f7d5866fcd81b802b9d9b:week:4
2025_04_PHI_TB,1630.0,2025,4,PHI,TB,pass,0.13089908834081143,PHI,TB,archive:asset:299770475:sha256:0b04ffcee75f07c5a1cec292d7b485ec3222bbbcb65f7d5866fcd81b802b9d9b:week:4
2025_04_PHI_TB,1655.0,2025,4,PHI,TB,run,0.26883521175477654,PHI,TB,archive:asset:299770475:sha256:0b04ffcee75f07c5a1cec292d7b485ec3222bbbcb65f7d5866fcd81b802b9d9b:week:4
2025_04_PHI_TB,1677.0,2025,4,PHI,TB,run,0.6676916488213465,PHI,TB,archive:asset:299770475:sha256:0b04ffcee75f07c5a1cec292d7b485ec3222bbbcb65f7d5866fcd81b802b9d9b:week:4
2025_04_PHI_TB,1699.0,2025,4,PHI,TB,pass,0.35184050200041384,PHI,TB,archive:asset:299770475:sha256:0b04ffcee75f07c5a1cec292d7b485ec3222bbbcb65f7d5866fcd81b802b9d9b:week:4
2025_04_PHI_TB,1724.0,2025,4,PHI,TB,pass,-0.9298119125887752,PHI,TB,archive:asset:299770475:sha256:0b04ffcee75f07c5a1cec292d7b485ec3222bbbcb65f7d5866fcd81b802b9d9b:week:4
2025_04_PHI_TB,1771.0,2025,4,,,no_play,-0.0,,,archive:asset:299770475:sha256:0b04ffcee75f07c5a1cec292d7b485ec3222bbbcb65f7d5866fcd81b802b9d9b:week:4
2025_04_PHI_TB,1756.0,2025,4,PHI,TB,pass,1.1697447807528079,PHI,TB,archive:asset:299770475:sha256:0b04ffcee75f07c5a1cec292d7b485ec3222bbbcb65f7d5866fcd81b802b9d9b:week:4
2025_04_PHI_TB,1791.0,2025,4,PHI,TB,pass,1.0827225666143931,PHI,TB,archive:asset:299770475:sha256:0b04ffcee75f07c5a1cec292d7b485ec3222bbbcb65f7d5866fcd81b802b9d9b:week:4
2025_04_PHI_TB,1821.0,2025,4,PHI,TB,run,-0.9126333390595391,PHI,TB,archive:asset:299770475:sha256:0b04ffcee75f07c5a1cec292d7b485ec3222bbbcb65f7d5866fcd81b802b9d9b:week:4
2025_04_PHI_TB,1858.0,2025,4,,,no_play,-0.0,,,archive:asset:299770475:sha256:0b04ffcee75f07c5a1cec292d7b485ec3222bbbcb65f7d5866fcd81b802b9d9b:week:4
2025_04_PHI_TB,1846.0,2025,4,PHI,TB,run,-0.37875004549277946,PHI,TB,archive:asset:299770475:sha256:0b04ffcee75f07c5a1cec292d7b485ec3222bbbcb65f7d5866fcd81b802b9d9b:week:4
2025_04_PHI_TB,1892.0,2025,4,,,no_play,-0.0,,,archive:asset:299770475:sha256:0b04ffcee75f07c5a1cec292d7b485ec3222bbbcb65f7d5866fcd81b802b9d9b:week:4
2025_04_PHI_TB,1880.0,2025,4,PHI,TB,run,-0.22766731057546563,PHI,TB,archive:asset:299770475:sha256:0b04ffcee75f07c5a1cec292d7b485ec3222bbbcb65f7d5866fcd81b802b9d9b:week:4
2025_04_PHI_TB,1921.0,2025,4,,,no_play,-0.0,,,archive:asset:299770475:sha256:0b04ffcee75f07c5a1cec292d7b485ec3222bbbcb65f7d5866fcd81b802b9d9b:week:4
2025_04_PHI_TB,1909.0,2025,4,PHI,TB,field_goal,0.46622913593656845,PHI,TB,archive:asset:299770475:sha256:0b04ffcee75f07c5a1cec292d7b485ec3222bbbcb65f7d5866fcd81b802b9d9b:week:4
2025_04_PHI_TB,1936.0,2025,4,TB,PHI,kickoff,-0.0951778301387094,TB,PHI,archive:asset:299770475:sha256:0b04ffcee75f07c5a1cec292d7b485ec3222bbbcb65f7d5866fcd81b802b9d9b:week:4
2025_04_PHI_TB,1959.0,2025,4,TB,PHI,pass,-0.14829544868553057,TB,PHI,archive:asset:299770475:sha256:0b04ffcee75f07c5a1cec292d7b485ec3222bbbcb65f7d5866fcd81b802b9d9b:week:4
2025_04_PHI_TB,1989.0,2025,4,TB,PHI,pass,-0.022452274162787944,TB,PHI,archive:asset:299770475:sha256:0b04ffcee75f07c5a1cec292d7b485ec3222bbbcb65f7d5866fcd81b802b9d9b:week:4
2025_04_PHI_TB,2014.0,2025,4,TB,PHI,no_play,0.5668734993669204,TB,PHI,archive:asset:299770475:sha256:0b04ffcee75f07c5a1cec292d7b485ec3222bbbcb65f7d5866fcd81b802b9d9b:week:4
2025_04_PHI_TB,2053.0,2025,4,TB,PHI,pass,-0.1436036397353746,TB,PHI,archive:asset:299770475:sha256:0b04ffcee75f07c5a1cec292d7b485ec3222bbbcb65f7d5866fcd81b802b9d9b:week:4
2025_04_PHI_TB,2078.0,2025,4,TB,PHI,qb_spike,-0.15533138264436275,TB,PHI,archive:asset:299770475:sha256:0b04ffcee75f07c5a1cec292d7b485ec3222bbbcb65f7d5866fcd81b802b9d9b:week:4
2025_04_PHI_TB,2113.0,2025,4,,,no_play,0.0,,,archive:asset:299770475:sha256:0b04ffcee75f07c5a1cec292d7b485ec3222bbbcb65f7d5866fcd81b802b9d9b:week:4
2025_04_PHI_TB,2101.0,2025,4,TB,PHI,pass,0.3007341707639236,TB,PHI,archive:asset:299770475:sha256:0b04ffcee75f07c5a1cec292d7b485ec3222bbbcb65f7d5866fcd81b802b9d9b:week:4
2025_04_PHI_TB,2143.0,2025,4,,,no_play,0.0,,,archive:asset:299770475:sha256:0b04ffcee75f07c5a1cec292d7b485ec3222bbbcb65f7d5866fcd81b802b9d9b:week:4
2025_04_PHI_TB,2131.0,2025,4,TB,PHI,field_goal,2.1619358251405107,TB,PHI,archive:asset:299770475:sha256:0b04ffcee75f07c5a1cec292d7b485ec3222bbbcb65f7d5866fcd81b802b9d9b:week:4
2025_04_PHI_TB,2158.0,2025,4,,,,,,,archive:asset:299770475:sha256:0b04ffcee75f07c5a1cec292d7b485ec3222bbbcb65f7d5866fcd81b802b9d9b:week:4
2025_04_PHI_TB,2176.0,2025,4,PHI,TB,kickoff,0.5181431551463902,PHI,TB,archive:asset:299770475:sha256:0b04ffcee75f07c5a1cec292d7b485ec3222bbbcb65f7d5866fcd81b802b9d9b:week:4
2025_04_PHI_TB,2199.0,2025,4,PHI,TB,run,-1.0821279999800026,PHI,TB,archive:asset:299770475:sha256:0b04ffcee75f07c5a1cec292d7b485ec3222bbbcb65f7d5866fcd81b802b9d9b:week:4
2025_04_PHI_TB,2221.0,2025,4,PHI,TB,pass,-1.5799683751538396,PHI,TB,archive:asset:299770475:sha256:0b04ffcee75f07c5a1cec292d7b485ec3222bbbcb65f7d5866fcd81b802b9d9b:week:4
2025_04_PHI_TB,2244.0,2025,4,PHI,TB,run,-0.8562538423575461,PHI,TB,archive:asset:299770475:sha256:0b04ffcee75f07c5a1cec292d7b485ec3222bbbcb65f7d5866fcd81b802b9d9b:week:4
2025_04_PHI_TB,2266.0,2025,4,PHI,TB,punt,-1.4441827477421612,PHI,TB,archive:asset:299770475:sha256:0b04ffcee75f07c5a1cec292d7b485ec3222bbbcb65f7d5866fcd81b802b9d9b:week:4
2025_04_PHI_TB,2303.0,2025,4,TB,PHI,run,-0.4875503210350871,TB,PHI,archive:asset:299770475:sha256:0b04ffcee75f07c5a1cec292d7b485ec3222bbbcb65f7d5866fcd81b802b9d9b:week:4
2025_04_PHI_TB,2337.0,2025,4,TB,PHI,pass,0.11935442395042628,TB,PHI,archive:asset:299770475:sha256:0b04ffcee75f07c5a1cec292d7b485ec3222bbbcb65f7d5866fcd81b802b9d9b:week:4
2025_04_PHI_TB,2365.0,2025,4,TB,PHI,pass,-1.7213458394398913,TB,PHI,archive:asset:299770475:sha256:0b04ffcee75f07c5a1cec292d7b485ec3222bbbcb65f7d5866fcd81b802b9d9b:week:4
2025_04_PHI_TB,2393.0,2025,4,TB,PHI,pass,-2.9931129177566618,TB,PHI,archive:asset:299770475:sha256:0b04ffcee75f07c5a1cec292d7b485ec3222bbbcb65f7d5866fcd81b802b9d9b:week:4
2025_04_PHI_TB,2416.0,2025,4,PHI,TB,run,0.39729635254479945,PHI,TB,archive:asset:299770475:sha256:0b04ffcee75f07c5a1cec292d7b485ec3222bbbcb65f7d5866fcd81b802b9d9b:week:4
2025_04_PHI_TB,2445.0,2025,4,PHI,TB,pass,-0.8303142755758017,PHI,TB,archive:asset:299770475:sha256:0b04ffcee75f07c5a1cec292d7b485ec3222bbbcb65f7d5866fcd81b802b9d9b:week:4
2025_04_PHI_TB,2478.0,2025,4,PHI,TB,pass,-1.6564018661156297,PHI,TB,archive:asset:299770475:sha256:0b04ffcee75f07c5a1cec292d7b485ec3222bbbcb65f7d5866fcd81b802b9d9b:week:4
2025_04_PHI_TB,2501.0,2025,4,PHI,TB,punt,-0.4003474600613117,PHI,TB,archive:asset:299770475:sha256:0b04ffcee75f07c5a1cec292d7b485ec3222bbbcb65f7d5866fcd81b802b9d9b:week:4
2025_04_PHI_TB,2520.0,2025,4,TB,PHI,pass,5.918719961773604,TB,PHI,archive:asset:299770475:sha256:0b04ffcee75f07c5a1cec292d7b485ec3222bbbcb65f7d5866fcd81b802b9d9b:week:4
2025_04_PHI_TB,2551.0,2025,4,TB,PHI,extra_point,0.06757300310763314,TB,PHI,archive:asset:299770475:sha256:0b04ffcee75f07c5a1cec292d7b485ec3222bbbcb65f7d5866fcd81b802b9d9b:week:4
2025_04_PHI_TB,2571.0,2025,4,PHI,TB,kickoff,0.9328050091862679,PHI,TB,archive:asset:299770475:sha256:0b04ffcee75f07c5a1cec292d7b485ec3222bbbcb65f7d5866fcd81b802b9d9b:week:4
2025_04_PHI_TB,2601.0,2025,4,PHI,TB,pass,-0.5167218269780278,PHI,TB,archive:asset:299770475:sha256:0b04ffcee75f07c5a1cec292d7b485ec3222bbbcb65f7d5866fcd81b802b9d9b:week:4
2025_04_PHI_TB,2624.0,2025,4,PHI,TB,run,-0.7177777574397624,PHI,TB,archive:asset:299770475:sha256:0b04ffcee75f07c5a1cec292d7b485ec3222bbbcb65f7d5866fcd81b802b9d9b:week:4
2025_04_PHI_TB,2646.0,2025,4,PHI,TB,pass,-1.9063778412528336,PHI,TB,archive:asset:299770475:sha256:0b04ffcee75f07c5a1cec292d7b485ec3222bbbcb65f7d5866fcd81b802b9d9b:week:4
2025_04_PHI_TB,2666.0,2025,4,PHI,TB,punt,0.5625090971589088,PHI,TB,archive:asset:299770475:sha256:0b04ffcee75f07c5a1cec292d7b485ec3222bbbcb65f7d5866fcd81b802b9d9b:week:4
2025_04_PHI_TB,2697.0,2025,4,TB,PHI,run,-0.17473202804103494,TB,PHI,archive:asset:299770475:sha256:0b04ffcee75f07c5a1cec292d7b485ec3222bbbcb65f7d5866fcd81b802b9d9b:week:4
2025_04_PHI_TB,2719.0,2025,4,TB,PHI,run,-4.847468772204593,TB,PHI,archive:asset:299770475:sha256:0b04ffcee75f07c5a1cec292d7b485ec3222bbbcb65f7d5866fcd81b802b9d9b:week:4
2025_04_PHI_TB,2799.0,2025,4,PHI,TB,run,-0.29248432093299925,PHI,TB,archive:asset:299770475:sha256:0b04ffcee75f07c5a1cec292d7b485ec3222bbbcb65f7d5866fcd81b802b9d9b:week:4
2025_04_PHI_TB,2821.0,2025,4,PHI,TB,run,-0.2628487910842523,PHI,TB,archive:asset:299770475:sha256:0b04ffcee75f07c5a1cec292d7b485ec3222bbbcb65f7d5866fcd81b802b9d9b:week:4
2025_04_PHI_TB,2843.0,2025,4,PHI,TB,run,1.2144998541334644,PHI,TB,archive:asset:299770475:sha256:0b04ffcee75f07c5a1cec292d7b485ec3222bbbcb65f7d5866fcd81b802b9d9b:week:4
2025_04_PHI_TB,2875.0,2025,4,PHI,TB,run,-0.26232223672559485,PHI,TB,archive:asset:299770475:sha256:0b04ffcee75f07c5a1cec292d7b485ec3222bbbcb65f7d5866fcd81b802b9d9b:week:4
2025_04_PHI_TB,2897.0,2025,4,PHI,TB,run,0.4936436438583769,PHI,TB,archive:asset:299770475:sha256:0b04ffcee75f07c5a1cec292d7b485ec3222bbbcb65f7d5866fcd81b802b9d9b:week:4
2025_04_PHI_TB,2929.0,2025,4,PHI,TB,run,1.8779170695925131,PHI,TB,archive:asset:299770475:sha256:0b04ffcee75f07c5a1cec292d7b485ec3222bbbcb65f7d5866fcd81b802b9d9b:week:4
2025_04_PHI_TB,2955.0,2025,4,PHI,TB,extra_point,0.06757300310763314,PHI,TB,archive:asset:299770475:sha256:0b04ffcee75f07c5a1cec292d7b485ec3222bbbcb65f7d5866fcd81b802b9d9b:week:4
2025_04_PHI_TB,2970.0,2025,4,TB,PHI,kickoff,-0.8762644880916923,TB,PHI,archive:asset:299770475:sha256:0b04ffcee75f07c5a1cec292d7b485ec3222bbbcb65f7d5866fcd81b802b9d9b:week:4
2025_04_PHI_TB,3017.0,2025,4,TB,PHI,pass,-0.5905102249234915,TB,PHI,archive:asset:299770475:sha256:0b04ffcee75f07c5a1cec292d7b485ec3222bbbcb65f7d5866fcd81b802b9d9b:week:4
2025_04_PHI_TB,3040.0,2025,4,TB,PHI,pass,1.4658169923350215,TB,PHI,archive:asset:299770475:sha256:0b04ffcee75f07c5a1cec292d7b485ec3222bbbcb65f7d5866fcd81b802b9d9b:week:4
2025_04_PHI_TB,3070.0,2025,4,TB,PHI,run,-0.35669710068032146,TB,PHI,archive:asset:299770475:sha256:0b04ffcee75f07c5a1cec292d7b485ec3222bbbcb65f7d5866fcd81b802b9d9b:week:4
2025_04_PHI_TB,3092.0,2025,4,TB,PHI,pass,5.982619408983737,TB,PHI,archive:asset:299770475:sha256:0b04ffcee75f07c5a1cec292d7b485ec3222bbbcb65f7d5866fcd81b802b9d9b:week:4
2025_04_PHI_TB,3118.0,2025,4,TB,PHI,extra_point,0.06757300310763314,TB,PHI,archive:asset:299770475:sha256:0b04ffcee75f07c5a1cec292d7b485ec3222bbbcb65f7d5866fcd81b802b9d9b:week:4
2025_04_PHI_TB,3133.0,2025,4,PHI,TB,kickoff,0.5248853014782071,PHI,TB,archive:asset:299770475:sha256:0b04ffcee75f07c5a1cec292d7b485ec3222bbbcb65f7d5866fcd81b802b9d9b:week:4
2025_04_PHI_TB,3156.0,2025,4,PHI,TB,run,-0.7949628126807511,PHI,TB,archive:asset:299770475:sha256:0b04ffcee75f07c5a1cec292d7b485ec3222bbbcb65f7d5866fcd81b802b9d9b:week:4
2025_04_PHI_TB,3178.0,2025,4,PHI,TB,run,1.3195014335215092,PHI,TB,archive:asset:299770475:sha256:0b04ffcee75f07c5a1cec292d7b485ec3222bbbcb65f7d5866fcd81b802b9d9b:week:4
2025_04_PHI_TB,3214.0,2025,4,PHI,TB,run,-0.23748426255770028,PHI,TB,archive:asset:299770475:sha256:0b04ffcee75f07c5a1cec292d7b485ec3222bbbcb65f7d5866fcd81b802b9d9b:week:4
2025_04_PHI_TB,3236.0,2025,4,PHI,TB,pass,-0.8485603546723723,PHI,TB,archive:asset:299770475:sha256:0b04ffcee75f07c5a1cec292d7b485ec3222bbbcb65f7d5866fcd81b802b9d9b:week:4
2025_04_PHI_TB,3259.0,2025,4,PHI,TB,run,-2.1988046325277537,PHI,TB,archive:asset:299770475:sha256:0b04ffcee75f07c5a1cec292d7b485ec3222bbbcb65f7d5866fcd81b802b9d9b:week:4
2025_04_PHI_TB,3286.0,2025,4,PHI,TB,,-0.0,PHI,TB,archive:asset:299770475:sha256:0b04ffcee75f07c5a1cec292d7b485ec3222bbbcb65f7d5866fcd81b802b9d9b:week:4
2025_04_PHI_TB,3317.0,2025,4,PHI,TB,punt,-0.20236634137108922,PHI,TB,archive:asset:299770475:sha256:0b04ffcee75f07c5a1cec292d7b485ec3222bbbcb65f7d5866fcd81b802b9d9b:week:4
2025_04_PHI_TB,3349.0,2025,4,TB,PHI,pass,1.4305950503330678,TB,PHI,archive:asset:299770475:sha256:0b04ffcee75f07c5a1cec292d7b485ec3222bbbcb65f7d5866fcd81b802b9d9b:week:4
2025_04_PHI_TB,3385.0,2025,4,TB,PHI,run,0.03856231225654483,TB,PHI,archive:asset:299770475:sha256:0b04ffcee75f07c5a1cec292d7b485ec3222bbbcb65f7d5866fcd81b802b9d9b:week:4
2025_04_PHI_TB,3407.0,2025,4,TB,PHI,no_play,0.5110929717775434,TB,PHI,archive:asset:299770475:sha256:0b04ffcee75f07c5a1cec292d7b485ec3222bbbcb65f7d5866fcd81b802b9d9b:week:4
2025_04_PHI_TB,3441.0,2025,4,TB,PHI,no_play,-1.0707176483701915,TB,PHI,archive:asset:299770475:sha256:0b04ffcee75f07c5a1cec292d7b485ec3222bbbcb65f7d5866fcd81b802b9d9b:week:4
2025_04_PHI_TB,3474.0,2025,4,TB,PHI,pass,-0.5755575406365097,TB,PHI,archive:asset:299770475:sha256:0b04ffcee75f07c5a1cec292d7b485ec3222bbbcb65f7d5866fcd81b802b9d9b:week:4
2025_04_PHI_TB,3497.0,2025,4,TB,PHI,pass,-0.3476886535063386,TB,PHI,archive:asset:299770475:sha256:0b04ffcee75f07c5a1cec292d7b485ec3222bbbcb65f7d5866fcd81b802b9d9b:week:4
2025_04_PHI_TB,3522.0,2025,4,TB,PHI,pass,-1.5892138900121244,TB,PHI,archive:asset:299770475:sha256:0b04ffcee75f07c5a1cec292d7b485ec3222bbbcb65f7d5866fcd81b802b9d9b:week:4
2025_04_PHI_TB,3545.0,2025,4,TB,PHI,field_goal,3.0744073337295594,TB,PHI,archive:asset:299770475:sha256:0b04ffcee75f07c5a1cec292d7b485ec3222bbbcb65f7d5866fcd81b802b9d9b:week:4
2025_04_PHI_TB,3565.0,2025,4,PHI,TB,kickoff,-0.27024829434230924,PHI,TB,archive:asset:299770475:sha256:0b04ffcee75f07c5a1cec292d7b485ec3222bbbcb65f7d5866fcd81b802b9d9b:week:4
2025_04_PHI_TB,3595.0,2025,4,PHI,TB,pass,-0.551145960111171,PHI,TB,archive:asset:299770475:sha256:0b04ffcee75f07c5a1cec292d7b485ec3222bbbcb65f7d5866fcd81b802b9d9b:week:4
2025_04_PHI_TB,3618.0,2025,4,PHI,TB,pass,-0.7250885125249624,PHI,TB,archive:asset:299770475:sha256:0b04ffcee75f07c5a1cec292d7b485ec3222bbbcb65f7d5866fcd81b802b9d9b:week:4
2025_04_PHI_TB,3641.0,2025,4,PHI,TB,pass,-1.2096876255236566,PHI,TB,archive:asset:299770475:sha256:0b04ffcee75f07c5a1cec292d7b485ec3222bbbcb65f7d5866fcd81b802b9d9b:week:4
2025_04_PHI_TB,3664.0,2025,4,PHI,TB,punt,-1.1222343316767365,PHI,TB,archive:asset:299770475:sha256:0b04ffcee75f07c5a1cec292d7b485ec3222bbbcb65f7d5866fcd81b802b9d9b:week:4
2025_04_PHI_TB,3690.0,2025,4,TB,PHI,run,-0.026104504941031337,TB,PHI,archive:asset:299770475:sha256:0b04ffcee75f07c5a1cec292d7b485ec3222bbbcb65f7d5866fcd81b802b9d9b:week:4
2025_04_PHI_TB,3724.0,2025,4,TB,PHI,pass,-0.8043686223682016,TB,PHI,archive:asset:299770475:sha256:0b04ffcee75f07c5a1cec292d7b485ec3222bbbcb65f7d5866fcd81b802b9d9b:week:4
2025_04_PHI_TB,3747.0,2025,4,TB,PHI,no_play,1.5162871477659792,TB,PHI,archive:asset:299770475:sha256:0b04ffcee75f07c5a1cec292d7b485ec3222bbbcb65f7d5866fcd81b802b9d9b:week:4
2025_04_PHI_TB,3798.0,2025,4,TB,PHI,run,0.2956181161571294,TB,PHI,archive:asset:299770475:sha256:0b04ffcee75f07c5a1cec292d7b485ec3222bbbcb65f7d5866fcd81b802b9d9b:week:4
2025_04_PHI_TB,3822.0,2025,4,TB,PHI,run,0.5932943538064137,TB,PHI,archive:asset:299770475:sha256:0b04ffcee75f07c5a1cec292d7b485ec3222bbbcb65f7d5866fcd81b802b9d9b:week:4
2025_04_PHI_TB,3844.0,2025,4,TB,PHI,run,-0.4166355037596077,TB,PHI,archive:asset:299770475:sha256:0b04ffcee75f07c5a1cec292d7b485ec3222bbbcb65f7d5866fcd81b802b9d9b:week:4
2025_04_PHI_TB,3866.0,2025,4,TB,PHI,pass,-0.5911000493215397,TB,PHI,archive:asset:299770475:sha256:0b04ffcee75f07c5a1cec292d7b485ec3222bbbcb65f7d5866fcd81b802b9d9b:week:4
2025_04_PHI_TB,3889.0,2025,4,TB,PHI,pass,1.5411411279346794,TB,PHI,archive:asset:299770475:sha256:0b04ffcee75f07c5a1cec292d7b485ec3222bbbcb65f7d5866fcd81b802b9d9b:week:4
2025_04_PHI_TB,3917.0,2025,4,TB,PHI,pass,-5.783993902383372,TB,PHI,archive:asset:299770475:sha256:0b04ffcee75f07c5a1cec292d7b485ec3222bbbcb65f7d5866fcd81b802b9d9b:week:4
2025_04_PHI_TB,3956.0,2025,4,PHI,TB,run,-1.0929203135892749,PHI,TB,archive:asset:299770475:sha256:0b04ffcee75f07c5a1cec292d7b485ec3222bbbcb65f7d5866fcd81b802b9d9b:week:4
2025_04_PHI_TB,3978.0,2025,4,PHI,TB,run,0.8274517436511815,PHI,TB,archive:asset:299770475:sha256:0b04ffcee75f07c5a1cec292d7b485ec3222bbbcb65f7d5866fcd81b802b9d9b:week:4
2025_04_PHI_TB,4000.0,2025,4,PHI,TB,pass,-1.3721985570155084,PHI,TB,archive:asset:299770475:sha256:0b04ffcee75f07c5a1cec292d7b485ec3222bbbcb65f7d5866fcd81b802b9d9b:week:4
2025_04_PHI_TB,4023.0,2025,4,PHI,TB,punt,0.18582213576883078,PHI,TB,archive:asset:299770475:sha256:0b04ffcee75f07c5a1cec292d7b485ec3222bbbcb65f7d5866fcd81b802b9d9b:week:4
2025_04_PHI_TB,4049.0,2025,4,TB,PHI,run,0.18385137943550944,TB,PHI,archive:asset:299770475:sha256:0b04ffcee75f07c5a1cec292d7b485ec3222bbbcb65f7d5866fcd81b802b9d9b:week:4
2025_04_PHI_TB,4076.0,2025,4,TB,PHI,run,0.1643794325646013,TB,PHI,archive:asset:299770475:sha256:0b04ffcee75f07c5a1cec292d7b485ec3222bbbcb65f7d5866fcd81b802b9d9b:week:4
2025_04_PHI_TB,4098.0,2025,4,TB,PHI,run,-1.6245212280191481,TB,PHI,archive:asset:299770475:sha256:0b04ffcee75f07c5a1cec292d7b485ec3222bbbcb65f7d5866fcd81b802b9d9b:week:4
2025_04_PHI_TB,4120.0,2025,4,TB,PHI,run,2.033606613986194,TB,PHI,archive:asset:299770475:sha256:0b04ffcee75f07c5a1cec292d7b485ec3222bbbcb65f7d5866fcd81b802b9d9b:week:4
2025_04_PHI_TB,4142.0,2025,4,TB,PHI,pass,0.9910801465739496,TB,PHI,archive:asset:299770475:sha256:0b04ffcee75f07c5a1cec292d7b485ec3222bbbcb65f7d5866fcd81b802b9d9b:week:4
2025_04_PHI_TB,4172.0,2025,4,TB,PHI,run,-0.1683232978102751,TB,PHI,archive:asset:299770475:sha256:0b04ffcee75f07c5a1cec292d7b485ec3222bbbcb65f7d5866fcd81b802b9d9b:week:4
2025_04_PHI_TB,4194.0,2025,4,TB,PHI,pass,-0.5085286402027123,TB,PHI,archive:asset:299770475:sha256:0b04ffcee75f07c5a1cec292d7b485ec3222bbbcb65f7d5866fcd81b802b9d9b:week:4
2025_04_PHI_TB,4217.0,2025,4,TB,PHI,run,1.3416762127308175,TB,PHI,archive:asset:299770475:sha256:0b04ffcee75f07c5a1cec292d7b485ec3222bbbcb65f7d5866fcd81b802b9d9b:week:4
2025_04_PHI_TB,4244.0,2025,4,TB,PHI,no_play,-0.6513613025890663,TB,PHI,archive:asset:299770475:sha256:0b04ffcee75f07c5a1cec292d7b485ec3222bbbcb65f7d5866fcd81b802b9d9b:week:4
2025_04_PHI_TB,4268.0,2025,4,TB,PHI,run,-0.13881594111444429,TB,PHI,archive:asset:299770475:sha256:0b04ffcee75f07c5a1cec292d7b485ec3222bbbcb65f7d5866fcd81b802b9d9b:week:4
2025_04_PHI_TB,4290.0,2025,4,TB,PHI,pass,-1.2536882763379253,TB,PHI,archive:asset:299770475:sha256:0b04ffcee75f07c5a1cec292d7b485ec3222bbbcb65f7d5866fcd81b802b9d9b:week:4
2025_04_PHI_TB,4329.0,2025,4,,,no_play,0.0,,,archive:asset:299770475:sha256:0b04ffcee75f07c5a1cec292d7b485ec3222bbbcb65f7d5866fcd81b802b9d9b:week:4
2025_04_PHI_TB,4317.0,2025,4,TB,PHI,pass,-0.2840626076213084,TB,PHI,archive:asset:299770475:sha256:0b04ffcee75f07c5a1cec292d7b485ec3222bbbcb65f7d5866fcd81b802b9d9b:week:4
2025_04_PHI_TB,4349.0,2025,4,TB,PHI,pass,-1.6377284550108016,TB,PHI,archive:asset:299770475:sha256:0b04ffcee75f07c5a1cec292d7b485ec3222bbbcb65f7d5866fcd81b802b9d9b:week:4
2025_04_PHI_TB,4401.0,2025,4,,,no_play,-0.0,,,archive:asset:299770475:sha256:0b04ffcee75f07c5a1cec292d7b485ec3222bbbcb65f7d5866fcd81b802b9d9b:week:4
2025_04_PHI_TB,4383.0,2025,4,PHI,TB,run,-0.22392829891759902,PHI,TB,archive:asset:299770475:sha256:0b04ffcee75f07c5a1cec292d7b485ec3222bbbcb65f7d5866fcd81b802b9d9b:week:4
2025_04_PHI_TB,4430.0,2025,4,,,no_play,-0.0,,,archive:asset:299770475:sha256:0b04ffcee75f07c5a1cec292d7b485ec3222bbbcb65f7d5866fcd81b802b9d9b:week:4
2025_04_PHI_TB,4418.0,2025,4,PHI,TB,run,-0.304437565326225,PHI,TB,archive:asset:299770475:sha256:0b04ffcee75f07c5a1cec292d7b485ec3222bbbcb65f7d5866fcd81b802b9d9b:week:4
2025_04_PHI_TB,4459.0,2025,4,,,no_play,-0.0,,,archive:asset:299770475:sha256:0b04ffcee75f07c5a1cec292d7b485ec3222bbbcb65f7d5866fcd81b802b9d9b:week:4
2025_04_PHI_TB,4447.0,2025,4,PHI,TB,run,-0.36185781663516536,PHI,TB,archive:asset:299770475:sha256:0b04ffcee75f07c5a1cec292d7b485ec3222bbbcb65f7d5866fcd81b802b9d9b:week:4
2025_04_PHI_TB,4523.0,2025,4,PHI,TB,no_play,-0.055804102041292936,PHI,TB,archive:asset:299770475:sha256:0b04ffcee75f07c5a1cec292d7b485ec3222bbbcb65f7d5866fcd81b802b9d9b:week:4
2025_04_PHI_TB,4548.0,2025,4,PHI,TB,run,-1.951239154965151,PHI,TB,archive:asset:299770475:sha256:0b04ffcee75f07c5a1cec292d7b485ec3222bbbcb65f7d5866fcd81b802b9d9b:week:4
2025_04_PHI_TB,4574.0,2025,4,TB,PHI,,,TB,PHI,archive:asset:299770475:sha256:0b04ffcee75f07c5a1cec292d7b485ec3222bbbcb65f7d5866fcd81b802b9d9b:week:4
2025_04_SEA_ARI,1.0,2025,4,,,,0.0,,,archive:asset:299770475:sha256:0b04ffcee75f07c5a1cec292d7b485ec3222bbbcb65f7d5866fcd81b802b9d9b:week:4
2025_04_SEA_ARI,40.0,2025,4,ARI,SEA,kickoff,0.040870267897844315,ARI,SEA,archive:asset:299770475:sha256:0b04ffcee75f07c5a1cec292d7b485ec3222bbbcb65f7d5866fcd81b802b9d9b:week:4
2025_04_SEA_ARI,63.0,2025,4,ARI,SEA,pass,0.5830219713971019,ARI,SEA,archive:asset:299770475:sha256:0b04ffcee75f07c5a1cec292d7b485ec3222bbbcb65f7d5866fcd81b802b9d9b:week:4
2025_04_SEA_ARI,98.0,2025,4,ARI,SEA,pass,0.3333940196316689,ARI,SEA,archive:asset:299770475:sha256:0b04ffcee75f07c5a1cec292d7b485ec3222bbbcb65f7d5866fcd81b802b9d9b:week:4
2025_04_SEA_ARI,128.0,2025,4,ARI,SEA,run,-0.4776053533423692,ARI,SEA,archive:asset:299770475:sha256:0b04ffcee75f07c5a1cec292d7b485ec3222bbbcb65f7d5866fcd81b802b9d9b:week:4
2025_04_SEA_ARI,150.0,2025,4,ARI,SEA,run,-0.6874802648089826,ARI,SEA,archive:asset:299770475:sha256:0b04ffcee75f07c5a1cec292d7b485ec3222bbbcb65f7d5866fcd81b802b9d9b:week:4
2025_04_SEA_ARI,172.0,2025,4,ARI,SEA,pass,-1.6569319157861173,ARI,SEA,archive:asset:299770475:sha256:0b04ffcee75f07c5a1cec292d7b485ec3222bbbcb65f7d5866fcd81b802b9d9b:week:4
2025_04_SEA_ARI,195.0,2025,4,ARI,SEA,punt,0.031042601447552443,ARI,SEA,archive:asset:299770475:sha256:0b04ffcee75f07c5a1cec292d7b485ec3222bbbcb65f7d5866fcd81b802b9d9b:week:4
2025_04_SEA_ARI,215.0,2025,4,SEA,ARI,run,-0.6464458741247654,SEA,ARI,archive:asset:299770475:sha256:0b04ffcee75f07c5a1cec292d7b485ec3222bbbcb65f7d5866fcd81b802b9d9b:week:4
2025_04_SEA_ARI,244.0,2025,4,SEA,ARI,pass,2.554973357822746,SEA,ARI,archive:asset:299770475:sha256:0b04ffcee75f07c5a1cec292d7b485ec3222bbbcb65f7d5866fcd81b802b9d9b:week:4
2025_04_SEA_ARI,274.0,2025,4,SEA,ARI,run,-0.4580759438686073,SEA,ARI,archive:asset:299770475:sha256:0b04ffcee75f07c5a1cec292d7b485ec3222bbbcb65f7d5866fcd81b802b9d9b:week:4
2025_04_SEA_ARI,303.0,2025,4,SEA,ARI,run,-1.3223651410080492,SEA,ARI,archive:asset:299770475:sha256:0b04ffcee75f07c5a1cec292d7b485ec3222bbbcb65f7d5866fcd81b802b9d9b:week:4
2025_04_SEA_ARI,325.0,2025,4,SEA,ARI,pass,0.1230454072356224,SEA,ARI,archive:asset:299770475:sha256:0b04ffcee75f07c5a1cec292d7b485ec3222bbbcb65f7d5866fcd81b802b9d9b:week:4
2025_04_SEA_ARI,350.0,2025,4,SEA,ARI,run,-3.44065525312908,SEA,ARI,archive:asset:299770475:sha256:0b04ffcee75f07c5a1cec292d7b485ec3222bbbcb65f7d5866fcd81b802b9d9b:week:4
2025_04_SEA_ARI,372.0,2025,4,ARI,SEA,pass,-0.5153298939112574,ARI,SEA,archive:asset:299770475:sha256:0b04ffcee75f07c5a1cec292d7b485ec3222bbbcb65f7d5866fcd81b802b9d9b:week:4
2025_04_SEA_ARI,402.0,2025,4,ARI,SEA,pass,0.7996556113939732,ARI,SEA,archive:asset:299770475:sha256:0b04ffcee75f07c5a1cec292d7b485ec3222bbbcb65f7d5866fcd81b802b9d9b:week:4
2025_04_SEA_ARI,492.0,2025,4,ARI,SEA,run,0.7241822715150192,ARI,SEA,archive:asset:299770475:sha256:0b04ffcee75f07c5a1cec292d7b485ec3222bbbcb65f7d5866fcd81b802b9d9b:week:4
2025_04_SEA_ARI,526.0,2025,4,ARI,SEA,pass,1.2386443510185927,ARI,SEA,archive:asset:299770475:sha256:0b04ffcee75f07c5a1cec292d7b485ec3222bbbcb65f7d5866fcd81b802b9d9b:week:4
2025_04_SEA_ARI,567.0,2025,4,ARI,SEA,pass,-0.3399027809500694,ARI,SEA,archive:asset:299770475:sha256:0b04ffcee75f07c5a1cec292d7b485ec3222bbbcb65f7d5866fcd81b802b9d9b:week:4
2025_04_SEA_ARI,592.0,2025,4,ARI,SEA,pass,-0.26448836748022586,ARI,SEA,archive:asset:299770475:sha256:0b04ffcee75f07c5a1cec292d7b485ec3222bbbcb65f7d5866fcd81b802b9d9b:week:4
2025_04_SEA_ARI,617.0,2025,4,ARI,SEA,no_play,-0.5883586924755946,ARI,SEA,archive:asset:299770475:sha256:0b04ffcee75f07c5a1cec292d7b485ec3222bbbcb65f7d5866fcd81b802b9d9b:week:4
2025_04_SEA_ARI,641.0,2025,4,ARI,SEA,pass,-0.9640192006481811,ARI,SEA,archive:asset:299770475:sha256:0b04ffcee75f07c5a1cec292d7b485ec3222bbbcb65f7d5866fcd81b802b9d9b:week:4
2025_04_SEA_ARI,666.0,2025,4,ARI,SEA,no_play,-0.2903839507294266,ARI,SEA,archive:asset:299770475:sha256:0b04ffcee75f07c5a1cec292d7b485ec3222bbbcb65f7d5866fcd81b802b9d9b:week:4
2025_04_SEA_ARI,696.0,2025,4,ARI,SEA,field_goal,0.25117233806898875,ARI,SEA,archive:asset:299770475:sha256:0b04ffcee75f07c5a1cec292d7b485ec3222bbbcb65f7d5866fcd81b802b9d9b:week:4
2025_04_SEA_ARI,716.0,2025,4,SEA,ARI,kickoff,-0.2984667578712106,SEA,ARI,archive:asset:299770475:sha256:0b04ffcee75f07c5a1cec292d7b485ec3222bbbcb65f7d5866fcd81b802b9d9b:week:4
2025_04_SEA_ARI,746.0,2025,4,SEA,ARI,pass,0.7904039649292827,SEA,ARI,archive:asset:299770475:sha256:0b04ffcee75f07c5a1cec292d7b485ec3222bbbcb65f7d5866fcd81b802b9d9b:week:4
2025_04_SEA_ARI,776.0,2025,4,SEA,ARI,run,0.9138653879053891,SEA,ARI,archive:asset:299770475:sha256:0b04ffcee75f07c5a1cec292d7b485ec3222bbbcb65f7d5866fcd81b802b9d9b:week:4
2025_04_SEA_ARI,798.0,2025,4,SEA,ARI,run,1.1902216256130487,SEA,ARI,archive:asset:299770475:sha256:0b04ffcee75f07c5a1cec292d7b485ec3222bbbcb65f7d5866fcd81b802b9d9b:week:4
2025_04_SEA_ARI,830.0,2025,4,SEA,ARI,run,0.6355617369990796,SEA,ARI,archive:asset:299770475:sha256:0b04ffcee75f07c5a1cec292d7b485ec3222bbbcb65f7d5866fcd81b802b9d9b:week:4
2025_04_SEA_ARI,852.0,2025,4,SEA,ARI,pass,-0.6121285893023014,SEA,ARI,archive:asset:299770475:sha256:0b04ffcee75f07c5a1cec292d7b485ec3222bbbcb65f7d5866fcd81b802b9d9b:week:4
2025_04_SEA_ARI,875.0,2025,4,SEA,ARI,pass,1.2857682143803686,SEA,ARI,archive:asset:299770475:sha256:0b04ffcee75f07c5a1cec292d7b485ec3222bbbcb65f7d5866fcd81b802b9d9b:week:4
2025_04_SEA_ARI,900.0,2025,4,SEA,ARI,pass,2.050839441595599,SEA,ARI,archive:asset:299770475:sha256:0b04ffcee75f07c5a1cec292d7b485ec3222bbbcb65f7d5866fcd81b802b9d9b:week:4
2025_04_SEA_ARI,926.0,2025,4,SEA,ARI,extra_point,0.06857135097992784,SEA,ARI,archive:asset:299770475:sha256:0b04ffcee75f07c5a1cec292d7b485ec3222bbbcb65f7d5866fcd81b802b9d9b:week:4
2025_04_SEA_ARI,941.0,2025,4,ARI,SEA,kickoff,0.030213932739570737,ARI,SEA,archive:asset:299770475:sha256:0b04ffcee75f07c5a1cec292d7b485ec3222bbbcb65f7d5866fcd81b802b9d9b:week:4
2025_04_SEA_ARI,971.0,2025,4,ARI,SEA,run,-0.29066172358579934,ARI,SEA,archive:asset:299770475:sha256:0b04ffcee75f07c5a1cec292d7b485ec3222bbbcb65f7d5866fcd81b802b9d9b:week:4
2025_04_SEA_ARI,993.0,2025,4,ARI,SEA,pass,-1.860985933803022,ARI,SEA,archive:asset:299770475:sha256:0b04ffcee75f07c5a1cec292d7b485ec3222bbbcb65f7d5866fcd81b802b9d9b:week:4
2025_04_SEA_ARI,1025.0,2025,4,,,no_play,0.0,,,archive:asset:299770475:sha256:0b04ffcee75f07c5a1cec292d7b485ec3222bbbcb65f7d5866fcd81b802b9d9b:week:4
2025_04_SEA_ARI,1013.0,2025,4,ARI,SEA,run,-0.7533981036394835,ARI,SEA,archive:asset:299770475:sha256:0b04ffcee75f07c5a1cec292d7b485ec3222bbbcb65f7d5866fcd81b802b9d9b:week:4
2025_04_SEA_ARI,1047.0,2025,4,ARI,SEA,,0.0,ARI,SEA,archive:asset:299770475:sha256:0b04ffcee75f07c5a1cec292d7b485ec3222bbbcb65f7d5866fcd81b802b9d9b:week:4
2025_04_SEA_ARI,1067.0,2025,4,ARI,SEA,punt,0.4447831604629755,ARI,SEA,archive:asset:299770475:sha256:0b04ffcee75f07c5a1cec292d7b485ec3222bbbcb65f7d5866fcd81b802b9d9b:week:4
2025_04_SEA_ARI,1096.0,2025,4,SEA,ARI,run,-0.2491666181012988,SEA,ARI,archive:asset:299770475:sha256:0b04ffcee75f07c5a1cec292d7b485ec3222bbbcb65f7d5866fcd81b802b9d9b:week:4
2025_04_SEA_ARI,1123.0,2025,4,SEA,ARI,run,1.0394101031124592,SEA,ARI,archive:asset:299770475:sha256:0b04ffcee75f07c5a1cec292d7b485ec3222bbbcb65f7d5866fcd81b802b9d9b:week:4
2025_04_SEA_ARI,1156.0,2025,4,SEA,ARI,run,-0.9078676607459784,SEA,ARI,archive:asset:299770475:sha256:0b04ffcee75f07c5a1cec292d7b485ec3222bbbcb65f7d5866fcd81b802b9d9b:week:4
2025_04_SEA_ARI,1181.0,2025,4,SEA,ARI,pass,-1.2879038988612592,SEA,ARI,archive:asset:299770475:sha256:0b04ffcee75f07c5a1cec292d7b485ec3222bbbcb65f7d5866fcd81b802b9d9b:week:4
2025_04_SEA_ARI,1201.0,2025,4,SEA,ARI,run,-0.765107536688447,SEA,ARI,archive:asset:299770475:sha256:0b04ffcee75f07c5a1cec292d7b485ec3222bbbcb65f7d5866fcd81b802b9d9b:week:4
2025_04_SEA_ARI,1223.0,2025,4,SEA,ARI,punt,-0.3680896242149174,SEA,ARI,archive:asset:299770475:sha256:0b04ffcee75f07c5a1cec292d7b485ec3222bbbcb65f7d5866fcd81b802b9d9b:week:4
2025_04_SEA_ARI,1249.0,2025,4,ARI,SEA,run,0.5367989258375019,ARI,SEA,archive:asset:299770475:sha256:0b04ffcee75f07c5a1cec292d7b485ec3222bbbcb65f7d5866fcd81b802b9d9b:week:4
2025_04_SEA_ARI,1283.0,2025,4,ARI,SEA,pass,-0.702395194908604,ARI,SEA,archive:asset:299770475:sha256:0b04ffcee75f07c5a1cec292d7b485ec3222bbbcb65f7d5866fcd81b802b9d9b:week:4
2025_04_SEA_ARI,1306.0,2025,4,ARI,SEA,pass,1.0039014767389745,ARI,SEA,archive:asset:299770475:sha256:0b04ffcee75f07c5a1cec292d7b485ec3222bbbcb65f7d5866fcd81b802b9d9b:week:4
2025_04_SEA_ARI,1331.0,2025,4,ARI,SEA,pass,-0.24437408335506916,ARI,SEA,archive:asset:299770475:sha256:0b04ffcee75f07c5a1cec292d7b485ec3222bbbcb65f7d5866fcd81b802b9d9b:week:4
2025_04_SEA_ARI,1356.0,2025,4,ARI,SEA,pass,-0.8201059424318373,ARI,SEA,archive:asset:299770475:sha256:0b04ffcee75f07c5a1cec292d7b485ec3222bbbcb65f7d5866fcd81b802b9d9b:week:4
2025_04_SEA_ARI,1379.0,2025,4,ARI,SEA,pass,1.5664269356057048,ARI,SEA,archive:asset:299770475:sha256:0b04ffcee75f07c5a1cec292d7b485ec3222bbbcb65f7d5866fcd81b802b9d9b:week:4
2025_04_SEA_ARI,1404.0,2025,4,ARI,SEA,pass,0.9610132067464292,ARI,SEA,archive:asset:299770475:sha256:0b04ffcee75f07c5a1cec292d7b485ec3222bbbcb65f7d5866fcd81b802b9d9b:week:4
2025_04_SEA_ARI,1439.0,2025,4,ARI,SEA,pass,-0.37542946450412273,ARI,SEA,archive:asset:299770475:sha256:0b04ffcee75f07c5a1cec292d7b485ec3222bbbcb65f7d5866fcd81b802b9d9b:week:4
2025_04_SEA_ARI,1474.0,2025,4,ARI,SEA,pass,-1.101406198227778,ARI,SEA,archive:asset:299770475:sha256:0b04ffcee75f07c5a1cec292d7b485ec3222bbbcb65f7d5866fcd81b802b9d9b:week:4
2025_04_SEA_ARI,1499.0,2025,4,ARI,SEA,pass,-5.082862982293591,ARI,SEA,archive:asset:299770475:sha256:0b04ffcee75f07c5a1cec292d7b485ec3222bbbcb65f7d5866fcd81b802b9d9b:week:4
2025_04_SEA_ARI,1533.0,2025,4,SEA,ARI,pass,-0.49503056169487536,SEA,ARI,archive:asset:299770475:sha256:0b04ffcee75f07c5a1cec292d7b485ec3222bbbcb65f7d5866fcd81b802b9d9b:week:4
2025_04_SEA_ARI,1568.0,2025,4,SEA,ARI,pass,1.6288139807293192,SEA,ARI,archive:asset:299770475:sha256:0b04ffcee75f07c5a1cec292d7b485ec3222bbbcb65f7d5866fcd81b802b9d9b:week:4
2025_04_SEA_ARI,1596.0,2025,4,SEA,ARI,run,-0.04077232215786353,SEA,ARI,archive:asset:299770475:sha256:0b04ffcee75f07c5a1cec292d7b485ec3222bbbcb65f7d5866fcd81b802b9d9b:week:4
2025_04_SEA_ARI,1618.0,2025,4,SEA,ARI,run,-2.1940047705429606,SEA,ARI,archive:asset:299770475:sha256:0b04ffcee75f07c5a1cec292d7b485ec3222bbbcb65f7d5866fcd81b802b9d9b:week:4
2025_04_SEA_ARI,1651.0,2025,4,SEA,ARI,pass,-1.4091826108051464,SEA,ARI,archive:asset:299770475:sha256:0b04ffcee75f07c5a1cec292d7b485ec3222bbbcb65f7d5866fcd81b802b9d9b:week:4
2025_04_SEA_ARI,1676.0,2025,4,SEA,ARI,punt,-0.9027608507312834,SEA,ARI,archive:asset:299770475:sha256:0b04ffcee75f07c5a1cec292d7b485ec3222bbbcb65f7d5866fcd81b802b9d9b:week:4
2025_04_SEA_ARI,1694.0,2025,4,ARI,SEA,run,-0.25122289662249386,ARI,SEA,archive:asset:299770475:sha256:0b04ffcee75f07c5a1cec292d7b485ec3222bbbcb65f7d5866fcd81b802b9d9b:week:4
2025_04_SEA_ARI,1723.0,2025,4,ARI,SEA,pass,0.007936322363093495,ARI,SEA,archive:asset:299770475:sha256:0b04ffcee75f07c5a1cec292d7b485ec3222bbbcb65f7d5866fcd81b802b9d9b:week:4
2025_04_SEA_ARI,1748.0,2025,4,ARI,SEA,run,-1.1007873117923737,ARI,SEA,archive:asset:299770475:sha256:0b04ffcee75f07c5a1cec292d7b485ec3222bbbcb65f7d5866fcd81b802b9d9b:week:4
2025_04_SEA_ARI,1770.0,2025,4,ARI,SEA,punt,0.4648890704847872,ARI,SEA,archive:asset:299770475:sha256:0b04ffcee75f07c5a1cec292d7b485ec3222bbbcb65f7d5866fcd81b802b9d9b:week:4
2025_04_SEA_ARI,1796.0,2025,4,SEA,ARI,pass,1.8538036975078285,SEA,ARI,archive:asset:299770475:sha256:0b04ffcee75f07c5a1cec292d7b485ec3222bbbcb65f7d5866fcd81b802b9d9b:week:4
2025_04_SEA_ARI,1828.0,2025,4,SEA,ARI,run,1.4761712797917426,SEA,ARI,archive:asset:299770475:sha256:0b04ffcee75f07c5a1cec292d7b485ec3222bbbcb65f7d5866fcd81b802b9d9b:week:4
2025_04_SEA_ARI,1850.0,2025,4,SEA,ARI,run,1.0938603594549932,SEA,ARI,archive:asset:299770475:sha256:0b04ffcee75f07c5a1cec292d7b485ec3222bbbcb65f7d5866fcd81b802b9d9b:week:4
2025_04_SEA_ARI,1872.0,2025,4,SEA,ARI,run,-0.40313599444925785,SEA,ARI,archive:asset:299770475:sha256:0b04ffcee75f07c5a1cec292d7b485ec3222bbbcb65f7d5866fcd81b802b9d9b:week:4
2025_04_SEA_ARI,1901.0,2025,4,SEA,ARI,no_play,2.2418567965505645,SEA,ARI,archive:asset:299770475:sha256:0b04ffcee75f07c5a1cec292d7b485ec3222bbbcb65f7d5866fcd81b802b9d9b:week:4
2025_04_SEA_ARI,1935.0,2025,4,SEA,ARI,run,-0.2580506108060945,SEA,ARI,archive:asset:299770475:sha256:0b04ffcee75f07c5a1cec292d7b485ec3222bbbcb65f7d5866fcd81b802b9d9b:week:4
2025_04_SEA_ARI,1971.0,2025,4,,,no_play,-0.0,,,archive:asset:299770475:sha256:0b04ffcee75f07c5a1cec292d7b485ec3222bbbcb65f7d5866fcd81b802b9d9b:week:4
2025_04_SEA_ARI,1959.0,2025,4,SEA,ARI,pass,-0.34573301632190123,SEA,ARI,archive:asset:299770475:sha256:0b04ffcee75f07c5a1cec292d7b485ec3222bbbcb65f7d5866fcd81b802b9d9b:week:4
2025_04_SEA_ARI,1989.0,2025,4,SEA,ARI,run,1.2288355921918992,SEA,ARI,archive:asset:299770475:sha256:0b04ffcee75f07c5a1cec292d7b485ec3222bbbcb65f7d5866fcd81b802b9d9b:week:4
2025_04_SEA_ARI,2012.0,2025,4,SEA,ARI,extra_point,0.06857135097992784,SEA,ARI,archive:asset:299770475:sha256:0b04ffcee75f07c5a1cec292d7b485ec3222bbbcb65f7d5866fcd81b802b9d9b:week:4
2025_04_SEA_ARI,2027.0,2025,4,ARI,SEA,kickoff,-0.08838250464759767,ARI,SEA,archive:asset:299770475:sha256:0b04ffcee75f07c5a1cec292d7b485ec3222bbbcb65f7d5866fcd81b802b9d9b:week:4
2025_04_SEA_ARI,2057.0,2025,4,ARI,SEA,pass,-0.303448578575626,ARI,SEA,archive:asset:299770475:sha256:0b04ffcee75f07c5a1cec292d7b485ec3222bbbcb65f7d5866fcd81b802b9d9b:week:4
2025_04_SEA_ARI,2080.0,2025,4,ARI,SEA,pass,-0.23888425482437015,ARI,SEA,archive:asset:299770475:sha256:0b04ffcee75f07c5a1cec292d7b485ec3222bbbcb65f7d5866fcd81b802b9d9b:week:4
2025_04_SEA_ARI,2103.0,2025,4,ARI,SEA,pass,0.7983712142449804,ARI,SEA,archive:asset:299770475:sha256:0b04ffcee75f07c5a1cec292d7b485ec3222bbbcb65f7d5866fcd81b802b9d9b:week:4
2025_04_SEA_ARI,2140.0,2025,4,,,no_play,0.0,,,archive:asset:299770475:sha256:0b04ffcee75f07c5a1cec292d7b485ec3222bbbcb65f7d5866fcd81b802b9d9b:week:4
2025_04_SEA_ARI,2128.0,2025,4,ARI,SEA,pass,-0.7329439859022386,ARI,SEA,archive:asset:299770475:sha256:0b04ffcee75f07c5a1cec292d7b485ec3222bbbcb65f7d5866fcd81b802b9d9b:week:4
2025_04_SEA_ARI,2155.0,2025,4,ARI,SEA,run,-0.2539558957214467,ARI,SEA,archive:asset:299770475:sha256:0b04ffcee75f07c5a1cec292d7b485ec3222bbbcb65f7d5866fcd81b802b9d9b:week:4
2025_04_SEA_ARI,2189.0,2025,4,,,no_play,0.0,,,archive:asset:299770475:sha256:0b04ffcee75f07c5a1cec292d7b485ec3222bbbcb65f7d5866fcd81b802b9d9b:week:4
2025_04_SEA_ARI,2196.0,2025,4,,,no_play,0.0,,,archive:asset:299770475:sha256:0b04ffcee75f07c5a1cec292d7b485ec3222bbbcb65f7d5866fcd81b802b9d9b:week:4
2025_04_SEA_ARI,2177.0,2025,4,ARI,SEA,pass,-0.06406719627557322,ARI,SEA,archive:asset:299770475:sha256:0b04ffcee75f07c5a1cec292d7b485ec3222bbbcb65f7d5866fcd81b802b9d9b:week:4
2025_04_SEA_ARI,2216.0,2025,4,,,,,,,archive:asset:299770475:sha256:0b04ffcee75f07c5a1cec292d7b485ec3222bbbcb65f7d5866fcd81b802b9d9b:week:4
2025_04_SEA_ARI,2236.0,2025,4,SEA,ARI,kickoff,0.48319590045139194,SEA,ARI,archive:asset:299770475:sha256:0b04ffcee75f07c5a1cec292d7b485ec3222bbbcb65f7d5866fcd81b802b9d9b:week:4
2025_04_SEA_ARI,2262.0,2025,4,SEA,ARI,pass,-0.7419763123616576,SEA,ARI,archive:asset:299770475:sha256:0b04ffcee75f07c5a1cec292d7b485ec3222bbbcb65f7d5866fcd81b802b9d9b:week:4
2025_04_SEA_ARI,2292.0,2025,4,SEA,ARI,run,1.1546955304220319,SEA,ARI,archive:asset:299770475:sha256:0b04ffcee75f07c5a1cec292d7b485ec3222bbbcb65f7d5866fcd81b802b9d9b:week:4
2025_04_SEA_ARI,2319.0,2025,4,SEA,ARI,pass,1.036463106283918,SEA,ARI,archive:asset:299770475:sha256:0b04ffcee75f07c5a1cec292d7b485ec3222bbbcb65f7d5866fcd81b802b9d9b:week:4
2025_04_SEA_ARI,2344.0,2025,4,SEA,ARI,run,-0.4803342844825238,SEA,ARI,archive:asset:299770475:sha256:0b04ffcee75f07c5a1cec292d7b485ec3222bbbcb65f7d5866fcd81b802b9d9b:week:4
2025_04_SEA_ARI,2371.0,2025,4,SEA,ARI,pass,0.1331509433221072,SEA,ARI,archive:asset:299770475:sha256:0b04ffcee75f07c5a1cec292d7b485ec3222bbbcb65f7d5866fcd81b802b9d9b:week:4
2025_04_SEA_ARI,2401.0,2025,4,SEA,ARI,run,1.1370268104365095,SEA,ARI,archive:asset:299770475:sha256:0b04ffcee75f07c5a1cec292d7b485ec3222bbbcb65f7d5866fcd81b802b9d9b:week:4
2025_04_SEA_ARI,2423.0,2025,4,SEA,ARI,pass,-1.3170048837782815,SEA,ARI,archive:asset:299770475:sha256:0b04ffcee75f07c5a1cec292d7b485ec3222bbbcb65f7d5866fcd81b802b9d9b:week:4
2025_04_SEA_ARI,2446.0,2025,4,SEA,ARI,run,-0.29891195986419916,SEA,ARI,archive:asset:299770475:sha256:0b04ffcee75f07c5a1cec292d7b485ec3222bbbcb65f7d5866fcd81b802b9d9b:week:4
2025_04_SEA_ARI,2474.0,2025,4,SEA,ARI,pass,0.1209464697714484,SEA,ARI,archive:asset:299770475:sha256:0b04ffcee75f07c5a1cec292d7b485ec3222bbbcb65f7d5866fcd81b802b9d9b:week:4
2025_04_SEA_ARI,2499.0,2025,4,SEA,ARI,field_goal,0.8420609286439085,SEA,ARI,archive:asset:299770475:sha256:0b04ffcee75f07c5a1cec292d7b485ec3222bbbcb65f7d5866fcd81b802b9d9b:week:4
2025_04_SEA_ARI,2519.0,2025,4,ARI,SEA,kickoff,0.5441217340994626,ARI,SEA,archive:asset:299770475:sha256:0b04ffcee75f07c5a1cec292d7b485ec3222bbbcb65f7d5866fcd81b802b9d9b:week:4
2025_04_SEA_ARI,2549.0,2025,4,ARI,SEA,run,-0.31936816428788006,ARI,SEA,archive:asset:299770475:sha256:0b04ffcee75f07c5a1cec292d7b485ec3222bbbcb65f7d5866fcd81b802b9d9b:week:4
2025_04_SEA_ARI,2579.0,2025,4,ARI,SEA,no_play,1.329255901509896,ARI,SEA,archive:asset:299770475:sha256:0b04ffcee75f07c5a1cec292d7b485ec3222bbbcb65f7d5866fcd81b802b9d9b:week:4
2025_04_SEA_ARI,2613.0,2025,4,ARI,SEA,run,-0.266975024016574,ARI,SEA,archive:asset:299770475:sha256:0b04ffcee75f07c5a1cec292d7b485ec3222bbbcb65f7d5866fcd81b802b9d9b:week:4
2025_04_SEA_ARI,2635.0,2025,4,ARI,SEA,no_play,-0.9602272631600499,ARI,SEA,archive:asset:299770475:sha256:0b04ffcee75f07c5a1cec292d7b485ec3222bbbcb65f7d5866fcd81b802b9d9b:week:4
2025_04_SEA_ARI,2668.0,2025,4,ARI,SEA,pass,-0.7909228601492941,ARI,SEA,archive:asset:299770475:sha256:0b04ffcee75f07c5a1cec292d7b485ec3222bbbcb65f7d5866fcd81b802b9d9b:week:4
2025_04_SEA_ARI,2693.0,2025,4,ARI,SEA,pass,-1.4030944327823818,ARI,SEA,archive:asset:299770475:sha256:0b04ffcee75f07c5a1cec292d7b485ec3222bbbcb65f7d5866fcd81b802b9d9b:week:4
2025_04_SEA_ARI,2716.0,2025,4,ARI,SEA,punt,0.14348288485780358,ARI,SEA,archive:asset:299770475:sha256:0b04ffcee75f07c5a1cec292d7b485ec3222bbbcb65f7d5866fcd81b802b9d9b:week:4
2025_04_SEA_ARI,2736.0,2025,4,SEA,ARI,run,-0.8841468011960387,SEA,ARI,archive:asset:299770475:sha256:0b04ffcee75f07c5a1cec292d7b485ec3222bbbcb65f7d5866fcd81b802b9d9b:week:4
2025_04_SEA_ARI,2765.0,2025,4,SEA,ARI,pass,-0.4534428734332323,SEA,ARI,archive:asset:299770475:sha256:0b04ffcee75f07c5a1cec292d7b485ec3222bbbcb65f7d5866fcd81b802b9d9b:week:4
2025_04_SEA_ARI,2790.0,2025,4,SEA,ARI,pass,-1.2520862352102995,SEA,ARI,archive:asset:299770475:sha256:0b04ffcee75f07c5a1cec292d7b485ec3222bbbcb65f7d5866fcd81b802b9d9b:week:4
2025_04_SEA_ARI,2813.0,2025,4,SEA,ARI,punt,0.10639977036044002,SEA,ARI,archive:asset:299770475:sha256:0b04ffcee75f07c5a1cec292d7b485ec3222bbbcb65f7d5866fcd81b802b9d9b:week:4
2025_04_SEA_ARI,2832.0,2025,4,ARI,SEA,pass,-0.15034673060290515,ARI,SEA,archive:asset:299770475:sha256:0b04ffcee75f07c5a1cec292d7b485ec3222bbbcb65f7d5866fcd81b802b9d9b:week:4
2025_04_SEA_ARI,2864.0,2025,4,ARI,SEA,pass,0.9592733185272664,ARI,SEA,archive:asset:299770475:sha256:0b04ffcee75f07c5a1cec292d7b485ec3222bbbcb65f7d5866fcd81b802b9d9b:week:4
2025_04_SEA_ARI,2894.0,2025,4,ARI,SEA,pass,1.0570639711804688,ARI,SEA,archive:asset:299770475:sha256:0b04ffcee75f07c5a1cec292d7b485ec3222bbbcb65f7d5866fcd81b802b9d9b:week:4
2025_04_SEA_ARI,2924.0,2025,4,ARI,SEA,pass,-1.6125299611594528,ARI,SEA,archive:asset:299770475:sha256:0b04ffcee75f07c5a1cec292d7b485ec3222bbbcb65f7d5866fcd81b802b9d9b:week:4
2025_04_SEA_ARI,2944.0,2025,4,ARI,SEA,pass,-0.9189581221435219,ARI,SEA,archive:asset:299770475:sha256:0b04ffcee75f07c5a1cec292d7b485ec3222bbbcb65f7d5866fcd81b802b9d9b:week:4
2025_04_SEA_ARI,2973.0,2025,4,ARI,SEA,pass,-0.976387450803507,ARI,SEA,archive:asset:299770475:sha256:0b04ffcee75f07c5a1cec292d7b485ec3222bbbcb65f7d5866fcd81b802b9d9b:week:4
2025_04_SEA_ARI,2996.0,2025,4,ARI,SEA,field_goal,2.3617587721501176,ARI,SEA,archive:asset:299770475:sha256:0b04ffcee75f07c5a1cec292d7b485ec3222bbbcb65f7d5866fcd81b802b9d9b:week:4
2025_04_SEA_ARI,3016.0,2025,4,SEA,ARI,kickoff,0.47639475110918283,SEA,ARI,archive:asset:299770475:sha256:0b04ffcee75f07c5a1cec292d7b485ec3222bbbcb65f7d5866fcd81b802b9d9b:week:4
2025_04_SEA_ARI,3039.0,2025,4,SEA,ARI,run,-0.2278381648939103,SEA,ARI,archive:asset:299770475:sha256:0b04ffcee75f07c5a1cec292d7b485ec3222bbbcb65f7d5866fcd81b802b9d9b:week:4
2025_04_SEA_ARI,3061.0,2025,4,SEA,ARI,pass,-0.8281446534674615,SEA,ARI,archive:asset:299770475:sha256:0b04ffcee75f07c5a1cec292d7b485ec3222bbbcb65f7d5866fcd81b802b9d9b:week:4
2025_04_SEA_ARI,3084.0,2025,4,SEA,ARI,pass,1.9741829759441316,SEA,ARI,archive:asset:299770475:sha256:0b04ffcee75f07c5a1cec292d7b485ec3222bbbcb65f7d5866fcd81b802b9d9b:week:4
2025_04_SEA_ARI,3114.0,2025,4,SEA,ARI,run,-1.27799073420465,SEA,ARI,archive:asset:299770475:sha256:0b04ffcee75f07c5a1cec292d7b485ec3222bbbcb65f7d5866fcd81b802b9d9b:week:4
2025_04_SEA_ARI,3136.0,2025,4,SEA,ARI,,-0.0,SEA,ARI,archive:asset:299770475:sha256:0b04ffcee75f07c5a1cec292d7b485ec3222bbbcb65f7d5866fcd81b802b9d9b:week:4
2025_04_SEA_ARI,3156.0,2025,4,SEA,ARI,pass,0.6563563561066985,SEA,ARI,archive:asset:299770475:sha256:0b04ffcee75f07c5a1cec292d7b485ec3222bbbcb65f7d5866fcd81b802b9d9b:week:4
2025_04_SEA_ARI,3186.0,2025,4,SEA,ARI,no_play,1.247649572789669,SEA,ARI,archive:asset:299770475:sha256:0b04ffcee75f07c5a1cec292d7b485ec3222bbbcb65f7d5866fcd81b802b9d9b:week:4
2025_04_SEA_ARI,3226.0,2025,4,SEA,ARI,pass,-0.5496499112341553,SEA,ARI,archive:asset:299770475:sha256:0b04ffcee75f07c5a1cec292d7b485ec3222bbbcb65f7d5866fcd81b802b9d9b:week:4
2025_04_SEA_ARI,3261.0,2025,4,SEA,ARI,pass,1.4138914642389864,SEA,ARI,archive:asset:299770475:sha256:0b04ffcee75f07c5a1cec292d7b485ec3222bbbcb65f7d5866fcd81b802b9d9b:week:4
2025_04_SEA_ARI,3291.0,2025,4,SEA,ARI,run,-0.09879926533903927,SEA,ARI,archive:asset:299770475:sha256:0b04ffcee75f07c5a1cec292d7b485ec3222bbbcb65f7d5866fcd81b802b9d9b:week:4
2025_04_SEA_ARI,3313.0,2025,4,SEA,ARI,run,1.644706669729203,SEA,ARI,archive:asset:299770475:sha256:0b04ffcee75f07c5a1cec292d7b485ec3222bbbcb65f7d5866fcd81b802b9d9b:week:4
2025_04_SEA_ARI,3340.0,2025,4,SEA,ARI,run,-0.7530412648338825,SEA,ARI,archive:asset:299770475:sha256:0b04ffcee75f07c5a1cec292d7b485ec3222bbbcb65f7d5866fcd81b802b9d9b:week:4
2025_04_SEA_ARI,3377.0,2025,4,SEA,ARI,run,0.0671614680904895,SEA,ARI,archive:asset:299770475:sha256:0b04ffcee75f07c5a1cec292d7b485ec3222bbbcb65f7d5866fcd81b802b9d9b:week:4
2025_04_SEA_ARI,3399.0,2025,4,SEA,ARI,no_play,-0.5900111143128015,SEA,ARI,archive:asset:299770475:sha256:0b04ffcee75f07c5a1cec292d7b485ec3222bbbcb65f7d5866fcd81b802b9d9b:week:4
2025_04_SEA_ARI,3423.0,2025,4,SEA,ARI,run,-1.063204360427335,SEA,ARI,archive:asset:299770475:sha256:0b04ffcee75f07c5a1cec292d7b485ec3222bbbcb65f7d5866fcd81b802b9d9b:week:4
2025_04_SEA_ARI,3448.0,2025,4,SEA,ARI,pass,-0.372258868745464,SEA,ARI,archive:asset:299770475:sha256:0b04ffcee75f07c5a1cec292d7b485ec3222bbbcb65f7d5866fcd81b802b9d9b:week:4
2025_04_SEA_ARI,3478.0,2025,4,SEA,ARI,field_goal,0.21008052296417867,SEA,ARI,archive:asset:299770475:sha256:0b04ffcee75f07c5a1cec292d7b485ec3222bbbcb65f7d5866fcd81b802b9d9b:week:4
2025_04_SEA_ARI,3498.0,2025,4,ARI,SEA,kickoff,0.06332862097769976,ARI,SEA,archive:asset:299770475:sha256:0b04ffcee75f07c5a1cec292d7b485ec3222bbbcb65f7d5866fcd81b802b9d9b:week:4
2025_04_SEA_ARI,3528.0,2025,4,ARI,SEA,pass,-0.3307374846190214,ARI,SEA,archive:asset:299770475:sha256:0b04ffcee75f07c5a1cec292d7b485ec3222bbbcb65f7d5866fcd81b802b9d9b:week:4
2025_04_SEA_ARI,3553.0,2025,4,ARI,SEA,run,2.240031836554408,ARI,SEA,archive:asset:299770475:sha256:0b04ffcee75f07c5a1cec292d7b485ec3222bbbcb65f7d5866fcd81b802b9d9b:week:4
2025_04_SEA_ARI,3580.0,2025,4,ARI,SEA,run,-0.472510400111787,ARI,SEA,archive:asset:299770475:sha256:0b04ffcee75f07c5a1cec292d7b485ec3222bbbcb65f7d5866fcd81b802b9d9b:week:4
2025_04_SEA_ARI,3602.0,2025,4,ARI,SEA,run,-0.7114245266420767,ARI,SEA,archive:asset:299770475:sha256:0b04ffcee75f07c5a1cec292d7b485ec3222bbbcb65f7d5866fcd81b802b9d9b:week:4
2025_04_SEA_ARI,3624.0,2025,4,ARI,SEA,pass,1.847644518245943,ARI,SEA,archive:asset:299770475:sha256:0b04ffcee75f07c5a1cec292d7b485ec3222bbbcb65f7d5866fcd81b802b9d9b:week:4
2025_04_SEA_ARI,3649.0,2025,4,ARI,SEA,run,0.37819828261854127,ARI,SEA,archive:asset:299770475:sha256:0b04ffcee75f07c5a1cec292d7b485ec3222bbbcb65f7d5866fcd81b802b9d9b:week:4
2025_04_SEA_ARI,3671.0,2025,4,ARI,SEA,no_play,0.7983168195351027,ARI,SEA,archive:asset:299770475:sha256:0b04ffcee75f07c5a1cec292d7b485ec3222bbbcb65f7d5866fcd81b802b9d9b:week:4
2025_04_SEA_ARI,3705.0,2025,4,ARI,SEA,pass,-1.3810496809892356,ARI,SEA,archive:asset:299770475:sha256:0b04ffcee75f07c5a1cec292d7b485ec3222bbbcb65f7d5866fcd81b802b9d9b:week:4
2025_04_SEA_ARI,3725.0,2025,4,ARI,SEA,pass,3.158309187623672,ARI,SEA,archive:asset:299770475:sha256:0b04ffcee75f07c5a1cec292d7b485ec3222bbbcb65f7d5866fcd81b802b9d9b:week:4
2025_04_SEA_ARI,3751.0,2025,4,ARI,SEA,extra_point,0.06857135097992784,ARI,SEA,archive:asset:299770475:sha256:0b04ffcee75f07c5a1cec292d7b485ec3222bbbcb65f7d5866fcd81b802b9d9b:week:4
2025_04_SEA_ARI,3766.0,2025,4,SEA,ARI,kickoff,-0.3859599633142352,SEA,ARI,archive:asset:299770475:sha256:0b04ffcee75f07c5a1cec292d7b485ec3222bbbcb65f7d5866fcd81b802b9d9b:week:4
2025_04_SEA_ARI,3796.0,2025,4,SEA,ARI,pass,-0.4954525399953127,SEA,ARI,archive:asset:299770475:sha256:0b04ffcee75f07c5a1cec292d7b485ec3222bbbcb65f7d5866fcd81b802b9d9b:week:4
2025_04_SEA_ARI,3819.0,2025,4,SEA,ARI,run,-0.2264335760846734,SEA,ARI,archive:asset:299770475:sha256:0b04ffcee75f07c5a1cec292d7b485ec3222bbbcb65f7d5866fcd81b802b9d9b:week:4
2025_04_SEA_ARI,3841.0,2025,4,SEA,ARI,pass,3.636699422786478,SEA,ARI,archive:asset:299770475:sha256:0b04ffcee75f07c5a1cec292d7b485ec3222bbbcb65f7d5866fcd81b802b9d9b:week:4
2025_04_SEA_ARI,3874.0,2025,4,SEA,ARI,run,-0.6433458694955334,SEA,ARI,archive:asset:299770475:sha256:0b04ffcee75f07c5a1cec292d7b485ec3222bbbcb65f7d5866fcd81b802b9d9b:week:4
2025_04_SEA_ARI,3896.0,2025,4,SEA,ARI,run,-0.6380290342494845,SEA,ARI,archive:asset:299770475:sha256:0b04ffcee75f07c5a1cec292d7b485ec3222bbbcb65f7d5866fcd81b802b9d9b:week:4
2025_04_SEA_ARI,3930.0,2025,4,,,no_play,-0.0,,,archive:asset:299770475:sha256:0b04ffcee75f07c5a1cec292d7b485ec3222bbbcb65f7d5866fcd81b802b9d9b:week:4
2025_04_SEA_ARI,3918.0,2025,4,SEA,ARI,run,-0.9680056552962693,SEA,ARI,archive:asset:299770475:sha256:0b04ffcee75f07c5a1cec292d7b485ec3222bbbcb65f7d5866fcd81b802b9d9b:week:4
2025_04_SEA_ARI,3947.0,2025,4,SEA,ARI,field_goal,-3.3146207043690312,SEA,ARI,archive:asset:299770475:sha256:0b04ffcee75f07c5a1cec292d7b485ec3222bbbcb65f7d5866fcd81b802b9d9b:week:4
2025_04_SEA_ARI,3968.0,2025,4,ARI,SEA,pass,0.2440889752469957,ARI,SEA,archive:asset:299770475:sha256:0b04ffcee75f07c5a1cec292d7b485ec3222bbbcb65f7d5866fcd81b802b9d9b:week:4
2025_04_SEA_ARI,4001.0,2025,4,ARI,SEA,pass,-0.6560727912001312,ARI,SEA,archive:asset:299770475:sha256:0b04ffcee75f07c5a1cec292d7b485ec3222bbbcb65f7d5866fcd81b802b9d9b:week:4
2025_04_SEA_ARI,4036.0,2025,4,ARI,SEA,pass,-1.5195304406806827,ARI,SEA,archive:asset:299770475:sha256:0b04ffcee75f07c5a1cec292d7b485ec3222bbbcb65f7d5866fcd81b802b9d9b:week:4
2025_04_SEA_ARI,4071.0,2025,4,,,no_play,0.0,,,archive:asset:299770475:sha256:0b04ffcee75f07c5a1cec292d7b485ec3222bbbcb65f7d5866fcd81b802b9d9b:week:4
2025_04_SEA_ARI,4059.0,2025,4,ARI,SEA,pass,2.671655143785756,ARI,SEA,archive:asset:299770475:sha256:0b04ffcee75f07c5a1cec292d7b485ec3222bbbcb65f7d5866fcd81b802b9d9b:week:4
2025_04_SEA_ARI,4101.0,2025,4,ARI,SEA,run,0.49980172084178776,ARI,SEA,archive:asset:299770475:sha256:0b04ffcee75f07c5a1cec292d7b485ec3222bbbcb65f7d5866fcd81b802b9d9b:week:4
2025_04_SEA_ARI,4123.0,2025,4,ARI,SEA,pass,-1.3782595588709228,ARI,SEA,archive:asset:299770475:sha256:0b04ffcee75f07c5a1cec292d7b485ec3222bbbcb65f7d5866fcd81b802b9d9b:week:4
2025_04_SEA_ARI,4143.0,2025,4,ARI,SEA,pass,1.882166899915319,ARI,SEA,archive:asset:299770475:sha256:0b04ffcee75f07c5a1cec292d7b485ec3222bbbcb65f7d5866fcd81b802b9d9b:week:4
2025_04_SEA_ARI,4175.0,2025,4,ARI,SEA,pass,0.15489196998532861,ARI,SEA,archive:asset:299770475:sha256:0b04ffcee75f07c5a1cec292d7b485ec3222bbbcb65f7d5866fcd81b802b9d9b:week:4
2025_04_SEA_ARI,4205.0,2025,4,ARI,SEA,pass,-0.4643601293792017,ARI,SEA,archive:asset:299770475:sha256:0b04ffcee75f07c5a1cec292d7b485ec3222bbbcb65f7d5866fcd81b802b9d9b:week:4
2025_04_SEA_ARI,4240.0,2025,4,,,no_play,0.0,,,archive:asset:299770475:sha256:0b04ffcee75f07c5a1cec292d7b485ec3222bbbcb65f7d5866fcd81b802b9d9b:week:4
2025_04_SEA_ARI,4228.0,2025,4,ARI,SEA,pass,1.8377881461346988,ARI,SEA,archive:asset:299770475:sha256:0b04ffcee75f07c5a1cec292d7b485ec3222bbbcb65f7d5866fcd81b802b9d9b:week:4
2025_04_SEA_ARI,4260.0,2025,4,ARI,SEA,run,-0.6926610503578559,ARI,SEA,archive:asset:299770475:sha256:0b04ffcee75f07c5a1cec292d7b485ec3222bbbcb65f7d5866fcd81b802b9d9b:week:4
2025_04_SEA_ARI,4294.0,2025,4,,,no_play,0.0,,,archive:asset:299770475:sha256:0b04ffcee75f07c5a1cec292d7b485ec3222bbbcb65f7d5866fcd81b802b9d9b:week:4
2025_04_SEA_ARI,4282.0,2025,4,ARI,SEA,pass,2.440178593242308,ARI,SEA,archive:asset:299770475:sha256:0b04ffcee75f07c5a1cec292d7b485ec3222bbbcb65f7d5866fcd81b802b9d9b:week:4
2025_04_SEA_ARI,4315.0,2025,4,ARI,SEA,extra_point,0.06857135097992784,ARI,SEA,archive:asset:299770475:sha256:0b04ffcee75f07c5a1cec292d7b485ec3222bbbcb65f7d5866fcd81b802b9d9b:week:4
2025_04_SEA_ARI,4330.0,2025,4,SEA,ARI,kickoff,0.6210384161677212,SEA,ARI,archive:asset:299770475:sha256:0b04ffcee75f07c5a1cec292d7b485ec3222bbbcb65f7d5866fcd81b802b9d9b:week:4
2025_04_SEA_ARI,4359.0,2025,4,SEA,ARI,pass,-0.2374486902845092,SEA,ARI,archive:asset:299770475:sha256:0b04ffcee75f07c5a1cec292d7b485ec3222bbbcb65f7d5866fcd81b802b9d9b:week:4
2025_04_SEA_ARI,4394.0,2025,4,SEA,ARI,pass,1.059470153937582,SEA,ARI,archive:asset:299770475:sha256:0b04ffcee75f07c5a1cec292d7b485ec3222bbbcb65f7d5866fcd81b802b9d9b:week:4
2025_04_SEA_ARI,4473.0,2025,4,,,no_play,-0.0,,,archive:asset:299770475:sha256:0b04ffcee75f07c5a1cec292d7b485ec3222bbbcb65f7d5866fcd81b802b9d9b:week:4
2025_04_SEA_ARI,4419.0,2025,4,SEA,ARI,run,0.28055894495454314,SEA,ARI,archive:asset:299770475:sha256:0b04ffcee75f07c5a1cec292d7b485ec3222bbbcb65f7d5866fcd81b802b9d9b:week:4
2025_04_SEA_ARI,4502.0,2025,4,,,no_play,-0.0,,,archive:asset:299770475:sha256:0b04ffcee75f07c5a1cec292d7b485ec3222bbbcb65f7d5866fcd81b802b9d9b:week:4
2025_04_SEA_ARI,4490.0,2025,4,SEA,ARI,field_goal,0.9276419649412793,SEA,ARI,archive:asset:299770475:sha256:0b04ffcee75f07c5a1cec292d7b485ec3222bbbcb65f7d5866fcd81b802b9d9b:week:4
2025_04_SEA_ARI,4517.0,2025,4,ARI,SEA,,,ARI,SEA,archive:asset:299770475:sha256:0b04ffcee75f07c5a1cec292d7b485ec3222bbbcb65f7d5866fcd81b802b9d9b:week:4
2025_04_TEN_HOU,1.0,2025,4,,,,-0.0,,,archive:asset:299770475:sha256:0b04ffcee75f07c5a1cec292d7b485ec3222bbbcb65f7d5866fcd81b802b9d9b:week:4
2025_04_TEN_HOU,41.0,2025,4,TEN,HOU,kickoff,0.10762684233486652,TEN,HOU,archive:asset:299770475:sha256:0b04ffcee75f07c5a1cec292d7b485ec3222bbbcb65f7d5866fcd81b802b9d9b:week:4
2025_04_TEN_HOU,69.0,2025,4,TEN,HOU,run,-0.23939927807077765,TEN,HOU,archive:asset:299770475:sha256:0b04ffcee75f07c5a1cec292d7b485ec3222bbbcb65f7d5866fcd81b802b9d9b:week:4
2025_04_TEN_HOU,91.0,2025,4,TEN,HOU,pass,1.0595392053946853,TEN,HOU,archive:asset:299770475:sha256:0b04ffcee75f07c5a1cec292d7b485ec3222bbbcb65f7d5866fcd81b802b9d9b:week:4
2025_04_TEN_HOU,116.0,2025,4,TEN,HOU,pass,2.4062328186118975,TEN,HOU,archive:asset:299770475:sha256:0b04ffcee75f07c5a1cec292d7b485ec3222bbbcb65f7d5866fcd81b802b9d9b:week:4
2025_04_TEN_HOU,141.0,2025,4,TEN,HOU,pass,-0.43326686264481395,TEN,HOU,archive:asset:299770475:sha256:0b04ffcee75f07c5a1cec292d7b485ec3222bbbcb65f7d5866fcd81b802b9d9b:week:4
2025_04_TEN_HOU,174.0,2025,4,TEN,HOU,run,-0.00722726562526077,TEN,HOU,archive:asset:299770475:sha256:0b04ffcee75f07c5a1cec292d7b485ec3222bbbcb65f7d5866fcd81b802b9d9b:week:4
2025_04_TEN_HOU,196.0,2025,4,TEN,HOU,pass,-1.468214523187152,TEN,HOU,archive:asset:299770475:sha256:0b04ffcee75f07c5a1cec292d7b485ec3222bbbcb65f7d5866fcd81b802b9d9b:week:4
2025_04_TEN_HOU,219.0,2025,4,TEN,HOU,field_goal,-4.241660965350212,TEN,HOU,archive:asset:299770475:sha256:0b04ffcee75f07c5a1cec292d7b485ec3222bbbcb65f7d5866fcd81b802b9d9b:week:4
2025_04_TEN_HOU,240.0,2025,4,HOU,TEN,run,0.32273170771077275,HOU,TEN,archive:asset:299770475:sha256:0b04ffcee75f07c5a1cec292d7b485ec3222bbbcb65f7d5866fcd81b802b9d9b:week:4
2025_04_TEN_HOU,269.0,2025,4,HOU,TEN,run,-0.1473797680810094,HOU,TEN,archive:asset:299770475:sha256:0b04ffcee75f07c5a1cec292d7b485ec3222bbbcb65f7d5866fcd81b802b9d9b:week:4
2025_04_TEN_HOU,293.0,2025,4,HOU,TEN,run,-1.8161323452368379,HOU,TEN,archive:asset:299770475:sha256:0b04ffcee75f07c5a1cec292d7b485ec3222bbbcb65f7d5866fcd81b802b9d9b:week:4
2025_04_TEN_HOU,315.0,2025,4,HOU,TEN,run,2.27754944213666,HOU,TEN,archive:asset:299770475:sha256:0b04ffcee75f07c5a1cec292d7b485ec3222bbbcb65f7d5866fcd81b802b9d9b:week:4
2025_04_TEN_HOU,341.0,2025,4,HOU,TEN,pass,0.8141036781016737,HOU,TEN,archive:asset:299770475:sha256:0b04ffcee75f07c5a1cec292d7b485ec3222bbbcb65f7d5866fcd81b802b9d9b:week:4
2025_04_TEN_HOU,366.0,2025,4,HOU,TEN,pass,0.019021538319066167,HOU,TEN,archive:asset:299770475:sha256:0b04ffcee75f07c5a1cec292d7b485ec3222bbbcb65f7d5866fcd81b802b9d9b:week:4
2025_04_TEN_HOU,396.0,2025,4,HOU,TEN,run,-0.14981728442944586,HOU,TEN,archive:asset:299770475:sha256:0b04ffcee75f07c5a1cec292d7b485ec3222bbbcb65f7d5866fcd81b802b9d9b:week:4
2025_04_TEN_HOU,423.0,2025,4,HOU,TEN,no_play,0.7516757168341428,HOU,TEN,archive:asset:299770475:sha256:0b04ffcee75f07c5a1cec292d7b485ec3222bbbcb65f7d5866fcd81b802b9d9b:week:4
2025_04_TEN_HOU,459.0,2025,4,HOU,TEN,run,-0.1402037696680054,HOU,TEN,archive:asset:299770475:sha256:0b04ffcee75f07c5a1cec292d7b485ec3222bbbcb65f7d5866fcd81b802b9d9b:week:4
2025_04_TEN_HOU,481.0,2025,4,HOU,TEN,pass,-1.144740759045817,HOU,TEN,archive:asset:299770475:sha256:0b04ffcee75f07c5a1cec292d7b485ec3222bbbcb65f7d5866fcd81b802b9d9b:week:4
2025_04_TEN_HOU,501.0,2025,4,HOU,TEN,pass,-0.871205360437894,HOU,TEN,archive:asset:299770475:sha256:0b04ffcee75f07c5a1cec292d7b485ec3222bbbcb65f7d5866fcd81b802b9d9b:week:4
2025_04_TEN_HOU,526.0,2025,4,HOU,TEN,field_goal,1.1987149264152737,HOU,TEN,archive:asset:299770475:sha256:0b04ffcee75f07c5a1cec292d7b485ec3222bbbcb65f7d5866fcd81b802b9d9b:week:4
2025_04_TEN_HOU,551.0,2025,4,TEN,HOU,kickoff,0.5010698148980737,TEN,HOU,archive:asset:299770475:sha256:0b04ffcee75f07c5a1cec292d7b485ec3222bbbcb65f7d5866fcd81b802b9d9b:week:4
2025_04_TEN_HOU,581.0,2025,4,TEN,HOU,pass,-0.7715031821280718,TEN,HOU,archive:asset:299770475:sha256:0b04ffcee75f07c5a1cec292d7b485ec3222bbbcb65f7d5866fcd81b802b9d9b:week:4
2025_04_TEN_HOU,606.0,2025,4,TEN,HOU,run,-0.32508599665015936,TEN,HOU,archive:asset:299770475:sha256:0b04ffcee75f07c5a1cec292d7b485ec3222bbbcb65f7d5866fcd81b802b9d9b:week:4
2025_04_TEN_HOU,628.0,2025,4,TEN,HOU,pass,-1.4185857060365379,TEN,HOU,archive:asset:299770475:sha256:0b04ffcee75f07c5a1cec292d7b485ec3222bbbcb65f7d5866fcd81b802b9d9b:week:4
2025_04_TEN_HOU,651.0,2025,4,TEN,HOU,punt,0.20765252877026796,TEN,HOU,archive:asset:299770475:sha256:0b04ffcee75f07c5a1cec292d7b485ec3222bbbcb65f7d5866fcd81b802b9d9b:week:4
2025_04_TEN_HOU,671.0,2025,4,HOU,TEN,pass,1.4868991668336093,HOU,TEN,archive:asset:299770475:sha256:0b04ffcee75f07c5a1cec292d7b485ec3222bbbcb65f7d5866fcd81b802b9d9b:week:4
2025_04_TEN_HOU,708.0,2025,4,HOU,TEN,run,-0.5444221794605255,HOU,TEN,archive:asset:299770475:sha256:0b04ffcee75f07c5a1cec292d7b485ec3222bbbcb65f7d5866fcd81b802b9d9b:week:4
2025_04_TEN_HOU,730.0,2025,4,HOU,TEN,pass,0.6606590333394706,HOU,TEN,archive:asset:299770475:sha256:0b04ffcee75f07c5a1cec292d7b485ec3222bbbcb65f7d5866fcd81b802b9d9b:week:4
2025_04_TEN_HOU,755.0,2025,4,HOU,TEN,run,0.5810081071686,HOU,TEN,archive:asset:299770475:sha256:0b04ffcee75f07c5a1cec292d7b485ec3222bbbcb65f7d5866fcd81b802b9d9b:week:4
2025_04_TEN_HOU,777.0,2025,4,HOU,TEN,pass,-0.5131388909649104,HOU,TEN,archive:asset:299770475:sha256:0b04ffcee75f07c5a1cec292d7b485ec3222bbbcb65f7d5866fcd81b802b9d9b:week:4
2025_04_TEN_HOU,800.0,2025,4,HOU,TEN,run,-0.1693417327478528,HOU,TEN,archive:asset:299770475:sha256:0b04ffcee75f07c5a1cec292d7b485ec3222bbbcb65f7d5866fcd81b802b9d9b:week:4
2025_04_TEN_HOU,822.0,2025,4,HOU,TEN,run,2.0059427499072626,HOU,TEN,archive:asset:299770475:sha256:0b04ffcee75f07c5a1cec292d7b485ec3222bbbcb65f7d5866fcd81b802b9d9b:week:4
2025_04_TEN_HOU,844.0,2025,4,HOU,TEN,,0.0,HOU,TEN,archive:asset:299770475:sha256:0b04ffcee75f07c5a1cec292d7b485ec3222bbbcb65f7d5866fcd81b802b9d9b:week:4
2025_04_TEN_HOU,864.0,2025,4,HOU,TEN,run,-0.4278316260315478,HOU,TEN,archive:asset:299770475:sha256:0b04ffcee75f07c5a1cec292d7b485ec3222bbbcb65f7d5866fcd81b802b9d9b:week:4
2025_04_TEN_HOU,886.0,2025,4,HOU,TEN,pass,-0.6350193818798289,HOU,TEN,archive:asset:299770475:sha256:0b04ffcee75f07c5a1cec292d7b485ec3222bbbcb65f7d5866fcd81b802b9d9b:week:4
2025_04_TEN_HOU,909.0,2025,4,HOU,TEN,pass,-1.0638189114039118,HOU,TEN,archive:asset:299770475:sha256:0b04ffcee75f07c5a1cec292d7b485ec3222bbbcb65f7d5866fcd81b802b9d9b:week:4
2025_04_TEN_HOU,934.0,2025,4,HOU,TEN,field_goal,0.8415073986039783,HOU,TEN,archive:asset:299770475:sha256:0b04ffcee75f07c5a1cec292d7b485ec3222bbbcb65f7d5866fcd81b802b9d9b:week:4
2025_04_TEN_HOU,956.0,2025,4,TEN,HOU,kickoff,-0.34724712278693914,TEN,HOU,archive:asset:299770475:sha256:0b04ffcee75f07c5a1cec292d7b485ec3222bbbcb65f7d5866fcd81b802b9d9b:week:4
2025_04_TEN_HOU,986.0,2025,4,TEN,HOU,run,0.010828211437910795,TEN,HOU,archive:asset:299770475:sha256:0b04ffcee75f07c5a1cec292d7b485ec3222bbbcb65f7d5866fcd81b802b9d9b:week:4
2025_04_TEN_HOU,1008.0,2025,4,TEN,HOU,run,1.7134343332145363,TEN,HOU,archive:asset:299770475:sha256:0b04ffcee75f07c5a1cec292d7b485ec3222bbbcb65f7d5866fcd81b802b9d9b:week:4
2025_04_TEN_HOU,1030.0,2025,4,TEN,HOU,run,-1.0107965923380107,TEN,HOU,archive:asset:299770475:sha256:0b04ffcee75f07c5a1cec292d7b485ec3222bbbcb65f7d5866fcd81b802b9d9b:week:4
2025_04_TEN_HOU,1057.0,2025,4,TEN,HOU,pass,-0.9371552099473774,TEN,HOU,archive:asset:299770475:sha256:0b04ffcee75f07c5a1cec292d7b485ec3222bbbcb65f7d5866fcd81b802b9d9b:week:4
2025_04_TEN_HOU,1080.0,2025,4,TEN,HOU,pass,-1.3735978552140296,TEN,HOU,archive:asset:299770475:sha256:0b04ffcee75f07c5a1cec292d7b485ec3222bbbcb65f7d5866fcd81b802b9d9b:week:4
2025_04_TEN_HOU,1100.0,2025,4,TEN,HOU,punt,-1.4179786699824035,TEN,HOU,archive:asset:299770475:sha256:0b04ffcee75f07c5a1cec292d7b485ec3222bbbcb65f7d5866fcd81b802b9d9b:week:4
2025_04_TEN_HOU,1126.0,2025,4,HOU,TEN,pass,-0.4878315881360322,HOU,TEN,archive:asset:299770475:sha256:0b04ffcee75f07c5a1cec292d7b485ec3222bbbcb65f7d5866fcd81b802b9d9b:week:4
2025_04_TEN_HOU,1156.0,2025,4,HOU,TEN,run,-0.7882912473287433,HOU,TEN,archive:asset:299770475:sha256:0b04ffcee75f07c5a1cec292d7b485ec3222bbbcb65f7d5866fcd81b802b9d9b:week:4
2025_04_TEN_HOU,1178.0,2025,4,HOU,TEN,pass,-0.8918710425496101,HOU,TEN,archive:asset:299770475:sha256:0b04ffcee75f07c5a1cec292d7b485ec3222bbbcb65f7d5866fcd81b802b9d9b:week:4
2025_04_TEN_HOU,1203.0,2025,4,HOU,TEN,punt,-0.2540109029505402,HOU,TEN,archive:asset:299770475:sha256:0b04ffcee75f07c5a1cec292d7b485ec3222bbbcb65f7d5866fcd81b802b9d9b:week:4
2025_04_TEN_HOU,1222.0,2025,4,TEN,HOU,run,-0.16305000963620842,TEN,HOU,archive:asset:299770475:sha256:0b04ffcee75f07c5a1cec292d7b485ec3222bbbcb65f7d5866fcd81b802b9d9b:week:4
2025_04_TEN_HOU,1251.0,2025,4,TEN,HOU,pass,-0.6649497742764652,TEN,HOU,archive:asset:299770475:sha256:0b04ffcee75f07c5a1cec292d7b485ec3222bbbcb65f7d5866fcd81b802b9d9b:week:4
2025_04_TEN_HOU,1274.0,2025,4,TEN,HOU,pass,-1.2551772757433355,TEN,HOU,archive:asset:299770475:sha256:0b04ffcee75f07c5a1cec292d7b485ec3222bbbcb65f7d5866fcd81b802b9d9b:week:4
2025_04_TEN_HOU,1308.0,2025,4,TEN,HOU,punt,-0.23980364575982094,TEN,HOU,archive:asset:299770475:sha256:0b04ffcee75f07c5a1cec292d7b485ec3222bbbcb65f7d5866fcd81b802b9d9b:week:4
2025_04_TEN_HOU,1334.0,2025,4,HOU,TEN,run,-0.24821900157257915,HOU,TEN,archive:asset:299770475:sha256:0b04ffcee75f07c5a1cec292d7b485ec3222bbbcb65f7d5866fcd81b802b9d9b:week:4
2025_04_TEN_HOU,1363.0,2025,4,HOU,TEN,no_play,-1.1530968695878983,HOU,TEN,archive:asset:299770475:sha256:0b04ffcee75f07c5a1cec292d7b485ec3222bbbcb65f7d5866fcd81b802b9d9b:week:4
2025_04_TEN_HOU,1397.0,2025,4,HOU,TEN,pass,-0.04503914900124073,HOU,TEN,archive:asset:299770475:sha256:0b04ffcee75f07c5a1cec292d7b485ec3222bbbcb65f7d5866fcd81b802b9d9b:week:4
2025_04_TEN_HOU,1422.0,2025,4,HOU,TEN,pass,-0.30058770533651114,HOU,TEN,archive:asset:299770475:sha256:0b04ffcee75f07c5a1cec292d7b485ec3222bbbcb65f7d5866fcd81b802b9d9b:week:4
2025_04_TEN_HOU,1447.0,2025,4,HOU,TEN,run,2.187516227713786,HOU,TEN,archive:asset:299770475:sha256:0b04ffcee75f07c5a1cec292d7b485ec3222bbbcb65f7d5866fcd81b802b9d9b:week:4
2025_04_TEN_HOU,1471.0,2025,4,HOU,TEN,run,-0.5467916346387938,HOU,TEN,archive:asset:299770475:sha256:0b04ffcee75f07c5a1cec292d7b485ec3222bbbcb65f7d5866fcd81b802b9d9b:week:4
2025_04_TEN_HOU,1493.0,2025,4,HOU,TEN,pass,1.055945213593077,HOU,TEN,archive:asset:299770475:sha256:0b04ffcee75f07c5a1cec292d7b485ec3222bbbcb65f7d5866fcd81b802b9d9b:week:4
2025_04_TEN_HOU,1530.0,2025,4,,,no_play,0.0,,,archive:asset:299770475:sha256:0b04ffcee75f07c5a1cec292d7b485ec3222bbbcb65f7d5866fcd81b802b9d9b:week:4
2025_04_TEN_HOU,1518.0,2025,4,HOU,TEN,run,-0.7080708751454949,HOU,TEN,archive:asset:299770475:sha256:0b04ffcee75f07c5a1cec292d7b485ec3222bbbcb65f7d5866fcd81b802b9d9b:week:4
2025_04_TEN_HOU,1547.0,2025,4,HOU,TEN,pass,-1.0476499443757348,HOU,TEN,archive:asset:299770475:sha256:0b04ffcee75f07c5a1cec292d7b485ec3222bbbcb65f7d5866fcd81b802b9d9b:week:4
2025_04_TEN_HOU,1567.0,2025,4,HOU,TEN,pass,-1.4007484164321795,HOU,TEN,archive:asset:299770475:sha256:0b04ffcee75f07c5a1cec292d7b485ec3222bbbcb65f7d5866fcd81b802b9d9b:week:4
2025_04_TEN_HOU,1648.0,2025,4,HOU,TEN,punt,-0.7263040356338024,HOU,TEN,archive:asset:299770475:sha256:0b04ffcee75f07c5a1cec292d7b485ec3222bbbcb65f7d5866fcd81b802b9d9b:week:4
2025_04_TEN_HOU,1667.0,2025,4,TEN,HOU,run,0.1919875378953293,TEN,HOU,archive:asset:299770475:sha256:0b04ffcee75f07c5a1cec292d7b485ec3222bbbcb65f7d5866fcd81b802b9d9b:week:4
2025_04_TEN_HOU,1689.0,2025,4,TEN,HOU,pass,0.17283030122052878,TEN,HOU,archive:asset:299770475:sha256:0b04ffcee75f07c5a1cec292d7b485ec3222bbbcb65f7d5866fcd81b802b9d9b:week:4
2025_04_TEN_HOU,1714.0,2025,4,TEN,HOU,pass,-0.040831574297044426,TEN,HOU,archive:asset:299770475:sha256:0b04ffcee75f07c5a1cec292d7b485ec3222bbbcb65f7d5866fcd81b802b9d9b:week:4
2025_04_TEN_HOU,1751.0,2025,4,,,no_play,-0.0,,,archive:asset:299770475:sha256:0b04ffcee75f07c5a1cec292d7b485ec3222bbbcb65f7d5866fcd81b802b9d9b:week:4
2025_04_TEN_HOU,1739.0,2025,4,TEN,HOU,pass,-0.4628895265632309,TEN,HOU,archive:asset:299770475:sha256:0b04ffcee75f07c5a1cec292d7b485ec3222bbbcb65f7d5866fcd81b802b9d9b:week:4
2025_04_TEN_HOU,1769.0,2025,4,TEN,HOU,pass,2.011242670356296,TEN,HOU,archive:asset:299770475:sha256:0b04ffcee75f07c5a1cec292d7b485ec3222bbbcb65f7d5866fcd81b802b9d9b:week:4
2025_04_TEN_HOU,1806.0,2025,4,,,no_play,-0.0,,,archive:asset:299770475:sha256:0b04ffcee75f07c5a1cec292d7b485ec3222bbbcb65f7d5866fcd81b802b9d9b:week:4
2025_04_TEN_HOU,1794.0,2025,4,TEN,HOU,pass,-0.2151519944309257,TEN,HOU,archive:asset:299770475:sha256:0b04ffcee75f07c5a1cec292d7b485ec3222bbbcb65f7d5866fcd81b802b9d9b:week:4
2025_04_TEN_HOU,1824.0,2025,4,TEN,HOU,pass,0.5514950983924791,TEN,HOU,archive:asset:299770475:sha256:0b04ffcee75f07c5a1cec292d7b485ec3222bbbcb65f7d5866fcd81b802b9d9b:week:4
2025_04_TEN_HOU,1849.0,2025,4,TEN,HOU,qb_spike,-0.15199846954783425,TEN,HOU,archive:asset:299770475:sha256:0b04ffcee75f07c5a1cec292d7b485ec3222bbbcb65f7d5866fcd81b802b9d9b:week:4
2025_04_TEN_HOU,1881.0,2025,4,TEN,HOU,pass,-0.22551297524478287,TEN,HOU,archive:asset:299770475:sha256:0b04ffcee75f07c5a1cec292d7b485ec3222bbbcb65f7d5866fcd81b802b9d9b:week:4
2025_04_TEN_HOU,1904.0,2025,4,TEN,HOU,run,-0.09652569299289127,TEN,HOU,archive:asset:299770475:sha256:0b04ffcee75f07c5a1cec292d7b485ec3222bbbcb65f7d5866fcd81b802b9d9b:week:4
2025_04_TEN_HOU,1938.0,2025,4,,,no_play,-0.0,,,archive:asset:299770475:sha256:0b04ffcee75f07c5a1cec292d7b485ec3222bbbcb65f7d5866fcd81b802b9d9b:week:4
2025_04_TEN_HOU,1926.0,2025,4,TEN,HOU,field_goal,-2.518185399559279,TEN,HOU,archive:asset:299770475:sha256:0b04ffcee75f07c5a1cec292d7b485ec3222bbbcb65f7d5866fcd81b802b9d9b:week:4
2025_04_TEN_HOU,1954.0,2025,4,,,,,,,archive:asset:299770475:sha256:0b04ffcee75f07c5a1cec292d7b485ec3222bbbcb65f7d5866fcd81b802b9d9b:week:4
2025_04_TEN_HOU,1974.0,2025,4,HOU,TEN,kickoff,0.3418444041162729,HOU,TEN,archive:asset:299770475:sha256:0b04ffcee75f07c5a1cec292d7b485ec3222bbbcb65f7d5866fcd81b802b9d9b:week:4
2025_04_TEN_HOU,1997.0,2025,4,HOU,TEN,run,0.6651227043475956,HOU,TEN,archive:asset:299770475:sha256:0b04ffcee75f07c5a1cec292d7b485ec3222bbbcb65f7d5866fcd81b802b9d9b:week:4
2025_04_TEN_HOU,2019.0,2025,4,HOU,TEN,run,-0.33632107148878276,HOU,TEN,archive:asset:299770475:sha256:0b04ffcee75f07c5a1cec292d7b485ec3222bbbcb65f7d5866fcd81b802b9d9b:week:4
2025_04_TEN_HOU,2041.0,2025,4,HOU,TEN,pass,0.5379673927091062,HOU,TEN,archive:asset:299770475:sha256:0b04ffcee75f07c5a1cec292d7b485ec3222bbbcb65f7d5866fcd81b802b9d9b:week:4
2025_04_TEN_HOU,2071.0,2025,4,HOU,TEN,run,0.5845563947223127,HOU,TEN,archive:asset:299770475:sha256:0b04ffcee75f07c5a1cec292d7b485ec3222bbbcb65f7d5866fcd81b802b9d9b:week:4
2025_04_TEN_HOU,2093.0,2025,4,HOU,TEN,run,0.4402258323971182,HOU,TEN,archive:asset:299770475:sha256:0b04ffcee75f07c5a1cec292d7b485ec3222bbbcb65f7d5866fcd81b802b9d9b:week:4
2025_04_TEN_HOU,2115.0,2025,4,HOU,TEN,run,-0.2917910134419799,HOU,TEN,archive:asset:299770475:sha256:0b04ffcee75f07c5a1cec292d7b485ec3222bbbcb65f7d5866fcd81b802b9d9b:week:4
2025_04_TEN_HOU,2137.0,2025,4,HOU,TEN,run,-2.506341445042442,HOU,TEN,archive:asset:299770475:sha256:0b04ffcee75f07c5a1cec292d7b485ec3222bbbcb65f7d5866fcd81b802b9d9b:week:4
2025_04_TEN_HOU,2164.0,2025,4,HOU,TEN,field_goal,-3.212848760404934,HOU,TEN,archive:asset:299770475:sha256:0b04ffcee75f07c5a1cec292d7b485ec3222bbbcb65f7d5866fcd81b802b9d9b:week:4
2025_04_TEN_HOU,2185.0,2025,4,TEN,HOU,run,-0.38854458928108215,TEN,HOU,archive:asset:299770475:sha256:0b04ffcee75f07c5a1cec292d7b485ec3222bbbcb65f7d5866fcd81b802b9d9b:week:4
2025_04_TEN_HOU,2214.0,2025,4,TEN,HOU,run,1.1734473204705864,TEN,HOU,archive:asset:299770475:sha256:0b04ffcee75f07c5a1cec292d7b485ec3222bbbcb65f7d5866fcd81b802b9d9b:week:4
2025_04_TEN_HOU,2236.0,2025,4,TEN,HOU,run,-0.8402190306223929,TEN,HOU,archive:asset:299770475:sha256:0b04ffcee75f07c5a1cec292d7b485ec3222bbbcb65f7d5866fcd81b802b9d9b:week:4
2025_04_TEN_HOU,2258.0,2025,4,TEN,HOU,pass,-0.9695980830583721,TEN,HOU,archive:asset:299770475:sha256:0b04ffcee75f07c5a1cec292d7b485ec3222bbbcb65f7d5866fcd81b802b9d9b:week:4
2025_04_TEN_HOU,2281.0,2025,4,TEN,HOU,run,-1.5324176312424242,TEN,HOU,archive:asset:299770475:sha256:0b04ffcee75f07c5a1cec292d7b485ec3222bbbcb65f7d5866fcd81b802b9d9b:week:4
2025_04_TEN_HOU,2303.0,2025,4,TEN,HOU,punt,-0.5946870723273605,TEN,HOU,archive:asset:299770475:sha256:0b04ffcee75f07c5a1cec292d7b485ec3222bbbcb65f7d5866fcd81b802b9d9b:week:4
2025_04_TEN_HOU,2323.0,2025,4,HOU,TEN,pass,-0.4757094597443938,HOU,TEN,archive:asset:299770475:sha256:0b04ffcee75f07c5a1cec292d7b485ec3222bbbcb65f7d5866fcd81b802b9d9b:week:4
2025_04_TEN_HOU,2355.0,2025,4,HOU,TEN,run,1.3314101956784725,HOU,TEN,archive:asset:299770475:sha256:0b04ffcee75f07c5a1cec292d7b485ec3222bbbcb65f7d5866fcd81b802b9d9b:week:4
2025_04_TEN_HOU,2377.0,2025,4,HOU,TEN,pass,0.7583253965713084,HOU,TEN,archive:asset:299770475:sha256:0b04ffcee75f07c5a1cec292d7b485ec3222bbbcb65f7d5866fcd81b802b9d9b:week:4
2025_04_TEN_HOU,2406.0,2025,4,HOU,TEN,run,-0.1279906954150647,HOU,TEN,archive:asset:299770475:sha256:0b04ffcee75f07c5a1cec292d7b485ec3222bbbcb65f7d5866fcd81b802b9d9b:week:4
2025_04_TEN_HOU,2428.0,2025,4,HOU,TEN,no_play,-0.8435519246850163,HOU,TEN,archive:asset:299770475:sha256:0b04ffcee75f07c5a1cec292d7b485ec3222bbbcb65f7d5866fcd81b802b9d9b:week:4
2025_04_TEN_HOU,2471.0,2025,4,HOU,TEN,no_play,-1.0886191534809768,HOU,TEN,archive:asset:299770475:sha256:0b04ffcee75f07c5a1cec292d7b485ec3222bbbcb65f7d5866fcd81b802b9d9b:week:4
2025_04_TEN_HOU,2507.0,2025,4,HOU,TEN,run,-0.7914833384566009,HOU,TEN,archive:asset:299770475:sha256:0b04ffcee75f07c5a1cec292d7b485ec3222bbbcb65f7d5866fcd81b802b9d9b:week:4
2025_04_TEN_HOU,2529.0,2025,4,HOU,TEN,pass,3.562506910180673,HOU,TEN,archive:asset:299770475:sha256:0b04ffcee75f07c5a1cec292d7b485ec3222bbbcb65f7d5866fcd81b802b9d9b:week:4
2025_04_TEN_HOU,2559.0,2025,4,HOU,TEN,run,-0.6041577449068427,HOU,TEN,archive:asset:299770475:sha256:0b04ffcee75f07c5a1cec292d7b485ec3222bbbcb65f7d5866fcd81b802b9d9b:week:4
2025_04_TEN_HOU,2593.0,2025,4,,,no_play,0.0,,,archive:asset:299770475:sha256:0b04ffcee75f07c5a1cec292d7b485ec3222bbbcb65f7d5866fcd81b802b9d9b:week:4
2025_04_TEN_HOU,2581.0,2025,4,HOU,TEN,pass,0.6413142362143844,HOU,TEN,archive:asset:299770475:sha256:0b04ffcee75f07c5a1cec292d7b485ec3222bbbcb65f7d5866fcd81b802b9d9b:week:4
2025_04_TEN_HOU,2613.0,2025,4,HOU,TEN,pass,-1.1782107015606016,HOU,TEN,archive:asset:299770475:sha256:0b04ffcee75f07c5a1cec292d7b485ec3222bbbcb65f7d5866fcd81b802b9d9b:week:4
2025_04_TEN_HOU,2648.0,2025,4,HOU,TEN,run,1.683079169713892,HOU,TEN,archive:asset:299770475:sha256:0b04ffcee75f07c5a1cec292d7b485ec3222bbbcb65f7d5866fcd81b802b9d9b:week:4
2025_04_TEN_HOU,2670.0,2025,4,HOU,TEN,pass,0.14230249368119985,HOU,TEN,archive:asset:299770475:sha256:0b04ffcee75f07c5a1cec292d7b485ec3222bbbcb65f7d5866fcd81b802b9d9b:week:4
2025_04_TEN_HOU,2695.0,2025,4,HOU,TEN,pass,1.2986175779951736,HOU,TEN,archive:asset:299770475:sha256:0b04ffcee75f07c5a1cec292d7b485ec3222bbbcb65f7d5866fcd81b802b9d9b:week:4
2025_04_TEN_HOU,2720.0,2025,4,HOU,TEN,,0.0,HOU,TEN,archive:asset:299770475:sha256:0b04ffcee75f07c5a1cec292d7b485ec3222bbbcb65f7d5866fcd81b802b9d9b:week:4
2025_04_TEN_HOU,2740.0,2025,4,HOU,TEN,pass,1.724739973549731,HOU,TEN,archive:asset:299770475:sha256:0b04ffcee75f07c5a1cec292d7b485ec3222bbbcb65f7d5866fcd81b802b9d9b:week:4
2025_04_TEN_HOU,2766.0,2025,4,HOU,TEN,pass,-0.947,HOU,TEN,archive:asset:299770475:sha256:0b04ffcee75f07c5a1cec292d7b485ec3222bbbcb65f7d5866fcd81b802b9d9b:week:4
2025_04_TEN_HOU,2779.0,2025,4,TEN,HOU,kickoff,0.24590376857668161,TEN,HOU,archive:asset:299770475:sha256:0b04ffcee75f07c5a1cec292d7b485ec3222bbbcb65f7d5866fcd81b802b9d9b:week:4
2025_04_TEN_HOU,2814.0,2025,4,TEN,HOU,no_play,0.23934155073948205,TEN,HOU,archive:asset:299770475:sha256:0b04ffcee75f07c5a1cec292d7b485ec3222bbbcb65f7d5866fcd81b802b9d9b:week:4
2025_04_TEN_HOU,2850.0,2025,4,TEN,HOU,no_play,-1.0061514950357378,TEN,HOU,archive:asset:299770475:sha256:0b04ffcee75f07c5a1cec292d7b485ec3222bbbcb65f7d5866fcd81b802b9d9b:week:4
2025_04_TEN_HOU,2887.0,2025,4,TEN,HOU,pass,-0.6235799139831215,TEN,HOU,archive:asset:299770475:sha256:0b04ffcee75f07c5a1cec292d7b485ec3222bbbcb65f7d5866fcd81b802b9d9b:week:4
2025_04_TEN_HOU,2910.0,2025,4,TEN,HOU,pass,0.5263801037799567,TEN,HOU,archive:asset:299770475:sha256:0b04ffcee75f07c5a1cec292d7b485ec3222bbbcb65f7d5866fcd81b802b9d9b:week:4
2025_04_TEN_HOU,2935.0,2025,4,TEN,HOU,run,2.0189376561902463,TEN,HOU,archive:asset:299770475:sha256:0b04ffcee75f07c5a1cec292d7b485ec3222bbbcb65f7d5866fcd81b802b9d9b:week:4
2025_04_TEN_HOU,2957.0,2025,4,TEN,HOU,pass,-5.637380310101435,TEN,HOU,archive:asset:299770475:sha256:0b04ffcee75f07c5a1cec292d7b485ec3222bbbcb65f7d5866fcd81b802b9d9b:week:4
2025_04_TEN_HOU,2994.0,2025,4,HOU,TEN,run,-0.23272725462447852,HOU,TEN,archive:asset:299770475:sha256:0b04ffcee75f07c5a1cec292d7b485ec3222bbbcb65f7d5866fcd81b802b9d9b:week:4
2025_04_TEN_HOU,3025.0,2025,4,HOU,TEN,pass,-1.174798953346908,HOU,TEN,archive:asset:299770475:sha256:0b04ffcee75f07c5a1cec292d7b485ec3222bbbcb65f7d5866fcd81b802b9d9b:week:4
2025_04_TEN_HOU,3058.0,2025,4,HOU,TEN,pass,2.318181911134161,HOU,TEN,archive:asset:299770475:sha256:0b04ffcee75f07c5a1cec292d7b485ec3222bbbcb65f7d5866fcd81b802b9d9b:week:4
2025_04_TEN_HOU,3088.0,2025,4,HOU,TEN,run,-0.42940128879854456,HOU,TEN,archive:asset:299770475:sha256:0b04ffcee75f07c5a1cec292d7b485ec3222bbbcb65f7d5866fcd81b802b9d9b:week:4
2025_04_TEN_HOU,3113.0,2025,4,HOU,TEN,run,0.3092260728008114,HOU,TEN,archive:asset:299770475:sha256:0b04ffcee75f07c5a1cec292d7b485ec3222bbbcb65f7d5866fcd81b802b9d9b:week:4
2025_04_TEN_HOU,3135.0,2025,4,HOU,TEN,pass,3.122211334411986,HOU,TEN,archive:asset:299770475:sha256:0b04ffcee75f07c5a1cec292d7b485ec3222bbbcb65f7d5866fcd81b802b9d9b:week:4
2025_04_TEN_HOU,3161.0,2025,4,HOU,TEN,extra_point,0.06857135097992784,HOU,TEN,archive:asset:299770475:sha256:0b04ffcee75f07c5a1cec292d7b485ec3222bbbcb65f7d5866fcd81b802b9d9b:week:4
2025_04_TEN_HOU,3176.0,2025,4,TEN,HOU,kickoff,0.05310406279750168,TEN,HOU,archive:asset:299770475:sha256:0b04ffcee75f07c5a1cec292d7b485ec3222bbbcb65f7d5866fcd81b802b9d9b:week:4
2025_04_TEN_HOU,3209.0,2025,4,TEN,HOU,no_play,-1.0031062338966876,TEN,HOU,archive:asset:299770475:sha256:0b04ffcee75f07c5a1cec292d7b485ec3222bbbcb65f7d5866fcd81b802b9d9b:week:4
2025_04_TEN_HOU,3243.0,2025,4,TEN,HOU,no_play,0.6786071329843253,TEN,HOU,archive:asset:299770475:sha256:0b04ffcee75f07c5a1cec292d7b485ec3222bbbcb65f7d5866fcd81b802b9d9b:week:4
2025_04_TEN_HOU,3280.0,2025,4,TEN,HOU,pass,-1.5405900657642633,TEN,HOU,archive:asset:299770475:sha256:0b04ffcee75f07c5a1cec292d7b485ec3222bbbcb65f7d5866fcd81b802b9d9b:week:4
2025_04_TEN_HOU,3300.0,2025,4,TEN,HOU,pass,-0.1516766354907304,TEN,HOU,archive:asset:299770475:sha256:0b04ffcee75f07c5a1cec292d7b485ec3222bbbcb65f7d5866fcd81b802b9d9b:week:4
2025_04_TEN_HOU,3325.0,2025,4,TEN,HOU,run,0.2917281405534595,TEN,HOU,archive:asset:299770475:sha256:0b04ffcee75f07c5a1cec292d7b485ec3222bbbcb65f7d5866fcd81b802b9d9b:week:4
2025_04_TEN_HOU,3347.0,2025,4,TEN,HOU,pass,-3.5254484659526497,TEN,HOU,archive:asset:299770475:sha256:0b04ffcee75f07c5a1cec292d7b485ec3222bbbcb65f7d5866fcd81b802b9d9b:week:4
2025_04_TEN_HOU,3370.0,2025,4,HOU,TEN,no_play,-1.013151249382645,HOU,TEN,archive:asset:299770475:sha256:0b04ffcee75f07c5a1cec292d7b485ec3222bbbcb65f7d5866fcd81b802b9d9b:week:4
2025_04_TEN_HOU,3403.0,2025,4,HOU,TEN,run,-0.32216992985922843,HOU,TEN,archive:asset:299770475:sha256:0b04ffcee75f07c5a1cec292d7b485ec3222bbbcb65f7d5866fcd81b802b9d9b:week:4
2025_04_TEN_HOU,3425.0,2025,4,HOU,TEN,pass,-0.8096726352814585,HOU,TEN,archive:asset:299770475:sha256:0b04ffcee75f07c5a1cec292d7b485ec3222bbbcb65f7d5866fcd81b802b9d9b:week:4
2025_04_TEN_HOU,3448.0,2025,4,HOU,TEN,pass,3.0556974753562827,HOU,TEN,archive:asset:299770475:sha256:0b04ffcee75f07c5a1cec292d7b485ec3222bbbcb65f7d5866fcd81b802b9d9b:week:4
2025_04_TEN_HOU,3473.0,2025,4,HOU,TEN,run,2.183796633820748,HOU,TEN,archive:asset:299770475:sha256:0b04ffcee75f07c5a1cec292d7b485ec3222bbbcb65f7d5866fcd81b802b9d9b:week:4
2025_04_TEN_HOU,3496.0,2025,4,HOU,TEN,extra_point,0.06857135097992784,HOU,TEN,archive:asset:299770475:sha256:0b04ffcee75f07c5a1cec292d7b485ec3222bbbcb65f7d5866fcd81b802b9d9b:week:4
2025_04_TEN_HOU,3511.0,2025,4,TEN,HOU,kickoff,-0.6562927186023444,TEN,HOU,archive:asset:299770475:sha256:0b04ffcee75f07c5a1cec292d7b485ec3222bbbcb65f7d5866fcd81b802b9d9b:week:4
2025_04_TEN_HOU,3555.0,2025,4,TEN,HOU,pass,-0.5252904831431806,TEN,HOU,archive:asset:299770475:sha256:0b04ffcee75f07c5a1cec292d7b485ec3222bbbcb65f7d5866fcd81b802b9d9b:week:4
2025_04_TEN_HOU,3578.0,2025,4,TEN,HOU,pass,0.35252407705411315,TEN,HOU,archive:asset:299770475:sha256:0b04ffcee75f07c5a1cec292d7b485ec3222bbbcb65f7d5866fcd81b802b9d9b:week:4
2025_04_TEN_HOU,3603.0,2025,4,TEN,HOU,pass,-1.2914406552445143,TEN,HOU,archive:asset:299770475:sha256:0b04ffcee75f07c5a1cec292d7b485ec3222bbbcb65f7d5866fcd81b802b9d9b:week:4
2025_04_TEN_HOU,3626.0,2025,4,TEN,HOU,punt,-0.025364118511788547,TEN,HOU,archive:asset:299770475:sha256:0b04ffcee75f07c5a1cec292d7b485ec3222bbbcb65f7d5866fcd81b802b9d9b:week:4
2025_04_TEN_HOU,3652.0,2025,4,HOU,TEN,run,-0.4249434432713315,HOU,TEN,archive:asset:299770475:sha256:0b04ffcee75f07c5a1cec292d7b485ec3222bbbcb65f7d5866fcd81b802b9d9b:week:4
2025_04_TEN_HOU,3674.0,2025,4,HOU,TEN,run,-0.14089174300897866,HOU,TEN,archive:asset:299770475:sha256:0b04ffcee75f07c5a1cec292d7b485ec3222bbbcb65f7d5866fcd81b802b9d9b:week:4
2025_04_TEN_HOU,3696.0,2025,4,HOU,TEN,run,-0.9908463823376223,HOU,TEN,archive:asset:299770475:sha256:0b04ffcee75f07c5a1cec292d7b485ec3222bbbcb65f7d5866fcd81b802b9d9b:week:4
2025_04_TEN_HOU,3718.0,2025,4,HOU,TEN,punt,0.8196222533006221,HOU,TEN,archive:asset:299770475:sha256:0b04ffcee75f07c5a1cec292d7b485ec3222bbbcb65f7d5866fcd81b802b9d9b:week:4
2025_04_TEN_HOU,3745.0,2025,4,TEN,HOU,run,-0.12453766737598926,TEN,HOU,archive:asset:299770475:sha256:0b04ffcee75f07c5a1cec292d7b485ec3222bbbcb65f7d5866fcd81b802b9d9b:week:4
2025_04_TEN_HOU,3769.0,2025,4,TEN,HOU,run,0.4089723975630477,TEN,HOU,archive:asset:299770475:sha256:0b04ffcee75f07c5a1cec292d7b485ec3222bbbcb65f7d5866fcd81b802b9d9b:week:4
2025_04_TEN_HOU,3791.0,2025,4,TEN,HOU,run,0.07720137084834278,TEN,HOU,archive:asset:299770475:sha256:0b04ffcee75f07c5a1cec292d7b485ec3222bbbcb65f7d5866fcd81b802b9d9b:week:4
2025_04_TEN_HOU,3813.0,2025,4,TEN,HOU,,,TEN,HOU,archive:asset:299770475:sha256:0b04ffcee75f07c5a1cec292d7b485ec3222bbbcb65f7d5866fcd81b802b9d9b:week:4
2025_04_WAS_ATL,1.0,2025,4,,,,0.0,,,archive:asset:299770475:sha256:0b04ffcee75f07c5a1cec292d7b485ec3222bbbcb65f7d5866fcd81b802b9d9b:week:4
2025_04_WAS_ATL,40.0,2025,4,ATL,WAS,kickoff,0.48047660756856203,ATL,WAS,archive:asset:299770475:sha256:0b04ffcee75f07c5a1cec292d7b485ec3222bbbcb65f7d5866fcd81b802b9d9b:week:4
2025_04_WAS_ATL,57.0,2025,4,ATL,WAS,run,0.13389647705480456,ATL,WAS,archive:asset:299770475:sha256:0b04ffcee75f07c5a1cec292d7b485ec3222bbbcb65f7d5866fcd81b802b9d9b:week:4
2025_04_WAS_ATL,79.0,2025,4,ATL,WAS,pass,-0.9068872625939548,ATL,WAS,archive:asset:299770475:sha256:0b04ffcee75f07c5a1cec292d7b485ec3222bbbcb65f7d5866fcd81b802b9d9b:week:4
2025_04_WAS_ATL,102.0,2025,4,ATL,WAS,pass,2.757135130581446,ATL,WAS,archive:asset:299770475:sha256:0b04ffcee75f07c5a1cec292d7b485ec3222bbbcb65f7d5866fcd81b802b9d9b:week:4
2025_04_WAS_ATL,127.0,2025,4,ATL,WAS,run,-0.2177048458252102,ATL,WAS,archive:asset:299770475:sha256:0b04ffcee75f07c5a1cec292d7b485ec3222bbbcb65f7d5866fcd81b802b9d9b:week:4
2025_04_WAS_ATL,149.0,2025,4,ATL,WAS,run,1.0740392699372023,ATL,WAS,archive:asset:299770475:sha256:0b04ffcee75f07c5a1cec292d7b485ec3222bbbcb65f7d5866fcd81b802b9d9b:week:4
2025_04_WAS_ATL,171.0,2025,4,ATL,WAS,run,0.6696868015569635,ATL,WAS,archive:asset:299770475:sha256:0b04ffcee75f07c5a1cec292d7b485ec3222bbbcb65f7d5866fcd81b802b9d9b:week:4
2025_04_WAS_ATL,193.0,2025,4,ATL,WAS,run,-1.6653259514714591,ATL,WAS,archive:asset:299770475:sha256:0b04ffcee75f07c5a1cec292d7b485ec3222bbbcb65f7d5866fcd81b802b9d9b:week:4
2025_04_WAS_ATL,231.0,2025,4,ATL,WAS,pass,-1.4534361117329428,ATL,WAS,archive:asset:299770475:sha256:0b04ffcee75f07c5a1cec292d7b485ec3222bbbcb65f7d5866fcd81b802b9d9b:week:4
2025_04_WAS_ATL,254.0,2025,4,ATL,WAS,field_goal,0.5351263442352394,ATL,WAS,archive:asset:299770475:sha256:0b04ffcee75f07c5a1cec292d7b485ec3222bbbcb65f7d5866fcd81b802b9d9b:week:4
2025_04_WAS_ATL,274.0,2025,4,WAS,ATL,kickoff,0.469530051574111,WAS,ATL,archive:asset:299770475:sha256:0b04ffcee75f07c5a1cec292d7b485ec3222bbbcb65f7d5866fcd81b802b9d9b:week:4
2025_04_WAS_ATL,304.0,2025,4,WAS,ATL,run,-1.0939539624378085,WAS,ATL,archive:asset:299770475:sha256:0b04ffcee75f07c5a1cec292d7b485ec3222bbbcb65f7d5866fcd81b802b9d9b:week:4
2025_04_WAS_ATL,328.0,2025,4,WAS,ATL,pass,-1.1405040477402508,WAS,ATL,archive:asset:299770475:sha256:0b04ffcee75f07c5a1cec292d7b485ec3222bbbcb65f7d5866fcd81b802b9d9b:week:4
2025_04_WAS_ATL,348.0,2025,4,WAS,ATL,pass,-1.0972253335639834,WAS,ATL,archive:asset:299770475:sha256:0b04ffcee75f07c5a1cec292d7b485ec3222bbbcb65f7d5866fcd81b802b9d9b:week:4
2025_04_WAS_ATL,371.0,2025,4,WAS,ATL,punt,0.22206760989502072,WAS,ATL,archive:asset:299770475:sha256:0b04ffcee75f07c5a1cec292d7b485ec3222bbbcb65f7d5866fcd81b802b9d9b:week:4
2025_04_WAS_ATL,391.0,2025,4,ATL,WAS,run,0.9160230192355812,ATL,WAS,archive:asset:299770475:sha256:0b04ffcee75f07c5a1cec292d7b485ec3222bbbcb65f7d5866fcd81b802b9d9b:week:4
2025_04_WAS_ATL,420.0,2025,4,ATL,WAS,run,-0.1563321384601295,ATL,WAS,archive:asset:299770475:sha256:0b04ffcee75f07c5a1cec292d7b485ec3222bbbcb65f7d5866fcd81b802b9d9b:week:4
2025_04_WAS_ATL,447.0,2025,4,ATL,WAS,pass,0.819421258289367,ATL,WAS,archive:asset:299770475:sha256:0b04ffcee75f07c5a1cec292d7b485ec3222bbbcb65f7d5866fcd81b802b9d9b:week:4
2025_04_WAS_ATL,472.0,2025,4,ATL,WAS,run,-0.08799209003336728,ATL,WAS,archive:asset:299770475:sha256:0b04ffcee75f07c5a1cec292d7b485ec3222bbbcb65f7d5866fcd81b802b9d9b:week:4
2025_04_WAS_ATL,494.0,2025,4,ATL,WAS,pass,0.9643912977771834,ATL,WAS,archive:asset:299770475:sha256:0b04ffcee75f07c5a1cec292d7b485ec3222bbbcb65f7d5866fcd81b802b9d9b:week:4
2025_04_WAS_ATL,519.0,2025,4,ATL,WAS,run,-0.1873060001526028,ATL,WAS,archive:asset:299770475:sha256:0b04ffcee75f07c5a1cec292d7b485ec3222bbbcb65f7d5866fcd81b802b9d9b:week:4
2025_04_WAS_ATL,541.0,2025,4,ATL,WAS,run,0.14159275183919817,ATL,WAS,archive:asset:299770475:sha256:0b04ffcee75f07c5a1cec292d7b485ec3222bbbcb65f7d5866fcd81b802b9d9b:week:4
2025_04_WAS_ATL,563.0,2025,4,ATL,WAS,run,-1.523019909276627,ATL,WAS,archive:asset:299770475:sha256:0b04ffcee75f07c5a1cec292d7b485ec3222bbbcb65f7d5866fcd81b802b9d9b:week:4
2025_04_WAS_ATL,585.0,2025,4,ATL,WAS,run,2.376947245444171,ATL,WAS,archive:asset:299770475:sha256:0b04ffcee75f07c5a1cec292d7b485ec3222bbbcb65f7d5866fcd81b802b9d9b:week:4
2025_04_WAS_ATL,607.0,2025,4,ATL,WAS,pass,-1.60804734879639,ATL,WAS,archive:asset:299770475:sha256:0b04ffcee75f07c5a1cec292d7b485ec3222bbbcb65f7d5866fcd81b802b9d9b:week:4
2025_04_WAS_ATL,629.0,2025,4,ATL,WAS,pass,1.2434338516904972,ATL,WAS,archive:asset:299770475:sha256:0b04ffcee75f07c5a1cec292d7b485ec3222bbbcb65f7d5866fcd81b802b9d9b:week:4
2025_04_WAS_ATL,654.0,2025,4,ATL,WAS,pass,0.9323485065833665,ATL,WAS,archive:asset:299770475:sha256:0b04ffcee75f07c5a1cec292d7b485ec3222bbbcb65f7d5866fcd81b802b9d9b:week:4
2025_04_WAS_ATL,684.0,2025,4,ATL,WAS,run,0.06644223257899284,ATL,WAS,archive:asset:299770475:sha256:0b04ffcee75f07c5a1cec292d7b485ec3222bbbcb65f7d5866fcd81b802b9d9b:week:4
2025_04_WAS_ATL,711.0,2025,4,ATL,WAS,pass,1.4826689871260896,ATL,WAS,archive:asset:299770475:sha256:0b04ffcee75f07c5a1cec292d7b485ec3222bbbcb65f7d5866fcd81b802b9d9b:week:4
2025_04_WAS_ATL,737.0,2025,4,ATL,WAS,extra_point,0.06857135097992784,ATL,WAS,archive:asset:299770475:sha256:0b04ffcee75f07c5a1cec292d7b485ec3222bbbcb65f7d5866fcd81b802b9d9b:week:4
2025_04_WAS_ATL,752.0,2025,4,WAS,ATL,kickoff,0.2590097622014582,WAS,ATL,archive:asset:299770475:sha256:0b04ffcee75f07c5a1cec292d7b485ec3222bbbcb65f7d5866fcd81b802b9d9b:week:4
2025_04_WAS_ATL,790.0,2025,4,WAS,ATL,run,-0.31731044268235564,WAS,ATL,archive:asset:299770475:sha256:0b04ffcee75f07c5a1cec292d7b485ec3222bbbcb65f7d5866fcd81b802b9d9b:week:4
2025_04_WAS_ATL,814.0,2025,4,WAS,ATL,run,3.6943345189793035,WAS,ATL,archive:asset:299770475:sha256:0b04ffcee75f07c5a1cec292d7b485ec3222bbbcb65f7d5866fcd81b802b9d9b:week:4
2025_04_WAS_ATL,836.0,2025,4,WAS,ATL,,-0.0,WAS,ATL,archive:asset:299770475:sha256:0b04ffcee75f07c5a1cec292d7b485ec3222bbbcb65f7d5866fcd81b802b9d9b:week:4
2025_04_WAS_ATL,856.0,2025,4,WAS,ATL,run,-0.31428087421227247,WAS,ATL,archive:asset:299770475:sha256:0b04ffcee75f07c5a1cec292d7b485ec3222bbbcb65f7d5866fcd81b802b9d9b:week:4
2025_04_WAS_ATL,878.0,2025,4,WAS,ATL,pass,0.509482563007623,WAS,ATL,archive:asset:299770475:sha256:0b04ffcee75f07c5a1cec292d7b485ec3222bbbcb65f7d5866fcd81b802b9d9b:week:4
2025_04_WAS_ATL,903.0,2025,4,WAS,ATL,run,-1.0859124049311504,WAS,ATL,archive:asset:299770475:sha256:0b04ffcee75f07c5a1cec292d7b485ec3222bbbcb65f7d5866fcd81b802b9d9b:week:4
2025_04_WAS_ATL,930.0,2025,4,WAS,ATL,pass,1.8163708723150194,WAS,ATL,archive:asset:299770475:sha256:0b04ffcee75f07c5a1cec292d7b485ec3222bbbcb65f7d5866fcd81b802b9d9b:week:4
2025_04_WAS_ATL,960.0,2025,4,WAS,ATL,run,-0.3381131772766821,WAS,ATL,archive:asset:299770475:sha256:0b04ffcee75f07c5a1cec292d7b485ec3222bbbcb65f7d5866fcd81b802b9d9b:week:4
2025_04_WAS_ATL,984.0,2025,4,WAS,ATL,pass,1.6850252061267383,WAS,ATL,archive:asset:299770475:sha256:0b04ffcee75f07c5a1cec292d7b485ec3222bbbcb65f7d5866fcd81b802b9d9b:week:4
2025_04_WAS_ATL,1010.0,2025,4,WAS,ATL,extra_point,0.06857135097992784,WAS,ATL,archive:asset:299770475:sha256:0b04ffcee75f07c5a1cec292d7b485ec3222bbbcb65f7d5866fcd81b802b9d9b:week:4
2025_04_WAS_ATL,1025.0,2025,4,ATL,WAS,no_play,0.0,ATL,WAS,archive:asset:299770475:sha256:0b04ffcee75f07c5a1cec292d7b485ec3222bbbcb65f7d5866fcd81b802b9d9b:week:4
2025_04_WAS_ATL,1069.0,2025,4,ATL,WAS,kickoff,0.7343109550420195,ATL,WAS,archive:asset:299770475:sha256:0b04ffcee75f07c5a1cec292d7b485ec3222bbbcb65f7d5866fcd81b802b9d9b:week:4
2025_04_WAS_ATL,1092.0,2025,4,ATL,WAS,pass,-1.306589720537886,ATL,WAS,archive:asset:299770475:sha256:0b04ffcee75f07c5a1cec292d7b485ec3222bbbcb65f7d5866fcd81b802b9d9b:week:4
2025_04_WAS_ATL,1121.0,2025,4,ATL,WAS,pass,3.5514550105435774,ATL,WAS,archive:asset:299770475:sha256:0b04ffcee75f07c5a1cec292d7b485ec3222bbbcb65f7d5866fcd81b802b9d9b:week:4
2025_04_WAS_ATL,1157.0,2025,4,ATL,WAS,run,-0.2995516760274768,ATL,WAS,archive:asset:299770475:sha256:0b04ffcee75f07c5a1cec292d7b485ec3222bbbcb65f7d5866fcd81b802b9d9b:week:4
2025_04_WAS_ATL,1179.0,2025,4,ATL,WAS,no_play,-0.7789070989238098,ATL,WAS,archive:asset:299770475:sha256:0b04ffcee75f07c5a1cec292d7b485ec3222bbbcb65f7d5866fcd81b802b9d9b:week:4
2025_04_WAS_ATL,1203.0,2025,4,ATL,WAS,pass,1.7542928553302772,ATL,WAS,archive:asset:299770475:sha256:0b04ffcee75f07c5a1cec292d7b485ec3222bbbcb65f7d5866fcd81b802b9d9b:week:4
2025_04_WAS_ATL,1228.0,2025,4,ATL,WAS,run,1.9075343268341385,ATL,WAS,archive:asset:299770475:sha256:0b04ffcee75f07c5a1cec292d7b485ec3222bbbcb65f7d5866fcd81b802b9d9b:week:4
2025_04_WAS_ATL,1251.0,2025,4,ATL,WAS,extra_point,0.06857135097992784,ATL,WAS,archive:asset:299770475:sha256:0b04ffcee75f07c5a1cec292d7b485ec3222bbbcb65f7d5866fcd81b802b9d9b:week:4
2025_04_WAS_ATL,1266.0,2025,4,WAS,ATL,kickoff,2.01354011031799,WAS,ATL,archive:asset:299770475:sha256:0b04ffcee75f07c5a1cec292d7b485ec3222bbbcb65f7d5866fcd81b802b9d9b:week:4
2025_04_WAS_ATL,1296.0,2025,4,WAS,ATL,pass,0.36150932195596397,WAS,ATL,archive:asset:299770475:sha256:0b04ffcee75f07c5a1cec292d7b485ec3222bbbcb65f7d5866fcd81b802b9d9b:week:4
2025_04_WAS_ATL,1331.0,2025,4,WAS,ATL,run,0.46027706598397344,WAS,ATL,archive:asset:299770475:sha256:0b04ffcee75f07c5a1cec292d7b485ec3222bbbcb65f7d5866fcd81b802b9d9b:week:4
2025_04_WAS_ATL,1353.0,2025,4,WAS,ATL,pass,-1.6329629454994574,WAS,ATL,archive:asset:299770475:sha256:0b04ffcee75f07c5a1cec292d7b485ec3222bbbcb65f7d5866fcd81b802b9d9b:week:4
2025_04_WAS_ATL,1387.0,2025,4,WAS,ATL,pass,-0.5069423478562385,WAS,ATL,archive:asset:299770475:sha256:0b04ffcee75f07c5a1cec292d7b485ec3222bbbcb65f7d5866fcd81b802b9d9b:week:4
2025_04_WAS_ATL,1428.0,2025,4,WAS,ATL,pass,0.22174509966169875,WAS,ATL,archive:asset:299770475:sha256:0b04ffcee75f07c5a1cec292d7b485ec3222bbbcb65f7d5866fcd81b802b9d9b:week:4
2025_04_WAS_ATL,1453.0,2025,4,WAS,ATL,field_goal,0.8021778461767228,WAS,ATL,archive:asset:299770475:sha256:0b04ffcee75f07c5a1cec292d7b485ec3222bbbcb65f7d5866fcd81b802b9d9b:week:4
2025_04_WAS_ATL,1473.0,2025,4,ATL,WAS,kickoff,0.5356901483610272,ATL,WAS,archive:asset:299770475:sha256:0b04ffcee75f07c5a1cec292d7b485ec3222bbbcb65f7d5866fcd81b802b9d9b:week:4
2025_04_WAS_ATL,1516.0,2025,4,ATL,WAS,run,-0.936813889304176,ATL,WAS,archive:asset:299770475:sha256:0b04ffcee75f07c5a1cec292d7b485ec3222bbbcb65f7d5866fcd81b802b9d9b:week:4
2025_04_WAS_ATL,1538.0,2025,4,ATL,WAS,pass,1.4064814887242392,ATL,WAS,archive:asset:299770475:sha256:0b04ffcee75f07c5a1cec292d7b485ec3222bbbcb65f7d5866fcd81b802b9d9b:week:4
2025_04_WAS_ATL,1571.0,2025,4,ATL,WAS,run,-0.8514718256192282,ATL,WAS,archive:asset:299770475:sha256:0b04ffcee75f07c5a1cec292d7b485ec3222bbbcb65f7d5866fcd81b802b9d9b:week:4
2025_04_WAS_ATL,1593.0,2025,4,ATL,WAS,no_play,0.9311657418729737,ATL,WAS,archive:asset:299770475:sha256:0b04ffcee75f07c5a1cec292d7b485ec3222bbbcb65f7d5866fcd81b802b9d9b:week:4
2025_04_WAS_ATL,1628.0,2025,4,ATL,WAS,pass,-0.403243726817891,ATL,WAS,archive:asset:299770475:sha256:0b04ffcee75f07c5a1cec292d7b485ec3222bbbcb65f7d5866fcd81b802b9d9b:week:4
2025_04_WAS_ATL,1651.0,2025,4,ATL,WAS,pass,0.8976410304312594,ATL,WAS,archive:asset:299770475:sha256:0b04ffcee75f07c5a1cec292d7b485ec3222bbbcb65f7d5866fcd81b802b9d9b:week:4
2025_04_WAS_ATL,1676.0,2025,4,ATL,WAS,run,-1.9779401928535663,ATL,WAS,archive:asset:299770475:sha256:0b04ffcee75f07c5a1cec292d7b485ec3222bbbcb65f7d5866fcd81b802b9d9b:week:4
2025_04_WAS_ATL,1698.0,2025,4,ATL,WAS,no_play,-0.5771083683939651,ATL,WAS,archive:asset:299770475:sha256:0b04ffcee75f07c5a1cec292d7b485ec3222bbbcb65f7d5866fcd81b802b9d9b:week:4
2025_04_WAS_ATL,1729.0,2025,4,ATL,WAS,punt,0.016290887142531574,ATL,WAS,archive:asset:299770475:sha256:0b04ffcee75f07c5a1cec292d7b485ec3222bbbcb65f7d5866fcd81b802b9d9b:week:4
2025_04_WAS_ATL,1749.0,2025,4,WAS,ATL,pass,-0.42911026650108397,WAS,ATL,archive:asset:299770475:sha256:0b04ffcee75f07c5a1cec292d7b485ec3222bbbcb65f7d5866fcd81b802b9d9b:week:4
2025_04_WAS_ATL,1774.0,2025,4,WAS,ATL,pass,1.2654034262523055,WAS,ATL,archive:asset:299770475:sha256:0b04ffcee75f07c5a1cec292d7b485ec3222bbbcb65f7d5866fcd81b802b9d9b:week:4
2025_04_WAS_ATL,1809.0,2025,4,WAS,ATL,pass,0.38180675776675344,WAS,ATL,archive:asset:299770475:sha256:0b04ffcee75f07c5a1cec292d7b485ec3222bbbcb65f7d5866fcd81b802b9d9b:week:4
2025_04_WAS_ATL,1834.0,2025,4,WAS,ATL,pass,-0.2881358826998621,WAS,ATL,archive:asset:299770475:sha256:0b04ffcee75f07c5a1cec292d7b485ec3222bbbcb65f7d5866fcd81b802b9d9b:week:4
2025_04_WAS_ATL,1866.0,2025,4,WAS,ATL,run,-0.5350213006604463,WAS,ATL,archive:asset:299770475:sha256:0b04ffcee75f07c5a1cec292d7b485ec3222bbbcb65f7d5866fcd81b802b9d9b:week:4
2025_04_WAS_ATL,1911.0,2025,4,,,no_play,-0.0,,,archive:asset:299770475:sha256:0b04ffcee75f07c5a1cec292d7b485ec3222bbbcb65f7d5866fcd81b802b9d9b:week:4
2025_04_WAS_ATL,1888.0,2025,4,WAS,ATL,pass,-0.5832361646462232,WAS,ATL,archive:asset:299770475:sha256:0b04ffcee75f07c5a1cec292d7b485ec3222bbbcb65f7d5866fcd81b802b9d9b:week:4
2025_04_WAS_ATL,1938.0,2025,4,,,no_play,-0.0,,,archive:asset:299770475:sha256:0b04ffcee75f07c5a1cec292d7b485ec3222bbbcb65f7d5866fcd81b802b9d9b:week:4
2025_04_WAS_ATL,1926.0,2025,4,WAS,ATL,punt,-0.08449712989386171,WAS,ATL,archive:asset:299770475:sha256:0b04ffcee75f07c5a1cec292d7b485ec3222bbbcb65f7d5866fcd81b802b9d9b:week:4
2025_04_WAS_ATL,1959.0,2025,4,ATL,WAS,pass,-0.1253749272436835,ATL,WAS,archive:asset:299770475:sha256:0b04ffcee75f07c5a1cec292d7b485ec3222bbbcb65f7d5866fcd81b802b9d9b:week:4
2025_04_WAS_ATL,1982.0,2025,4,ATL,WAS,pass,-0.10044870711863041,ATL,WAS,archive:asset:299770475:sha256:0b04ffcee75f07c5a1cec292d7b485ec3222bbbcb65f7d5866fcd81b802b9d9b:week:4
2025_04_WAS_ATL,2015.0,2025,4,ATL,WAS,pass,-0.13087218336295336,ATL,WAS,archive:asset:299770475:sha256:0b04ffcee75f07c5a1cec292d7b485ec3222bbbcb65f7d5866fcd81b802b9d9b:week:4
2025_04_WAS_ATL,2038.0,2025,4,ATL,WAS,punt,0.00963028270052746,ATL,WAS,archive:asset:299770475:sha256:0b04ffcee75f07c5a1cec292d7b485ec3222bbbcb65f7d5866fcd81b802b9d9b:week:4
2025_04_WAS_ATL,2064.0,2025,4,,,,,,,archive:asset:299770475:sha256:0b04ffcee75f07c5a1cec292d7b485ec3222bbbcb65f7d5866fcd81b802b9d9b:week:4
2025_04_WAS_ATL,2084.0,2025,4,WAS,ATL,kickoff,0.2835651524364948,WAS,ATL,archive:asset:299770475:sha256:0b04ffcee75f07c5a1cec292d7b485ec3222bbbcb65f7d5866fcd81b802b9d9b:week:4
2025_04_WAS_ATL,2158.0,2025,4,WAS,ATL,run,0.9842349363025278,WAS,ATL,archive:asset:299770475:sha256:0b04ffcee75f07c5a1cec292d7b485ec3222bbbcb65f7d5866fcd81b802b9d9b:week:4
2025_04_WAS_ATL,2187.0,2025,4,WAS,ATL,no_play,-0.8888149613048881,WAS,ATL,archive:asset:299770475:sha256:0b04ffcee75f07c5a1cec292d7b485ec3222bbbcb65f7d5866fcd81b802b9d9b:week:4
2025_04_WAS_ATL,2228.0,2025,4,WAS,ATL,no_play,-0.7186950277537107,WAS,ATL,archive:asset:299770475:sha256:0b04ffcee75f07c5a1cec292d7b485ec3222bbbcb65f7d5866fcd81b802b9d9b:week:4
2025_04_WAS_ATL,2264.0,2025,4,WAS,ATL,pass,0.5045738271437585,WAS,ATL,archive:asset:299770475:sha256:0b04ffcee75f07c5a1cec292d7b485ec3222bbbcb65f7d5866fcd81b802b9d9b:week:4
2025_04_WAS_ATL,2297.0,2025,4,WAS,ATL,pass,-0.9478912842459977,WAS,ATL,archive:asset:299770475:sha256:0b04ffcee75f07c5a1cec292d7b485ec3222bbbcb65f7d5866fcd81b802b9d9b:week:4
2025_04_WAS_ATL,2320.0,2025,4,WAS,ATL,run,3.4114169436506927,WAS,ATL,archive:asset:299770475:sha256:0b04ffcee75f07c5a1cec292d7b485ec3222bbbcb65f7d5866fcd81b802b9d9b:week:4
2025_04_WAS_ATL,2347.0,2025,4,WAS,ATL,run,-0.4758625796530396,WAS,ATL,archive:asset:299770475:sha256:0b04ffcee75f07c5a1cec292d7b485ec3222bbbcb65f7d5866fcd81b802b9d9b:week:4
2025_04_WAS_ATL,2371.0,2025,4,WAS,ATL,pass,0.4540602625347674,WAS,ATL,archive:asset:299770475:sha256:0b04ffcee75f07c5a1cec292d7b485ec3222bbbcb65f7d5866fcd81b802b9d9b:week:4
2025_04_WAS_ATL,2396.0,2025,4,WAS,ATL,no_play,-1.0942637891275808,WAS,ATL,archive:asset:299770475:sha256:0b04ffcee75f07c5a1cec292d7b485ec3222bbbcb65f7d5866fcd81b802b9d9b:week:4
2025_04_WAS_ATL,2420.0,2025,4,WAS,ATL,pass,-0.991643763875308,WAS,ATL,archive:asset:299770475:sha256:0b04ffcee75f07c5a1cec292d7b485ec3222bbbcb65f7d5866fcd81b802b9d9b:week:4
2025_04_WAS_ATL,2443.0,2025,4,WAS,ATL,field_goal,1.548632532736937,WAS,ATL,archive:asset:299770475:sha256:0b04ffcee75f07c5a1cec292d7b485ec3222bbbcb65f7d5866fcd81b802b9d9b:week:4
2025_04_WAS_ATL,2463.0,2025,4,ATL,WAS,kickoff,-0.2806560657918453,ATL,WAS,archive:asset:299770475:sha256:0b04ffcee75f07c5a1cec292d7b485ec3222bbbcb65f7d5866fcd81b802b9d9b:week:4
2025_04_WAS_ATL,2493.0,2025,4,ATL,WAS,pass,4.474639206833672,ATL,WAS,archive:asset:299770475:sha256:0b04ffcee75f07c5a1cec292d7b485ec3222bbbcb65f7d5866fcd81b802b9d9b:week:4
2025_04_WAS_ATL,2530.0,2025,4,,,no_play,0.0,,,archive:asset:299770475:sha256:0b04ffcee75f07c5a1cec292d7b485ec3222bbbcb65f7d5866fcd81b802b9d9b:week:4
2025_04_WAS_ATL,2518.0,2025,4,ATL,WAS,pass,1.2871515451115556,ATL,WAS,archive:asset:299770475:sha256:0b04ffcee75f07c5a1cec292d7b485ec3222bbbcb65f7d5866fcd81b802b9d9b:week:4
2025_04_WAS_ATL,2551.0,2025,4,ATL,WAS,extra_point,0.06857135097992784,ATL,WAS,archive:asset:299770475:sha256:0b04ffcee75f07c5a1cec292d7b485ec3222bbbcb65f7d5866fcd81b802b9d9b:week:4
2025_04_WAS_ATL,2566.0,2025,4,WAS,ATL,kickoff,0.2808537073433399,WAS,ATL,archive:asset:299770475:sha256:0b04ffcee75f07c5a1cec292d7b485ec3222bbbcb65f7d5866fcd81b802b9d9b:week:4
2025_04_WAS_ATL,2596.0,2025,4,WAS,ATL,run,-0.036099661607295275,WAS,ATL,archive:asset:299770475:sha256:0b04ffcee75f07c5a1cec292d7b485ec3222bbbcb65f7d5866fcd81b802b9d9b:week:4
2025_04_WAS_ATL,2618.0,2025,4,WAS,ATL,pass,1.3133484201971442,WAS,ATL,archive:asset:299770475:sha256:0b04ffcee75f07c5a1cec292d7b485ec3222bbbcb65f7d5866fcd81b802b9d9b:week:4
2025_04_WAS_ATL,2643.0,2025,4,WAS,ATL,run,0.2798348325304687,WAS,ATL,archive:asset:299770475:sha256:0b04ffcee75f07c5a1cec292d7b485ec3222bbbcb65f7d5866fcd81b802b9d9b:week:4
2025_04_WAS_ATL,2672.0,2025,4,WAS,ATL,run,0.6656250825617462,WAS,ATL,archive:asset:299770475:sha256:0b04ffcee75f07c5a1cec292d7b485ec3222bbbcb65f7d5866fcd81b802b9d9b:week:4
2025_04_WAS_ATL,2694.0,2025,4,WAS,ATL,pass,-4.522782619576901,WAS,ATL,archive:asset:299770475:sha256:0b04ffcee75f07c5a1cec292d7b485ec3222bbbcb65f7d5866fcd81b802b9d9b:week:4
2025_04_WAS_ATL,2735.0,2025,4,ATL,WAS,run,-0.5455192592926323,ATL,WAS,archive:asset:299770475:sha256:0b04ffcee75f07c5a1cec292d7b485ec3222bbbcb65f7d5866fcd81b802b9d9b:week:4
2025_04_WAS_ATL,2815.0,2025,4,ATL,WAS,pass,1.648428650572896,ATL,WAS,archive:asset:299770475:sha256:0b04ffcee75f07c5a1cec292d7b485ec3222bbbcb65f7d5866fcd81b802b9d9b:week:4
2025_04_WAS_ATL,2840.0,2025,4,ATL,WAS,pass,-6.6261364336824045,ATL,WAS,archive:asset:299770475:sha256:0b04ffcee75f07c5a1cec292d7b485ec3222bbbcb65f7d5866fcd81b802b9d9b:week:4
2025_04_WAS_ATL,2877.0,2025,4,WAS,ATL,pass,-0.4814723082818091,WAS,ATL,archive:asset:299770475:sha256:0b04ffcee75f07c5a1cec292d7b485ec3222bbbcb65f7d5866fcd81b802b9d9b:week:4
2025_04_WAS_ATL,2900.0,2025,4,WAS,ATL,run,-0.3789089269703254,WAS,ATL,archive:asset:299770475:sha256:0b04ffcee75f07c5a1cec292d7b485ec3222bbbcb65f7d5866fcd81b802b9d9b:week:4
2025_04_WAS_ATL,2922.0,2025,4,WAS,ATL,pass,-1.0363009053510832,WAS,ATL,archive:asset:299770475:sha256:0b04ffcee75f07c5a1cec292d7b485ec3222bbbcb65f7d5866fcd81b802b9d9b:week:4
2025_04_WAS_ATL,2945.0,2025,4,WAS,ATL,field_goal,0.6158905921732294,WAS,ATL,archive:asset:299770475:sha256:0b04ffcee75f07c5a1cec292d7b485ec3222bbbcb65f7d5866fcd81b802b9d9b:week:4
2025_04_WAS_ATL,2965.0,2025,4,ATL,WAS,kickoff,0.09805289236828685,ATL,WAS,archive:asset:299770475:sha256:0b04ffcee75f07c5a1cec292d7b485ec3222bbbcb65f7d5866fcd81b802b9d9b:week:4
2025_04_WAS_ATL,2995.0,2025,4,ATL,WAS,run,-0.3376595457084477,ATL,WAS,archive:asset:299770475:sha256:0b04ffcee75f07c5a1cec292d7b485ec3222bbbcb65f7d5866fcd81b802b9d9b:week:4
2025_04_WAS_ATL,3017.0,2025,4,ATL,WAS,pass,1.659134317887947,ATL,WAS,archive:asset:299770475:sha256:0b04ffcee75f07c5a1cec292d7b485ec3222bbbcb65f7d5866fcd81b802b9d9b:week:4
2025_04_WAS_ATL,3042.0,2025,4,ATL,WAS,run,-0.4435268281958997,ATL,WAS,archive:asset:299770475:sha256:0b04ffcee75f07c5a1cec292d7b485ec3222bbbcb65f7d5866fcd81b802b9d9b:week:4
2025_04_WAS_ATL,3069.0,2025,4,ATL,WAS,pass,0.1352477844338864,ATL,WAS,archive:asset:299770475:sha256:0b04ffcee75f07c5a1cec292d7b485ec3222bbbcb65f7d5866fcd81b802b9d9b:week:4
2025_04_WAS_ATL,3094.0,2025,4,ATL,WAS,pass,1.7799888905137777,ATL,WAS,archive:asset:299770475:sha256:0b04ffcee75f07c5a1cec292d7b485ec3222bbbcb65f7d5866fcd81b802b9d9b:week:4
2025_04_WAS_ATL,3119.0,2025,4,ATL,WAS,run,0.597581546229776,ATL,WAS,archive:asset:299770475:sha256:0b04ffcee75f07c5a1cec292d7b485ec3222bbbcb65f7d5866fcd81b802b9d9b:week:4
2025_04_WAS_ATL,3158.0,2025,4,ATL,WAS,run,1.884396999666933,ATL,WAS,archive:asset:299770475:sha256:0b04ffcee75f07c5a1cec292d7b485ec3222bbbcb65f7d5866fcd81b802b9d9b:week:4
2025_04_WAS_ATL,3181.0,2025,4,ATL,WAS,extra_point,0.06857135097992784,ATL,WAS,archive:asset:299770475:sha256:0b04ffcee75f07c5a1cec292d7b485ec3222bbbcb65f7d5866fcd81b802b9d9b:week:4
2025_04_WAS_ATL,3196.0,2025,4,WAS,ATL,kickoff,-0.1996241258457303,WAS,ATL,archive:asset:299770475:sha256:0b04ffcee75f07c5a1cec292d7b485ec3222bbbcb65f7d5866fcd81b802b9d9b:week:4
2025_04_WAS_ATL,3240.0,2025,4,WAS,ATL,pass,-0.09673116588965058,WAS,ATL,archive:asset:299770475:sha256:0b04ffcee75f07c5a1cec292d7b485ec3222bbbcb65f7d5866fcd81b802b9d9b:week:4
2025_04_WAS_ATL,3265.0,2025,4,WAS,ATL,,-0.0,WAS,ATL,archive:asset:299770475:sha256:0b04ffcee75f07c5a1cec292d7b485ec3222bbbcb65f7d5866fcd81b802b9d9b:week:4
2025_04_WAS_ATL,3285.0,2025,4,WAS,ATL,run,0.9637415143661201,WAS,ATL,archive:asset:299770475:sha256:0b04ffcee75f07c5a1cec292d7b485ec3222bbbcb65f7d5866fcd81b802b9d9b:week:4
2025_04_WAS_ATL,3314.0,2025,4,WAS,ATL,pass,-0.5716725909151137,WAS,ATL,archive:asset:299770475:sha256:0b04ffcee75f07c5a1cec292d7b485ec3222bbbcb65f7d5866fcd81b802b9d9b:week:4
2025_04_WAS_ATL,3337.0,2025,4,WAS,ATL,no_play,0.788208253448829,WAS,ATL,archive:asset:299770475:sha256:0b04ffcee75f07c5a1cec292d7b485ec3222bbbcb65f7d5866fcd81b802b9d9b:week:4
2025_04_WAS_ATL,3371.0,2025,4,WAS,ATL,run,-0.888019600417465,WAS,ATL,archive:asset:299770475:sha256:0b04ffcee75f07c5a1cec292d7b485ec3222bbbcb65f7d5866fcd81b802b9d9b:week:4
2025_04_WAS_ATL,3393.0,2025,4,WAS,ATL,pass,1.7665961931925267,WAS,ATL,archive:asset:299770475:sha256:0b04ffcee75f07c5a1cec292d7b485ec3222bbbcb65f7d5866fcd81b802b9d9b:week:4
2025_04_WAS_ATL,3420.0,2025,4,WAS,ATL,run,0.725056131137535,WAS,ATL,archive:asset:299770475:sha256:0b04ffcee75f07c5a1cec292d7b485ec3222bbbcb65f7d5866fcd81b802b9d9b:week:4
2025_04_WAS_ATL,3445.0,2025,4,WAS,ATL,run,0.41107997205108404,WAS,ATL,archive:asset:299770475:sha256:0b04ffcee75f07c5a1cec292d7b485ec3222bbbcb65f7d5866fcd81b802b9d9b:week:4
2025_04_WAS_ATL,3472.0,2025,4,WAS,ATL,no_play,0.014632315840572119,WAS,ATL,archive:asset:299770475:sha256:0b04ffcee75f07c5a1cec292d7b485ec3222bbbcb65f7d5866fcd81b802b9d9b:week:4
2025_04_WAS_ATL,3508.0,2025,4,WAS,ATL,run,0.27837023738538846,WAS,ATL,archive:asset:299770475:sha256:0b04ffcee75f07c5a1cec292d7b485ec3222bbbcb65f7d5866fcd81b802b9d9b:week:4
2025_04_WAS_ATL,3530.0,2025,4,WAS,ATL,run,0.0315982581814751,WAS,ATL,archive:asset:299770475:sha256:0b04ffcee75f07c5a1cec292d7b485ec3222bbbcb65f7d5866fcd81b802b9d9b:week:4
2025_04_WAS_ATL,3554.0,2025,4,WAS,ATL,run,-1.6578776902751997,WAS,ATL,archive:asset:299770475:sha256:0b04ffcee75f07c5a1cec292d7b485ec3222bbbcb65f7d5866fcd81b802b9d9b:week:4
2025_04_WAS_ATL,3578.0,2025,4,WAS,ATL,pass,4.501161148829851,WAS,ATL,archive:asset:299770475:sha256:0b04ffcee75f07c5a1cec292d7b485ec3222bbbcb65f7d5866fcd81b802b9d9b:week:4
2025_04_WAS_ATL,3604.0,2025,4,WAS,ATL,pass,1.053,WAS,ATL,archive:asset:299770475:sha256:0b04ffcee75f07c5a1cec292d7b485ec3222bbbcb65f7d5866fcd81b802b9d9b:week:4
2025_04_WAS_ATL,3617.0,2025,4,ATL,WAS,kickoff,-0.21435429248958826,ATL,WAS,archive:asset:299770475:sha256:0b04ffcee75f07c5a1cec292d7b485ec3222bbbcb65f7d5866fcd81b802b9d9b:week:4
2025_04_WAS_ATL,3647.0,2025,4,ATL,WAS,run,0.025551513768732548,ATL,WAS,archive:asset:299770475:sha256:0b04ffcee75f07c5a1cec292d7b485ec3222bbbcb65f7d5866fcd81b802b9d9b:week:4
2025_04_WAS_ATL,3669.0,2025,4,ATL,WAS,run,-0.4432055074721575,ATL,WAS,archive:asset:299770475:sha256:0b04ffcee75f07c5a1cec292d7b485ec3222bbbcb65f7d5866fcd81b802b9d9b:week:4
2025_04_WAS_ATL,3691.0,2025,4,ATL,WAS,run,0.9444261123426259,ATL,WAS,archive:asset:299770475:sha256:0b04ffcee75f07c5a1cec292d7b485ec3222bbbcb65f7d5866fcd81b802b9d9b:week:4
2025_04_WAS_ATL,3723.0,2025,4,ATL,WAS,run,-0.31540611083619297,ATL,WAS,archive:asset:299770475:sha256:0b04ffcee75f07c5a1cec292d7b485ec3222bbbcb65f7d5866fcd81b802b9d9b:week:4
2025_04_WAS_ATL,3745.0,2025,4,ATL,WAS,run,-0.5940656142774969,ATL,WAS,archive:asset:299770475:sha256:0b04ffcee75f07c5a1cec292d7b485ec3222bbbcb65f7d5866fcd81b802b9d9b:week:4
2025_04_WAS_ATL,3767.0,2025,4,ATL,WAS,pass,2.4832082199282013,ATL,WAS,archive:asset:299770475:sha256:0b04ffcee75f07c5a1cec292d7b485ec3222bbbcb65f7d5866fcd81b802b9d9b:week:4
2025_04_WAS_ATL,3808.0,2025,4,ATL,WAS,run,-0.33250307774869725,ATL,WAS,archive:asset:299770475:sha256:0b04ffcee75f07c5a1cec292d7b485ec3222bbbcb65f7d5866fcd81b802b9d9b:week:4
2025_04_WAS_ATL,3832.0,2025,4,ATL,WAS,run,-0.7790859608794563,ATL,WAS,archive:asset:299770475:sha256:0b04ffcee75f07c5a1cec292d7b485ec3222bbbcb65f7d5866fcd81b802b9d9b:week:4
2025_04_WAS_ATL,3854.0,2025,4,ATL,WAS,pass,1.6716446887585334,ATL,WAS,archive:asset:299770475:sha256:0b04ffcee75f07c5a1cec292d7b485ec3222bbbcb65f7d5866fcd81b802b9d9b:week:4
2025_04_WAS_ATL,3889.0,2025,4,ATL,WAS,run,1.0769424422178417,ATL,WAS,archive:asset:299770475:sha256:0b04ffcee75f07c5a1cec292d7b485ec3222bbbcb65f7d5866fcd81b802b9d9b:week:4
2025_04_WAS_ATL,3923.0,2025,4,,,no_play,0.0,,,archive:asset:299770475:sha256:0b04ffcee75f07c5a1cec292d7b485ec3222bbbcb65f7d5866fcd81b802b9d9b:week:4
2025_04_WAS_ATL,3911.0,2025,4,ATL,WAS,run,-0.9699769825674593,ATL,WAS,archive:asset:299770475:sha256:0b04ffcee75f07c5a1cec292d7b485ec3222bbbcb65f7d5866fcd81b802b9d9b:week:4
2025_04_WAS_ATL,3952.0,2025,4,,,no_play,0.0,,,archive:asset:299770475:sha256:0b04ffcee75f07c5a1cec292d7b485ec3222bbbcb65f7d5866fcd81b802b9d9b:week:4
2025_04_WAS_ATL,3940.0,2025,4,ATL,WAS,run,-0.495933496276848,ATL,WAS,archive:asset:299770475:sha256:0b04ffcee75f07c5a1cec292d7b485ec3222bbbcb65f7d5866fcd81b802b9d9b:week:4
2025_04_WAS_ATL,3969.0,2025,4,ATL,WAS,run,-0.6355685919623619,ATL,WAS,archive:asset:299770475:sha256:0b04ffcee75f07c5a1cec292d7b485ec3222bbbcb65f7d5866fcd81b802b9d9b:week:4
2025_04_WAS_ATL,3991.0,2025,4,ATL,WAS,field_goal,0.09222288810254842,ATL,WAS,archive:asset:299770475:sha256:0b04ffcee75f07c5a1cec292d7b485ec3222bbbcb65f7d5866fcd81b802b9d9b:week:4
2025_04_WAS_ATL,4028.0,2025,4,WAS,ATL,kickoff,0.5857163857435808,WAS,ATL,archive:asset:299770475:sha256:0b04ffcee75f07c5a1cec292d7b485ec3222bbbcb65f7d5866fcd81b802b9d9b:week:4
2025_04_WAS_ATL,4052.0,2025,4,WAS,ATL,pass,-0.505397716187872,WAS,ATL,archive:asset:299770475:sha256:0b04ffcee75f07c5a1cec292d7b485ec3222bbbcb65f7d5866fcd81b802b9d9b:week:4
2025_04_WAS_ATL,4075.0,2025,4,WAS,ATL,no_play,2.012619142769836,WAS,ATL,archive:asset:299770475:sha256:0b04ffcee75f07c5a1cec292d7b485ec3222bbbcb65f7d5866fcd81b802b9d9b:week:4
2025_04_WAS_ATL,4121.0,2025,4,,,no_play,-0.0,,,archive:asset:299770475:sha256:0b04ffcee75f07c5a1cec292d7b485ec3222bbbcb65f7d5866fcd81b802b9d9b:week:4
2025_04_WAS_ATL,4109.0,2025,4,WAS,ATL,pass,0.9106646883883514,WAS,ATL,archive:asset:299770475:sha256:0b04ffcee75f07c5a1cec292d7b485ec3222bbbcb65f7d5866fcd81b802b9d9b:week:4
2025_04_WAS_ATL,4141.0,2025,4,WAS,ATL,qb_spike,-1.9591426997666237,WAS,ATL,archive:asset:299770475:sha256:0b04ffcee75f07c5a1cec292d7b485ec3222bbbcb65f7d5866fcd81b802b9d9b:week:4
2025_04_WAS_ATL,4164.0,2025,4,WAS,ATL,field_goal,0.7219436715694134,WAS,ATL,archive:asset:299770475:sha256:0b04ffcee75f07c5a1cec292d7b485ec3222bbbcb65f7d5866fcd81b802b9d9b:week:4
2025_04_WAS_ATL,4184.0,2025,4,ATL,WAS,kickoff,0.7929861762677319,ATL,WAS,archive:asset:299770475:sha256:0b04ffcee75f07c5a1cec292d7b485ec3222bbbcb65f7d5866fcd81b802b9d9b:week:4
2025_04_WAS_ATL,4207.0,2025,4,ATL,WAS,qb_kneel,-0.4921441945480183,ATL,WAS,archive:asset:299770475:sha256:0b04ffcee75f07c5a1cec292d7b485ec3222bbbcb65f7d5866fcd81b802b9d9b:week:4
2025_04_WAS_ATL,4229.0,2025,4,ATL,WAS,qb_kneel,-0.3872243140358478,ATL,WAS,archive:asset:299770475:sha256:0b04ffcee75f07c5a1cec292d7b485ec3222bbbcb65f7d5866fcd81b802b9d9b:week:4
2025_04_WAS_ATL,4251.0,2025,4,ATL,WAS,qb_kneel,-0.7150233894935809,ATL,WAS,archive:asset:299770475:sha256:0b04ffcee75f07c5a1cec292d7b485ec3222bbbcb65f7d5866fcd81b802b9d9b:week:4
2025_04_WAS_ATL,4273.0,2025,4,ATL,WAS,,,ATL,WAS,archive:asset:299770475:sha256:0b04ffcee75f07c5a1cec292d7b485ec3222bbbcb65f7d5866fcd81b802b9d9b:week:4
2025_05_DAL_NYJ,1.0,2025,5,,,,0.0,,,archive:asset:302374075:sha256:14a594b86b207508b89a42755f624c241e6ceef516d859a4b6bd2c4a5a7b472c:week:5
2025_05_DAL_NYJ,39.0,2025,5,NYJ,DAL,kickoff,0.125540817854926,NYJ,DAL,archive:asset:302374075:sha256:14a594b86b207508b89a42755f624c241e6ceef516d859a4b6bd2c4a5a7b472c:week:5
2025_05_DAL_NYJ,62.0,2025,5,NYJ,DAL,pass,-0.25838074390776455,NYJ,DAL,archive:asset:302374075:sha256:14a594b86b207508b89a42755f624c241e6ceef516d859a4b6bd2c4a5a7b472c:week:5
2025_05_DAL_NYJ,87.0,2025,5,NYJ,DAL,run,-0.4941866132430732,NYJ,DAL,archive:asset:302374075:sha256:14a594b86b207508b89a42755f624c241e6ceef516d859a4b6bd2c4a5a7b472c:week:5
2025_05_DAL_NYJ,109.0,2025,5,NYJ,DAL,pass,2.1760981269180775,NYJ,DAL,archive:asset:302374075:sha256:14a594b86b207508b89a42755f624c241e6ceef516d859a4b6bd2c4a5a7b472c:week:5
2025_05_DAL_NYJ,139.0,2025,5,NYJ,DAL,pass,0.3854663874953985,NYJ,DAL,archive:asset:302374075:sha256:14a594b86b207508b89a42755f624c241e6ceef516d859a4b6bd2c4a5a7b472c:week:5
2025_05_DAL_NYJ,164.0,2025,5,NYJ,DAL,run,-0.4090354894287884,NYJ,DAL,archive:asset:302374075:sha256:14a594b86b207508b89a42755f624c241e6ceef516d859a4b6bd2c4a5a7b472c:week:5
2025_05_DAL_NYJ,186.0,2025,5,NYJ,DAL,run,1.8579446648946032,NYJ,DAL,archive:asset:302374075:sha256:14a594b86b207508b89a42755f624c241e6ceef516d859a4b6bd2c4a5a7b472c:week:5
2025_05_DAL_NYJ,213.0,2025,5,NYJ,DAL,pass,-0.4633749759523198,NYJ,DAL,archive:asset:302374075:sha256:14a594b86b207508b89a42755f624c241e6ceef516d859a4b6bd2c4a5a7b472c:week:5
2025_05_DAL_NYJ,236.0,2025,5,NYJ,DAL,run,-0.2135732391034253,NYJ,DAL,archive:asset:302374075:sha256:14a594b86b207508b89a42755f624c241e6ceef516d859a4b6bd2c4a5a7b472c:week:5
2025_05_DAL_NYJ,258.0,2025,5,NYJ,DAL,no_play,0.8172065809485503,NYJ,DAL,archive:asset:302374075:sha256:14a594b86b207508b89a42755f624c241e6ceef516d859a4b6bd2c4a5a7b472c:week:5
2025_05_DAL_NYJ,282.0,2025,5,NYJ,DAL,run,0.2892643251689151,NYJ,DAL,archive:asset:302374075:sha256:14a594b86b207508b89a42755f624c241e6ceef516d859a4b6bd2c4a5a7b472c:week:5
2025_05_DAL_NYJ,304.0,2025,5,NYJ,DAL,run,0.0010882188798859715,NYJ,DAL,archive:asset:302374075:sha256:14a594b86b207508b89a42755f624c241e6ceef516d859a4b6bd2c4a5a7b472c:week:5
2025_05_DAL_NYJ,331.0,2025,5,NYJ,DAL,no_play,0.5828644807334058,NYJ,DAL,archive:asset:302374075:sha256:14a594b86b207508b89a42755f624c241e6ceef516d859a4b6bd2c4a5a7b472c:week:5
2025_05_DAL_NYJ,364.0,2025,5,NYJ,DAL,run,-1.5704019861877896,NYJ,DAL,archive:asset:302374075:sha256:14a594b86b207508b89a42755f624c241e6ceef516d859a4b6bd2c4a5a7b472c:week:5
2025_05_DAL_NYJ,386.0,2025,5,NYJ,DAL,pass,-1.3823820485824063,NYJ,DAL,archive:asset:302374075:sha256:14a594b86b207508b89a42755f624c241e6ceef516d859a4b6bd2c4a5a7b472c:week:5
2025_05_DAL_NYJ,409.0,2025,5,NYJ,DAL,field_goal,0.08176372566700874,NYJ,DAL,archive:asset:302374075:sha256:14a594b86b207508b89a42755f624c241e6ceef516d859a4b6bd2c4a5a7b472c:week:5
2025_05_DAL_NYJ,429.0,2025,5,DAL,NYJ,kickoff,0.5484487102366984,DAL,NYJ,archive:asset:302374075:sha256:14a594b86b207508b89a42755f624c241e6ceef516d859a4b6bd2c4a5a7b472c:week:5
2025_05_DAL_NYJ,458.0,2025,5,DAL,NYJ,run,-0.5617506429553032,DAL,NYJ,archive:asset:302374075:sha256:14a594b86b207508b89a42755f624c241e6ceef516d859a4b6bd2c4a5a7b472c:week:5
2025_05_DAL_NYJ,480.0,2025,5,DAL,NYJ,pass,-0.16779119661077857,DAL,NYJ,archive:asset:302374075:sha256:14a594b86b207508b89a42755f624c241e6ceef516d859a4b6bd2c4a5a7b472c:week:5
2025_05_DAL_NYJ,505.0,2025,5,DAL,NYJ,pass,3.847370162489824,DAL,NYJ,archive:asset:302374075:sha256:14a594b86b207508b89a42755f624c241e6ceef516d859a4b6bd2c4a5a7b472c:week:5
2025_05_DAL_NYJ,530.0,2025,5,DAL,NYJ,pass,-0.4836734657874331,DAL,NYJ,archive:asset:302374075:sha256:14a594b86b207508b89a42755f624c241e6ceef516d859a4b6bd2c4a5a7b472c:week:5
2025_05_DAL_NYJ,553.0,2025,5,DAL,NYJ,run,-0.3318617196637206,DAL,NYJ,archive:asset:302374075:sha256:14a594b86b207508b89a42755f624c241e6ceef516d859a4b6bd2c4a5a7b472c:week:5
2025_05_DAL_NYJ,575.0,2025,5,DAL,NYJ,pass,-0.9916159426301343,DAL,NYJ,archive:asset:302374075:sha256:14a594b86b207508b89a42755f624c241e6ceef516d859a4b6bd2c4a5a7b472c:week:5
2025_05_DAL_NYJ,598.0,2025,5,DAL,NYJ,field_goal,0.2771537677707707,DAL,NYJ,archive:asset:302374075:sha256:14a594b86b207508b89a42755f624c241e6ceef516d859a4b6bd2c4a5a7b472c:week:5
2025_05_DAL_NYJ,618.0,2025,5,NYJ,DAL,kickoff,0.028749697841703892,NYJ,DAL,archive:asset:302374075:sha256:14a594b86b207508b89a42755f624c241e6ceef516d859a4b6bd2c4a5a7b472c:week:5
2025_05_DAL_NYJ,648.0,2025,5,NYJ,DAL,run,1.0081776673905551,NYJ,DAL,archive:asset:302374075:sha256:14a594b86b207508b89a42755f624c241e6ceef516d859a4b6bd2c4a5a7b472c:week:5
2025_05_DAL_NYJ,670.0,2025,5,NYJ,DAL,pass,0.5894775500055403,NYJ,DAL,archive:asset:302374075:sha256:14a594b86b207508b89a42755f624c241e6ceef516d859a4b6bd2c4a5a7b472c:week:5
2025_05_DAL_NYJ,700.0,2025,5,NYJ,DAL,run,-0.05276035005226731,NYJ,DAL,archive:asset:302374075:sha256:14a594b86b207508b89a42755f624c241e6ceef516d859a4b6bd2c4a5a7b472c:week:5
2025_05_DAL_NYJ,722.0,2025,5,NYJ,DAL,pass,-0.805996839189902,NYJ,DAL,archive:asset:302374075:sha256:14a594b86b207508b89a42755f624c241e6ceef516d859a4b6bd2c4a5a7b472c:week:5
2025_05_DAL_NYJ,745.0,2025,5,NYJ,DAL,pass,-1.681109741795808,NYJ,DAL,archive:asset:302374075:sha256:14a594b86b207508b89a42755f624c241e6ceef516d859a4b6bd2c4a5a7b472c:week:5
2025_05_DAL_NYJ,768.0,2025,5,NYJ,DAL,punt,-0.3071004832163453,NYJ,DAL,archive:asset:302374075:sha256:14a594b86b207508b89a42755f624c241e6ceef516d859a4b6bd2c4a5a7b472c:week:5
2025_05_DAL_NYJ,788.0,2025,5,DAL,NYJ,no_play,0.6373137773480266,DAL,NYJ,archive:asset:302374075:sha256:14a594b86b207508b89a42755f624c241e6ceef516d859a4b6bd2c4a5a7b472c:week:5
2025_05_DAL_NYJ,819.0,2025,5,DAL,NYJ,run,0.21269723027944565,DAL,NYJ,archive:asset:302374075:sha256:14a594b86b207508b89a42755f624c241e6ceef516d859a4b6bd2c4a5a7b472c:week:5
2025_05_DAL_NYJ,841.0,2025,5,DAL,NYJ,run,-0.15559794707223773,DAL,NYJ,archive:asset:302374075:sha256:14a594b86b207508b89a42755f624c241e6ceef516d859a4b6bd2c4a5a7b472c:week:5
2025_05_DAL_NYJ,863.0,2025,5,DAL,NYJ,pass,0.9529807642102242,DAL,NYJ,archive:asset:302374075:sha256:14a594b86b207508b89a42755f624c241e6ceef516d859a4b6bd2c4a5a7b472c:week:5
2025_05_DAL_NYJ,888.0,2025,5,DAL,NYJ,pass,-0.5395122733898461,DAL,NYJ,archive:asset:302374075:sha256:14a594b86b207508b89a42755f624c241e6ceef516d859a4b6bd2c4a5a7b472c:week:5
2025_05_DAL_NYJ,911.0,2025,5,DAL,NYJ,run,-0.30022533144801855,DAL,NYJ,archive:asset:302374075:sha256:14a594b86b207508b89a42755f624c241e6ceef516d859a4b6bd2c4a5a7b472c:week:5
2025_05_DAL_NYJ,933.0,2025,5,DAL,NYJ,pass,2.106336155673489,DAL,NYJ,archive:asset:302374075:sha256:14a594b86b207508b89a42755f624c241e6ceef516d859a4b6bd2c4a5a7b472c:week:5
2025_05_DAL_NYJ,958.0,2025,5,DAL,NYJ,,-0.0,DAL,NYJ,archive:asset:302374075:sha256:14a594b86b207508b89a42755f624c241e6ceef516d859a4b6bd2c4a5a7b472c:week:5
2025_05_DAL_NYJ,978.0,2025,5,DAL,NYJ,run,-0.5178532658610493,DAL,NYJ,archive:asset:302374075:sha256:14a594b86b207508b89a42755f624c241e6ceef516d859a4b6bd2c4a5a7b472c:week:5
2025_05_DAL_NYJ,1000.0,2025,5,DAL,NYJ,pass,-1.1459521900396794,DAL,NYJ,archive:asset:302374075:sha256:14a594b86b207508b89a42755f624c241e6ceef516d859a4b6bd2c4a5a7b472c:week:5
2025_05_DAL_NYJ,1035.0,2025,5,,,no_play,-0.0,,,archive:asset:302374075:sha256:14a594b86b207508b89a42755f624c241e6ceef516d859a4b6bd2c4a5a7b472c:week:5
2025_05_DAL_NYJ,1023.0,2025,5,DAL,NYJ,pass,2.1133783515542746,DAL,NYJ,archive:asset:302374075:sha256:14a594b86b207508b89a42755f624c241e6ceef516d859a4b6bd2c4a5a7b472c:week:5
2025_05_DAL_NYJ,1055.0,2025,5,DAL,NYJ,run,0.3290196208981797,DAL,NYJ,archive:asset:302374075:sha256:14a594b86b207508b89a42755f624c241e6ceef516d859a4b6bd2c4a5a7b472c:week:5
2025_05_DAL_NYJ,1077.0,2025,5,DAL,NYJ,pass,-0.08910477871540934,DAL,NYJ,archive:asset:302374075:sha256:14a594b86b207508b89a42755f624c241e6ceef516d859a4b6bd2c4a5a7b472c:week:5
2025_05_DAL_NYJ,1102.0,2025,5,DAL,NYJ,run,0.5693461613263935,DAL,NYJ,archive:asset:302374075:sha256:14a594b86b207508b89a42755f624c241e6ceef516d859a4b6bd2c4a5a7b472c:week:5
2025_05_DAL_NYJ,1124.0,2025,5,DAL,NYJ,pass,3.0143261218909174,DAL,NYJ,archive:asset:302374075:sha256:14a594b86b207508b89a42755f624c241e6ceef516d859a4b6bd2c4a5a7b472c:week:5
2025_05_DAL_NYJ,1150.0,2025,5,DAL,NYJ,no_play,-0.0,DAL,NYJ,archive:asset:302374075:sha256:14a594b86b207508b89a42755f624c241e6ceef516d859a4b6bd2c4a5a7b472c:week:5
2025_05_DAL_NYJ,1165.0,2025,5,DAL,NYJ,no_play,-0.0,DAL,NYJ,archive:asset:302374075:sha256:14a594b86b207508b89a42755f624c241e6ceef516d859a4b6bd2c4a5a7b472c:week:5
2025_05_DAL_NYJ,1225.0,2025,5,DAL,NYJ,extra_point,0.06757300310763314,DAL,NYJ,archive:asset:302374075:sha256:14a594b86b207508b89a42755f624c241e6ceef516d859a4b6bd2c4a5a7b472c:week:5
2025_05_DAL_NYJ,1240.0,2025,5,NYJ,DAL,kickoff,0.8924144031479955,NYJ,DAL,archive:asset:302374075:sha256:14a594b86b207508b89a42755f624c241e6ceef516d859a4b6bd2c4a5a7b472c:week:5
2025_05_DAL_NYJ,1274.0,2025,5,NYJ,DAL,run,0.013090810272842646,NYJ,DAL,archive:asset:302374075:sha256:14a594b86b207508b89a42755f624c241e6ceef516d859a4b6bd2c4a5a7b472c:week:5
2025_05_DAL_NYJ,1296.0,2025,5,NYJ,DAL,pass,-2.2251587654463947,NYJ,DAL,archive:asset:302374075:sha256:14a594b86b207508b89a42755f624c241e6ceef516d859a4b6bd2c4a5a7b472c:week:5
2025_05_DAL_NYJ,1328.0,2025,5,NYJ,DAL,pass,-1.4597681718878448,NYJ,DAL,archive:asset:302374075:sha256:14a594b86b207508b89a42755f624c241e6ceef516d859a4b6bd2c4a5a7b472c:week:5
2025_05_DAL_NYJ,1348.0,2025,5,NYJ,DAL,punt,0.3597042553592473,NYJ,DAL,archive:asset:302374075:sha256:14a594b86b207508b89a42755f624c241e6ceef516d859a4b6bd2c4a5a7b472c:week:5
2025_05_DAL_NYJ,1374.0,2025,5,DAL,NYJ,pass,-0.5501736516598612,DAL,NYJ,archive:asset:302374075:sha256:14a594b86b207508b89a42755f624c241e6ceef516d859a4b6bd2c4a5a7b472c:week:5
2025_05_DAL_NYJ,1404.0,2025,5,DAL,NYJ,pass,-0.6675296272151172,DAL,NYJ,archive:asset:302374075:sha256:14a594b86b207508b89a42755f624c241e6ceef516d859a4b6bd2c4a5a7b472c:week:5
2025_05_DAL_NYJ,1429.0,2025,5,DAL,NYJ,pass,-1.0452366196550429,DAL,NYJ,archive:asset:302374075:sha256:14a594b86b207508b89a42755f624c241e6ceef516d859a4b6bd2c4a5a7b472c:week:5
2025_05_DAL_NYJ,1454.0,2025,5,DAL,NYJ,punt,-0.4872317716944963,DAL,NYJ,archive:asset:302374075:sha256:14a594b86b207508b89a42755f624c241e6ceef516d859a4b6bd2c4a5a7b472c:week:5
2025_05_DAL_NYJ,1480.0,2025,5,NYJ,DAL,run,1.1443910307716578,NYJ,DAL,archive:asset:302374075:sha256:14a594b86b207508b89a42755f624c241e6ceef516d859a4b6bd2c4a5a7b472c:week:5
2025_05_DAL_NYJ,1521.0,2025,5,NYJ,DAL,no_play,-0.5589901078492403,NYJ,DAL,archive:asset:302374075:sha256:14a594b86b207508b89a42755f624c241e6ceef516d859a4b6bd2c4a5a7b472c:week:5
2025_05_DAL_NYJ,1545.0,2025,5,NYJ,DAL,pass,0.27839014143683016,NYJ,DAL,archive:asset:302374075:sha256:14a594b86b207508b89a42755f624c241e6ceef516d859a4b6bd2c4a5a7b472c:week:5
2025_05_DAL_NYJ,1570.0,2025,5,NYJ,DAL,pass,-0.6588994935154915,NYJ,DAL,archive:asset:302374075:sha256:14a594b86b207508b89a42755f624c241e6ceef516d859a4b6bd2c4a5a7b472c:week:5
2025_05_DAL_NYJ,1593.0,2025,5,NYJ,DAL,pass,1.6915021324530244,NYJ,DAL,archive:asset:302374075:sha256:14a594b86b207508b89a42755f624c241e6ceef516d859a4b6bd2c4a5a7b472c:week:5
2025_05_DAL_NYJ,1618.0,2025,5,NYJ,DAL,no_play,-1.0483515867963433,NYJ,DAL,archive:asset:302374075:sha256:14a594b86b207508b89a42755f624c241e6ceef516d859a4b6bd2c4a5a7b472c:week:5
2025_05_DAL_NYJ,1659.0,2025,5,NYJ,DAL,no_play,0.3447504772339016,NYJ,DAL,archive:asset:302374075:sha256:14a594b86b207508b89a42755f624c241e6ceef516d859a4b6bd2c4a5a7b472c:week:5
2025_05_DAL_NYJ,1695.0,2025,5,NYJ,DAL,no_play,-0.4394119252683595,NYJ,DAL,archive:asset:302374075:sha256:14a594b86b207508b89a42755f624c241e6ceef516d859a4b6bd2c4a5a7b472c:week:5
2025_05_DAL_NYJ,1731.0,2025,5,NYJ,DAL,pass,0.6985575336148031,NYJ,DAL,archive:asset:302374075:sha256:14a594b86b207508b89a42755f624c241e6ceef516d859a4b6bd2c4a5a7b472c:week:5
2025_05_DAL_NYJ,1756.0,2025,5,NYJ,DAL,pass,0.47527141094906256,NYJ,DAL,archive:asset:302374075:sha256:14a594b86b207508b89a42755f624c241e6ceef516d859a4b6bd2c4a5a7b472c:week:5
2025_05_DAL_NYJ,1781.0,2025,5,NYJ,DAL,run,0.31124292023014277,NYJ,DAL,archive:asset:302374075:sha256:14a594b86b207508b89a42755f624c241e6ceef516d859a4b6bd2c4a5a7b472c:week:5
2025_05_DAL_NYJ,1803.0,2025,5,NYJ,DAL,run,-4.134426242322661,NYJ,DAL,archive:asset:302374075:sha256:14a594b86b207508b89a42755f624c241e6ceef516d859a4b6bd2c4a5a7b472c:week:5
2025_05_DAL_NYJ,1844.0,2025,5,DAL,NYJ,no_play,-0.4935198335442692,DAL,NYJ,archive:asset:302374075:sha256:14a594b86b207508b89a42755f624c241e6ceef516d859a4b6bd2c4a5a7b472c:week:5
2025_05_DAL_NYJ,1884.0,2025,5,DAL,NYJ,run,0.04271826287731528,DAL,NYJ,archive:asset:302374075:sha256:14a594b86b207508b89a42755f624c241e6ceef516d859a4b6bd2c4a5a7b472c:week:5
2025_05_DAL_NYJ,1925.0,2025,5,,,no_play,-0.0,,,archive:asset:302374075:sha256:14a594b86b207508b89a42755f624c241e6ceef516d859a4b6bd2c4a5a7b472c:week:5
2025_05_DAL_NYJ,1913.0,2025,5,DAL,NYJ,pass,0.8604172960622236,DAL,NYJ,archive:asset:302374075:sha256:14a594b86b207508b89a42755f624c241e6ceef516d859a4b6bd2c4a5a7b472c:week:5
2025_05_DAL_NYJ,1945.0,2025,5,DAL,NYJ,pass,-0.16257119993679225,DAL,NYJ,archive:asset:302374075:sha256:14a594b86b207508b89a42755f624c241e6ceef516d859a4b6bd2c4a5a7b472c:week:5
2025_05_DAL_NYJ,1968.0,2025,5,DAL,NYJ,run,0.8956239083781838,DAL,NYJ,archive:asset:302374075:sha256:14a594b86b207508b89a42755f624c241e6ceef516d859a4b6bd2c4a5a7b472c:week:5
2025_05_DAL_NYJ,2001.0,2025,5,DAL,NYJ,pass,3.1113467900431715,DAL,NYJ,archive:asset:302374075:sha256:14a594b86b207508b89a42755f624c241e6ceef516d859a4b6bd2c4a5a7b472c:week:5
2025_05_DAL_NYJ,2037.0,2025,5,DAL,NYJ,run,0.9556771627976559,DAL,NYJ,archive:asset:302374075:sha256:14a594b86b207508b89a42755f624c241e6ceef516d859a4b6bd2c4a5a7b472c:week:5
2025_05_DAL_NYJ,2071.0,2025,5,,,no_play,-0.0,,,archive:asset:302374075:sha256:14a594b86b207508b89a42755f624c241e6ceef516d859a4b6bd2c4a5a7b472c:week:5
2025_05_DAL_NYJ,2059.0,2025,5,DAL,NYJ,run,1.670327762956731,DAL,NYJ,archive:asset:302374075:sha256:14a594b86b207508b89a42755f624c241e6ceef516d859a4b6bd2c4a5a7b472c:week:5
2025_05_DAL_NYJ,2089.0,2025,5,DAL,NYJ,extra_point,0.06757300310763314,DAL,NYJ,archive:asset:302374075:sha256:14a594b86b207508b89a42755f624c241e6ceef516d859a4b6bd2c4a5a7b472c:week:5
2025_05_DAL_NYJ,2104.0,2025,5,NYJ,DAL,kickoff,-0.2049071629298851,NYJ,DAL,archive:asset:302374075:sha256:14a594b86b207508b89a42755f624c241e6ceef516d859a4b6bd2c4a5a7b472c:week:5
2025_05_DAL_NYJ,2145.0,2025,5,NYJ,DAL,pass,-0.20538079406833276,NYJ,DAL,archive:asset:302374075:sha256:14a594b86b207508b89a42755f624c241e6ceef516d859a4b6bd2c4a5a7b472c:week:5
2025_05_DAL_NYJ,2168.0,2025,5,NYJ,DAL,pass,-0.4404328085365705,NYJ,DAL,archive:asset:302374075:sha256:14a594b86b207508b89a42755f624c241e6ceef516d859a4b6bd2c4a5a7b472c:week:5
2025_05_DAL_NYJ,2200.0,2025,5,,,no_play,0.0,,,archive:asset:302374075:sha256:14a594b86b207508b89a42755f624c241e6ceef516d859a4b6bd2c4a5a7b472c:week:5
2025_05_DAL_NYJ,2188.0,2025,5,NYJ,DAL,run,-0.022976284381002188,NYJ,DAL,archive:asset:302374075:sha256:14a594b86b207508b89a42755f624c241e6ceef516d859a4b6bd2c4a5a7b472c:week:5
2025_05_DAL_NYJ,2229.0,2025,5,,,no_play,0.0,,,archive:asset:302374075:sha256:14a594b86b207508b89a42755f624c241e6ceef516d859a4b6bd2c4a5a7b472c:week:5
2025_05_DAL_NYJ,2217.0,2025,5,NYJ,DAL,punt,-0.08617499927640893,NYJ,DAL,archive:asset:302374075:sha256:14a594b86b207508b89a42755f624c241e6ceef516d859a4b6bd2c4a5a7b472c:week:5
2025_05_DAL_NYJ,2244.0,2025,5,DAL,NYJ,run,5.234144608868519,DAL,NYJ,archive:asset:302374075:sha256:14a594b86b207508b89a42755f624c241e6ceef516d859a4b6bd2c4a5a7b472c:week:5
2025_05_DAL_NYJ,2271.0,2025,5,DAL,NYJ,pass,1.4526178559171967,DAL,NYJ,archive:asset:302374075:sha256:14a594b86b207508b89a42755f624c241e6ceef516d859a4b6bd2c4a5a7b472c:week:5
2025_05_DAL_NYJ,2308.0,2025,5,DAL,NYJ,extra_point,-0.7020713371864675,DAL,NYJ,archive:asset:302374075:sha256:14a594b86b207508b89a42755f624c241e6ceef516d859a4b6bd2c4a5a7b472c:week:5
2025_05_DAL_NYJ,2323.0,2025,5,NYJ,DAL,kickoff,-0.05222291359677911,NYJ,DAL,archive:asset:302374075:sha256:14a594b86b207508b89a42755f624c241e6ceef516d859a4b6bd2c4a5a7b472c:week:5
2025_05_DAL_NYJ,2346.0,2025,5,NYJ,DAL,qb_kneel,0.0,NYJ,DAL,archive:asset:302374075:sha256:14a594b86b207508b89a42755f624c241e6ceef516d859a4b6bd2c4a5a7b472c:week:5
2025_05_DAL_NYJ,2368.0,2025,5,,,,,,,archive:asset:302374075:sha256:14a594b86b207508b89a42755f624c241e6ceef516d859a4b6bd2c4a5a7b472c:week:5
2025_05_DAL_NYJ,2388.0,2025,5,DAL,NYJ,kickoff,0.7700849641114473,DAL,NYJ,archive:asset:302374075:sha256:14a594b86b207508b89a42755f624c241e6ceef516d859a4b6bd2c4a5a7b472c:week:5
2025_05_DAL_NYJ,2416.0,2025,5,DAL,NYJ,run,-0.5265582664869726,DAL,NYJ,archive:asset:302374075:sha256:14a594b86b207508b89a42755f624c241e6ceef516d859a4b6bd2c4a5a7b472c:week:5
2025_05_DAL_NYJ,2438.0,2025,5,DAL,NYJ,run,0.09206368098966777,DAL,NYJ,archive:asset:302374075:sha256:14a594b86b207508b89a42755f624c241e6ceef516d859a4b6bd2c4a5a7b472c:week:5
2025_05_DAL_NYJ,2460.0,2025,5,DAL,NYJ,pass,-1.8198882800061256,DAL,NYJ,archive:asset:302374075:sha256:14a594b86b207508b89a42755f624c241e6ceef516d859a4b6bd2c4a5a7b472c:week:5
2025_05_DAL_NYJ,2483.0,2025,5,DAL,NYJ,punt,-0.5173657317645848,DAL,NYJ,archive:asset:302374075:sha256:14a594b86b207508b89a42755f624c241e6ceef516d859a4b6bd2c4a5a7b472c:week:5
2025_05_DAL_NYJ,2509.0,2025,5,NYJ,DAL,run,1.3025660892017186,NYJ,DAL,archive:asset:302374075:sha256:14a594b86b207508b89a42755f624c241e6ceef516d859a4b6bd2c4a5a7b472c:week:5
2025_05_DAL_NYJ,2540.0,2025,5,NYJ,DAL,pass,0.21992174815386534,NYJ,DAL,archive:asset:302374075:sha256:14a594b86b207508b89a42755f624c241e6ceef516d859a4b6bd2c4a5a7b472c:week:5
2025_05_DAL_NYJ,2568.0,2025,5,NYJ,DAL,run,-1.5032428347039968,NYJ,DAL,archive:asset:302374075:sha256:14a594b86b207508b89a42755f624c241e6ceef516d859a4b6bd2c4a5a7b472c:week:5
2025_05_DAL_NYJ,2590.0,2025,5,NYJ,DAL,pass,-2.0926567369606346,NYJ,DAL,archive:asset:302374075:sha256:14a594b86b207508b89a42755f624c241e6ceef516d859a4b6bd2c4a5a7b472c:week:5
2025_05_DAL_NYJ,2610.0,2025,5,NYJ,DAL,punt,0.8275790428742766,NYJ,DAL,archive:asset:302374075:sha256:14a594b86b207508b89a42755f624c241e6ceef516d859a4b6bd2c4a5a7b472c:week:5
2025_05_DAL_NYJ,2641.0,2025,5,DAL,NYJ,run,-0.3992456770502031,DAL,NYJ,archive:asset:302374075:sha256:14a594b86b207508b89a42755f624c241e6ceef516d859a4b6bd2c4a5a7b472c:week:5
2025_05_DAL_NYJ,2670.0,2025,5,DAL,NYJ,run,0.5669378759339452,DAL,NYJ,archive:asset:302374075:sha256:14a594b86b207508b89a42755f624c241e6ceef516d859a4b6bd2c4a5a7b472c:week:5
2025_05_DAL_NYJ,2692.0,2025,5,DAL,NYJ,run,0.6881869225762784,DAL,NYJ,archive:asset:302374075:sha256:14a594b86b207508b89a42755f624c241e6ceef516d859a4b6bd2c4a5a7b472c:week:5
2025_05_DAL_NYJ,2714.0,2025,5,DAL,NYJ,pass,-0.5879720239900053,DAL,NYJ,archive:asset:302374075:sha256:14a594b86b207508b89a42755f624c241e6ceef516d859a4b6bd2c4a5a7b472c:week:5
2025_05_DAL_NYJ,2737.0,2025,5,DAL,NYJ,run,-0.6997422487474978,DAL,NYJ,archive:asset:302374075:sha256:14a594b86b207508b89a42755f624c241e6ceef516d859a4b6bd2c4a5a7b472c:week:5
2025_05_DAL_NYJ,2759.0,2025,5,DAL,NYJ,pass,-1.3258053618483245,DAL,NYJ,archive:asset:302374075:sha256:14a594b86b207508b89a42755f624c241e6ceef516d859a4b6bd2c4a5a7b472c:week:5
2025_05_DAL_NYJ,2782.0,2025,5,DAL,NYJ,punt,-0.1914917128160596,DAL,NYJ,archive:asset:302374075:sha256:14a594b86b207508b89a42755f624c241e6ceef516d859a4b6bd2c4a5a7b472c:week:5
2025_05_DAL_NYJ,2808.0,2025,5,NYJ,DAL,pass,0.803260904038325,NYJ,DAL,archive:asset:302374075:sha256:14a594b86b207508b89a42755f624c241e6ceef516d859a4b6bd2c4a5a7b472c:week:5
2025_05_DAL_NYJ,2840.0,2025,5,NYJ,DAL,run,-0.10744032403454185,NYJ,DAL,archive:asset:302374075:sha256:14a594b86b207508b89a42755f624c241e6ceef516d859a4b6bd2c4a5a7b472c:week:5
2025_05_DAL_NYJ,2862.0,2025,5,NYJ,DAL,pass,-0.4816775433719158,NYJ,DAL,archive:asset:302374075:sha256:14a594b86b207508b89a42755f624c241e6ceef516d859a4b6bd2c4a5a7b472c:week:5
2025_05_DAL_NYJ,2885.0,2025,5,NYJ,DAL,pass,-0.028997671091929078,NYJ,DAL,archive:asset:302374075:sha256:14a594b86b207508b89a42755f624c241e6ceef516d859a4b6bd2c4a5a7b472c:week:5
2025_05_DAL_NYJ,2910.0,2025,5,NYJ,DAL,pass,-0.9393335324712098,NYJ,DAL,archive:asset:302374075:sha256:14a594b86b207508b89a42755f624c241e6ceef516d859a4b6bd2c4a5a7b472c:week:5
2025_05_DAL_NYJ,2935.0,2025,5,NYJ,DAL,pass,-3.540639827027917,NYJ,DAL,archive:asset:302374075:sha256:14a594b86b207508b89a42755f624c241e6ceef516d859a4b6bd2c4a5a7b472c:week:5
2025_05_DAL_NYJ,2958.0,2025,5,DAL,NYJ,run,0.5156503494363278,DAL,NYJ,archive:asset:302374075:sha256:14a594b86b207508b89a42755f624c241e6ceef516d859a4b6bd2c4a5a7b472c:week:5
2025_05_DAL_NYJ,2987.0,2025,5,DAL,NYJ,pass,4.124262457480654,DAL,NYJ,archive:asset:302374075:sha256:14a594b86b207508b89a42755f624c241e6ceef516d859a4b6bd2c4a5a7b472c:week:5
2025_05_DAL_NYJ,3013.0,2025,5,DAL,NYJ,extra_point,0.06757300310763314,DAL,NYJ,archive:asset:302374075:sha256:14a594b86b207508b89a42755f624c241e6ceef516d859a4b6bd2c4a5a7b472c:week:5
2025_05_DAL_NYJ,3028.0,2025,5,NYJ,DAL,kickoff,0.030147024895995855,NYJ,DAL,archive:asset:302374075:sha256:14a594b86b207508b89a42755f624c241e6ceef516d859a4b6bd2c4a5a7b472c:week:5
2025_05_DAL_NYJ,3051.0,2025,5,NYJ,DAL,pass,1.5819732353556901,NYJ,DAL,archive:asset:302374075:sha256:14a594b86b207508b89a42755f624c241e6ceef516d859a4b6bd2c4a5a7b472c:week:5
2025_05_DAL_NYJ,3076.0,2025,5,NYJ,DAL,pass,1.658658993546851,NYJ,DAL,archive:asset:302374075:sha256:14a594b86b207508b89a42755f624c241e6ceef516d859a4b6bd2c4a5a7b472c:week:5
2025_05_DAL_NYJ,3112.0,2025,5,NYJ,DAL,pass,-1.750819688779302,NYJ,DAL,archive:asset:302374075:sha256:14a594b86b207508b89a42755f624c241e6ceef516d859a4b6bd2c4a5a7b472c:week:5
2025_05_DAL_NYJ,3132.0,2025,5,NYJ,DAL,no_play,-0.7392048044130206,NYJ,DAL,archive:asset:302374075:sha256:14a594b86b207508b89a42755f624c241e6ceef516d859a4b6bd2c4a5a7b472c:week:5
2025_05_DAL_NYJ,3168.0,2025,5,NYJ,DAL,pass,-0.6834205538034439,NYJ,DAL,archive:asset:302374075:sha256:14a594b86b207508b89a42755f624c241e6ceef516d859a4b6bd2c4a5a7b472c:week:5
2025_05_DAL_NYJ,3198.0,2025,5,NYJ,DAL,pass,-0.015474690658084933,NYJ,DAL,archive:asset:302374075:sha256:14a594b86b207508b89a42755f624c241e6ceef516d859a4b6bd2c4a5a7b472c:week:5
2025_05_DAL_NYJ,3223.0,2025,5,NYJ,DAL,field_goal,1.515241965952374,NYJ,DAL,archive:asset:302374075:sha256:14a594b86b207508b89a42755f624c241e6ceef516d859a4b6bd2c4a5a7b472c:week:5
2025_05_DAL_NYJ,3243.0,2025,5,DAL,NYJ,kickoff,0.514038662891835,DAL,NYJ,archive:asset:302374075:sha256:14a594b86b207508b89a42755f624c241e6ceef516d859a4b6bd2c4a5a7b472c:week:5
2025_05_DAL_NYJ,3260.0,2025,5,DAL,NYJ,run,-0.7237006984651089,DAL,NYJ,archive:asset:302374075:sha256:14a594b86b207508b89a42755f624c241e6ceef516d859a4b6bd2c4a5a7b472c:week:5
2025_05_DAL_NYJ,3282.0,2025,5,DAL,NYJ,run,-0.11588844447396696,DAL,NYJ,archive:asset:302374075:sha256:14a594b86b207508b89a42755f624c241e6ceef516d859a4b6bd2c4a5a7b472c:week:5
2025_05_DAL_NYJ,3304.0,2025,5,DAL,NYJ,,-0.0,DAL,NYJ,archive:asset:302374075:sha256:14a594b86b207508b89a42755f624c241e6ceef516d859a4b6bd2c4a5a7b472c:week:5
2025_05_DAL_NYJ,3324.0,2025,5,DAL,NYJ,pass,-1.3515718362759799,DAL,NYJ,archive:asset:302374075:sha256:14a594b86b207508b89a42755f624c241e6ceef516d859a4b6bd2c4a5a7b472c:week:5
2025_05_DAL_NYJ,3347.0,2025,5,DAL,NYJ,punt,-0.7885428001172841,DAL,NYJ,archive:asset:302374075:sha256:14a594b86b207508b89a42755f624c241e6ceef516d859a4b6bd2c4a5a7b472c:week:5
2025_05_DAL_NYJ,3381.0,2025,5,NYJ,DAL,run,1.0802946316543967,NYJ,DAL,archive:asset:302374075:sha256:14a594b86b207508b89a42755f624c241e6ceef516d859a4b6bd2c4a5a7b472c:week:5
2025_05_DAL_NYJ,3403.0,2025,5,NYJ,DAL,pass,-0.50488640088588,NYJ,DAL,archive:asset:302374075:sha256:14a594b86b207508b89a42755f624c241e6ceef516d859a4b6bd2c4a5a7b472c:week:5
2025_05_DAL_NYJ,3435.0,2025,5,NYJ,DAL,pass,-0.8637505508959293,NYJ,DAL,archive:asset:302374075:sha256:14a594b86b207508b89a42755f624c241e6ceef516d859a4b6bd2c4a5a7b472c:week:5
2025_05_DAL_NYJ,3458.0,2025,5,NYJ,DAL,pass,-0.15696079097688198,NYJ,DAL,archive:asset:302374075:sha256:14a594b86b207508b89a42755f624c241e6ceef516d859a4b6bd2c4a5a7b472c:week:5
2025_05_DAL_NYJ,3483.0,2025,5,NYJ,DAL,run,-2.278726565418765,NYJ,DAL,archive:asset:302374075:sha256:14a594b86b207508b89a42755f624c241e6ceef516d859a4b6bd2c4a5a7b472c:week:5
2025_05_DAL_NYJ,3527.0,2025,5,DAL,NYJ,pass,-0.8535598269663751,DAL,NYJ,archive:asset:302374075:sha256:14a594b86b207508b89a42755f624c241e6ceef516d859a4b6bd2c4a5a7b472c:week:5
2025_05_DAL_NYJ,3564.0,2025,5,DAL,NYJ,pass,-0.09846078604459763,DAL,NYJ,archive:asset:302374075:sha256:14a594b86b207508b89a42755f624c241e6ceef516d859a4b6bd2c4a5a7b472c:week:5
2025_05_DAL_NYJ,3589.0,2025,5,DAL,NYJ,pass,-1.250121640972793,DAL,NYJ,archive:asset:302374075:sha256:14a594b86b207508b89a42755f624c241e6ceef516d859a4b6bd2c4a5a7b472c:week:5
2025_05_DAL_NYJ,3612.0,2025,5,DAL,NYJ,punt,0.15627712476998568,DAL,NYJ,archive:asset:302374075:sha256:14a594b86b207508b89a42755f624c241e6ceef516d859a4b6bd2c4a5a7b472c:week:5
2025_05_DAL_NYJ,3631.0,2025,5,NYJ,DAL,pass,0.9339688746258616,NYJ,DAL,archive:asset:302374075:sha256:14a594b86b207508b89a42755f624c241e6ceef516d859a4b6bd2c4a5a7b472c:week:5
2025_05_DAL_NYJ,3656.0,2025,5,NYJ,DAL,no_play,-0.9266640050336719,NYJ,DAL,archive:asset:302374075:sha256:14a594b86b207508b89a42755f624c241e6ceef516d859a4b6bd2c4a5a7b472c:week:5
2025_05_DAL_NYJ,3680.0,2025,5,NYJ,DAL,pass,1.1457364100497216,NYJ,DAL,archive:asset:302374075:sha256:14a594b86b207508b89a42755f624c241e6ceef516d859a4b6bd2c4a5a7b472c:week:5
2025_05_DAL_NYJ,3705.0,2025,5,NYJ,DAL,pass,0.6698849471285939,NYJ,DAL,archive:asset:302374075:sha256:14a594b86b207508b89a42755f624c241e6ceef516d859a4b6bd2c4a5a7b472c:week:5
2025_05_DAL_NYJ,3730.0,2025,5,NYJ,DAL,no_play,-0.543267291970551,NYJ,DAL,archive:asset:302374075:sha256:14a594b86b207508b89a42755f624c241e6ceef516d859a4b6bd2c4a5a7b472c:week:5
2025_05_DAL_NYJ,3754.0,2025,5,NYJ,DAL,no_play,1.0286735366098583,NYJ,DAL,archive:asset:302374075:sha256:14a594b86b207508b89a42755f624c241e6ceef516d859a4b6bd2c4a5a7b472c:week:5
2025_05_DAL_NYJ,3788.0,2025,5,NYJ,DAL,pass,0.8095844020135701,NYJ,DAL,archive:asset:302374075:sha256:14a594b86b207508b89a42755f624c241e6ceef516d859a4b6bd2c4a5a7b472c:week:5
2025_05_DAL_NYJ,3813.0,2025,5,NYJ,DAL,run,0.5735145889921114,NYJ,DAL,archive:asset:302374075:sha256:14a594b86b207508b89a42755f624c241e6ceef516d859a4b6bd2c4a5a7b472c:week:5
2025_05_DAL_NYJ,3835.0,2025,5,NYJ,DAL,pass,-0.46500268508680165,NYJ,DAL,archive:asset:302374075:sha256:14a594b86b207508b89a42755f624c241e6ceef516d859a4b6bd2c4a5a7b472c:week:5
2025_05_DAL_NYJ,3860.0,2025,5,NYJ,DAL,pass,-0.624275814043358,NYJ,DAL,archive:asset:302374075:sha256:14a594b86b207508b89a42755f624c241e6ceef516d859a4b6bd2c4a5a7b472c:week:5
2025_05_DAL_NYJ,3883.0,2025,5,NYJ,DAL,pass,-0.7789855399169028,NYJ,DAL,archive:asset:302374075:sha256:14a594b86b207508b89a42755f624c241e6ceef516d859a4b6bd2c4a5a7b472c:week:5
2025_05_DAL_NYJ,3908.0,2025,5,NYJ,DAL,pass,3.713229492364917,NYJ,DAL,archive:asset:302374075:sha256:14a594b86b207508b89a42755f624c241e6ceef516d859a4b6bd2c4a5a7b472c:week:5
2025_05_DAL_NYJ,3933.0,2025,5,NYJ,DAL,pass,0.6154910571058281,NYJ,DAL,archive:asset:302374075:sha256:14a594b86b207508b89a42755f624c241e6ceef516d859a4b6bd2c4a5a7b472c:week:5
2025_05_DAL_NYJ,3976.0,2025,5,NYJ,DAL,pass,1.053,NYJ,DAL,archive:asset:302374075:sha256:14a594b86b207508b89a42755f624c241e6ceef516d859a4b6bd2c4a5a7b472c:week:5
2025_05_DAL_NYJ,3989.0,2025,5,DAL,NYJ,kickoff,1.6155706075951457,DAL,NYJ,archive:asset:302374075:sha256:14a594b86b207508b89a42755f624c241e6ceef516d859a4b6bd2c4a5a7b472c:week:5
2025_05_DAL_NYJ,4019.0,2025,5,DAL,NYJ,pass,0.8835748309502378,DAL,NYJ,archive:asset:302374075:sha256:14a594b86b207508b89a42755f624c241e6ceef516d859a4b6bd2c4a5a7b472c:week:5
2025_05_DAL_NYJ,4044.0,2025,5,DAL,NYJ,run,0.2854601304861717,DAL,NYJ,archive:asset:302374075:sha256:14a594b86b207508b89a42755f624c241e6ceef516d859a4b6bd2c4a5a7b472c:week:5
2025_05_DAL_NYJ,4066.0,2025,5,DAL,NYJ,run,0.4448183597996831,DAL,NYJ,archive:asset:302374075:sha256:14a594b86b207508b89a42755f624c241e6ceef516d859a4b6bd2c4a5a7b472c:week:5
2025_05_DAL_NYJ,4088.0,2025,5,DAL,NYJ,run,-0.40512407454662025,DAL,NYJ,archive:asset:302374075:sha256:14a594b86b207508b89a42755f624c241e6ceef516d859a4b6bd2c4a5a7b472c:week:5
2025_05_DAL_NYJ,4122.0,2025,5,,,no_play,-0.0,,,archive:asset:302374075:sha256:14a594b86b207508b89a42755f624c241e6ceef516d859a4b6bd2c4a5a7b472c:week:5
2025_05_DAL_NYJ,4110.0,2025,5,DAL,NYJ,pass,-0.790533070510719,DAL,NYJ,archive:asset:302374075:sha256:14a594b86b207508b89a42755f624c241e6ceef516d859a4b6bd2c4a5a7b472c:week:5
2025_05_DAL_NYJ,4263.0,2025,5,,,no_play,-0.0,,,archive:asset:302374075:sha256:14a594b86b207508b89a42755f624c241e6ceef516d859a4b6bd2c4a5a7b472c:week:5
2025_05_DAL_NYJ,4158.0,2025,5,,,no_play,-0.0,,,archive:asset:302374075:sha256:14a594b86b207508b89a42755f624c241e6ceef516d859a4b6bd2c4a5a7b472c:week:5
2025_05_DAL_NYJ,4146.0,2025,5,DAL,NYJ,pass,1.5814535705721937,DAL,NYJ,archive:asset:302374075:sha256:14a594b86b207508b89a42755f624c241e6ceef516d859a4b6bd2c4a5a7b472c:week:5
2025_05_DAL_NYJ,4183.0,2025,5,DAL,NYJ,run,0.5411340717691928,DAL,NYJ,archive:asset:302374075:sha256:14a594b86b207508b89a42755f624c241e6ceef516d859a4b6bd2c4a5a7b472c:week:5
2025_05_DAL_NYJ,4217.0,2025,5,,,no_play,-0.0,,,archive:asset:302374075:sha256:14a594b86b207508b89a42755f624c241e6ceef516d859a4b6bd2c4a5a7b472c:week:5
2025_05_DAL_NYJ,4205.0,2025,5,DAL,NYJ,pass,1.7217392016318627,DAL,NYJ,archive:asset:302374075:sha256:14a594b86b207508b89a42755f624c241e6ceef516d859a4b6bd2c4a5a7b472c:week:5
2025_05_DAL_NYJ,4238.0,2025,5,DAL,NYJ,extra_point,0.06757300310763314,DAL,NYJ,archive:asset:302374075:sha256:14a594b86b207508b89a42755f624c241e6ceef516d859a4b6bd2c4a5a7b472c:week:5
2025_05_DAL_NYJ,4253.0,2025,5,NYJ,DAL,kickoff,0.35213132575154305,NYJ,DAL,archive:asset:302374075:sha256:14a594b86b207508b89a42755f624c241e6ceef516d859a4b6bd2c4a5a7b472c:week:5
2025_05_DAL_NYJ,4283.0,2025,5,NYJ,DAL,run,-0.28947713633533567,NYJ,DAL,archive:asset:302374075:sha256:14a594b86b207508b89a42755f624c241e6ceef516d859a4b6bd2c4a5a7b472c:week:5
2025_05_DAL_NYJ,4305.0,2025,5,NYJ,DAL,pass,0.8506318654981442,NYJ,DAL,archive:asset:302374075:sha256:14a594b86b207508b89a42755f624c241e6ceef516d859a4b6bd2c4a5a7b472c:week:5
2025_05_DAL_NYJ,4330.0,2025,5,NYJ,DAL,pass,0.9940466601401567,NYJ,DAL,archive:asset:302374075:sha256:14a594b86b207508b89a42755f624c241e6ceef516d859a4b6bd2c4a5a7b472c:week:5
2025_05_DAL_NYJ,4355.0,2025,5,NYJ,DAL,qb_spike,-0.45651991077465937,NYJ,DAL,archive:asset:302374075:sha256:14a594b86b207508b89a42755f624c241e6ceef516d859a4b6bd2c4a5a7b472c:week:5
2025_05_DAL_NYJ,4390.0,2025,5,NYJ,DAL,pass,1.1975623682956211,NYJ,DAL,archive:asset:302374075:sha256:14a594b86b207508b89a42755f624c241e6ceef516d859a4b6bd2c4a5a7b472c:week:5
2025_05_DAL_NYJ,4420.0,2025,5,NYJ,DAL,pass,-0.35759255319135264,NYJ,DAL,archive:asset:302374075:sha256:14a594b86b207508b89a42755f624c241e6ceef516d859a4b6bd2c4a5a7b472c:week:5
2025_05_DAL_NYJ,4443.0,2025,5,NYJ,DAL,pass,0.5419577220454812,NYJ,DAL,archive:asset:302374075:sha256:14a594b86b207508b89a42755f624c241e6ceef516d859a4b6bd2c4a5a7b472c:week:5
2025_05_DAL_NYJ,4468.0,2025,5,NYJ,DAL,pass,0.753237993165385,NYJ,DAL,archive:asset:302374075:sha256:14a594b86b207508b89a42755f624c241e6ceef516d859a4b6bd2c4a5a7b472c:week:5
2025_05_DAL_NYJ,4496.0,2025,5,NYJ,DAL,pass,0.18891473652911372,NYJ,DAL,archive:asset:302374075:sha256:14a594b86b207508b89a42755f624c241e6ceef516d859a4b6bd2c4a5a7b472c:week:5
2025_05_DAL_NYJ,4521.0,2025,5,NYJ,DAL,pass,-0.7937982970906887,NYJ,DAL,archive:asset:302374075:sha256:14a594b86b207508b89a42755f624c241e6ceef516d859a4b6bd2c4a5a7b472c:week:5
2025_05_DAL_NYJ,4551.0,2025,5,NYJ,DAL,pass,2.945119523035828,NYJ,DAL,archive:asset:302374075:sha256:14a594b86b207508b89a42755f624c241e6ceef516d859a4b6bd2c4a5a7b472c:week:5
2025_05_DAL_NYJ,4590.0,2025,5,,,no_play,0.0,,,archive:asset:302374075:sha256:14a594b86b207508b89a42755f624c241e6ceef516d859a4b6bd2c4a5a7b472c:week:5
2025_05_DAL_NYJ,4582.0,2025,5,NYJ,DAL,pass,1.053,NYJ,DAL,archive:asset:302374075:sha256:14a594b86b207508b89a42755f624c241e6ceef516d859a4b6bd2c4a5a7b472c:week:5
2025_05_DAL_NYJ,4602.0,2025,5,DAL,NYJ,kickoff,0.8618014543899335,DAL,NYJ,archive:asset:302374075:sha256:14a594b86b207508b89a42755f624c241e6ceef516d859a4b6bd2c4a5a7b472c:week:5
2025_05_DAL_NYJ,4625.0,2025,5,DAL,NYJ,qb_kneel,-0.28641553182387725,DAL,NYJ,archive:asset:302374075:sha256:14a594b86b207508b89a42755f624c241e6ceef516d859a4b6bd2c4a5a7b472c:week:5
2025_05_DAL_NYJ,4647.0,2025,5,DAL,NYJ,qb_kneel,-0.40011642954777926,DAL,NYJ,archive:asset:302374075:sha256:14a594b86b207508b89a42755f624c241e6ceef516d859a4b6bd2c4a5a7b472c:week:5
2025_05_DAL_NYJ,4669.0,2025,5,DAL,NYJ,qb_kneel,-0.787815369782038,DAL,NYJ,archive:asset:302374075:sha256:14a594b86b207508b89a42755f624c241e6ceef516d859a4b6bd2c4a5a7b472c:week:5
2025_05_DAL_NYJ,4691.0,2025,5,DAL,NYJ,,,DAL,NYJ,archive:asset:302374075:sha256:14a594b86b207508b89a42755f624c241e6ceef516d859a4b6bd2c4a5a7b472c:week:5
2025_05_DEN_PHI,1.0,2025,5,,,,-0.0,,,archive:asset:302374075:sha256:14a594b86b207508b89a42755f624c241e6ceef516d859a4b6bd2c4a5a7b472c:week:5
2025_05_DEN_PHI,39.0,2025,5,DEN,PHI,kickoff,0.35722916200757027,DEN,PHI,archive:asset:302374075:sha256:14a594b86b207508b89a42755f624c241e6ceef516d859a4b6bd2c4a5a7b472c:week:5
2025_05_DEN_PHI,62.0,2025,5,DEN,PHI,run,-0.2622178620658815,DEN,PHI,archive:asset:302374075:sha256:14a594b86b207508b89a42755f624c241e6ceef516d859a4b6bd2c4a5a7b472c:week:5
2025_05_DEN_PHI,84.0,2025,5,DEN,PHI,run,-0.27635327097959816,DEN,PHI,archive:asset:302374075:sha256:14a594b86b207508b89a42755f624c241e6ceef516d859a4b6bd2c4a5a7b472c:week:5
2025_05_DEN_PHI,106.0,2025,5,DEN,PHI,pass,-1.59161849017255,DEN,PHI,archive:asset:302374075:sha256:14a594b86b207508b89a42755f624c241e6ceef516d859a4b6bd2c4a5a7b472c:week:5
2025_05_DEN_PHI,129.0,2025,5,DEN,PHI,punt,-0.04880656115710735,DEN,PHI,archive:asset:302374075:sha256:14a594b86b207508b89a42755f624c241e6ceef516d859a4b6bd2c4a5a7b472c:week:5
2025_05_DEN_PHI,147.0,2025,5,PHI,DEN,pass,-0.5850748969241977,PHI,DEN,archive:asset:302374075:sha256:14a594b86b207508b89a42755f624c241e6ceef516d859a4b6bd2c4a5a7b472c:week:5
2025_05_DEN_PHI,170.0,2025,5,PHI,DEN,pass,-0.6815733346156776,PHI,DEN,archive:asset:302374075:sha256:14a594b86b207508b89a42755f624c241e6ceef516d859a4b6bd2c4a5a7b472c:week:5
2025_05_DEN_PHI,195.0,2025,5,PHI,DEN,pass,-1.3979228069074452,PHI,DEN,archive:asset:302374075:sha256:14a594b86b207508b89a42755f624c241e6ceef516d859a4b6bd2c4a5a7b472c:week:5
2025_05_DEN_PHI,218.0,2025,5,PHI,DEN,punt,0.38726917188614607,PHI,DEN,archive:asset:302374075:sha256:14a594b86b207508b89a42755f624c241e6ceef516d859a4b6bd2c4a5a7b472c:week:5
2025_05_DEN_PHI,249.0,2025,5,DEN,PHI,run,0.8216767443809658,DEN,PHI,archive:asset:302374075:sha256:14a594b86b207508b89a42755f624c241e6ceef516d859a4b6bd2c4a5a7b472c:week:5
2025_05_DEN_PHI,278.0,2025,5,DEN,PHI,run,-0.10641840333119035,DEN,PHI,archive:asset:302374075:sha256:14a594b86b207508b89a42755f624c241e6ceef516d859a4b6bd2c4a5a7b472c:week:5
2025_05_DEN_PHI,302.0,2025,5,DEN,PHI,pass,-0.020014172652736306,DEN,PHI,archive:asset:302374075:sha256:14a594b86b207508b89a42755f624c241e6ceef516d859a4b6bd2c4a5a7b472c:week:5
2025_05_DEN_PHI,327.0,2025,5,DEN,PHI,pass,-0.9143481128849089,DEN,PHI,archive:asset:302374075:sha256:14a594b86b207508b89a42755f624c241e6ceef516d859a4b6bd2c4a5a7b472c:week:5
2025_05_DEN_PHI,350.0,2025,5,DEN,PHI,pass,1.755811779294163,DEN,PHI,archive:asset:302374075:sha256:14a594b86b207508b89a42755f624c241e6ceef516d859a4b6bd2c4a5a7b472c:week:5
2025_05_DEN_PHI,375.0,2025,5,DEN,PHI,run,-0.5329387302044779,DEN,PHI,archive:asset:302374075:sha256:14a594b86b207508b89a42755f624c241e6ceef516d859a4b6bd2c4a5a7b472c:week:5
2025_05_DEN_PHI,397.0,2025,5,DEN,PHI,run,-0.5780283084604889,DEN,PHI,archive:asset:302374075:sha256:14a594b86b207508b89a42755f624c241e6ceef516d859a4b6bd2c4a5a7b472c:week:5
2025_05_DEN_PHI,419.0,2025,5,DEN,PHI,pass,-1.122291199164465,DEN,PHI,archive:asset:302374075:sha256:14a594b86b207508b89a42755f624c241e6ceef516d859a4b6bd2c4a5a7b472c:week:5
2025_05_DEN_PHI,444.0,2025,5,DEN,PHI,no_play,3.005502139800228,DEN,PHI,archive:asset:302374075:sha256:14a594b86b207508b89a42755f624c241e6ceef516d859a4b6bd2c4a5a7b472c:week:5
2025_05_DEN_PHI,468.0,2025,5,DEN,PHI,run,-1.0721500726649538,DEN,PHI,archive:asset:302374075:sha256:14a594b86b207508b89a42755f624c241e6ceef516d859a4b6bd2c4a5a7b472c:week:5
2025_05_DEN_PHI,490.0,2025,5,DEN,PHI,pass,-0.9803407471626997,DEN,PHI,archive:asset:302374075:sha256:14a594b86b207508b89a42755f624c241e6ceef516d859a4b6bd2c4a5a7b472c:week:5
2025_05_DEN_PHI,564.0,2025,5,DEN,PHI,pass,-0.870533907244218,DEN,PHI,archive:asset:302374075:sha256:14a594b86b207508b89a42755f624c241e6ceef516d859a4b6bd2c4a5a7b472c:week:5
2025_05_DEN_PHI,594.0,2025,5,DEN,PHI,field_goal,2.388315779313681,DEN,PHI,archive:asset:302374075:sha256:14a594b86b207508b89a42755f624c241e6ceef516d859a4b6bd2c4a5a7b472c:week:5
2025_05_DEN_PHI,614.0,2025,5,PHI,DEN,kickoff,-0.6164402924478054,PHI,DEN,archive:asset:302374075:sha256:14a594b86b207508b89a42755f624c241e6ceef516d859a4b6bd2c4a5a7b472c:week:5
2025_05_DEN_PHI,644.0,2025,5,PHI,DEN,run,-0.36279910476878285,PHI,DEN,archive:asset:302374075:sha256:14a594b86b207508b89a42755f624c241e6ceef516d859a4b6bd2c4a5a7b472c:week:5
2025_05_DEN_PHI,666.0,2025,5,PHI,DEN,pass,1.113762964028865,PHI,DEN,archive:asset:302374075:sha256:14a594b86b207508b89a42755f624c241e6ceef516d859a4b6bd2c4a5a7b472c:week:5
2025_05_DEN_PHI,691.0,2025,5,PHI,DEN,pass,-0.007978261914104223,PHI,DEN,archive:asset:302374075:sha256:14a594b86b207508b89a42755f624c241e6ceef516d859a4b6bd2c4a5a7b472c:week:5
2025_05_DEN_PHI,716.0,2025,5,PHI,DEN,run,1.3948098348919302,PHI,DEN,archive:asset:302374075:sha256:14a594b86b207508b89a42755f624c241e6ceef516d859a4b6bd2c4a5a7b472c:week:5
2025_05_DEN_PHI,738.0,2025,5,PHI,DEN,pass,0.24603414512239397,PHI,DEN,archive:asset:302374075:sha256:14a594b86b207508b89a42755f624c241e6ceef516d859a4b6bd2c4a5a7b472c:week:5
2025_05_DEN_PHI,763.0,2025,5,PHI,DEN,run,0.6608630015980452,PHI,DEN,archive:asset:302374075:sha256:14a594b86b207508b89a42755f624c241e6ceef516d859a4b6bd2c4a5a7b472c:week:5
2025_05_DEN_PHI,785.0,2025,5,PHI,DEN,pass,0.7443705693585798,PHI,DEN,archive:asset:302374075:sha256:14a594b86b207508b89a42755f624c241e6ceef516d859a4b6bd2c4a5a7b472c:week:5
2025_05_DEN_PHI,810.0,2025,5,PHI,DEN,pass,0.5681881278287619,PHI,DEN,archive:asset:302374075:sha256:14a594b86b207508b89a42755f624c241e6ceef516d859a4b6bd2c4a5a7b472c:week:5
2025_05_DEN_PHI,835.0,2025,5,PHI,DEN,run,-0.29526283335871994,PHI,DEN,archive:asset:302374075:sha256:14a594b86b207508b89a42755f624c241e6ceef516d859a4b6bd2c4a5a7b472c:week:5
2025_05_DEN_PHI,857.0,2025,5,PHI,DEN,pass,-0.9468509430298582,PHI,DEN,archive:asset:302374075:sha256:14a594b86b207508b89a42755f624c241e6ceef516d859a4b6bd2c4a5a7b472c:week:5
2025_05_DEN_PHI,901.0,2025,5,PHI,DEN,pass,-1.1014564732193919,PHI,DEN,archive:asset:302374075:sha256:14a594b86b207508b89a42755f624c241e6ceef516d859a4b6bd2c4a5a7b472c:week:5
2025_05_DEN_PHI,924.0,2025,5,PHI,DEN,field_goal,0.19832441873028595,PHI,DEN,archive:asset:302374075:sha256:14a594b86b207508b89a42755f624c241e6ceef516d859a4b6bd2c4a5a7b472c:week:5
2025_05_DEN_PHI,944.0,2025,5,DEN,PHI,kickoff,0.27080076606944203,DEN,PHI,archive:asset:302374075:sha256:14a594b86b207508b89a42755f624c241e6ceef516d859a4b6bd2c4a5a7b472c:week:5
2025_05_DEN_PHI,987.0,2025,5,DEN,PHI,pass,1.2441834448836744,DEN,PHI,archive:asset:302374075:sha256:14a594b86b207508b89a42755f624c241e6ceef516d859a4b6bd2c4a5a7b472c:week:5
2025_05_DEN_PHI,1017.0,2025,5,DEN,PHI,,-0.0,DEN,PHI,archive:asset:302374075:sha256:14a594b86b207508b89a42755f624c241e6ceef516d859a4b6bd2c4a5a7b472c:week:5
2025_05_DEN_PHI,1037.0,2025,5,DEN,PHI,pass,0.045269174966961145,DEN,PHI,archive:asset:302374075:sha256:14a594b86b207508b89a42755f624c241e6ceef516d859a4b6bd2c4a5a7b472c:week:5
2025_05_DEN_PHI,1067.0,2025,5,DEN,PHI,run,0.9543543164618313,DEN,PHI,archive:asset:302374075:sha256:14a594b86b207508b89a42755f624c241e6ceef516d859a4b6bd2c4a5a7b472c:week:5
2025_05_DEN_PHI,1091.0,2025,5,DEN,PHI,run,0.41352262254804373,DEN,PHI,archive:asset:302374075:sha256:14a594b86b207508b89a42755f624c241e6ceef516d859a4b6bd2c4a5a7b472c:week:5
2025_05_DEN_PHI,1113.0,2025,5,DEN,PHI,no_play,-0.9090561328921467,DEN,PHI,archive:asset:302374075:sha256:14a594b86b207508b89a42755f624c241e6ceef516d859a4b6bd2c4a5a7b472c:week:5
2025_05_DEN_PHI,1151.0,2025,5,DEN,PHI,pass,-0.720741288154386,DEN,PHI,archive:asset:302374075:sha256:14a594b86b207508b89a42755f624c241e6ceef516d859a4b6bd2c4a5a7b472c:week:5
2025_05_DEN_PHI,1174.0,2025,5,DEN,PHI,pass,-2.288562002009712,DEN,PHI,archive:asset:302374075:sha256:14a594b86b207508b89a42755f624c241e6ceef516d859a4b6bd2c4a5a7b472c:week:5
2025_05_DEN_PHI,1210.0,2025,5,,,no_play,-0.0,,,archive:asset:302374075:sha256:14a594b86b207508b89a42755f624c241e6ceef516d859a4b6bd2c4a5a7b472c:week:5
2025_05_DEN_PHI,1194.0,2025,5,DEN,PHI,punt,0.12802967429161072,DEN,PHI,archive:asset:302374075:sha256:14a594b86b207508b89a42755f624c241e6ceef516d859a4b6bd2c4a5a7b472c:week:5
2025_05_DEN_PHI,1221.0,2025,5,PHI,DEN,run,-0.15921996138058603,PHI,DEN,archive:asset:302374075:sha256:14a594b86b207508b89a42755f624c241e6ceef516d859a4b6bd2c4a5a7b472c:week:5
2025_05_DEN_PHI,1255.0,2025,5,PHI,DEN,run,0.08355513750575483,PHI,DEN,archive:asset:302374075:sha256:14a594b86b207508b89a42755f624c241e6ceef516d859a4b6bd2c4a5a7b472c:week:5
2025_05_DEN_PHI,1277.0,2025,5,PHI,DEN,pass,1.354221407789737,PHI,DEN,archive:asset:302374075:sha256:14a594b86b207508b89a42755f624c241e6ceef516d859a4b6bd2c4a5a7b472c:week:5
2025_05_DEN_PHI,1302.0,2025,5,PHI,DEN,run,-0.56904266634956,PHI,DEN,archive:asset:302374075:sha256:14a594b86b207508b89a42755f624c241e6ceef516d859a4b6bd2c4a5a7b472c:week:5
2025_05_DEN_PHI,1324.0,2025,5,PHI,DEN,pass,-1.1884729526937008,PHI,DEN,archive:asset:302374075:sha256:14a594b86b207508b89a42755f624c241e6ceef516d859a4b6bd2c4a5a7b472c:week:5
2025_05_DEN_PHI,1358.0,2025,5,PHI,DEN,no_play,-0.34749825252220035,PHI,DEN,archive:asset:302374075:sha256:14a594b86b207508b89a42755f624c241e6ceef516d859a4b6bd2c4a5a7b472c:week:5
2025_05_DEN_PHI,1382.0,2025,5,PHI,DEN,pass,4.924739003065042,PHI,DEN,archive:asset:302374075:sha256:14a594b86b207508b89a42755f624c241e6ceef516d859a4b6bd2c4a5a7b472c:week:5
2025_05_DEN_PHI,1408.0,2025,5,PHI,DEN,no_play,2.1490997711662203,PHI,DEN,archive:asset:302374075:sha256:14a594b86b207508b89a42755f624c241e6ceef516d859a4b6bd2c4a5a7b472c:week:5
2025_05_DEN_PHI,1442.0,2025,5,PHI,DEN,pass,0.8223356035305187,PHI,DEN,archive:asset:302374075:sha256:14a594b86b207508b89a42755f624c241e6ceef516d859a4b6bd2c4a5a7b472c:week:5
2025_05_DEN_PHI,1468.0,2025,5,PHI,DEN,extra_point,0.06757300310763314,PHI,DEN,archive:asset:302374075:sha256:14a594b86b207508b89a42755f624c241e6ceef516d859a4b6bd2c4a5a7b472c:week:5
2025_05_DEN_PHI,1483.0,2025,5,DEN,PHI,kickoff,-0.3898514660540968,DEN,PHI,archive:asset:302374075:sha256:14a594b86b207508b89a42755f624c241e6ceef516d859a4b6bd2c4a5a7b472c:week:5
2025_05_DEN_PHI,1529.0,2025,5,DEN,PHI,pass,0.81439951620996,DEN,PHI,archive:asset:302374075:sha256:14a594b86b207508b89a42755f624c241e6ceef516d859a4b6bd2c4a5a7b472c:week:5
2025_05_DEN_PHI,1554.0,2025,5,DEN,PHI,pass,0.3268760808277875,DEN,PHI,archive:asset:302374075:sha256:14a594b86b207508b89a42755f624c241e6ceef516d859a4b6bd2c4a5a7b472c:week:5
2025_05_DEN_PHI,1579.0,2025,5,DEN,PHI,no_play,-0.8993232226930559,DEN,PHI,archive:asset:302374075:sha256:14a594b86b207508b89a42755f624c241e6ceef516d859a4b6bd2c4a5a7b472c:week:5
2025_05_DEN_PHI,1603.0,2025,5,DEN,PHI,run,-0.45303393132053316,DEN,PHI,archive:asset:302374075:sha256:14a594b86b207508b89a42755f624c241e6ceef516d859a4b6bd2c4a5a7b472c:week:5
2025_05_DEN_PHI,1625.0,2025,5,DEN,PHI,pass,-1.2616335551720113,DEN,PHI,archive:asset:302374075:sha256:14a594b86b207508b89a42755f624c241e6ceef516d859a4b6bd2c4a5a7b472c:week:5
2025_05_DEN_PHI,1648.0,2025,5,DEN,PHI,punt,0.580697780707851,DEN,PHI,archive:asset:302374075:sha256:14a594b86b207508b89a42755f624c241e6ceef516d859a4b6bd2c4a5a7b472c:week:5
2025_05_DEN_PHI,1679.0,2025,5,PHI,DEN,no_play,0.6169131458736956,PHI,DEN,archive:asset:302374075:sha256:14a594b86b207508b89a42755f624c241e6ceef516d859a4b6bd2c4a5a7b472c:week:5
2025_05_DEN_PHI,1720.0,2025,5,PHI,DEN,pass,-0.45490608736872673,PHI,DEN,archive:asset:302374075:sha256:14a594b86b207508b89a42755f624c241e6ceef516d859a4b6bd2c4a5a7b472c:week:5
2025_05_DEN_PHI,1745.0,2025,5,PHI,DEN,pass,1.20184525847435,PHI,DEN,archive:asset:302374075:sha256:14a594b86b207508b89a42755f624c241e6ceef516d859a4b6bd2c4a5a7b472c:week:5
2025_05_DEN_PHI,1770.0,2025,5,PHI,DEN,pass,0.9952155586215667,PHI,DEN,archive:asset:302374075:sha256:14a594b86b207508b89a42755f624c241e6ceef516d859a4b6bd2c4a5a7b472c:week:5
2025_05_DEN_PHI,1795.0,2025,5,PHI,DEN,pass,-0.467300696473103,PHI,DEN,archive:asset:302374075:sha256:14a594b86b207508b89a42755f624c241e6ceef516d859a4b6bd2c4a5a7b472c:week:5
2025_05_DEN_PHI,1830.0,2025,5,PHI,DEN,run,-0.33705967623973265,PHI,DEN,archive:asset:302374075:sha256:14a594b86b207508b89a42755f624c241e6ceef516d859a4b6bd2c4a5a7b472c:week:5
2025_05_DEN_PHI,1919.0,2025,5,,,no_play,0.0,,,archive:asset:302374075:sha256:14a594b86b207508b89a42755f624c241e6ceef516d859a4b6bd2c4a5a7b472c:week:5
2025_05_DEN_PHI,1907.0,2025,5,PHI,DEN,no_play,-0.42101250105770305,PHI,DEN,archive:asset:302374075:sha256:14a594b86b207508b89a42755f624c241e6ceef516d859a4b6bd2c4a5a7b472c:week:5
2025_05_DEN_PHI,1938.0,2025,5,PHI,DEN,pass,-1.2409729707287624,PHI,DEN,archive:asset:302374075:sha256:14a594b86b207508b89a42755f624c241e6ceef516d859a4b6bd2c4a5a7b472c:week:5
2025_05_DEN_PHI,1970.0,2025,5,,,no_play,0.0,,,archive:asset:302374075:sha256:14a594b86b207508b89a42755f624c241e6ceef516d859a4b6bd2c4a5a7b472c:week:5
2025_05_DEN_PHI,1958.0,2025,5,PHI,DEN,punt,-0.6272870213724673,PHI,DEN,archive:asset:302374075:sha256:14a594b86b207508b89a42755f624c241e6ceef516d859a4b6bd2c4a5a7b472c:week:5
2025_05_DEN_PHI,1983.0,2025,5,DEN,PHI,pass,-0.3464582827873528,DEN,PHI,archive:asset:302374075:sha256:14a594b86b207508b89a42755f624c241e6ceef516d859a4b6bd2c4a5a7b472c:week:5
2025_05_DEN_PHI,2006.0,2025,5,DEN,PHI,pass,0.8701415965333581,DEN,PHI,archive:asset:302374075:sha256:14a594b86b207508b89a42755f624c241e6ceef516d859a4b6bd2c4a5a7b472c:week:5
2025_05_DEN_PHI,2031.0,2025,5,DEN,PHI,pass,0.012252677930518985,DEN,PHI,archive:asset:302374075:sha256:14a594b86b207508b89a42755f624c241e6ceef516d859a4b6bd2c4a5a7b472c:week:5
2025_05_DEN_PHI,2063.0,2025,5,DEN,PHI,pass,-0.34369765617884696,DEN,PHI,archive:asset:302374075:sha256:14a594b86b207508b89a42755f624c241e6ceef516d859a4b6bd2c4a5a7b472c:week:5
2025_05_DEN_PHI,2086.0,2025,5,DEN,PHI,pass,-0.6751988825853914,DEN,PHI,archive:asset:302374075:sha256:14a594b86b207508b89a42755f624c241e6ceef516d859a4b6bd2c4a5a7b472c:week:5
2025_05_DEN_PHI,2109.0,2025,5,DEN,PHI,punt,-0.48629722418263555,DEN,PHI,archive:asset:302374075:sha256:14a594b86b207508b89a42755f624c241e6ceef516d859a4b6bd2c4a5a7b472c:week:5
2025_05_DEN_PHI,2129.0,2025,5,PHI,DEN,pass,-0.2050198174547404,PHI,DEN,archive:asset:302374075:sha256:14a594b86b207508b89a42755f624c241e6ceef516d859a4b6bd2c4a5a7b472c:week:5
2025_05_DEN_PHI,2152.0,2025,5,PHI,DEN,pass,-0.0782096596667543,PHI,DEN,archive:asset:302374075:sha256:14a594b86b207508b89a42755f624c241e6ceef516d859a4b6bd2c4a5a7b472c:week:5
2025_05_DEN_PHI,2182.0,2025,5,PHI,DEN,pass,-0.484555097296834,PHI,DEN,archive:asset:302374075:sha256:14a594b86b207508b89a42755f624c241e6ceef516d859a4b6bd2c4a5a7b472c:week:5
2025_05_DEN_PHI,2205.0,2025,5,PHI,DEN,punt,-0.8391833168570884,PHI,DEN,archive:asset:302374075:sha256:14a594b86b207508b89a42755f624c241e6ceef516d859a4b6bd2c4a5a7b472c:week:5
2025_05_DEN_PHI,2231.0,2025,5,DEN,PHI,pass,-0.7047649893211201,DEN,PHI,archive:asset:302374075:sha256:14a594b86b207508b89a42755f624c241e6ceef516d859a4b6bd2c4a5a7b472c:week:5
2025_05_DEN_PHI,2256.0,2025,5,DEN,PHI,pass,-0.2389071331708692,DEN,PHI,archive:asset:302374075:sha256:14a594b86b207508b89a42755f624c241e6ceef516d859a4b6bd2c4a5a7b472c:week:5
2025_05_DEN_PHI,2279.0,2025,5,DEN,PHI,pass,-0.31963467854075134,DEN,PHI,archive:asset:302374075:sha256:14a594b86b207508b89a42755f624c241e6ceef516d859a4b6bd2c4a5a7b472c:week:5
2025_05_DEN_PHI,2302.0,2025,5,DEN,PHI,punt,-0.08263130427803844,DEN,PHI,archive:asset:302374075:sha256:14a594b86b207508b89a42755f624c241e6ceef516d859a4b6bd2c4a5a7b472c:week:5
2025_05_DEN_PHI,2322.0,2025,5,PHI,DEN,qb_kneel,0.0,PHI,DEN,archive:asset:302374075:sha256:14a594b86b207508b89a42755f624c241e6ceef516d859a4b6bd2c4a5a7b472c:week:5
2025_05_DEN_PHI,2344.0,2025,5,,,,,,,archive:asset:302374075:sha256:14a594b86b207508b89a42755f624c241e6ceef516d859a4b6bd2c4a5a7b472c:week:5
2025_05_DEN_PHI,2364.0,2025,5,PHI,DEN,kickoff,0.03889364516362548,PHI,DEN,archive:asset:302374075:sha256:14a594b86b207508b89a42755f624c241e6ceef516d859a4b6bd2c4a5a7b472c:week:5
2025_05_DEN_PHI,2390.0,2025,5,PHI,DEN,pass,-0.5827801101841033,PHI,DEN,archive:asset:302374075:sha256:14a594b86b207508b89a42755f624c241e6ceef516d859a4b6bd2c4a5a7b472c:week:5
2025_05_DEN_PHI,2413.0,2025,5,PHI,DEN,pass,1.9937101136893034,PHI,DEN,archive:asset:302374075:sha256:14a594b86b207508b89a42755f624c241e6ceef516d859a4b6bd2c4a5a7b472c:week:5
2025_05_DEN_PHI,2438.0,2025,5,PHI,DEN,pass,0.22067359811626375,PHI,DEN,archive:asset:302374075:sha256:14a594b86b207508b89a42755f624c241e6ceef516d859a4b6bd2c4a5a7b472c:week:5
2025_05_DEN_PHI,2463.0,2025,5,PHI,DEN,pass,3.8554049853701144,PHI,DEN,archive:asset:302374075:sha256:14a594b86b207508b89a42755f624c241e6ceef516d859a4b6bd2c4a5a7b472c:week:5
2025_05_DEN_PHI,2492.0,2025,5,PHI,DEN,extra_point,0.06757300310763314,PHI,DEN,archive:asset:302374075:sha256:14a594b86b207508b89a42755f624c241e6ceef516d859a4b6bd2c4a5a7b472c:week:5
2025_05_DEN_PHI,2507.0,2025,5,DEN,PHI,kickoff,-0.5828699595294893,DEN,PHI,archive:asset:302374075:sha256:14a594b86b207508b89a42755f624c241e6ceef516d859a4b6bd2c4a5a7b472c:week:5
2025_05_DEN_PHI,2563.0,2025,5,DEN,PHI,run,-0.9864055714569986,DEN,PHI,archive:asset:302374075:sha256:14a594b86b207508b89a42755f624c241e6ceef516d859a4b6bd2c4a5a7b472c:week:5
2025_05_DEN_PHI,2585.0,2025,5,DEN,PHI,pass,1.3341557108797133,DEN,PHI,archive:asset:302374075:sha256:14a594b86b207508b89a42755f624c241e6ceef516d859a4b6bd2c4a5a7b472c:week:5
2025_05_DEN_PHI,2615.0,2025,5,DEN,PHI,run,0.5228547318838537,DEN,PHI,archive:asset:302374075:sha256:14a594b86b207508b89a42755f624c241e6ceef516d859a4b6bd2c4a5a7b472c:week:5
2025_05_DEN_PHI,2639.0,2025,5,DEN,PHI,no_play,-0.8497160426340997,DEN,PHI,archive:asset:302374075:sha256:14a594b86b207508b89a42755f624c241e6ceef516d859a4b6bd2c4a5a7b472c:week:5
2025_05_DEN_PHI,2663.0,2025,5,DEN,PHI,run,1.595865122973919,DEN,PHI,archive:asset:302374075:sha256:14a594b86b207508b89a42755f624c241e6ceef516d859a4b6bd2c4a5a7b472c:week:5
2025_05_DEN_PHI,2690.0,2025,5,DEN,PHI,run,0.05023366888053715,DEN,PHI,archive:asset:302374075:sha256:14a594b86b207508b89a42755f624c241e6ceef516d859a4b6bd2c4a5a7b472c:week:5
2025_05_DEN_PHI,2726.0,2025,5,,,no_play,-0.0,,,archive:asset:302374075:sha256:14a594b86b207508b89a42755f624c241e6ceef516d859a4b6bd2c4a5a7b472c:week:5
2025_05_DEN_PHI,2714.0,2025,5,DEN,PHI,run,1.2192854029126465,DEN,PHI,archive:asset:302374075:sha256:14a594b86b207508b89a42755f624c241e6ceef516d859a4b6bd2c4a5a7b472c:week:5
2025_05_DEN_PHI,2743.0,2025,5,DEN,PHI,run,-0.4238413760904223,DEN,PHI,archive:asset:302374075:sha256:14a594b86b207508b89a42755f624c241e6ceef516d859a4b6bd2c4a5a7b472c:week:5
2025_05_DEN_PHI,2767.0,2025,5,DEN,PHI,pass,-2.412134360987693,DEN,PHI,archive:asset:302374075:sha256:14a594b86b207508b89a42755f624c241e6ceef516d859a4b6bd2c4a5a7b472c:week:5
2025_05_DEN_PHI,2801.0,2025,5,DEN,PHI,pass,-1.1110259564593434,DEN,PHI,archive:asset:302374075:sha256:14a594b86b207508b89a42755f624c241e6ceef516d859a4b6bd2c4a5a7b472c:week:5
2025_05_DEN_PHI,2826.0,2025,5,DEN,PHI,punt,0.11085279798135161,DEN,PHI,archive:asset:302374075:sha256:14a594b86b207508b89a42755f624c241e6ceef516d859a4b6bd2c4a5a7b472c:week:5
2025_05_DEN_PHI,2846.0,2025,5,PHI,DEN,pass,0.5343928234651685,PHI,DEN,archive:asset:302374075:sha256:14a594b86b207508b89a42755f624c241e6ceef516d859a4b6bd2c4a5a7b472c:week:5
2025_05_DEN_PHI,2878.0,2025,5,PHI,DEN,pass,0.6695876610465348,PHI,DEN,archive:asset:302374075:sha256:14a594b86b207508b89a42755f624c241e6ceef516d859a4b6bd2c4a5a7b472c:week:5
2025_05_DEN_PHI,2912.0,2025,5,PHI,DEN,run,-0.006929030176252127,PHI,DEN,archive:asset:302374075:sha256:14a594b86b207508b89a42755f624c241e6ceef516d859a4b6bd2c4a5a7b472c:week:5
2025_05_DEN_PHI,2942.0,2025,5,PHI,DEN,pass,-0.7721071080304682,PHI,DEN,archive:asset:302374075:sha256:14a594b86b207508b89a42755f624c241e6ceef516d859a4b6bd2c4a5a7b472c:week:5
2025_05_DEN_PHI,2970.0,2025,5,PHI,DEN,pass,-1.5007609413005412,PHI,DEN,archive:asset:302374075:sha256:14a594b86b207508b89a42755f624c241e6ceef516d859a4b6bd2c4a5a7b472c:week:5
2025_05_DEN_PHI,2993.0,2025,5,PHI,DEN,punt,0.3551142290234566,PHI,DEN,archive:asset:302374075:sha256:14a594b86b207508b89a42755f624c241e6ceef516d859a4b6bd2c4a5a7b472c:week:5
2025_05_DEN_PHI,3011.0,2025,5,DEN,PHI,run,0.33034282783046365,DEN,PHI,archive:asset:302374075:sha256:14a594b86b207508b89a42755f624c241e6ceef516d859a4b6bd2c4a5a7b472c:week:5
2025_05_DEN_PHI,3045.0,2025,5,DEN,PHI,run,-0.5265461504459381,DEN,PHI,archive:asset:302374075:sha256:14a594b86b207508b89a42755f624c241e6ceef516d859a4b6bd2c4a5a7b472c:week:5
2025_05_DEN_PHI,3067.0,2025,5,DEN,PHI,pass,-1.5257687061093748,DEN,PHI,archive:asset:302374075:sha256:14a594b86b207508b89a42755f624c241e6ceef516d859a4b6bd2c4a5a7b472c:week:5
2025_05_DEN_PHI,3090.0,2025,5,DEN,PHI,punt,-1.2419319169130176,DEN,PHI,archive:asset:302374075:sha256:14a594b86b207508b89a42755f624c241e6ceef516d859a4b6bd2c4a5a7b472c:week:5
2025_05_DEN_PHI,3116.0,2025,5,PHI,DEN,no_play,-0.6116524594835937,PHI,DEN,archive:asset:302374075:sha256:14a594b86b207508b89a42755f624c241e6ceef516d859a4b6bd2c4a5a7b472c:week:5
2025_05_DEN_PHI,3147.0,2025,5,PHI,DEN,pass,-0.5403967287857085,PHI,DEN,archive:asset:302374075:sha256:14a594b86b207508b89a42755f624c241e6ceef516d859a4b6bd2c4a5a7b472c:week:5
2025_05_DEN_PHI,3170.0,2025,5,PHI,DEN,pass,-0.9234637324698269,PHI,DEN,archive:asset:302374075:sha256:14a594b86b207508b89a42755f624c241e6ceef516d859a4b6bd2c4a5a7b472c:week:5
2025_05_DEN_PHI,3193.0,2025,5,PHI,DEN,pass,-1.7050899215973914,PHI,DEN,archive:asset:302374075:sha256:14a594b86b207508b89a42755f624c241e6ceef516d859a4b6bd2c4a5a7b472c:week:5
2025_05_DEN_PHI,3213.0,2025,5,PHI,DEN,punt,-0.3458511249627918,PHI,DEN,archive:asset:302374075:sha256:14a594b86b207508b89a42755f624c241e6ceef516d859a4b6bd2c4a5a7b472c:week:5
2025_05_DEN_PHI,3244.0,2025,5,DEN,PHI,pass,0.405315046897158,DEN,PHI,archive:asset:302374075:sha256:14a594b86b207508b89a42755f624c241e6ceef516d859a4b6bd2c4a5a7b472c:week:5
2025_05_DEN_PHI,3274.0,2025,5,DEN,PHI,run,0.47174751688726246,DEN,PHI,archive:asset:302374075:sha256:14a594b86b207508b89a42755f624c241e6ceef516d859a4b6bd2c4a5a7b472c:week:5
2025_05_DEN_PHI,3306.0,2025,5,DEN,PHI,pass,-0.527746943058446,DEN,PHI,archive:asset:302374075:sha256:14a594b86b207508b89a42755f624c241e6ceef516d859a4b6bd2c4a5a7b472c:week:5
2025_05_DEN_PHI,3329.0,2025,5,DEN,PHI,run,0.30356989125721157,DEN,PHI,archive:asset:302374075:sha256:14a594b86b207508b89a42755f624c241e6ceef516d859a4b6bd2c4a5a7b472c:week:5
2025_05_DEN_PHI,3351.0,2025,5,DEN,PHI,pass,1.2154008327051997,DEN,PHI,archive:asset:302374075:sha256:14a594b86b207508b89a42755f624c241e6ceef516d859a4b6bd2c4a5a7b472c:week:5
2025_05_DEN_PHI,3376.0,2025,5,DEN,PHI,pass,0.37752379465382546,DEN,PHI,archive:asset:302374075:sha256:14a594b86b207508b89a42755f624c241e6ceef516d859a4b6bd2c4a5a7b472c:week:5
2025_05_DEN_PHI,3401.0,2025,5,DEN,PHI,,-0.0,DEN,PHI,archive:asset:302374075:sha256:14a594b86b207508b89a42755f624c241e6ceef516d859a4b6bd2c4a5a7b472c:week:5
2025_05_DEN_PHI,3421.0,2025,5,DEN,PHI,run,0.9785477648256347,DEN,PHI,archive:asset:302374075:sha256:14a594b86b207508b89a42755f624c241e6ceef516d859a4b6bd2c4a5a7b472c:week:5
2025_05_DEN_PHI,3443.0,2025,5,DEN,PHI,pass,0.553089628345333,DEN,PHI,archive:asset:302374075:sha256:14a594b86b207508b89a42755f624c241e6ceef516d859a4b6bd2c4a5a7b472c:week:5
2025_05_DEN_PHI,3473.0,2025,5,DEN,PHI,run,0.3500014253659174,DEN,PHI,archive:asset:302374075:sha256:14a594b86b207508b89a42755f624c241e6ceef516d859a4b6bd2c4a5a7b472c:week:5
2025_05_DEN_PHI,3498.0,2025,5,DEN,PHI,no_play,0.7986117711698171,DEN,PHI,archive:asset:302374075:sha256:14a594b86b207508b89a42755f624c241e6ceef516d859a4b6bd2c4a5a7b472c:week:5
2025_05_DEN_PHI,3539.0,2025,5,DEN,PHI,run,0.8476753415598068,DEN,PHI,archive:asset:302374075:sha256:14a594b86b207508b89a42755f624c241e6ceef516d859a4b6bd2c4a5a7b472c:week:5
2025_05_DEN_PHI,3562.0,2025,5,DEN,PHI,extra_point,0.06757300310763314,DEN,PHI,archive:asset:302374075:sha256:14a594b86b207508b89a42755f624c241e6ceef516d859a4b6bd2c4a5a7b472c:week:5
2025_05_DEN_PHI,3577.0,2025,5,PHI,DEN,kickoff,0.12830199673771858,PHI,DEN,archive:asset:302374075:sha256:14a594b86b207508b89a42755f624c241e6ceef516d859a4b6bd2c4a5a7b472c:week:5
2025_05_DEN_PHI,3600.0,2025,5,PHI,DEN,no_play,-1.019527344033122,PHI,DEN,archive:asset:302374075:sha256:14a594b86b207508b89a42755f624c241e6ceef516d859a4b6bd2c4a5a7b472c:week:5
2025_05_DEN_PHI,3633.0,2025,5,PHI,DEN,pass,0.043764058500528336,PHI,DEN,archive:asset:302374075:sha256:14a594b86b207508b89a42755f624c241e6ceef516d859a4b6bd2c4a5a7b472c:week:5
2025_05_DEN_PHI,3658.0,2025,5,PHI,DEN,pass,-0.7860710327513516,PHI,DEN,archive:asset:302374075:sha256:14a594b86b207508b89a42755f624c241e6ceef516d859a4b6bd2c4a5a7b472c:week:5
2025_05_DEN_PHI,3681.0,2025,5,PHI,DEN,pass,-1.4196378318592906,PHI,DEN,archive:asset:302374075:sha256:14a594b86b207508b89a42755f624c241e6ceef516d859a4b6bd2c4a5a7b472c:week:5
2025_05_DEN_PHI,3701.0,2025,5,PHI,DEN,punt,0.794874966610223,PHI,DEN,archive:asset:302374075:sha256:14a594b86b207508b89a42755f624c241e6ceef516d859a4b6bd2c4a5a7b472c:week:5
2025_05_DEN_PHI,3727.0,2025,5,DEN,PHI,pass,1.2811822309158742,DEN,PHI,archive:asset:302374075:sha256:14a594b86b207508b89a42755f624c241e6ceef516d859a4b6bd2c4a5a7b472c:week:5
2025_05_DEN_PHI,3759.0,2025,5,DEN,PHI,pass,0.8783185369102284,DEN,PHI,archive:asset:302374075:sha256:14a594b86b207508b89a42755f624c241e6ceef516d859a4b6bd2c4a5a7b472c:week:5
2025_05_DEN_PHI,3787.0,2025,5,DEN,PHI,run,0.13064667326398194,DEN,PHI,archive:asset:302374075:sha256:14a594b86b207508b89a42755f624c241e6ceef516d859a4b6bd2c4a5a7b472c:week:5
2025_05_DEN_PHI,3819.0,2025,5,DEN,PHI,run,-0.7015973814995959,DEN,PHI,archive:asset:302374075:sha256:14a594b86b207508b89a42755f624c241e6ceef516d859a4b6bd2c4a5a7b472c:week:5
2025_05_DEN_PHI,3841.0,2025,5,DEN,PHI,no_play,-1.5334547644015402,DEN,PHI,archive:asset:302374075:sha256:14a594b86b207508b89a42755f624c241e6ceef516d859a4b6bd2c4a5a7b472c:week:5
2025_05_DEN_PHI,3898.0,2025,5,DEN,PHI,pass,3.9484103354625404,DEN,PHI,archive:asset:302374075:sha256:14a594b86b207508b89a42755f624c241e6ceef516d859a4b6bd2c4a5a7b472c:week:5
2025_05_DEN_PHI,3923.0,2025,5,DEN,PHI,pass,2.179522488033399,DEN,PHI,archive:asset:302374075:sha256:14a594b86b207508b89a42755f624c241e6ceef516d859a4b6bd2c4a5a7b472c:week:5
2025_05_DEN_PHI,3949.0,2025,5,DEN,PHI,pass,1.053,DEN,PHI,archive:asset:302374075:sha256:14a594b86b207508b89a42755f624c241e6ceef516d859a4b6bd2c4a5a7b472c:week:5
2025_05_DEN_PHI,3962.0,2025,5,PHI,DEN,kickoff,1.0499303417745978,PHI,DEN,archive:asset:302374075:sha256:14a594b86b207508b89a42755f624c241e6ceef516d859a4b6bd2c4a5a7b472c:week:5
2025_05_DEN_PHI,3990.0,2025,5,PHI,DEN,pass,0.587983115343377,PHI,DEN,archive:asset:302374075:sha256:14a594b86b207508b89a42755f624c241e6ceef516d859a4b6bd2c4a5a7b472c:week:5
2025_05_DEN_PHI,4020.0,2025,5,PHI,DEN,no_play,-0.7900520178955048,PHI,DEN,archive:asset:302374075:sha256:14a594b86b207508b89a42755f624c241e6ceef516d859a4b6bd2c4a5a7b472c:week:5
2025_05_DEN_PHI,4061.0,2025,5,PHI,DEN,run,-0.7431862221565098,PHI,DEN,archive:asset:302374075:sha256:14a594b86b207508b89a42755f624c241e6ceef516d859a4b6bd2c4a5a7b472c:week:5
2025_05_DEN_PHI,4083.0,2025,5,PHI,DEN,pass,-1.3154899023938924,PHI,DEN,archive:asset:302374075:sha256:14a594b86b207508b89a42755f624c241e6ceef516d859a4b6bd2c4a5a7b472c:week:5
2025_05_DEN_PHI,4113.0,2025,5,PHI,DEN,no_play,-0.4302249595057219,PHI,DEN,archive:asset:302374075:sha256:14a594b86b207508b89a42755f624c241e6ceef516d859a4b6bd2c4a5a7b472c:week:5
2025_05_DEN_PHI,4149.0,2025,5,PHI,DEN,punt,-0.8424017613288015,PHI,DEN,archive:asset:302374075:sha256:14a594b86b207508b89a42755f624c241e6ceef516d859a4b6bd2c4a5a7b472c:week:5
2025_05_DEN_PHI,4169.0,2025,5,DEN,PHI,pass,0.6548610370373353,DEN,PHI,archive:asset:302374075:sha256:14a594b86b207508b89a42755f624c241e6ceef516d859a4b6bd2c4a5a7b472c:week:5
2025_05_DEN_PHI,4194.0,2025,5,DEN,PHI,run,-0.31786575756268576,DEN,PHI,archive:asset:302374075:sha256:14a594b86b207508b89a42755f624c241e6ceef516d859a4b6bd2c4a5a7b472c:week:5
2025_05_DEN_PHI,4216.0,2025,5,DEN,PHI,pass,-0.558754924684763,DEN,PHI,archive:asset:302374075:sha256:14a594b86b207508b89a42755f624c241e6ceef516d859a4b6bd2c4a5a7b472c:week:5
2025_05_DEN_PHI,4250.0,2025,5,DEN,PHI,pass,1.9257927534054033,DEN,PHI,archive:asset:302374075:sha256:14a594b86b207508b89a42755f624c241e6ceef516d859a4b6bd2c4a5a7b472c:week:5
2025_05_DEN_PHI,4275.0,2025,5,DEN,PHI,no_play,-0.5970144965685904,DEN,PHI,archive:asset:302374075:sha256:14a594b86b207508b89a42755f624c241e6ceef516d859a4b6bd2c4a5a7b472c:week:5
2025_05_DEN_PHI,4301.0,2025,5,DEN,PHI,run,-0.2908491723355837,DEN,PHI,archive:asset:302374075:sha256:14a594b86b207508b89a42755f624c241e6ceef516d859a4b6bd2c4a5a7b472c:week:5
2025_05_DEN_PHI,4337.0,2025,5,,,no_play,-0.0,,,archive:asset:302374075:sha256:14a594b86b207508b89a42755f624c241e6ceef516d859a4b6bd2c4a5a7b472c:week:5
2025_05_DEN_PHI,4325.0,2025,5,DEN,PHI,pass,0.6861502024694346,DEN,PHI,archive:asset:302374075:sha256:14a594b86b207508b89a42755f624c241e6ceef516d859a4b6bd2c4a5a7b472c:week:5
2025_05_DEN_PHI,4369.0,2025,5,,,no_play,-0.0,,,archive:asset:302374075:sha256:14a594b86b207508b89a42755f624c241e6ceef516d859a4b6bd2c4a5a7b472c:week:5
2025_05_DEN_PHI,4357.0,2025,5,DEN,PHI,pass,1.757389884092845,DEN,PHI,archive:asset:302374075:sha256:14a594b86b207508b89a42755f624c241e6ceef516d859a4b6bd2c4a5a7b472c:week:5
2025_05_DEN_PHI,4400.0,2025,5,DEN,PHI,run,-1.0522641823627055,DEN,PHI,archive:asset:302374075:sha256:14a594b86b207508b89a42755f624c241e6ceef516d859a4b6bd2c4a5a7b472c:week:5
2025_05_DEN_PHI,4436.0,2025,5,,,no_play,-0.0,,,archive:asset:302374075:sha256:14a594b86b207508b89a42755f624c241e6ceef516d859a4b6bd2c4a5a7b472c:week:5
2025_05_DEN_PHI,4446.0,2025,5,,,no_play,-0.0,,,archive:asset:302374075:sha256:14a594b86b207508b89a42755f624c241e6ceef516d859a4b6bd2c4a5a7b472c:week:5
2025_05_DEN_PHI,4424.0,2025,5,DEN,PHI,run,-0.5734776219469495,DEN,PHI,archive:asset:302374075:sha256:14a594b86b207508b89a42755f624c241e6ceef516d859a4b6bd2c4a5a7b472c:week:5
2025_05_DEN_PHI,4463.0,2025,5,DEN,PHI,pass,-0.542803741293028,DEN,PHI,archive:asset:302374075:sha256:14a594b86b207508b89a42755f624c241e6ceef516d859a4b6bd2c4a5a7b472c:week:5
2025_05_DEN_PHI,4504.0,2025,5,,,no_play,-0.0,,,archive:asset:302374075:sha256:14a594b86b207508b89a42755f624c241e6ceef516d859a4b6bd2c4a5a7b472c:week:5
2025_05_DEN_PHI,4492.0,2025,5,DEN,PHI,no_play,0.4497092778267917,DEN,PHI,archive:asset:302374075:sha256:14a594b86b207508b89a42755f624c241e6ceef516d859a4b6bd2c4a5a7b472c:week:5
2025_05_DEN_PHI,4529.0,2025,5,DEN,PHI,field_goal,0.3361345753716658,DEN,PHI,archive:asset:302374075:sha256:14a594b86b207508b89a42755f624c241e6ceef516d859a4b6bd2c4a5a7b472c:week:5
2025_05_DEN_PHI,4555.0,2025,5,PHI,DEN,kickoff,-0.03402203170116991,PHI,DEN,archive:asset:302374075:sha256:14a594b86b207508b89a42755f624c241e6ceef516d859a4b6bd2c4a5a7b472c:week:5
2025_05_DEN_PHI,4606.0,2025,5,PHI,DEN,pass,-0.3698980633635074,PHI,DEN,archive:asset:302374075:sha256:14a594b86b207508b89a42755f624c241e6ceef516d859a4b6bd2c4a5a7b472c:week:5
2025_05_DEN_PHI,4626.0,2025,5,PHI,DEN,pass,0.013407970545813441,PHI,DEN,archive:asset:302374075:sha256:14a594b86b207508b89a42755f624c241e6ceef516d859a4b6bd2c4a5a7b472c:week:5
2025_05_DEN_PHI,4651.0,2025,5,PHI,DEN,pass,-0.11452199844643474,PHI,DEN,archive:asset:302374075:sha256:14a594b86b207508b89a42755f624c241e6ceef516d859a4b6bd2c4a5a7b472c:week:5
2025_05_DEN_PHI,4674.0,2025,5,PHI,DEN,no_play,0.5364566772477701,PHI,DEN,archive:asset:302374075:sha256:14a594b86b207508b89a42755f624c241e6ceef516d859a4b6bd2c4a5a7b472c:week:5
2025_05_DEN_PHI,4708.0,2025,5,PHI,DEN,pass,1.1561071594478562,PHI,DEN,archive:asset:302374075:sha256:14a594b86b207508b89a42755f624c241e6ceef516d859a4b6bd2c4a5a7b472c:week:5
2025_05_DEN_PHI,4738.0,2025,5,PHI,DEN,pass,-0.049931265821214765,PHI,DEN,archive:asset:302374075:sha256:14a594b86b207508b89a42755f624c241e6ceef516d859a4b6bd2c4a5a7b472c:week:5
2025_05_DEN_PHI,4761.0,2025,5,PHI,DEN,pass,-1.620323957700748,PHI,DEN,archive:asset:302374075:sha256:14a594b86b207508b89a42755f624c241e6ceef516d859a4b6bd2c4a5a7b472c:week:5
2025_05_DEN_PHI,4784.0,2025,5,PHI,DEN,,,PHI,DEN,archive:asset:302374075:sha256:14a594b86b207508b89a42755f624c241e6ceef516d859a4b6bd2c4a5a7b472c:week:5
2025_05_DET_CIN,1.0,2025,5,,,,-0.0,,,archive:asset:302374075:sha256:14a594b86b207508b89a42755f624c241e6ceef516d859a4b6bd2c4a5a7b472c:week:5
2025_05_DET_CIN,39.0,2025,5,DET,CIN,kickoff,1.102407998405397,DET,CIN,archive:asset:302374075:sha256:14a594b86b207508b89a42755f624c241e6ceef516d859a4b6bd2c4a5a7b472c:week:5
2025_05_DET_CIN,62.0,2025,5,DET,CIN,run,-0.4093148084357381,DET,CIN,archive:asset:302374075:sha256:14a594b86b207508b89a42755f624c241e6ceef516d859a4b6bd2c4a5a7b472c:week:5
2025_05_DET_CIN,84.0,2025,5,DET,CIN,pass,1.3949598749168217,DET,CIN,archive:asset:302374075:sha256:14a594b86b207508b89a42755f624c241e6ceef516d859a4b6bd2c4a5a7b472c:week:5
2025_05_DET_CIN,109.0,2025,5,DET,CIN,pass,1.6917625174392015,DET,CIN,archive:asset:302374075:sha256:14a594b86b207508b89a42755f624c241e6ceef516d859a4b6bd2c4a5a7b472c:week:5
2025_05_DET_CIN,134.0,2025,5,DET,CIN,run,0.32775231247069314,DET,CIN,archive:asset:302374075:sha256:14a594b86b207508b89a42755f624c241e6ceef516d859a4b6bd2c4a5a7b472c:week:5
2025_05_DET_CIN,156.0,2025,5,DET,CIN,run,0.131938815000467,DET,CIN,archive:asset:302374075:sha256:14a594b86b207508b89a42755f624c241e6ceef516d859a4b6bd2c4a5a7b472c:week:5
2025_05_DET_CIN,178.0,2025,5,DET,CIN,run,-0.4957215082249604,DET,CIN,archive:asset:302374075:sha256:14a594b86b207508b89a42755f624c241e6ceef516d859a4b6bd2c4a5a7b472c:week:5
2025_05_DET_CIN,200.0,2025,5,DET,CIN,pass,2.485992431640625,DET,CIN,archive:asset:302374075:sha256:14a594b86b207508b89a42755f624c241e6ceef516d859a4b6bd2c4a5a7b472c:week:5
2025_05_DET_CIN,226.0,2025,5,DET,CIN,extra_point,0.06757300310763314,DET,CIN,archive:asset:302374075:sha256:14a594b86b207508b89a42755f624c241e6ceef516d859a4b6bd2c4a5a7b472c:week:5
2025_05_DET_CIN,241.0,2025,5,CIN,DET,kickoff,0.0009630098938941956,CIN,DET,archive:asset:302374075:sha256:14a594b86b207508b89a42755f624c241e6ceef516d859a4b6bd2c4a5a7b472c:week:5
2025_05_DET_CIN,271.0,2025,5,CIN,DET,pass,-0.5891295438632369,CIN,DET,archive:asset:302374075:sha256:14a594b86b207508b89a42755f624c241e6ceef516d859a4b6bd2c4a5a7b472c:week:5
2025_05_DET_CIN,294.0,2025,5,CIN,DET,run,-0.06169498385861516,CIN,DET,archive:asset:302374075:sha256:14a594b86b207508b89a42755f624c241e6ceef516d859a4b6bd2c4a5a7b472c:week:5
2025_05_DET_CIN,316.0,2025,5,CIN,DET,no_play,1.4061354831792414,CIN,DET,archive:asset:302374075:sha256:14a594b86b207508b89a42755f624c241e6ceef516d859a4b6bd2c4a5a7b472c:week:5
2025_05_DET_CIN,347.0,2025,5,CIN,DET,pass,1.5433253736700863,CIN,DET,archive:asset:302374075:sha256:14a594b86b207508b89a42755f624c241e6ceef516d859a4b6bd2c4a5a7b472c:week:5
2025_05_DET_CIN,388.0,2025,5,CIN,DET,pass,-0.5597843509167433,CIN,DET,archive:asset:302374075:sha256:14a594b86b207508b89a42755f624c241e6ceef516d859a4b6bd2c4a5a7b472c:week:5
2025_05_DET_CIN,423.0,2025,5,CIN,DET,pass,-0.8761075816582888,CIN,DET,archive:asset:302374075:sha256:14a594b86b207508b89a42755f624c241e6ceef516d859a4b6bd2c4a5a7b472c:week:5
2025_05_DET_CIN,458.0,2025,5,CIN,DET,no_play,-0.9224658857565373,CIN,DET,archive:asset:302374075:sha256:14a594b86b207508b89a42755f624c241e6ceef516d859a4b6bd2c4a5a7b472c:week:5
2025_05_DET_CIN,482.0,2025,5,CIN,DET,pass,-1.311106582870707,CIN,DET,archive:asset:302374075:sha256:14a594b86b207508b89a42755f624c241e6ceef516d859a4b6bd2c4a5a7b472c:week:5
2025_05_DET_CIN,507.0,2025,5,CIN,DET,punt,-0.49140750570222735,CIN,DET,archive:asset:302374075:sha256:14a594b86b207508b89a42755f624c241e6ceef516d859a4b6bd2c4a5a7b472c:week:5
2025_05_DET_CIN,525.0,2025,5,DET,CIN,pass,0.9737025396898389,DET,CIN,archive:asset:302374075:sha256:14a594b86b207508b89a42755f624c241e6ceef516d859a4b6bd2c4a5a7b472c:week:5
2025_05_DET_CIN,562.0,2025,5,DET,CIN,run,-0.5597543143667281,DET,CIN,archive:asset:302374075:sha256:14a594b86b207508b89a42755f624c241e6ceef516d859a4b6bd2c4a5a7b472c:week:5
2025_05_DET_CIN,584.0,2025,5,DET,CIN,pass,1.7469046032056212,DET,CIN,archive:asset:302374075:sha256:14a594b86b207508b89a42755f624c241e6ceef516d859a4b6bd2c4a5a7b472c:week:5
2025_05_DET_CIN,614.0,2025,5,DET,CIN,pass,0.5732945282943547,DET,CIN,archive:asset:302374075:sha256:14a594b86b207508b89a42755f624c241e6ceef516d859a4b6bd2c4a5a7b472c:week:5
2025_05_DET_CIN,639.0,2025,5,DET,CIN,pass,0.5895887705264613,DET,CIN,archive:asset:302374075:sha256:14a594b86b207508b89a42755f624c241e6ceef516d859a4b6bd2c4a5a7b472c:week:5
2025_05_DET_CIN,669.0,2025,5,DET,CIN,pass,-5.295751938014291,DET,CIN,archive:asset:302374075:sha256:14a594b86b207508b89a42755f624c241e6ceef516d859a4b6bd2c4a5a7b472c:week:5
2025_05_DET_CIN,692.0,2025,5,CIN,DET,run,-0.38648862252011895,CIN,DET,archive:asset:302374075:sha256:14a594b86b207508b89a42755f624c241e6ceef516d859a4b6bd2c4a5a7b472c:week:5
2025_05_DET_CIN,788.0,2025,5,CIN,DET,pass,-0.16967611806467175,CIN,DET,archive:asset:302374075:sha256:14a594b86b207508b89a42755f624c241e6ceef516d859a4b6bd2c4a5a7b472c:week:5
2025_05_DET_CIN,813.0,2025,5,CIN,DET,pass,-1.4954656050540507,CIN,DET,archive:asset:302374075:sha256:14a594b86b207508b89a42755f624c241e6ceef516d859a4b6bd2c4a5a7b472c:week:5
2025_05_DET_CIN,836.0,2025,5,CIN,DET,punt,0.6836111885495484,CIN,DET,archive:asset:302374075:sha256:14a594b86b207508b89a42755f624c241e6ceef516d859a4b6bd2c4a5a7b472c:week:5
2025_05_DET_CIN,877.0,2025,5,DET,CIN,run,-0.021906588226556778,DET,CIN,archive:asset:302374075:sha256:14a594b86b207508b89a42755f624c241e6ceef516d859a4b6bd2c4a5a7b472c:week:5
2025_05_DET_CIN,907.0,2025,5,DET,CIN,pass,1.1251304913312197,DET,CIN,archive:asset:302374075:sha256:14a594b86b207508b89a42755f624c241e6ceef516d859a4b6bd2c4a5a7b472c:week:5
2025_05_DET_CIN,932.0,2025,5,DET,CIN,run,-0.0858683530241251,DET,CIN,archive:asset:302374075:sha256:14a594b86b207508b89a42755f624c241e6ceef516d859a4b6bd2c4a5a7b472c:week:5
2025_05_DET_CIN,954.0,2025,5,DET,CIN,run,0.8190336916595697,DET,CIN,archive:asset:302374075:sha256:14a594b86b207508b89a42755f624c241e6ceef516d859a4b6bd2c4a5a7b472c:week:5
2025_05_DET_CIN,979.0,2025,5,DET,CIN,run,-0.9956628177314997,DET,CIN,archive:asset:302374075:sha256:14a594b86b207508b89a42755f624c241e6ceef516d859a4b6bd2c4a5a7b472c:week:5
2025_05_DET_CIN,1008.0,2025,5,DET,CIN,pass,-0.8184073963202536,DET,CIN,archive:asset:302374075:sha256:14a594b86b207508b89a42755f624c241e6ceef516d859a4b6bd2c4a5a7b472c:week:5
2025_05_DET_CIN,1031.0,2025,5,DET,CIN,pass,-1.064587623346597,DET,CIN,archive:asset:302374075:sha256:14a594b86b207508b89a42755f624c241e6ceef516d859a4b6bd2c4a5a7b472c:week:5
2025_05_DET_CIN,1051.0,2025,5,DET,CIN,,-0.0,DET,CIN,archive:asset:302374075:sha256:14a594b86b207508b89a42755f624c241e6ceef516d859a4b6bd2c4a5a7b472c:week:5
2025_05_DET_CIN,1071.0,2025,5,DET,CIN,punt,1.266202780418098,DET,CIN,archive:asset:302374075:sha256:14a594b86b207508b89a42755f624c241e6ceef516d859a4b6bd2c4a5a7b472c:week:5
2025_05_DET_CIN,1098.0,2025,5,CIN,DET,pass,-4.699107477499638,CIN,DET,archive:asset:302374075:sha256:14a594b86b207508b89a42755f624c241e6ceef516d859a4b6bd2c4a5a7b472c:week:5
2025_05_DET_CIN,1125.0,2025,5,DET,CIN,run,-0.23995042429305613,DET,CIN,archive:asset:302374075:sha256:14a594b86b207508b89a42755f624c241e6ceef516d859a4b6bd2c4a5a7b472c:week:5
2025_05_DET_CIN,1147.0,2025,5,DET,CIN,run,1.1853454288793728,DET,CIN,archive:asset:302374075:sha256:14a594b86b207508b89a42755f624c241e6ceef516d859a4b6bd2c4a5a7b472c:week:5
2025_05_DET_CIN,1172.0,2025,5,DET,CIN,run,0.6733168289647438,DET,CIN,archive:asset:302374075:sha256:14a594b86b207508b89a42755f624c241e6ceef516d859a4b6bd2c4a5a7b472c:week:5
2025_05_DET_CIN,1205.0,2025,5,DET,CIN,run,-0.7426606742083095,DET,CIN,archive:asset:302374075:sha256:14a594b86b207508b89a42755f624c241e6ceef516d859a4b6bd2c4a5a7b472c:week:5
2025_05_DET_CIN,1227.0,2025,5,DET,CIN,pass,1.373055194679182,DET,CIN,archive:asset:302374075:sha256:14a594b86b207508b89a42755f624c241e6ceef516d859a4b6bd2c4a5a7b472c:week:5
2025_05_DET_CIN,1255.0,2025,5,DET,CIN,extra_point,0.06757300310763314,DET,CIN,archive:asset:302374075:sha256:14a594b86b207508b89a42755f624c241e6ceef516d859a4b6bd2c4a5a7b472c:week:5
2025_05_DET_CIN,1270.0,2025,5,CIN,DET,kickoff,-0.511239901650697,CIN,DET,archive:asset:302374075:sha256:14a594b86b207508b89a42755f624c241e6ceef516d859a4b6bd2c4a5a7b472c:week:5
2025_05_DET_CIN,1300.0,2025,5,CIN,DET,pass,0.8576073325239122,CIN,DET,archive:asset:302374075:sha256:14a594b86b207508b89a42755f624c241e6ceef516d859a4b6bd2c4a5a7b472c:week:5
2025_05_DET_CIN,1325.0,2025,5,CIN,DET,pass,0.09795065736398101,CIN,DET,archive:asset:302374075:sha256:14a594b86b207508b89a42755f624c241e6ceef516d859a4b6bd2c4a5a7b472c:week:5
2025_05_DET_CIN,1350.0,2025,5,CIN,DET,pass,-0.42468617856502533,CIN,DET,archive:asset:302374075:sha256:14a594b86b207508b89a42755f624c241e6ceef516d859a4b6bd2c4a5a7b472c:week:5
2025_05_DET_CIN,1375.0,2025,5,CIN,DET,run,1.089779624948278,CIN,DET,archive:asset:302374075:sha256:14a594b86b207508b89a42755f624c241e6ceef516d859a4b6bd2c4a5a7b472c:week:5
2025_05_DET_CIN,1434.0,2025,5,CIN,DET,pass,-0.781480789417401,CIN,DET,archive:asset:302374075:sha256:14a594b86b207508b89a42755f624c241e6ceef516d859a4b6bd2c4a5a7b472c:week:5
2025_05_DET_CIN,1459.0,2025,5,CIN,DET,pass,-0.25625720992684364,CIN,DET,archive:asset:302374075:sha256:14a594b86b207508b89a42755f624c241e6ceef516d859a4b6bd2c4a5a7b472c:week:5
2025_05_DET_CIN,1484.0,2025,5,CIN,DET,pass,-1.3819647366181016,CIN,DET,archive:asset:302374075:sha256:14a594b86b207508b89a42755f624c241e6ceef516d859a4b6bd2c4a5a7b472c:week:5
2025_05_DET_CIN,1507.0,2025,5,CIN,DET,punt,-0.4380998481065035,CIN,DET,archive:asset:302374075:sha256:14a594b86b207508b89a42755f624c241e6ceef516d859a4b6bd2c4a5a7b472c:week:5
2025_05_DET_CIN,1525.0,2025,5,DET,CIN,pass,0.9924968250561506,DET,CIN,archive:asset:302374075:sha256:14a594b86b207508b89a42755f624c241e6ceef516d859a4b6bd2c4a5a7b472c:week:5
2025_05_DET_CIN,1557.0,2025,5,DET,CIN,run,-0.40722637297585607,DET,CIN,archive:asset:302374075:sha256:14a594b86b207508b89a42755f624c241e6ceef516d859a4b6bd2c4a5a7b472c:week:5
2025_05_DET_CIN,1579.0,2025,5,DET,CIN,pass,0.29075564397498965,DET,CIN,archive:asset:302374075:sha256:14a594b86b207508b89a42755f624c241e6ceef516d859a4b6bd2c4a5a7b472c:week:5
2025_05_DET_CIN,1609.0,2025,5,DET,CIN,pass,-1.561715954914689,DET,CIN,archive:asset:302374075:sha256:14a594b86b207508b89a42755f624c241e6ceef516d859a4b6bd2c4a5a7b472c:week:5
2025_05_DET_CIN,1632.0,2025,5,DET,CIN,punt,0.1638247842201963,DET,CIN,archive:asset:302374075:sha256:14a594b86b207508b89a42755f624c241e6ceef516d859a4b6bd2c4a5a7b472c:week:5
2025_05_DET_CIN,1669.0,2025,5,CIN,DET,run,-0.4758820638526231,CIN,DET,archive:asset:302374075:sha256:14a594b86b207508b89a42755f624c241e6ceef516d859a4b6bd2c4a5a7b472c:week:5
2025_05_DET_CIN,1691.0,2025,5,CIN,DET,no_play,0.682114772615023,CIN,DET,archive:asset:302374075:sha256:14a594b86b207508b89a42755f624c241e6ceef516d859a4b6bd2c4a5a7b472c:week:5
2025_05_DET_CIN,1722.0,2025,5,CIN,DET,pass,-0.46239867247641087,CIN,DET,archive:asset:302374075:sha256:14a594b86b207508b89a42755f624c241e6ceef516d859a4b6bd2c4a5a7b472c:week:5
2025_05_DET_CIN,1745.0,2025,5,CIN,DET,pass,-0.5516713017132133,CIN,DET,archive:asset:302374075:sha256:14a594b86b207508b89a42755f624c241e6ceef516d859a4b6bd2c4a5a7b472c:week:5
2025_05_DET_CIN,1768.0,2025,5,CIN,DET,no_play,-0.608457024092786,CIN,DET,archive:asset:302374075:sha256:14a594b86b207508b89a42755f624c241e6ceef516d859a4b6bd2c4a5a7b472c:week:5
2025_05_DET_CIN,1797.0,2025,5,CIN,DET,pass,-1.3178289831848815,CIN,DET,archive:asset:302374075:sha256:14a594b86b207508b89a42755f624c241e6ceef516d859a4b6bd2c4a5a7b472c:week:5
2025_05_DET_CIN,1824.0,2025,5,DET,CIN,run,-0.9597715040436015,DET,CIN,archive:asset:302374075:sha256:14a594b86b207508b89a42755f624c241e6ceef516d859a4b6bd2c4a5a7b472c:week:5
2025_05_DET_CIN,1846.0,2025,5,DET,CIN,pass,-0.765899311285466,DET,CIN,archive:asset:302374075:sha256:14a594b86b207508b89a42755f624c241e6ceef516d859a4b6bd2c4a5a7b472c:week:5
2025_05_DET_CIN,1869.0,2025,5,DET,CIN,pass,-0.6928403988131322,DET,CIN,archive:asset:302374075:sha256:14a594b86b207508b89a42755f624c241e6ceef516d859a4b6bd2c4a5a7b472c:week:5
2025_05_DET_CIN,1894.0,2025,5,DET,CIN,punt,-0.4336715118843131,DET,CIN,archive:asset:302374075:sha256:14a594b86b207508b89a42755f624c241e6ceef516d859a4b6bd2c4a5a7b472c:week:5
2025_05_DET_CIN,1914.0,2025,5,CIN,DET,run,-0.2717282803496346,CIN,DET,archive:asset:302374075:sha256:14a594b86b207508b89a42755f624c241e6ceef516d859a4b6bd2c4a5a7b472c:week:5
2025_05_DET_CIN,1936.0,2025,5,CIN,DET,run,0.042497357819229364,CIN,DET,archive:asset:302374075:sha256:14a594b86b207508b89a42755f624c241e6ceef516d859a4b6bd2c4a5a7b472c:week:5
2025_05_DET_CIN,1962.0,2025,5,CIN,DET,pass,0.819083187263459,CIN,DET,archive:asset:302374075:sha256:14a594b86b207508b89a42755f624c241e6ceef516d859a4b6bd2c4a5a7b472c:week:5
2025_05_DET_CIN,1987.0,2025,5,CIN,DET,pass,1.3997904342249967,CIN,DET,archive:asset:302374075:sha256:14a594b86b207508b89a42755f624c241e6ceef516d859a4b6bd2c4a5a7b472c:week:5
2025_05_DET_CIN,2019.0,2025,5,CIN,DET,pass,0.3777105985209346,CIN,DET,archive:asset:302374075:sha256:14a594b86b207508b89a42755f624c241e6ceef516d859a4b6bd2c4a5a7b472c:week:5
2025_05_DET_CIN,2044.0,2025,5,CIN,DET,pass,0.33337179629597813,CIN,DET,archive:asset:302374075:sha256:14a594b86b207508b89a42755f624c241e6ceef516d859a4b6bd2c4a5a7b472c:week:5
2025_05_DET_CIN,2074.0,2025,5,CIN,DET,pass,-0.8303349781781435,CIN,DET,archive:asset:302374075:sha256:14a594b86b207508b89a42755f624c241e6ceef516d859a4b6bd2c4a5a7b472c:week:5
2025_05_DET_CIN,2111.0,2025,5,,,no_play,0.0,,,archive:asset:302374075:sha256:14a594b86b207508b89a42755f624c241e6ceef516d859a4b6bd2c4a5a7b472c:week:5
2025_05_DET_CIN,2099.0,2025,5,CIN,DET,run,0.007122648996300995,CIN,DET,archive:asset:302374075:sha256:14a594b86b207508b89a42755f624c241e6ceef516d859a4b6bd2c4a5a7b472c:week:5
2025_05_DET_CIN,2133.0,2025,5,CIN,DET,no_play,-0.5286313240649179,CIN,DET,archive:asset:302374075:sha256:14a594b86b207508b89a42755f624c241e6ceef516d859a4b6bd2c4a5a7b472c:week:5
2025_05_DET_CIN,2157.0,2025,5,CIN,DET,pass,0.4770061535939554,CIN,DET,archive:asset:302374075:sha256:14a594b86b207508b89a42755f624c241e6ceef516d859a4b6bd2c4a5a7b472c:week:5
2025_05_DET_CIN,2194.0,2025,5,,,no_play,0.0,,,archive:asset:302374075:sha256:14a594b86b207508b89a42755f624c241e6ceef516d859a4b6bd2c4a5a7b472c:week:5
2025_05_DET_CIN,2182.0,2025,5,CIN,DET,field_goal,1.0253117870477049,CIN,DET,archive:asset:302374075:sha256:14a594b86b207508b89a42755f624c241e6ceef516d859a4b6bd2c4a5a7b472c:week:5
2025_05_DET_CIN,2209.0,2025,5,,,,,,,archive:asset:302374075:sha256:14a594b86b207508b89a42755f624c241e6ceef516d859a4b6bd2c4a5a7b472c:week:5
2025_05_DET_CIN,2227.0,2025,5,CIN,DET,kickoff,0.1258097377140075,CIN,DET,archive:asset:302374075:sha256:14a594b86b207508b89a42755f624c241e6ceef516d859a4b6bd2c4a5a7b472c:week:5
2025_05_DET_CIN,2250.0,2025,5,CIN,DET,run,0.0963859127368778,CIN,DET,archive:asset:302374075:sha256:14a594b86b207508b89a42755f624c241e6ceef516d859a4b6bd2c4a5a7b472c:week:5
2025_05_DET_CIN,2272.0,2025,5,CIN,DET,pass,-5.781058492488228,CIN,DET,archive:asset:302374075:sha256:14a594b86b207508b89a42755f624c241e6ceef516d859a4b6bd2c4a5a7b472c:week:5
2025_05_DET_CIN,2304.0,2025,5,DET,CIN,run,-0.18991319159977138,DET,CIN,archive:asset:302374075:sha256:14a594b86b207508b89a42755f624c241e6ceef516d859a4b6bd2c4a5a7b472c:week:5
2025_05_DET_CIN,2326.0,2025,5,DET,CIN,pass,-0.6352933532325551,DET,CIN,archive:asset:302374075:sha256:14a594b86b207508b89a42755f624c241e6ceef516d859a4b6bd2c4a5a7b472c:week:5
2025_05_DET_CIN,2349.0,2025,5,DET,CIN,pass,1.6429140085820109,DET,CIN,archive:asset:302374075:sha256:14a594b86b207508b89a42755f624c241e6ceef516d859a4b6bd2c4a5a7b472c:week:5
2025_05_DET_CIN,2374.0,2025,5,DET,CIN,run,-0.01597671990748495,DET,CIN,archive:asset:302374075:sha256:14a594b86b207508b89a42755f624c241e6ceef516d859a4b6bd2c4a5a7b472c:week:5
2025_05_DET_CIN,2396.0,2025,5,DET,CIN,no_play,-1.2673227221239358,DET,CIN,archive:asset:302374075:sha256:14a594b86b207508b89a42755f624c241e6ceef516d859a4b6bd2c4a5a7b472c:week:5
2025_05_DET_CIN,2429.0,2025,5,DET,CIN,pass,3.38082690408919,DET,CIN,archive:asset:302374075:sha256:14a594b86b207508b89a42755f624c241e6ceef516d859a4b6bd2c4a5a7b472c:week:5
2025_05_DET_CIN,2455.0,2025,5,DET,CIN,extra_point,0.06757300310763314,DET,CIN,archive:asset:302374075:sha256:14a594b86b207508b89a42755f624c241e6ceef516d859a4b6bd2c4a5a7b472c:week:5
2025_05_DET_CIN,2470.0,2025,5,CIN,DET,kickoff,0.13988004066050053,CIN,DET,archive:asset:302374075:sha256:14a594b86b207508b89a42755f624c241e6ceef516d859a4b6bd2c4a5a7b472c:week:5
2025_05_DET_CIN,2505.0,2025,5,CIN,DET,run,0.24881981662474573,CIN,DET,archive:asset:302374075:sha256:14a594b86b207508b89a42755f624c241e6ceef516d859a4b6bd2c4a5a7b472c:week:5
2025_05_DET_CIN,2527.0,2025,5,CIN,DET,run,-0.7421259812545031,CIN,DET,archive:asset:302374075:sha256:14a594b86b207508b89a42755f624c241e6ceef516d859a4b6bd2c4a5a7b472c:week:5
2025_05_DET_CIN,2549.0,2025,5,CIN,DET,pass,-1.5692688189446926,CIN,DET,archive:asset:302374075:sha256:14a594b86b207508b89a42755f624c241e6ceef516d859a4b6bd2c4a5a7b472c:week:5
2025_05_DET_CIN,2572.0,2025,5,CIN,DET,punt,0.05330078862607479,CIN,DET,archive:asset:302374075:sha256:14a594b86b207508b89a42755f624c241e6ceef516d859a4b6bd2c4a5a7b472c:week:5
2025_05_DET_CIN,2590.0,2025,5,DET,CIN,pass,2.7545639814343303,DET,CIN,archive:asset:302374075:sha256:14a594b86b207508b89a42755f624c241e6ceef516d859a4b6bd2c4a5a7b472c:week:5
2025_05_DET_CIN,2627.0,2025,5,DET,CIN,run,-0.2096570278517902,DET,CIN,archive:asset:302374075:sha256:14a594b86b207508b89a42755f624c241e6ceef516d859a4b6bd2c4a5a7b472c:week:5
2025_05_DET_CIN,2649.0,2025,5,DET,CIN,run,0.07030750100966543,DET,CIN,archive:asset:302374075:sha256:14a594b86b207508b89a42755f624c241e6ceef516d859a4b6bd2c4a5a7b472c:week:5
2025_05_DET_CIN,2671.0,2025,5,DET,CIN,pass,1.0903976098634303,DET,CIN,archive:asset:302374075:sha256:14a594b86b207508b89a42755f624c241e6ceef516d859a4b6bd2c4a5a7b472c:week:5
2025_05_DET_CIN,2696.0,2025,5,DET,CIN,run,1.208463889779523,DET,CIN,archive:asset:302374075:sha256:14a594b86b207508b89a42755f624c241e6ceef516d859a4b6bd2c4a5a7b472c:week:5
2025_05_DET_CIN,2718.0,2025,5,DET,CIN,run,-0.6025406689732336,DET,CIN,archive:asset:302374075:sha256:14a594b86b207508b89a42755f624c241e6ceef516d859a4b6bd2c4a5a7b472c:week:5
2025_05_DET_CIN,2740.0,2025,5,DET,CIN,run,2.256777922681067,DET,CIN,archive:asset:302374075:sha256:14a594b86b207508b89a42755f624c241e6ceef516d859a4b6bd2c4a5a7b472c:week:5
2025_05_DET_CIN,2763.0,2025,5,DET,CIN,extra_point,0.06757300310763314,DET,CIN,archive:asset:302374075:sha256:14a594b86b207508b89a42755f624c241e6ceef516d859a4b6bd2c4a5a7b472c:week:5
2025_05_DET_CIN,2778.0,2025,5,CIN,DET,kickoff,0.12051076418720186,CIN,DET,archive:asset:302374075:sha256:14a594b86b207508b89a42755f624c241e6ceef516d859a4b6bd2c4a5a7b472c:week:5
2025_05_DET_CIN,2813.0,2025,5,CIN,DET,run,-0.3539851533714682,CIN,DET,archive:asset:302374075:sha256:14a594b86b207508b89a42755f624c241e6ceef516d859a4b6bd2c4a5a7b472c:week:5
2025_05_DET_CIN,2835.0,2025,5,CIN,DET,pass,-0.7580167953856289,CIN,DET,archive:asset:302374075:sha256:14a594b86b207508b89a42755f624c241e6ceef516d859a4b6bd2c4a5a7b472c:week:5
2025_05_DET_CIN,2858.0,2025,5,CIN,DET,run,1.8981577798258513,CIN,DET,archive:asset:302374075:sha256:14a594b86b207508b89a42755f624c241e6ceef516d859a4b6bd2c4a5a7b472c:week:5
2025_05_DET_CIN,2880.0,2025,5,CIN,DET,pass,0.9163335624616593,CIN,DET,archive:asset:302374075:sha256:14a594b86b207508b89a42755f624c241e6ceef516d859a4b6bd2c4a5a7b472c:week:5
2025_05_DET_CIN,2905.0,2025,5,CIN,DET,run,-0.5114934579469264,CIN,DET,archive:asset:302374075:sha256:14a594b86b207508b89a42755f624c241e6ceef516d859a4b6bd2c4a5a7b472c:week:5
2025_05_DET_CIN,2927.0,2025,5,CIN,DET,no_play,0.8089669467881322,CIN,DET,archive:asset:302374075:sha256:14a594b86b207508b89a42755f624c241e6ceef516d859a4b6bd2c4a5a7b472c:week:5
2025_05_DET_CIN,2961.0,2025,5,CIN,DET,pass,-1.102197292027995,CIN,DET,archive:asset:302374075:sha256:14a594b86b207508b89a42755f624c241e6ceef516d859a4b6bd2c4a5a7b472c:week:5
2025_05_DET_CIN,2996.0,2025,5,CIN,DET,pass,-0.27291358285583556,CIN,DET,archive:asset:302374075:sha256:14a594b86b207508b89a42755f624c241e6ceef516d859a4b6bd2c4a5a7b472c:week:5
2025_05_DET_CIN,3037.0,2025,5,CIN,DET,run,-0.9680367142427713,CIN,DET,archive:asset:302374075:sha256:14a594b86b207508b89a42755f624c241e6ceef516d859a4b6bd2c4a5a7b472c:week:5
2025_05_DET_CIN,3062.0,2025,5,CIN,DET,no_play,2.867683132411912,CIN,DET,archive:asset:302374075:sha256:14a594b86b207508b89a42755f624c241e6ceef516d859a4b6bd2c4a5a7b472c:week:5
2025_05_DET_CIN,3096.0,2025,5,CIN,DET,pass,1.0028774429811165,CIN,DET,archive:asset:302374075:sha256:14a594b86b207508b89a42755f624c241e6ceef516d859a4b6bd2c4a5a7b472c:week:5
2025_05_DET_CIN,3126.0,2025,5,CIN,DET,,0.0,CIN,DET,archive:asset:302374075:sha256:14a594b86b207508b89a42755f624c241e6ceef516d859a4b6bd2c4a5a7b472c:week:5
2025_05_DET_CIN,3146.0,2025,5,CIN,DET,pass,1.9467078685993329,CIN,DET,archive:asset:302374075:sha256:14a594b86b207508b89a42755f624c241e6ceef516d859a4b6bd2c4a5a7b472c:week:5
2025_05_DET_CIN,3172.0,2025,5,CIN,DET,extra_point,0.06757300310763314,CIN,DET,archive:asset:302374075:sha256:14a594b86b207508b89a42755f624c241e6ceef516d859a4b6bd2c4a5a7b472c:week:5
2025_05_DET_CIN,3187.0,2025,5,DET,CIN,kickoff,0.08429778972640634,DET,CIN,archive:asset:302374075:sha256:14a594b86b207508b89a42755f624c241e6ceef516d859a4b6bd2c4a5a7b472c:week:5
2025_05_DET_CIN,3215.0,2025,5,DET,CIN,pass,0.2581879151985049,DET,CIN,archive:asset:302374075:sha256:14a594b86b207508b89a42755f624c241e6ceef516d859a4b6bd2c4a5a7b472c:week:5
2025_05_DET_CIN,3240.0,2025,5,DET,CIN,no_play,-0.8150160843506455,DET,CIN,archive:asset:302374075:sha256:14a594b86b207508b89a42755f624c241e6ceef516d859a4b6bd2c4a5a7b472c:week:5
2025_05_DET_CIN,3264.0,2025,5,DET,CIN,pass,-1.3269019848667085,DET,CIN,archive:asset:302374075:sha256:14a594b86b207508b89a42755f624c241e6ceef516d859a4b6bd2c4a5a7b472c:week:5
2025_05_DET_CIN,3284.0,2025,5,DET,CIN,run,0.00934597011655569,DET,CIN,archive:asset:302374075:sha256:14a594b86b207508b89a42755f624c241e6ceef516d859a4b6bd2c4a5a7b472c:week:5
2025_05_DET_CIN,3306.0,2025,5,DET,CIN,punt,-0.647618621122092,DET,CIN,archive:asset:302374075:sha256:14a594b86b207508b89a42755f624c241e6ceef516d859a4b6bd2c4a5a7b472c:week:5
2025_05_DET_CIN,3332.0,2025,5,CIN,DET,run,0.6016350940335542,CIN,DET,archive:asset:302374075:sha256:14a594b86b207508b89a42755f624c241e6ceef516d859a4b6bd2c4a5a7b472c:week:5
2025_05_DET_CIN,3366.0,2025,5,CIN,DET,pass,-1.260931880446151,CIN,DET,archive:asset:302374075:sha256:14a594b86b207508b89a42755f624c241e6ceef516d859a4b6bd2c4a5a7b472c:week:5
2025_05_DET_CIN,3396.0,2025,5,CIN,DET,pass,-0.6295427377335727,CIN,DET,archive:asset:302374075:sha256:14a594b86b207508b89a42755f624c241e6ceef516d859a4b6bd2c4a5a7b472c:week:5
2025_05_DET_CIN,3424.0,2025,5,CIN,DET,pass,6.754966200329363,CIN,DET,archive:asset:302374075:sha256:14a594b86b207508b89a42755f624c241e6ceef516d859a4b6bd2c4a5a7b472c:week:5
2025_05_DET_CIN,3450.0,2025,5,CIN,DET,extra_point,0.06757300310763314,CIN,DET,archive:asset:302374075:sha256:14a594b86b207508b89a42755f624c241e6ceef516d859a4b6bd2c4a5a7b472c:week:5
2025_05_DET_CIN,3465.0,2025,5,DET,CIN,kickoff,0.37348444666713476,DET,CIN,archive:asset:302374075:sha256:14a594b86b207508b89a42755f624c241e6ceef516d859a4b6bd2c4a5a7b472c:week:5
2025_05_DET_CIN,3495.0,2025,5,DET,CIN,pass,0.5336482359562069,DET,CIN,archive:asset:302374075:sha256:14a594b86b207508b89a42755f624c241e6ceef516d859a4b6bd2c4a5a7b472c:week:5
2025_05_DET_CIN,3532.0,2025,5,,,no_play,-0.0,,,archive:asset:302374075:sha256:14a594b86b207508b89a42755f624c241e6ceef516d859a4b6bd2c4a5a7b472c:week:5
2025_05_DET_CIN,3520.0,2025,5,DET,CIN,pass,1.6399699937319383,DET,CIN,archive:asset:302374075:sha256:14a594b86b207508b89a42755f624c241e6ceef516d859a4b6bd2c4a5a7b472c:week:5
2025_05_DET_CIN,3552.0,2025,5,DET,CIN,run,0.2691044427920133,DET,CIN,archive:asset:302374075:sha256:14a594b86b207508b89a42755f624c241e6ceef516d859a4b6bd2c4a5a7b472c:week:5
2025_05_DET_CIN,3574.0,2025,5,DET,CIN,run,0.4459903109818697,DET,CIN,archive:asset:302374075:sha256:14a594b86b207508b89a42755f624c241e6ceef516d859a4b6bd2c4a5a7b472c:week:5
2025_05_DET_CIN,3596.0,2025,5,DET,CIN,run,0.7900448183645494,DET,CIN,archive:asset:302374075:sha256:14a594b86b207508b89a42755f624c241e6ceef516d859a4b6bd2c4a5a7b472c:week:5
2025_05_DET_CIN,3618.0,2025,5,DET,CIN,run,-0.2250184480799362,DET,CIN,archive:asset:302374075:sha256:14a594b86b207508b89a42755f624c241e6ceef516d859a4b6bd2c4a5a7b472c:week:5
2025_05_DET_CIN,3640.0,2025,5,DET,CIN,run,-0.4067434705211781,DET,CIN,archive:asset:302374075:sha256:14a594b86b207508b89a42755f624c241e6ceef516d859a4b6bd2c4a5a7b472c:week:5
2025_05_DET_CIN,3667.0,2025,5,DET,CIN,pass,2.5131902784341946,DET,CIN,archive:asset:302374075:sha256:14a594b86b207508b89a42755f624c241e6ceef516d859a4b6bd2c4a5a7b472c:week:5
2025_05_DET_CIN,3693.0,2025,5,DET,CIN,extra_point,0.06757300310763314,DET,CIN,archive:asset:302374075:sha256:14a594b86b207508b89a42755f624c241e6ceef516d859a4b6bd2c4a5a7b472c:week:5
2025_05_DET_CIN,3708.0,2025,5,CIN,DET,kickoff,0.8184022908098996,CIN,DET,archive:asset:302374075:sha256:14a594b86b207508b89a42755f624c241e6ceef516d859a4b6bd2c4a5a7b472c:week:5
2025_05_DET_CIN,3731.0,2025,5,CIN,DET,pass,0.8428388327592984,CIN,DET,archive:asset:302374075:sha256:14a594b86b207508b89a42755f624c241e6ceef516d859a4b6bd2c4a5a7b472c:week:5
2025_05_DET_CIN,3759.0,2025,5,CIN,DET,pass,-0.46663096448173746,CIN,DET,archive:asset:302374075:sha256:14a594b86b207508b89a42755f624c241e6ceef516d859a4b6bd2c4a5a7b472c:week:5
2025_05_DET_CIN,3785.0,2025,5,CIN,DET,pass,-0.7566114646033384,CIN,DET,archive:asset:302374075:sha256:14a594b86b207508b89a42755f624c241e6ceef516d859a4b6bd2c4a5a7b472c:week:5
2025_05_DET_CIN,3815.0,2025,5,CIN,DET,pass,3.1493278388516046,CIN,DET,archive:asset:302374075:sha256:14a594b86b207508b89a42755f624c241e6ceef516d859a4b6bd2c4a5a7b472c:week:5
2025_05_DET_CIN,3840.0,2025,5,CIN,DET,pass,0.35755667605553754,CIN,DET,archive:asset:302374075:sha256:14a594b86b207508b89a42755f624c241e6ceef516d859a4b6bd2c4a5a7b472c:week:5
2025_05_DET_CIN,3865.0,2025,5,CIN,DET,run,1.5890856063342653,CIN,DET,archive:asset:302374075:sha256:14a594b86b207508b89a42755f624c241e6ceef516d859a4b6bd2c4a5a7b472c:week:5
2025_05_DET_CIN,3892.0,2025,5,CIN,DET,pass,-0.386851035465952,CIN,DET,archive:asset:302374075:sha256:14a594b86b207508b89a42755f624c241e6ceef516d859a4b6bd2c4a5a7b472c:week:5
2025_05_DET_CIN,3915.0,2025,5,CIN,DET,pass,1.2116425507992972,CIN,DET,archive:asset:302374075:sha256:14a594b86b207508b89a42755f624c241e6ceef516d859a4b6bd2c4a5a7b472c:week:5
2025_05_DET_CIN,3941.0,2025,5,CIN,DET,extra_point,0.06757300310763314,CIN,DET,archive:asset:302374075:sha256:14a594b86b207508b89a42755f624c241e6ceef516d859a4b6bd2c4a5a7b472c:week:5
2025_05_DET_CIN,3956.0,2025,5,DET,CIN,kickoff,1.859762605454307,DET,CIN,archive:asset:302374075:sha256:14a594b86b207508b89a42755f624c241e6ceef516d859a4b6bd2c4a5a7b472c:week:5
2025_05_DET_CIN,3996.0,2025,5,DET,CIN,run,-0.7304250659653917,DET,CIN,archive:asset:302374075:sha256:14a594b86b207508b89a42755f624c241e6ceef516d859a4b6bd2c4a5a7b472c:week:5
2025_05_DET_CIN,4030.0,2025,5,,,no_play,-0.0,,,archive:asset:302374075:sha256:14a594b86b207508b89a42755f624c241e6ceef516d859a4b6bd2c4a5a7b472c:week:5
2025_05_DET_CIN,4018.0,2025,5,DET,CIN,run,-0.12725894310278818,DET,CIN,archive:asset:302374075:sha256:14a594b86b207508b89a42755f624c241e6ceef516d859a4b6bd2c4a5a7b472c:week:5
2025_05_DET_CIN,4047.0,2025,5,DET,CIN,pass,-1.8770477526122704,DET,CIN,archive:asset:302374075:sha256:14a594b86b207508b89a42755f624c241e6ceef516d859a4b6bd2c4a5a7b472c:week:5
2025_05_DET_CIN,4067.0,2025,5,DET,CIN,punt,-0.27812167641241103,DET,CIN,archive:asset:302374075:sha256:14a594b86b207508b89a42755f624c241e6ceef516d859a4b6bd2c4a5a7b472c:week:5
2025_05_DET_CIN,4094.0,2025,5,CIN,DET,pass,-2.1631847786484286,CIN,DET,archive:asset:302374075:sha256:14a594b86b207508b89a42755f624c241e6ceef516d859a4b6bd2c4a5a7b472c:week:5
2025_05_DET_CIN,4114.0,2025,5,DET,CIN,kickoff,3.8755523171275854,DET,CIN,archive:asset:302374075:sha256:14a594b86b207508b89a42755f624c241e6ceef516d859a4b6bd2c4a5a7b472c:week:5
2025_05_DET_CIN,4131.0,2025,5,DET,CIN,run,-0.3932922311942093,DET,CIN,archive:asset:302374075:sha256:14a594b86b207508b89a42755f624c241e6ceef516d859a4b6bd2c4a5a7b472c:week:5
2025_05_DET_CIN,4165.0,2025,5,DET,CIN,qb_kneel,-0.8177226386032999,DET,CIN,archive:asset:302374075:sha256:14a594b86b207508b89a42755f624c241e6ceef516d859a4b6bd2c4a5a7b472c:week:5
2025_05_DET_CIN,4187.0,2025,5,DET,CIN,qb_kneel,-3.3286313193966635,DET,CIN,archive:asset:302374075:sha256:14a594b86b207508b89a42755f624c241e6ceef516d859a4b6bd2c4a5a7b472c:week:5
2025_05_DET_CIN,4209.0,2025,5,DET,CIN,,,DET,CIN,archive:asset:302374075:sha256:14a594b86b207508b89a42755f624c241e6ceef516d859a4b6bd2c4a5a7b472c:week:5
2025_05_HOU_BAL,1.0,2025,5,,,,-0.0,,,archive:asset:302374075:sha256:14a594b86b207508b89a42755f624c241e6ceef516d859a4b6bd2c4a5a7b472c:week:5
2025_05_HOU_BAL,39.0,2025,5,HOU,BAL,kickoff,0.5242235814221203,HOU,BAL,archive:asset:302374075:sha256:14a594b86b207508b89a42755f624c241e6ceef516d859a4b6bd2c4a5a7b472c:week:5
2025_05_HOU_BAL,62.0,2025,5,HOU,BAL,run,-0.20972172124311328,HOU,BAL,archive:asset:302374075:sha256:14a594b86b207508b89a42755f624c241e6ceef516d859a4b6bd2c4a5a7b472c:week:5
2025_05_HOU_BAL,86.0,2025,5,HOU,BAL,pass,2.1873799196910113,HOU,BAL,archive:asset:302374075:sha256:14a594b86b207508b89a42755f624c241e6ceef516d859a4b6bd2c4a5a7b472c:week:5
2025_05_HOU_BAL,111.0,2025,5,HOU,BAL,pass,-0.5763584908563644,HOU,BAL,archive:asset:302374075:sha256:14a594b86b207508b89a42755f624c241e6ceef516d859a4b6bd2c4a5a7b472c:week:5
2025_05_HOU_BAL,134.0,2025,5,HOU,BAL,run,0.7236435632221401,HOU,BAL,archive:asset:302374075:sha256:14a594b86b207508b89a42755f624c241e6ceef516d859a4b6bd2c4a5a7b472c:week:5
2025_05_HOU_BAL,158.0,2025,5,HOU,BAL,run,1.1342431771336123,HOU,BAL,archive:asset:302374075:sha256:14a594b86b207508b89a42755f624c241e6ceef516d859a4b6bd2c4a5a7b472c:week:5
2025_05_HOU_BAL,180.0,2025,5,HOU,BAL,pass,0.15071671694749966,HOU,BAL,archive:asset:302374075:sha256:14a594b86b207508b89a42755f624c241e6ceef516d859a4b6bd2c4a5a7b472c:week:5
2025_05_HOU_BAL,205.0,2025,5,HOU,BAL,run,-0.5532820071675815,HOU,BAL,archive:asset:302374075:sha256:14a594b86b207508b89a42755f624c241e6ceef516d859a4b6bd2c4a5a7b472c:week:5
2025_05_HOU_BAL,227.0,2025,5,HOU,BAL,pass,1.7186346751404926,HOU,BAL,archive:asset:302374075:sha256:14a594b86b207508b89a42755f624c241e6ceef516d859a4b6bd2c4a5a7b472c:week:5
2025_05_HOU_BAL,252.0,2025,5,HOU,BAL,run,-0.5910892623360269,HOU,BAL,archive:asset:302374075:sha256:14a594b86b207508b89a42755f624c241e6ceef516d859a4b6bd2c4a5a7b472c:week:5
2025_05_HOU_BAL,274.0,2025,5,HOU,BAL,pass,1.7213874812587164,HOU,BAL,archive:asset:302374075:sha256:14a594b86b207508b89a42755f624c241e6ceef516d859a4b6bd2c4a5a7b472c:week:5
2025_05_HOU_BAL,297.0,2025,5,HOU,BAL,extra_point,0.06757300310763314,HOU,BAL,archive:asset:302374075:sha256:14a594b86b207508b89a42755f624c241e6ceef516d859a4b6bd2c4a5a7b472c:week:5
2025_05_HOU_BAL,314.0,2025,5,BAL,HOU,kickoff,-0.0038611493073403835,BAL,HOU,archive:asset:302374075:sha256:14a594b86b207508b89a42755f624c241e6ceef516d859a4b6bd2c4a5a7b472c:week:5
2025_05_HOU_BAL,349.0,2025,5,BAL,HOU,run,-0.555204498115927,BAL,HOU,archive:asset:302374075:sha256:14a594b86b207508b89a42755f624c241e6ceef516d859a4b6bd2c4a5a7b472c:week:5
2025_05_HOU_BAL,371.0,2025,5,BAL,HOU,no_play,-0.8652256038039923,BAL,HOU,archive:asset:302374075:sha256:14a594b86b207508b89a42755f624c241e6ceef516d859a4b6bd2c4a5a7b472c:week:5
2025_05_HOU_BAL,404.0,2025,5,BAL,HOU,pass,0.6174108600243926,BAL,HOU,archive:asset:302374075:sha256:14a594b86b207508b89a42755f624c241e6ceef516d859a4b6bd2c4a5a7b472c:week:5
2025_05_HOU_BAL,429.0,2025,5,BAL,HOU,pass,1.738244136562571,BAL,HOU,archive:asset:302374075:sha256:14a594b86b207508b89a42755f624c241e6ceef516d859a4b6bd2c4a5a7b472c:week:5
2025_05_HOU_BAL,454.0,2025,5,BAL,HOU,run,-0.3961676685139537,BAL,HOU,archive:asset:302374075:sha256:14a594b86b207508b89a42755f624c241e6ceef516d859a4b6bd2c4a5a7b472c:week:5
2025_05_HOU_BAL,476.0,2025,5,BAL,HOU,pass,1.1200207734946162,BAL,HOU,archive:asset:302374075:sha256:14a594b86b207508b89a42755f624c241e6ceef516d859a4b6bd2c4a5a7b472c:week:5
2025_05_HOU_BAL,501.0,2025,5,BAL,HOU,run,-0.18698208080604672,BAL,HOU,archive:asset:302374075:sha256:14a594b86b207508b89a42755f624c241e6ceef516d859a4b6bd2c4a5a7b472c:week:5
2025_05_HOU_BAL,523.0,2025,5,BAL,HOU,run,-0.890367201063782,BAL,HOU,archive:asset:302374075:sha256:14a594b86b207508b89a42755f624c241e6ceef516d859a4b6bd2c4a5a7b472c:week:5
2025_05_HOU_BAL,545.0,2025,5,BAL,HOU,pass,3.065123966895044,BAL,HOU,archive:asset:302374075:sha256:14a594b86b207508b89a42755f624c241e6ceef516d859a4b6bd2c4a5a7b472c:week:5
2025_05_HOU_BAL,581.0,2025,5,BAL,HOU,run,0.14084406738402322,BAL,HOU,archive:asset:302374075:sha256:14a594b86b207508b89a42755f624c241e6ceef516d859a4b6bd2c4a5a7b472c:week:5
2025_05_HOU_BAL,608.0,2025,5,BAL,HOU,run,-0.7384680152754299,BAL,HOU,archive:asset:302374075:sha256:14a594b86b207508b89a42755f624c241e6ceef516d859a4b6bd2c4a5a7b472c:week:5
2025_05_HOU_BAL,630.0,2025,5,BAL,HOU,pass,-1.5624033755801552,BAL,HOU,archive:asset:302374075:sha256:14a594b86b207508b89a42755f624c241e6ceef516d859a4b6bd2c4a5a7b472c:week:5
2025_05_HOU_BAL,655.0,2025,5,BAL,HOU,field_goal,0.11274725589360379,BAL,HOU,archive:asset:302374075:sha256:14a594b86b207508b89a42755f624c241e6ceef516d859a4b6bd2c4a5a7b472c:week:5
2025_05_HOU_BAL,675.0,2025,5,HOU,BAL,kickoff,0.31622433429583907,HOU,BAL,archive:asset:302374075:sha256:14a594b86b207508b89a42755f624c241e6ceef516d859a4b6bd2c4a5a7b472c:week:5
2025_05_HOU_BAL,710.0,2025,5,HOU,BAL,pass,0.8606028300710022,HOU,BAL,archive:asset:302374075:sha256:14a594b86b207508b89a42755f624c241e6ceef516d859a4b6bd2c4a5a7b472c:week:5
2025_05_HOU_BAL,735.0,2025,5,HOU,BAL,run,0.07359191379509866,HOU,BAL,archive:asset:302374075:sha256:14a594b86b207508b89a42755f624c241e6ceef516d859a4b6bd2c4a5a7b472c:week:5
2025_05_HOU_BAL,757.0,2025,5,HOU,BAL,run,-0.19792180974036455,HOU,BAL,archive:asset:302374075:sha256:14a594b86b207508b89a42755f624c241e6ceef516d859a4b6bd2c4a5a7b472c:week:5
2025_05_HOU_BAL,781.0,2025,5,HOU,BAL,,-0.0,HOU,BAL,archive:asset:302374075:sha256:14a594b86b207508b89a42755f624c241e6ceef516d859a4b6bd2c4a5a7b472c:week:5
2025_05_HOU_BAL,801.0,2025,5,HOU,BAL,pass,-0.8733892624732107,HOU,BAL,archive:asset:302374075:sha256:14a594b86b207508b89a42755f624c241e6ceef516d859a4b6bd2c4a5a7b472c:week:5
2025_05_HOU_BAL,831.0,2025,5,HOU,BAL,pass,2.069748031324707,HOU,BAL,archive:asset:302374075:sha256:14a594b86b207508b89a42755f624c241e6ceef516d859a4b6bd2c4a5a7b472c:week:5
2025_05_HOU_BAL,856.0,2025,5,HOU,BAL,run,0.7736248814035207,HOU,BAL,archive:asset:302374075:sha256:14a594b86b207508b89a42755f624c241e6ceef516d859a4b6bd2c4a5a7b472c:week:5
2025_05_HOU_BAL,878.0,2025,5,HOU,BAL,pass,0.6744823108310811,HOU,BAL,archive:asset:302374075:sha256:14a594b86b207508b89a42755f624c241e6ceef516d859a4b6bd2c4a5a7b472c:week:5
2025_05_HOU_BAL,903.0,2025,5,HOU,BAL,no_play,-1.511329509143252,HOU,BAL,archive:asset:302374075:sha256:14a594b86b207508b89a42755f624c241e6ceef516d859a4b6bd2c4a5a7b472c:week:5
2025_05_HOU_BAL,938.0,2025,5,HOU,BAL,run,0.43951655086129904,HOU,BAL,archive:asset:302374075:sha256:14a594b86b207508b89a42755f624c241e6ceef516d859a4b6bd2c4a5a7b472c:week:5
2025_05_HOU_BAL,960.0,2025,5,HOU,BAL,pass,-2.2172016469104845,HOU,BAL,archive:asset:302374075:sha256:14a594b86b207508b89a42755f624c241e6ceef516d859a4b6bd2c4a5a7b472c:week:5
2025_05_HOU_BAL,980.0,2025,5,HOU,BAL,field_goal,1.6746629420942325,HOU,BAL,archive:asset:302374075:sha256:14a594b86b207508b89a42755f624c241e6ceef516d859a4b6bd2c4a5a7b472c:week:5
2025_05_HOU_BAL,1000.0,2025,5,BAL,HOU,kickoff,0.009027860593050718,BAL,HOU,archive:asset:302374075:sha256:14a594b86b207508b89a42755f624c241e6ceef516d859a4b6bd2c4a5a7b472c:week:5
2025_05_HOU_BAL,1030.0,2025,5,BAL,HOU,pass,-0.5576170957647264,BAL,HOU,archive:asset:302374075:sha256:14a594b86b207508b89a42755f624c241e6ceef516d859a4b6bd2c4a5a7b472c:week:5
2025_05_HOU_BAL,1056.0,2025,5,BAL,HOU,run,-0.6099550048820674,BAL,HOU,archive:asset:302374075:sha256:14a594b86b207508b89a42755f624c241e6ceef516d859a4b6bd2c4a5a7b472c:week:5
2025_05_HOU_BAL,1083.0,2025,5,BAL,HOU,pass,-2.376208067405969,BAL,HOU,archive:asset:302374075:sha256:14a594b86b207508b89a42755f624c241e6ceef516d859a4b6bd2c4a5a7b472c:week:5
2025_05_HOU_BAL,1103.0,2025,5,BAL,HOU,no_play,-0.20829791203141212,BAL,HOU,archive:asset:302374075:sha256:14a594b86b207508b89a42755f624c241e6ceef516d859a4b6bd2c4a5a7b472c:week:5
2025_05_HOU_BAL,1140.0,2025,5,BAL,HOU,punt,-0.6290299582760781,BAL,HOU,archive:asset:302374075:sha256:14a594b86b207508b89a42755f624c241e6ceef516d859a4b6bd2c4a5a7b472c:week:5
2025_05_HOU_BAL,1169.0,2025,5,HOU,BAL,pass,0.3105023488169536,HOU,BAL,archive:asset:302374075:sha256:14a594b86b207508b89a42755f624c241e6ceef516d859a4b6bd2c4a5a7b472c:week:5
2025_05_HOU_BAL,1201.0,2025,5,HOU,BAL,run,-0.659872077521868,HOU,BAL,archive:asset:302374075:sha256:14a594b86b207508b89a42755f624c241e6ceef516d859a4b6bd2c4a5a7b472c:week:5
2025_05_HOU_BAL,1223.0,2025,5,HOU,BAL,run,3.0421754902927205,HOU,BAL,archive:asset:302374075:sha256:14a594b86b207508b89a42755f624c241e6ceef516d859a4b6bd2c4a5a7b472c:week:5
2025_05_HOU_BAL,1245.0,2025,5,HOU,BAL,run,-0.24362471624044701,HOU,BAL,archive:asset:302374075:sha256:14a594b86b207508b89a42755f624c241e6ceef516d859a4b6bd2c4a5a7b472c:week:5
2025_05_HOU_BAL,1269.0,2025,5,HOU,BAL,no_play,-1.5530844674212858,HOU,BAL,archive:asset:302374075:sha256:14a594b86b207508b89a42755f624c241e6ceef516d859a4b6bd2c4a5a7b472c:week:5
2025_05_HOU_BAL,1301.0,2025,5,HOU,BAL,pass,-0.2096760367276147,HOU,BAL,archive:asset:302374075:sha256:14a594b86b207508b89a42755f624c241e6ceef516d859a4b6bd2c4a5a7b472c:week:5
2025_05_HOU_BAL,1338.0,2025,5,,,no_play,-0.0,,,archive:asset:302374075:sha256:14a594b86b207508b89a42755f624c241e6ceef516d859a4b6bd2c4a5a7b472c:week:5
2025_05_HOU_BAL,1326.0,2025,5,HOU,BAL,pass,3.191688263148535,HOU,BAL,archive:asset:302374075:sha256:14a594b86b207508b89a42755f624c241e6ceef516d859a4b6bd2c4a5a7b472c:week:5
2025_05_HOU_BAL,1354.0,2025,5,HOU,BAL,extra_point,0.06757300310763314,HOU,BAL,archive:asset:302374075:sha256:14a594b86b207508b89a42755f624c241e6ceef516d859a4b6bd2c4a5a7b472c:week:5
2025_05_HOU_BAL,1369.0,2025,5,BAL,HOU,kickoff,0.7833804883994162,BAL,HOU,archive:asset:302374075:sha256:14a594b86b207508b89a42755f624c241e6ceef516d859a4b6bd2c4a5a7b472c:week:5
2025_05_HOU_BAL,1404.0,2025,5,BAL,HOU,no_play,-0.6094044293276966,BAL,HOU,archive:asset:302374075:sha256:14a594b86b207508b89a42755f624c241e6ceef516d859a4b6bd2c4a5a7b472c:week:5
2025_05_HOU_BAL,1428.0,2025,5,BAL,HOU,run,-0.42860759771429,BAL,HOU,archive:asset:302374075:sha256:14a594b86b207508b89a42755f624c241e6ceef516d859a4b6bd2c4a5a7b472c:week:5
2025_05_HOU_BAL,1453.0,2025,5,BAL,HOU,pass,-0.1558900784002617,BAL,HOU,archive:asset:302374075:sha256:14a594b86b207508b89a42755f624c241e6ceef516d859a4b6bd2c4a5a7b472c:week:5
2025_05_HOU_BAL,1478.0,2025,5,BAL,HOU,pass,-1.0858580962521955,BAL,HOU,archive:asset:302374075:sha256:14a594b86b207508b89a42755f624c241e6ceef516d859a4b6bd2c4a5a7b472c:week:5
2025_05_HOU_BAL,1512.0,2025,5,BAL,HOU,punt,-0.007689201971516013,BAL,HOU,archive:asset:302374075:sha256:14a594b86b207508b89a42755f624c241e6ceef516d859a4b6bd2c4a5a7b472c:week:5
2025_05_HOU_BAL,1532.0,2025,5,HOU,BAL,run,0.5225130300968885,HOU,BAL,archive:asset:302374075:sha256:14a594b86b207508b89a42755f624c241e6ceef516d859a4b6bd2c4a5a7b472c:week:5
2025_05_HOU_BAL,1561.0,2025,5,HOU,BAL,run,0.24831288238056004,HOU,BAL,archive:asset:302374075:sha256:14a594b86b207508b89a42755f624c241e6ceef516d859a4b6bd2c4a5a7b472c:week:5
2025_05_HOU_BAL,1583.0,2025,5,HOU,BAL,pass,0.11356344213709235,HOU,BAL,archive:asset:302374075:sha256:14a594b86b207508b89a42755f624c241e6ceef516d859a4b6bd2c4a5a7b472c:week:5
2025_05_HOU_BAL,1608.0,2025,5,HOU,BAL,pass,-0.4997561724158004,HOU,BAL,archive:asset:302374075:sha256:14a594b86b207508b89a42755f624c241e6ceef516d859a4b6bd2c4a5a7b472c:week:5
2025_05_HOU_BAL,1638.0,2025,5,HOU,BAL,no_play,0.8576252305647358,HOU,BAL,archive:asset:302374075:sha256:14a594b86b207508b89a42755f624c241e6ceef516d859a4b6bd2c4a5a7b472c:week:5
2025_05_HOU_BAL,1669.0,2025,5,HOU,BAL,run,0.41818494588369504,HOU,BAL,archive:asset:302374075:sha256:14a594b86b207508b89a42755f624c241e6ceef516d859a4b6bd2c4a5a7b472c:week:5
2025_05_HOU_BAL,1691.0,2025,5,HOU,BAL,pass,0.041530261863954365,HOU,BAL,archive:asset:302374075:sha256:14a594b86b207508b89a42755f624c241e6ceef516d859a4b6bd2c4a5a7b472c:week:5
2025_05_HOU_BAL,1728.0,2025,5,,,no_play,-0.0,,,archive:asset:302374075:sha256:14a594b86b207508b89a42755f624c241e6ceef516d859a4b6bd2c4a5a7b472c:week:5
2025_05_HOU_BAL,1716.0,2025,5,HOU,BAL,pass,1.526613928610459,HOU,BAL,archive:asset:302374075:sha256:14a594b86b207508b89a42755f624c241e6ceef516d859a4b6bd2c4a5a7b472c:week:5
2025_05_HOU_BAL,1748.0,2025,5,HOU,BAL,no_play,0.5367937973933294,HOU,BAL,archive:asset:302374075:sha256:14a594b86b207508b89a42755f624c241e6ceef516d859a4b6bd2c4a5a7b472c:week:5
2025_05_HOU_BAL,1782.0,2025,5,HOU,BAL,pass,2.397155237791594,HOU,BAL,archive:asset:302374075:sha256:14a594b86b207508b89a42755f624c241e6ceef516d859a4b6bd2c4a5a7b472c:week:5
2025_05_HOU_BAL,1803.0,2025,5,HOU,BAL,extra_point,0.06757300310763314,HOU,BAL,archive:asset:302374075:sha256:14a594b86b207508b89a42755f624c241e6ceef516d859a4b6bd2c4a5a7b472c:week:5
2025_05_HOU_BAL,1818.0,2025,5,BAL,HOU,kickoff,0.001253556227311492,BAL,HOU,archive:asset:302374075:sha256:14a594b86b207508b89a42755f624c241e6ceef516d859a4b6bd2c4a5a7b472c:week:5
2025_05_HOU_BAL,1848.0,2025,5,BAL,HOU,pass,0.29890574235469103,BAL,HOU,archive:asset:302374075:sha256:14a594b86b207508b89a42755f624c241e6ceef516d859a4b6bd2c4a5a7b472c:week:5
2025_05_HOU_BAL,1885.0,2025,5,,,no_play,0.0,,,archive:asset:302374075:sha256:14a594b86b207508b89a42755f624c241e6ceef516d859a4b6bd2c4a5a7b472c:week:5
2025_05_HOU_BAL,1873.0,2025,5,BAL,HOU,pass,0.24380852896138094,BAL,HOU,archive:asset:302374075:sha256:14a594b86b207508b89a42755f624c241e6ceef516d859a4b6bd2c4a5a7b472c:week:5
2025_05_HOU_BAL,1917.0,2025,5,,,no_play,0.0,,,archive:asset:302374075:sha256:14a594b86b207508b89a42755f624c241e6ceef516d859a4b6bd2c4a5a7b472c:week:5
2025_05_HOU_BAL,1905.0,2025,5,BAL,HOU,no_play,0.7867805979710027,BAL,HOU,archive:asset:302374075:sha256:14a594b86b207508b89a42755f624c241e6ceef516d859a4b6bd2c4a5a7b472c:week:5
2025_05_HOU_BAL,1946.0,2025,5,BAL,HOU,field_goal,-1.6105194741482336,BAL,HOU,archive:asset:302374075:sha256:14a594b86b207508b89a42755f624c241e6ceef516d859a4b6bd2c4a5a7b472c:week:5
2025_05_HOU_BAL,1967.0,2025,5,,,,,,,archive:asset:302374075:sha256:14a594b86b207508b89a42755f624c241e6ceef516d859a4b6bd2c4a5a7b472c:week:5
2025_05_HOU_BAL,1987.0,2025,5,BAL,HOU,kickoff,0.5775750251486897,BAL,HOU,archive:asset:302374075:sha256:14a594b86b207508b89a42755f624c241e6ceef516d859a4b6bd2c4a5a7b472c:week:5
2025_05_HOU_BAL,2015.0,2025,5,BAL,HOU,pass,-0.22136153955943882,BAL,HOU,archive:asset:302374075:sha256:14a594b86b207508b89a42755f624c241e6ceef516d859a4b6bd2c4a5a7b472c:week:5
2025_05_HOU_BAL,2040.0,2025,5,BAL,HOU,pass,-1.1299245019908994,BAL,HOU,archive:asset:302374075:sha256:14a594b86b207508b89a42755f624c241e6ceef516d859a4b6bd2c4a5a7b472c:week:5
2025_05_HOU_BAL,2065.0,2025,5,BAL,HOU,pass,2.233238318003714,BAL,HOU,archive:asset:302374075:sha256:14a594b86b207508b89a42755f624c241e6ceef516d859a4b6bd2c4a5a7b472c:week:5
2025_05_HOU_BAL,2090.0,2025,5,BAL,HOU,pass,-6.30845724302344,BAL,HOU,archive:asset:302374075:sha256:14a594b86b207508b89a42755f624c241e6ceef516d859a4b6bd2c4a5a7b472c:week:5
2025_05_HOU_BAL,2117.0,2025,5,HOU,BAL,pass,0.5508109437068924,HOU,BAL,archive:asset:302374075:sha256:14a594b86b207508b89a42755f624c241e6ceef516d859a4b6bd2c4a5a7b472c:week:5
2025_05_HOU_BAL,2142.0,2025,5,HOU,BAL,pass,0.21343834628351033,HOU,BAL,archive:asset:302374075:sha256:14a594b86b207508b89a42755f624c241e6ceef516d859a4b6bd2c4a5a7b472c:week:5
2025_05_HOU_BAL,2167.0,2025,5,HOU,BAL,run,2.8609185364330187,HOU,BAL,archive:asset:302374075:sha256:14a594b86b207508b89a42755f624c241e6ceef516d859a4b6bd2c4a5a7b472c:week:5
2025_05_HOU_BAL,2187.0,2025,5,HOU,BAL,extra_point,0.06757300310763314,HOU,BAL,archive:asset:302374075:sha256:14a594b86b207508b89a42755f624c241e6ceef516d859a4b6bd2c4a5a7b472c:week:5
2025_05_HOU_BAL,2202.0,2025,5,BAL,HOU,kickoff,-0.47482790471985936,BAL,HOU,archive:asset:302374075:sha256:14a594b86b207508b89a42755f624c241e6ceef516d859a4b6bd2c4a5a7b472c:week:5
2025_05_HOU_BAL,2232.0,2025,5,BAL,HOU,run,0.12636594474315643,BAL,HOU,archive:asset:302374075:sha256:14a594b86b207508b89a42755f624c241e6ceef516d859a4b6bd2c4a5a7b472c:week:5
2025_05_HOU_BAL,2254.0,2025,5,BAL,HOU,run,-0.23157924972474575,BAL,HOU,archive:asset:302374075:sha256:14a594b86b207508b89a42755f624c241e6ceef516d859a4b6bd2c4a5a7b472c:week:5
2025_05_HOU_BAL,2290.0,2025,5,BAL,HOU,run,-1.7209397489205003,BAL,HOU,archive:asset:302374075:sha256:14a594b86b207508b89a42755f624c241e6ceef516d859a4b6bd2c4a5a7b472c:week:5
2025_05_HOU_BAL,2312.0,2025,5,BAL,HOU,no_play,-0.752395264338702,BAL,HOU,archive:asset:302374075:sha256:14a594b86b207508b89a42755f624c241e6ceef516d859a4b6bd2c4a5a7b472c:week:5
2025_05_HOU_BAL,2336.0,2025,5,BAL,HOU,punt,0.4656257606111467,BAL,HOU,archive:asset:302374075:sha256:14a594b86b207508b89a42755f624c241e6ceef516d859a4b6bd2c4a5a7b472c:week:5
2025_05_HOU_BAL,2367.0,2025,5,HOU,BAL,pass,0.9045637983363122,HOU,BAL,archive:asset:302374075:sha256:14a594b86b207508b89a42755f624c241e6ceef516d859a4b6bd2c4a5a7b472c:week:5
2025_05_HOU_BAL,2401.0,2025,5,HOU,BAL,run,-0.18396935192868114,HOU,BAL,archive:asset:302374075:sha256:14a594b86b207508b89a42755f624c241e6ceef516d859a4b6bd2c4a5a7b472c:week:5
2025_05_HOU_BAL,2423.0,2025,5,HOU,BAL,pass,0.8961394862271845,HOU,BAL,archive:asset:302374075:sha256:14a594b86b207508b89a42755f624c241e6ceef516d859a4b6bd2c4a5a7b472c:week:5
2025_05_HOU_BAL,2448.0,2025,5,HOU,BAL,run,-0.3533737235702574,HOU,BAL,archive:asset:302374075:sha256:14a594b86b207508b89a42755f624c241e6ceef516d859a4b6bd2c4a5a7b472c:week:5
2025_05_HOU_BAL,2491.0,2025,5,HOU,BAL,pass,0.3822217232082039,HOU,BAL,archive:asset:302374075:sha256:14a594b86b207508b89a42755f624c241e6ceef516d859a4b6bd2c4a5a7b472c:week:5
2025_05_HOU_BAL,2519.0,2025,5,HOU,BAL,run,-2.55979020641497,HOU,BAL,archive:asset:302374075:sha256:14a594b86b207508b89a42755f624c241e6ceef516d859a4b6bd2c4a5a7b472c:week:5
2025_05_HOU_BAL,2545.0,2025,5,HOU,BAL,field_goal,2.7622596940895043,HOU,BAL,archive:asset:302374075:sha256:14a594b86b207508b89a42755f624c241e6ceef516d859a4b6bd2c4a5a7b472c:week:5
2025_05_HOU_BAL,2565.0,2025,5,BAL,HOU,kickoff,0.32674117223359644,BAL,HOU,archive:asset:302374075:sha256:14a594b86b207508b89a42755f624c241e6ceef516d859a4b6bd2c4a5a7b472c:week:5
2025_05_HOU_BAL,2598.0,2025,5,BAL,HOU,pass,0.7756585627794266,BAL,HOU,archive:asset:302374075:sha256:14a594b86b207508b89a42755f624c241e6ceef516d859a4b6bd2c4a5a7b472c:week:5
2025_05_HOU_BAL,2623.0,2025,5,BAL,HOU,run,-0.17666322877630591,BAL,HOU,archive:asset:302374075:sha256:14a594b86b207508b89a42755f624c241e6ceef516d859a4b6bd2c4a5a7b472c:week:5
2025_05_HOU_BAL,2650.0,2025,5,BAL,HOU,pass,3.757239587663207,BAL,HOU,archive:asset:302374075:sha256:14a594b86b207508b89a42755f624c241e6ceef516d859a4b6bd2c4a5a7b472c:week:5
2025_05_HOU_BAL,2675.0,2025,5,BAL,HOU,run,-0.05252254719380289,BAL,HOU,archive:asset:302374075:sha256:14a594b86b207508b89a42755f624c241e6ceef516d859a4b6bd2c4a5a7b472c:week:5
2025_05_HOU_BAL,2697.0,2025,5,BAL,HOU,no_play,0.24933549406705424,BAL,HOU,archive:asset:302374075:sha256:14a594b86b207508b89a42755f624c241e6ceef516d859a4b6bd2c4a5a7b472c:week:5
2025_05_HOU_BAL,2725.0,2025,5,BAL,HOU,run,0.7245082195149735,BAL,HOU,archive:asset:302374075:sha256:14a594b86b207508b89a42755f624c241e6ceef516d859a4b6bd2c4a5a7b472c:week:5
2025_05_HOU_BAL,2743.0,2025,5,BAL,HOU,extra_point,0.06757300310763314,BAL,HOU,archive:asset:302374075:sha256:14a594b86b207508b89a42755f624c241e6ceef516d859a4b6bd2c4a5a7b472c:week:5
2025_05_HOU_BAL,2766.0,2025,5,HOU,BAL,kickoff,0.5673299371264875,HOU,BAL,archive:asset:302374075:sha256:14a594b86b207508b89a42755f624c241e6ceef516d859a4b6bd2c4a5a7b472c:week:5
2025_05_HOU_BAL,2790.0,2025,5,HOU,BAL,run,0.013241193490102887,HOU,BAL,archive:asset:302374075:sha256:14a594b86b207508b89a42755f624c241e6ceef516d859a4b6bd2c4a5a7b472c:week:5
2025_05_HOU_BAL,2812.0,2025,5,HOU,BAL,pass,-1.9056117159780115,HOU,BAL,archive:asset:302374075:sha256:14a594b86b207508b89a42755f624c241e6ceef516d859a4b6bd2c4a5a7b472c:week:5
2025_05_HOU_BAL,2832.0,2025,5,HOU,BAL,pass,0.44520477717742324,HOU,BAL,archive:asset:302374075:sha256:14a594b86b207508b89a42755f624c241e6ceef516d859a4b6bd2c4a5a7b472c:week:5
2025_05_HOU_BAL,2860.0,2025,5,HOU,BAL,run,2.5384248413611203,HOU,BAL,archive:asset:302374075:sha256:14a594b86b207508b89a42755f624c241e6ceef516d859a4b6bd2c4a5a7b472c:week:5
2025_05_HOU_BAL,2884.0,2025,5,HOU,BAL,,-0.0,HOU,BAL,archive:asset:302374075:sha256:14a594b86b207508b89a42755f624c241e6ceef516d859a4b6bd2c4a5a7b472c:week:5
2025_05_HOU_BAL,2904.0,2025,5,HOU,BAL,pass,3.8443568563379813,HOU,BAL,archive:asset:302374075:sha256:14a594b86b207508b89a42755f624c241e6ceef516d859a4b6bd2c4a5a7b472c:week:5
2025_05_HOU_BAL,2940.0,2025,5,HOU,BAL,run,-0.9383421285601798,HOU,BAL,archive:asset:302374075:sha256:14a594b86b207508b89a42755f624c241e6ceef516d859a4b6bd2c4a5a7b472c:week:5
2025_05_HOU_BAL,2964.0,2025,5,HOU,BAL,pass,1.5634331031469628,HOU,BAL,archive:asset:302374075:sha256:14a594b86b207508b89a42755f624c241e6ceef516d859a4b6bd2c4a5a7b472c:week:5
2025_05_HOU_BAL,2985.0,2025,5,HOU,BAL,extra_point,0.06757300310763314,HOU,BAL,archive:asset:302374075:sha256:14a594b86b207508b89a42755f624c241e6ceef516d859a4b6bd2c4a5a7b472c:week:5
2025_05_HOU_BAL,3000.0,2025,5,BAL,HOU,kickoff,-1.0405245064757764,BAL,HOU,archive:asset:302374075:sha256:14a594b86b207508b89a42755f624c241e6ceef516d859a4b6bd2c4a5a7b472c:week:5
2025_05_HOU_BAL,3041.0,2025,5,BAL,HOU,pass,0.7607209542766213,BAL,HOU,archive:asset:302374075:sha256:14a594b86b207508b89a42755f624c241e6ceef516d859a4b6bd2c4a5a7b472c:week:5
2025_05_HOU_BAL,3066.0,2025,5,BAL,HOU,run,-0.18933249032124877,BAL,HOU,archive:asset:302374075:sha256:14a594b86b207508b89a42755f624c241e6ceef516d859a4b6bd2c4a5a7b472c:week:5
2025_05_HOU_BAL,3088.0,2025,5,BAL,HOU,pass,-5.192601571441628,BAL,HOU,archive:asset:302374075:sha256:14a594b86b207508b89a42755f624c241e6ceef516d859a4b6bd2c4a5a7b472c:week:5
2025_05_HOU_BAL,3115.0,2025,5,HOU,BAL,run,-0.5061316288774833,HOU,BAL,archive:asset:302374075:sha256:14a594b86b207508b89a42755f624c241e6ceef516d859a4b6bd2c4a5a7b472c:week:5
2025_05_HOU_BAL,3144.0,2025,5,HOU,BAL,pass,-0.07069158850936219,HOU,BAL,archive:asset:302374075:sha256:14a594b86b207508b89a42755f624c241e6ceef516d859a4b6bd2c4a5a7b472c:week:5
2025_05_HOU_BAL,3169.0,2025,5,HOU,BAL,pass,-1.1635568882200515,HOU,BAL,archive:asset:302374075:sha256:14a594b86b207508b89a42755f624c241e6ceef516d859a4b6bd2c4a5a7b472c:week:5
2025_05_HOU_BAL,3192.0,2025,5,HOU,BAL,field_goal,0.2941963765049933,HOU,BAL,archive:asset:302374075:sha256:14a594b86b207508b89a42755f624c241e6ceef516d859a4b6bd2c4a5a7b472c:week:5
2025_05_HOU_BAL,3212.0,2025,5,BAL,HOU,kickoff,0.4601986820343882,BAL,HOU,archive:asset:302374075:sha256:14a594b86b207508b89a42755f624c241e6ceef516d859a4b6bd2c4a5a7b472c:week:5
2025_05_HOU_BAL,3241.0,2025,5,BAL,HOU,run,-0.5436043462250382,BAL,HOU,archive:asset:302374075:sha256:14a594b86b207508b89a42755f624c241e6ceef516d859a4b6bd2c4a5a7b472c:week:5
2025_05_HOU_BAL,3263.0,2025,5,BAL,HOU,run,-0.4265278894454241,BAL,HOU,archive:asset:302374075:sha256:14a594b86b207508b89a42755f624c241e6ceef516d859a4b6bd2c4a5a7b472c:week:5
2025_05_HOU_BAL,3285.0,2025,5,BAL,HOU,pass,-1.283019375987351,BAL,HOU,archive:asset:302374075:sha256:14a594b86b207508b89a42755f624c241e6ceef516d859a4b6bd2c4a5a7b472c:week:5
2025_05_HOU_BAL,3308.0,2025,5,BAL,HOU,punt,0.26140521839261055,BAL,HOU,archive:asset:302374075:sha256:14a594b86b207508b89a42755f624c241e6ceef516d859a4b6bd2c4a5a7b472c:week:5
2025_05_HOU_BAL,3328.0,2025,5,HOU,BAL,run,0.5728318435139954,HOU,BAL,archive:asset:302374075:sha256:14a594b86b207508b89a42755f624c241e6ceef516d859a4b6bd2c4a5a7b472c:week:5
2025_05_HOU_BAL,3372.0,2025,5,HOU,BAL,run,-0.37302382476627827,HOU,BAL,archive:asset:302374075:sha256:14a594b86b207508b89a42755f624c241e6ceef516d859a4b6bd2c4a5a7b472c:week:5
2025_05_HOU_BAL,3394.0,2025,5,HOU,BAL,pass,-0.6502907108515501,HOU,BAL,archive:asset:302374075:sha256:14a594b86b207508b89a42755f624c241e6ceef516d859a4b6bd2c4a5a7b472c:week:5
2025_05_HOU_BAL,3417.0,2025,5,HOU,BAL,pass,-1.2334815403446555,HOU,BAL,archive:asset:302374075:sha256:14a594b86b207508b89a42755f624c241e6ceef516d859a4b6bd2c4a5a7b472c:week:5
2025_05_HOU_BAL,3440.0,2025,5,HOU,BAL,punt,-0.2892141677439213,HOU,BAL,archive:asset:302374075:sha256:14a594b86b207508b89a42755f624c241e6ceef516d859a4b6bd2c4a5a7b472c:week:5
2025_05_HOU_BAL,3466.0,2025,5,BAL,HOU,run,0.24000288685783744,BAL,HOU,archive:asset:302374075:sha256:14a594b86b207508b89a42755f624c241e6ceef516d859a4b6bd2c4a5a7b472c:week:5
2025_05_HOU_BAL,3488.0,2025,5,BAL,HOU,run,0.3804447860457003,BAL,HOU,archive:asset:302374075:sha256:14a594b86b207508b89a42755f624c241e6ceef516d859a4b6bd2c4a5a7b472c:week:5
2025_05_HOU_BAL,3510.0,2025,5,BAL,HOU,pass,-2.631986977532506,BAL,HOU,archive:asset:302374075:sha256:14a594b86b207508b89a42755f624c241e6ceef516d859a4b6bd2c4a5a7b472c:week:5
2025_05_HOU_BAL,3537.0,2025,5,HOU,BAL,run,-0.08862767508253455,HOU,BAL,archive:asset:302374075:sha256:14a594b86b207508b89a42755f624c241e6ceef516d859a4b6bd2c4a5a7b472c:week:5
2025_05_HOU_BAL,3559.0,2025,5,HOU,BAL,pass,1.555769072379917,HOU,BAL,archive:asset:302374075:sha256:14a594b86b207508b89a42755f624c241e6ceef516d859a4b6bd2c4a5a7b472c:week:5
2025_05_HOU_BAL,3584.0,2025,5,HOU,BAL,run,-0.6544210420688614,HOU,BAL,archive:asset:302374075:sha256:14a594b86b207508b89a42755f624c241e6ceef516d859a4b6bd2c4a5a7b472c:week:5
2025_05_HOU_BAL,3606.0,2025,5,HOU,BAL,run,0.07390815729741007,HOU,BAL,archive:asset:302374075:sha256:14a594b86b207508b89a42755f624c241e6ceef516d859a4b6bd2c4a5a7b472c:week:5
2025_05_HOU_BAL,3628.0,2025,5,HOU,BAL,pass,1.0568897621706128,HOU,BAL,archive:asset:302374075:sha256:14a594b86b207508b89a42755f624c241e6ceef516d859a4b6bd2c4a5a7b472c:week:5
2025_05_HOU_BAL,3653.0,2025,5,HOU,BAL,run,-0.36698291543871164,HOU,BAL,archive:asset:302374075:sha256:14a594b86b207508b89a42755f624c241e6ceef516d859a4b6bd2c4a5a7b472c:week:5
2025_05_HOU_BAL,3675.0,2025,5,HOU,BAL,run,0.15015400701668113,HOU,BAL,archive:asset:302374075:sha256:14a594b86b207508b89a42755f624c241e6ceef516d859a4b6bd2c4a5a7b472c:week:5
2025_05_HOU_BAL,3709.0,2025,5,HOU,BAL,run,0.9690978986909613,HOU,BAL,archive:asset:302374075:sha256:14a594b86b207508b89a42755f624c241e6ceef516d859a4b6bd2c4a5a7b472c:week:5
2025_05_HOU_BAL,3731.0,2025,5,HOU,BAL,qb_kneel,-0.6571023103315383,HOU,BAL,archive:asset:302374075:sha256:14a594b86b207508b89a42755f624c241e6ceef516d859a4b6bd2c4a5a7b472c:week:5
2025_05_HOU_BAL,3753.0,2025,5,HOU,BAL,qb_kneel,-2.3454797558952123,HOU,BAL,archive:asset:302374075:sha256:14a594b86b207508b89a42755f624c241e6ceef516d859a4b6bd2c4a5a7b472c:week:5
2025_05_HOU_BAL,3775.0,2025,5,HOU,BAL,,,HOU,BAL,archive:asset:302374075:sha256:14a594b86b207508b89a42755f624c241e6ceef516d859a4b6bd2c4a5a7b472c:week:5
2025_05_KC_JAX,1.0,2025,5,,,,0.0,,,archive:asset:302374075:sha256:14a594b86b207508b89a42755f624c241e6ceef516d859a4b6bd2c4a5a7b472c:week:5
2025_05_KC_JAX,40.0,2025,5,JAX,KC,kickoff,0.3319106362760067,JAX,KC,archive:asset:302374075:sha256:14a594b86b207508b89a42755f624c241e6ceef516d859a4b6bd2c4a5a7b472c:week:5
2025_05_KC_JAX,63.0,2025,5,JAX,KC,run,0.38557388982735574,JAX,KC,archive:asset:302374075:sha256:14a594b86b207508b89a42755f624c241e6ceef516d859a4b6bd2c4a5a7b472c:week:5
2025_05_KC_JAX,85.0,2025,5,JAX,KC,run,-0.5528617857489735,JAX,KC,archive:asset:302374075:sha256:14a594b86b207508b89a42755f624c241e6ceef516d859a4b6bd2c4a5a7b472c:week:5
2025_05_KC_JAX,107.0,2025,5,JAX,KC,pass,-1.792730262503028,JAX,KC,archive:asset:302374075:sha256:14a594b86b207508b89a42755f624c241e6ceef516d859a4b6bd2c4a5a7b472c:week:5
2025_05_KC_JAX,130.0,2025,5,JAX,KC,punt,0.3601491164881736,JAX,KC,archive:asset:302374075:sha256:14a594b86b207508b89a42755f624c241e6ceef516d859a4b6bd2c4a5a7b472c:week:5
2025_05_KC_JAX,156.0,2025,5,KC,JAX,pass,0.6380506299901754,KC,JAX,archive:asset:302374075:sha256:14a594b86b207508b89a42755f624c241e6ceef516d859a4b6bd2c4a5a7b472c:week:5
2025_05_KC_JAX,181.0,2025,5,KC,JAX,pass,0.058462575543671846,KC,JAX,archive:asset:302374075:sha256:14a594b86b207508b89a42755f624c241e6ceef516d859a4b6bd2c4a5a7b472c:week:5
2025_05_KC_JAX,206.0,2025,5,KC,JAX,pass,1.8250171935651451,KC,JAX,archive:asset:302374075:sha256:14a594b86b207508b89a42755f624c241e6ceef516d859a4b6bd2c4a5a7b472c:week:5
2025_05_KC_JAX,231.0,2025,5,KC,JAX,pass,0.19396744016557932,KC,JAX,archive:asset:302374075:sha256:14a594b86b207508b89a42755f624c241e6ceef516d859a4b6bd2c4a5a7b472c:week:5
2025_05_KC_JAX,256.0,2025,5,KC,JAX,no_play,-0.7058834130875766,KC,JAX,archive:asset:302374075:sha256:14a594b86b207508b89a42755f624c241e6ceef516d859a4b6bd2c4a5a7b472c:week:5
2025_05_KC_JAX,289.0,2025,5,KC,JAX,pass,0.2770444068592042,KC,JAX,archive:asset:302374075:sha256:14a594b86b207508b89a42755f624c241e6ceef516d859a4b6bd2c4a5a7b472c:week:5
2025_05_KC_JAX,314.0,2025,5,KC,JAX,pass,-1.9103992660529912,KC,JAX,archive:asset:302374075:sha256:14a594b86b207508b89a42755f624c241e6ceef516d859a4b6bd2c4a5a7b472c:week:5
2025_05_KC_JAX,337.0,2025,5,KC,JAX,punt,-0.6827851911075413,KC,JAX,archive:asset:302374075:sha256:14a594b86b207508b89a42755f624c241e6ceef516d859a4b6bd2c4a5a7b472c:week:5
2025_05_KC_JAX,357.0,2025,5,JAX,KC,run,-1.2282014372758567,JAX,KC,archive:asset:302374075:sha256:14a594b86b207508b89a42755f624c241e6ceef516d859a4b6bd2c4a5a7b472c:week:5
2025_05_KC_JAX,398.0,2025,5,JAX,KC,pass,-0.7744164483156055,JAX,KC,archive:asset:302374075:sha256:14a594b86b207508b89a42755f624c241e6ceef516d859a4b6bd2c4a5a7b472c:week:5
2025_05_KC_JAX,425.0,2025,5,JAX,KC,pass,0.045154837192967534,JAX,KC,archive:asset:302374075:sha256:14a594b86b207508b89a42755f624c241e6ceef516d859a4b6bd2c4a5a7b472c:week:5
2025_05_KC_JAX,461.0,2025,5,JAX,KC,punt,0.45915912836790085,JAX,KC,archive:asset:302374075:sha256:14a594b86b207508b89a42755f624c241e6ceef516d859a4b6bd2c4a5a7b472c:week:5
2025_05_KC_JAX,487.0,2025,5,KC,JAX,run,0.9034163500182331,KC,JAX,archive:asset:302374075:sha256:14a594b86b207508b89a42755f624c241e6ceef516d859a4b6bd2c4a5a7b472c:week:5
2025_05_KC_JAX,521.0,2025,5,KC,JAX,pass,0.27189288404770195,KC,JAX,archive:asset:302374075:sha256:14a594b86b207508b89a42755f624c241e6ceef516d859a4b6bd2c4a5a7b472c:week:5
2025_05_KC_JAX,556.0,2025,5,KC,JAX,run,1.141822153236717,KC,JAX,archive:asset:302374075:sha256:14a594b86b207508b89a42755f624c241e6ceef516d859a4b6bd2c4a5a7b472c:week:5
2025_05_KC_JAX,583.0,2025,5,KC,JAX,run,-1.770270637003705,KC,JAX,archive:asset:302374075:sha256:14a594b86b207508b89a42755f624c241e6ceef516d859a4b6bd2c4a5a7b472c:week:5
2025_05_KC_JAX,619.0,2025,5,KC,JAX,pass,0.28545850212685764,KC,JAX,archive:asset:302374075:sha256:14a594b86b207508b89a42755f624c241e6ceef516d859a4b6bd2c4a5a7b472c:week:5
2025_05_KC_JAX,656.0,2025,5,,,no_play,-0.0,,,archive:asset:302374075:sha256:14a594b86b207508b89a42755f624c241e6ceef516d859a4b6bd2c4a5a7b472c:week:5
2025_05_KC_JAX,644.0,2025,5,KC,JAX,pass,3.785164216940757,KC,JAX,archive:asset:302374075:sha256:14a594b86b207508b89a42755f624c241e6ceef516d859a4b6bd2c4a5a7b472c:week:5
2025_05_KC_JAX,680.0,2025,5,KC,JAX,run,0.25110625464003533,KC,JAX,archive:asset:302374075:sha256:14a594b86b207508b89a42755f624c241e6ceef516d859a4b6bd2c4a5a7b472c:week:5
2025_05_KC_JAX,742.0,2025,5,KC,JAX,pass,-0.8478717904654332,KC,JAX,archive:asset:302374075:sha256:14a594b86b207508b89a42755f624c241e6ceef516d859a4b6bd2c4a5a7b472c:week:5
2025_05_KC_JAX,765.0,2025,5,KC,JAX,pass,1.9936431327369064,KC,JAX,archive:asset:302374075:sha256:14a594b86b207508b89a42755f624c241e6ceef516d859a4b6bd2c4a5a7b472c:week:5
2025_05_KC_JAX,802.0,2025,5,KC,JAX,extra_point,0.06757300310763314,KC,JAX,archive:asset:302374075:sha256:14a594b86b207508b89a42755f624c241e6ceef516d859a4b6bd2c4a5a7b472c:week:5
2025_05_KC_JAX,817.0,2025,5,JAX,KC,kickoff,0.9312240197323263,JAX,KC,archive:asset:302374075:sha256:14a594b86b207508b89a42755f624c241e6ceef516d859a4b6bd2c4a5a7b472c:week:5
2025_05_KC_JAX,847.0,2025,5,JAX,KC,pass,1.2955957936355844,JAX,KC,archive:asset:302374075:sha256:14a594b86b207508b89a42755f624c241e6ceef516d859a4b6bd2c4a5a7b472c:week:5
2025_05_KC_JAX,872.0,2025,5,JAX,KC,run,-0.06718503357842565,JAX,KC,archive:asset:302374075:sha256:14a594b86b207508b89a42755f624c241e6ceef516d859a4b6bd2c4a5a7b472c:week:5
2025_05_KC_JAX,894.0,2025,5,JAX,KC,run,-0.14059811155311763,JAX,KC,archive:asset:302374075:sha256:14a594b86b207508b89a42755f624c241e6ceef516d859a4b6bd2c4a5a7b472c:week:5
2025_05_KC_JAX,916.0,2025,5,JAX,KC,run,0.6842504997039214,JAX,KC,archive:asset:302374075:sha256:14a594b86b207508b89a42755f624c241e6ceef516d859a4b6bd2c4a5a7b472c:week:5
2025_05_KC_JAX,938.0,2025,5,JAX,KC,pass,1.4028909729677252,JAX,KC,archive:asset:302374075:sha256:14a594b86b207508b89a42755f624c241e6ceef516d859a4b6bd2c4a5a7b472c:week:5
2025_05_KC_JAX,974.0,2025,5,JAX,KC,run,-0.7011069335276261,JAX,KC,archive:asset:302374075:sha256:14a594b86b207508b89a42755f624c241e6ceef516d859a4b6bd2c4a5a7b472c:week:5
2025_05_KC_JAX,996.0,2025,5,JAX,KC,,0.0,JAX,KC,archive:asset:302374075:sha256:14a594b86b207508b89a42755f624c241e6ceef516d859a4b6bd2c4a5a7b472c:week:5
2025_05_KC_JAX,1016.0,2025,5,JAX,KC,pass,-0.0821443535387516,JAX,KC,archive:asset:302374075:sha256:14a594b86b207508b89a42755f624c241e6ceef516d859a4b6bd2c4a5a7b472c:week:5
2025_05_KC_JAX,1046.0,2025,5,JAX,KC,run,-0.05447409499902278,JAX,KC,archive:asset:302374075:sha256:14a594b86b207508b89a42755f624c241e6ceef516d859a4b6bd2c4a5a7b472c:week:5
2025_05_KC_JAX,1073.0,2025,5,JAX,KC,run,-4.1904879358480684,JAX,KC,archive:asset:302374075:sha256:14a594b86b207508b89a42755f624c241e6ceef516d859a4b6bd2c4a5a7b472c:week:5
2025_05_KC_JAX,1149.0,2025,5,KC,JAX,run,2.1228902155999094,KC,JAX,archive:asset:302374075:sha256:14a594b86b207508b89a42755f624c241e6ceef516d859a4b6bd2c4a5a7b472c:week:5
2025_05_KC_JAX,1183.0,2025,5,KC,JAX,pass,0.0012609269469976425,KC,JAX,archive:asset:302374075:sha256:14a594b86b207508b89a42755f624c241e6ceef516d859a4b6bd2c4a5a7b472c:week:5
2025_05_KC_JAX,1213.0,2025,5,KC,JAX,pass,1.2330855876207352,KC,JAX,archive:asset:302374075:sha256:14a594b86b207508b89a42755f624c241e6ceef516d859a4b6bd2c4a5a7b472c:week:5
2025_05_KC_JAX,1243.0,2025,5,KC,JAX,pass,2.1638320062775165,KC,JAX,archive:asset:302374075:sha256:14a594b86b207508b89a42755f624c241e6ceef516d859a4b6bd2c4a5a7b472c:week:5
2025_05_KC_JAX,1273.0,2025,5,KC,JAX,run,1.9643208023626357,KC,JAX,archive:asset:302374075:sha256:14a594b86b207508b89a42755f624c241e6ceef516d859a4b6bd2c4a5a7b472c:week:5
2025_05_KC_JAX,1296.0,2025,5,KC,JAX,extra_point,0.06757300310763314,KC,JAX,archive:asset:302374075:sha256:14a594b86b207508b89a42755f624c241e6ceef516d859a4b6bd2c4a5a7b472c:week:5
2025_05_KC_JAX,1311.0,2025,5,JAX,KC,kickoff,0.2482355679385364,JAX,KC,archive:asset:302374075:sha256:14a594b86b207508b89a42755f624c241e6ceef516d859a4b6bd2c4a5a7b472c:week:5
2025_05_KC_JAX,1341.0,2025,5,JAX,KC,run,-0.39910231973044574,JAX,KC,archive:asset:302374075:sha256:14a594b86b207508b89a42755f624c241e6ceef516d859a4b6bd2c4a5a7b472c:week:5
2025_05_KC_JAX,1363.0,2025,5,JAX,KC,pass,-0.8875455500092357,JAX,KC,archive:asset:302374075:sha256:14a594b86b207508b89a42755f624c241e6ceef516d859a4b6bd2c4a5a7b472c:week:5
2025_05_KC_JAX,1383.0,2025,5,JAX,KC,no_play,-0.6598893203772604,JAX,KC,archive:asset:302374075:sha256:14a594b86b207508b89a42755f624c241e6ceef516d859a4b6bd2c4a5a7b472c:week:5
2025_05_KC_JAX,1412.0,2025,5,JAX,KC,no_play,2.3419673778116703,JAX,KC,archive:asset:302374075:sha256:14a594b86b207508b89a42755f624c241e6ceef516d859a4b6bd2c4a5a7b472c:week:5
2025_05_KC_JAX,1446.0,2025,5,JAX,KC,run,-0.40079346718266606,JAX,KC,archive:asset:302374075:sha256:14a594b86b207508b89a42755f624c241e6ceef516d859a4b6bd2c4a5a7b472c:week:5
2025_05_KC_JAX,1470.0,2025,5,JAX,KC,run,1.4129053347278386,JAX,KC,archive:asset:302374075:sha256:14a594b86b207508b89a42755f624c241e6ceef516d859a4b6bd2c4a5a7b472c:week:5
2025_05_KC_JAX,1492.0,2025,5,JAX,KC,run,-0.844701403635554,JAX,KC,archive:asset:302374075:sha256:14a594b86b207508b89a42755f624c241e6ceef516d859a4b6bd2c4a5a7b472c:week:5
2025_05_KC_JAX,1514.0,2025,5,JAX,KC,pass,1.4465659937704913,JAX,KC,archive:asset:302374075:sha256:14a594b86b207508b89a42755f624c241e6ceef516d859a4b6bd2c4a5a7b472c:week:5
2025_05_KC_JAX,1544.0,2025,5,JAX,KC,pass,-0.4070752816624008,JAX,KC,archive:asset:302374075:sha256:14a594b86b207508b89a42755f624c241e6ceef516d859a4b6bd2c4a5a7b472c:week:5
2025_05_KC_JAX,1567.0,2025,5,JAX,KC,pass,-0.04299347911728546,JAX,KC,archive:asset:302374075:sha256:14a594b86b207508b89a42755f624c241e6ceef516d859a4b6bd2c4a5a7b472c:week:5
2025_05_KC_JAX,1592.0,2025,5,JAX,KC,run,1.644420500495471,JAX,KC,archive:asset:302374075:sha256:14a594b86b207508b89a42755f624c241e6ceef516d859a4b6bd2c4a5a7b472c:week:5
2025_05_KC_JAX,1626.0,2025,5,,,no_play,0.0,,,archive:asset:302374075:sha256:14a594b86b207508b89a42755f624c241e6ceef516d859a4b6bd2c4a5a7b472c:week:5
2025_05_KC_JAX,1614.0,2025,5,JAX,KC,pass,-0.41479486296884716,JAX,KC,archive:asset:302374075:sha256:14a594b86b207508b89a42755f624c241e6ceef516d859a4b6bd2c4a5a7b472c:week:5
2025_05_KC_JAX,1644.0,2025,5,JAX,KC,run,0.37266424659173936,JAX,KC,archive:asset:302374075:sha256:14a594b86b207508b89a42755f624c241e6ceef516d859a4b6bd2c4a5a7b472c:week:5
2025_05_KC_JAX,1666.0,2025,5,JAX,KC,run,1.3639189754030667,JAX,KC,archive:asset:302374075:sha256:14a594b86b207508b89a42755f624c241e6ceef516d859a4b6bd2c4a5a7b472c:week:5
2025_05_KC_JAX,1688.0,2025,5,JAX,KC,pass,1.0488025968661532,JAX,KC,archive:asset:302374075:sha256:14a594b86b207508b89a42755f624c241e6ceef516d859a4b6bd2c4a5a7b472c:week:5
2025_05_KC_JAX,1714.0,2025,5,JAX,KC,extra_point,0.06757300310763314,JAX,KC,archive:asset:302374075:sha256:14a594b86b207508b89a42755f624c241e6ceef516d859a4b6bd2c4a5a7b472c:week:5
2025_05_KC_JAX,1729.0,2025,5,KC,JAX,kickoff,0.4342860026517883,KC,JAX,archive:asset:302374075:sha256:14a594b86b207508b89a42755f624c241e6ceef516d859a4b6bd2c4a5a7b472c:week:5
2025_05_KC_JAX,1753.0,2025,5,KC,JAX,pass,-0.7926044223131612,KC,JAX,archive:asset:302374075:sha256:14a594b86b207508b89a42755f624c241e6ceef516d859a4b6bd2c4a5a7b472c:week:5
2025_05_KC_JAX,1782.0,2025,5,KC,JAX,pass,-0.39770924125332385,KC,JAX,archive:asset:302374075:sha256:14a594b86b207508b89a42755f624c241e6ceef516d859a4b6bd2c4a5a7b472c:week:5
2025_05_KC_JAX,1812.0,2025,5,KC,JAX,pass,-0.01978748186957091,KC,JAX,archive:asset:302374075:sha256:14a594b86b207508b89a42755f624c241e6ceef516d859a4b6bd2c4a5a7b472c:week:5
2025_05_KC_JAX,1837.0,2025,5,KC,JAX,punt,0.04789105738746002,KC,JAX,archive:asset:302374075:sha256:14a594b86b207508b89a42755f624c241e6ceef516d859a4b6bd2c4a5a7b472c:week:5
2025_05_KC_JAX,1857.0,2025,5,JAX,KC,pass,0.2007096794550307,JAX,KC,archive:asset:302374075:sha256:14a594b86b207508b89a42755f624c241e6ceef516d859a4b6bd2c4a5a7b472c:week:5
2025_05_KC_JAX,1882.0,2025,5,JAX,KC,no_play,-0.34933349053608254,JAX,KC,archive:asset:302374075:sha256:14a594b86b207508b89a42755f624c241e6ceef516d859a4b6bd2c4a5a7b472c:week:5
2025_05_KC_JAX,1916.0,2025,5,JAX,KC,pass,0.09909989187144674,JAX,KC,archive:asset:302374075:sha256:14a594b86b207508b89a42755f624c241e6ceef516d859a4b6bd2c4a5a7b472c:week:5
2025_05_KC_JAX,1941.0,2025,5,JAX,KC,pass,-0.03863630592240952,JAX,KC,archive:asset:302374075:sha256:14a594b86b207508b89a42755f624c241e6ceef516d859a4b6bd2c4a5a7b472c:week:5
2025_05_KC_JAX,1961.0,2025,5,,,,,,,archive:asset:302374075:sha256:14a594b86b207508b89a42755f624c241e6ceef516d859a4b6bd2c4a5a7b472c:week:5
2025_05_KC_JAX,1981.0,2025,5,KC,JAX,kickoff,0.5259141596034169,KC,JAX,archive:asset:302374075:sha256:14a594b86b207508b89a42755f624c241e6ceef516d859a4b6bd2c4a5a7b472c:week:5
2025_05_KC_JAX,2009.0,2025,5,KC,JAX,run,-0.5412297998555005,KC,JAX,archive:asset:302374075:sha256:14a594b86b207508b89a42755f624c241e6ceef516d859a4b6bd2c4a5a7b472c:week:5
2025_05_KC_JAX,2031.0,2025,5,KC,JAX,pass,0.44702661386691034,KC,JAX,archive:asset:302374075:sha256:14a594b86b207508b89a42755f624c241e6ceef516d859a4b6bd2c4a5a7b472c:week:5
2025_05_KC_JAX,2056.0,2025,5,KC,JAX,pass,-1.8909160324838012,KC,JAX,archive:asset:302374075:sha256:14a594b86b207508b89a42755f624c241e6ceef516d859a4b6bd2c4a5a7b472c:week:5
2025_05_KC_JAX,2079.0,2025,5,KC,JAX,punt,0.09564608987420797,KC,JAX,archive:asset:302374075:sha256:14a594b86b207508b89a42755f624c241e6ceef516d859a4b6bd2c4a5a7b472c:week:5
2025_05_KC_JAX,2105.0,2025,5,JAX,KC,pass,0.2482898668386042,JAX,KC,archive:asset:302374075:sha256:14a594b86b207508b89a42755f624c241e6ceef516d859a4b6bd2c4a5a7b472c:week:5
2025_05_KC_JAX,2137.0,2025,5,JAX,KC,run,0.7405221904627979,JAX,KC,archive:asset:302374075:sha256:14a594b86b207508b89a42755f624c241e6ceef516d859a4b6bd2c4a5a7b472c:week:5
2025_05_KC_JAX,2162.0,2025,5,JAX,KC,pass,2.812992722960189,JAX,KC,archive:asset:302374075:sha256:14a594b86b207508b89a42755f624c241e6ceef516d859a4b6bd2c4a5a7b472c:week:5
2025_05_KC_JAX,2187.0,2025,5,JAX,KC,no_play,0.3721612860681489,JAX,KC,archive:asset:302374075:sha256:14a594b86b207508b89a42755f624c241e6ceef516d859a4b6bd2c4a5a7b472c:week:5
2025_05_KC_JAX,2223.0,2025,5,JAX,KC,pass,0.24682693742215633,JAX,KC,archive:asset:302374075:sha256:14a594b86b207508b89a42755f624c241e6ceef516d859a4b6bd2c4a5a7b472c:week:5
2025_05_KC_JAX,2248.0,2025,5,JAX,KC,run,0.23898392240516841,JAX,KC,archive:asset:302374075:sha256:14a594b86b207508b89a42755f624c241e6ceef516d859a4b6bd2c4a5a7b472c:week:5
2025_05_KC_JAX,2273.0,2025,5,JAX,KC,run,-0.45450548524968326,JAX,KC,archive:asset:302374075:sha256:14a594b86b207508b89a42755f624c241e6ceef516d859a4b6bd2c4a5a7b472c:week:5
2025_05_KC_JAX,2295.0,2025,5,JAX,KC,run,2.2013919568853453,JAX,KC,archive:asset:302374075:sha256:14a594b86b207508b89a42755f624c241e6ceef516d859a4b6bd2c4a5a7b472c:week:5
2025_05_KC_JAX,2318.0,2025,5,JAX,KC,extra_point,0.06757300310763314,JAX,KC,archive:asset:302374075:sha256:14a594b86b207508b89a42755f624c241e6ceef516d859a4b6bd2c4a5a7b472c:week:5
2025_05_KC_JAX,2333.0,2025,5,KC,JAX,kickoff,0.4974172445945442,KC,JAX,archive:asset:302374075:sha256:14a594b86b207508b89a42755f624c241e6ceef516d859a4b6bd2c4a5a7b472c:week:5
2025_05_KC_JAX,2363.0,2025,5,KC,JAX,pass,0.7753527262248099,KC,JAX,archive:asset:302374075:sha256:14a594b86b207508b89a42755f624c241e6ceef516d859a4b6bd2c4a5a7b472c:week:5
2025_05_KC_JAX,2388.0,2025,5,KC,JAX,run,-0.0402114256285131,KC,JAX,archive:asset:302374075:sha256:14a594b86b207508b89a42755f624c241e6ceef516d859a4b6bd2c4a5a7b472c:week:5
2025_05_KC_JAX,2413.0,2025,5,KC,JAX,pass,0.7039617095142603,KC,JAX,archive:asset:302374075:sha256:14a594b86b207508b89a42755f624c241e6ceef516d859a4b6bd2c4a5a7b472c:week:5
2025_05_KC_JAX,2443.0,2025,5,KC,JAX,pass,0.33476981753483415,KC,JAX,archive:asset:302374075:sha256:14a594b86b207508b89a42755f624c241e6ceef516d859a4b6bd2c4a5a7b472c:week:5
2025_05_KC_JAX,2473.0,2025,5,KC,JAX,run,0.9227786627598107,KC,JAX,archive:asset:302374075:sha256:14a594b86b207508b89a42755f624c241e6ceef516d859a4b6bd2c4a5a7b472c:week:5
2025_05_KC_JAX,2498.0,2025,5,KC,JAX,pass,0.7144537814892828,KC,JAX,archive:asset:302374075:sha256:14a594b86b207508b89a42755f624c241e6ceef516d859a4b6bd2c4a5a7b472c:week:5
2025_05_KC_JAX,2528.0,2025,5,KC,JAX,pass,-0.4719532459275797,KC,JAX,archive:asset:302374075:sha256:14a594b86b207508b89a42755f624c241e6ceef516d859a4b6bd2c4a5a7b472c:week:5
2025_05_KC_JAX,2551.0,2025,5,KC,JAX,run,0.4276083547156304,KC,JAX,archive:asset:302374075:sha256:14a594b86b207508b89a42755f624c241e6ceef516d859a4b6bd2c4a5a7b472c:week:5
2025_05_KC_JAX,2573.0,2025,5,KC,JAX,pass,1.3506908942945302,KC,JAX,archive:asset:302374075:sha256:14a594b86b207508b89a42755f624c241e6ceef516d859a4b6bd2c4a5a7b472c:week:5
2025_05_KC_JAX,2598.0,2025,5,KC,JAX,run,-0.4231478919973597,KC,JAX,archive:asset:302374075:sha256:14a594b86b207508b89a42755f624c241e6ceef516d859a4b6bd2c4a5a7b472c:week:5
2025_05_KC_JAX,2620.0,2025,5,KC,JAX,pass,-12.658111390424892,KC,JAX,archive:asset:302374075:sha256:14a594b86b207508b89a42755f624c241e6ceef516d859a4b6bd2c4a5a7b472c:week:5
2025_05_KC_JAX,2648.0,2025,5,JAX,KC,extra_point,0.06757300310763314,JAX,KC,archive:asset:302374075:sha256:14a594b86b207508b89a42755f624c241e6ceef516d859a4b6bd2c4a5a7b472c:week:5
2025_05_KC_JAX,2663.0,2025,5,KC,JAX,kickoff,-0.40811159275472164,KC,JAX,archive:asset:302374075:sha256:14a594b86b207508b89a42755f624c241e6ceef516d859a4b6bd2c4a5a7b472c:week:5
2025_05_KC_JAX,2704.0,2025,5,KC,JAX,pass,1.2661578815896064,KC,JAX,archive:asset:302374075:sha256:14a594b86b207508b89a42755f624c241e6ceef516d859a4b6bd2c4a5a7b472c:week:5
2025_05_KC_JAX,2729.0,2025,5,KC,JAX,pass,-0.5067922763992101,KC,JAX,archive:asset:302374075:sha256:14a594b86b207508b89a42755f624c241e6ceef516d859a4b6bd2c4a5a7b472c:week:5
2025_05_KC_JAX,2757.0,2025,5,KC,JAX,pass,0.40229795780032873,KC,JAX,archive:asset:302374075:sha256:14a594b86b207508b89a42755f624c241e6ceef516d859a4b6bd2c4a5a7b472c:week:5
2025_05_KC_JAX,2782.0,2025,5,KC,JAX,run,1.1774411066435277,KC,JAX,archive:asset:302374075:sha256:14a594b86b207508b89a42755f624c241e6ceef516d859a4b6bd2c4a5a7b472c:week:5
2025_05_KC_JAX,2804.0,2025,5,KC,JAX,run,-0.7697579411324114,KC,JAX,archive:asset:302374075:sha256:14a594b86b207508b89a42755f624c241e6ceef516d859a4b6bd2c4a5a7b472c:week:5
2025_05_KC_JAX,2837.0,2025,5,KC,JAX,,-0.0,KC,JAX,archive:asset:302374075:sha256:14a594b86b207508b89a42755f624c241e6ceef516d859a4b6bd2c4a5a7b472c:week:5
2025_05_KC_JAX,2857.0,2025,5,KC,JAX,pass,-0.5732863692101091,KC,JAX,archive:asset:302374075:sha256:14a594b86b207508b89a42755f624c241e6ceef516d859a4b6bd2c4a5a7b472c:week:5
2025_05_KC_JAX,2880.0,2025,5,KC,JAX,no_play,-0.4051955002360046,KC,JAX,archive:asset:302374075:sha256:14a594b86b207508b89a42755f624c241e6ceef516d859a4b6bd2c4a5a7b472c:week:5
2025_05_KC_JAX,2907.0,2025,5,KC,JAX,pass,-0.904996776022017,KC,JAX,archive:asset:302374075:sha256:14a594b86b207508b89a42755f624c241e6ceef516d859a4b6bd2c4a5a7b472c:week:5
2025_05_KC_JAX,2930.0,2025,5,KC,JAX,run,-0.4335585960652679,KC,JAX,archive:asset:302374075:sha256:14a594b86b207508b89a42755f624c241e6ceef516d859a4b6bd2c4a5a7b472c:week:5
2025_05_KC_JAX,2952.0,2025,5,KC,JAX,punt,-0.08740513119846582,KC,JAX,archive:asset:302374075:sha256:14a594b86b207508b89a42755f624c241e6ceef516d859a4b6bd2c4a5a7b472c:week:5
2025_05_KC_JAX,2972.0,2025,5,JAX,KC,pass,-0.3611867546569556,JAX,KC,archive:asset:302374075:sha256:14a594b86b207508b89a42755f624c241e6ceef516d859a4b6bd2c4a5a7b472c:week:5
2025_05_KC_JAX,3009.0,2025,5,JAX,KC,pass,-4.5251060976297595,JAX,KC,archive:asset:302374075:sha256:14a594b86b207508b89a42755f624c241e6ceef516d859a4b6bd2c4a5a7b472c:week:5
2025_05_KC_JAX,3036.0,2025,5,KC,JAX,pass,1.1341559918946587,KC,JAX,archive:asset:302374075:sha256:14a594b86b207508b89a42755f624c241e6ceef516d859a4b6bd2c4a5a7b472c:week:5
2025_05_KC_JAX,3076.0,2025,5,KC,JAX,run,1.3133069588802755,KC,JAX,archive:asset:302374075:sha256:14a594b86b207508b89a42755f624c241e6ceef516d859a4b6bd2c4a5a7b472c:week:5
2025_05_KC_JAX,3099.0,2025,5,KC,JAX,extra_point,0.06757300310763314,KC,JAX,archive:asset:302374075:sha256:14a594b86b207508b89a42755f624c241e6ceef516d859a4b6bd2c4a5a7b472c:week:5
2025_05_KC_JAX,3114.0,2025,5,JAX,KC,kickoff,0.9373346683569252,JAX,KC,archive:asset:302374075:sha256:14a594b86b207508b89a42755f624c241e6ceef516d859a4b6bd2c4a5a7b472c:week:5
2025_05_KC_JAX,3144.0,2025,5,JAX,KC,run,0.0931813232600689,JAX,KC,archive:asset:302374075:sha256:14a594b86b207508b89a42755f624c241e6ceef516d859a4b6bd2c4a5a7b472c:week:5
2025_05_KC_JAX,3166.0,2025,5,JAX,KC,run,-0.26050326391123235,JAX,KC,archive:asset:302374075:sha256:14a594b86b207508b89a42755f624c241e6ceef516d859a4b6bd2c4a5a7b472c:week:5
2025_05_KC_JAX,3188.0,2025,5,JAX,KC,run,0.7432857707608491,JAX,KC,archive:asset:302374075:sha256:14a594b86b207508b89a42755f624c241e6ceef516d859a4b6bd2c4a5a7b472c:week:5
2025_05_KC_JAX,3215.0,2025,5,JAX,KC,run,0.5909616444259882,JAX,KC,archive:asset:302374075:sha256:14a594b86b207508b89a42755f624c241e6ceef516d859a4b6bd2c4a5a7b472c:week:5
2025_05_KC_JAX,3248.0,2025,5,JAX,KC,pass,-0.5317187202163041,JAX,KC,archive:asset:302374075:sha256:14a594b86b207508b89a42755f624c241e6ceef516d859a4b6bd2c4a5a7b472c:week:5
2025_05_KC_JAX,3273.0,2025,5,JAX,KC,pass,-1.598743197042495,JAX,KC,archive:asset:302374075:sha256:14a594b86b207508b89a42755f624c241e6ceef516d859a4b6bd2c4a5a7b472c:week:5
2025_05_KC_JAX,3298.0,2025,5,JAX,KC,pass,-0.2352717650726326,JAX,KC,archive:asset:302374075:sha256:14a594b86b207508b89a42755f624c241e6ceef516d859a4b6bd2c4a5a7b472c:week:5
2025_05_KC_JAX,3323.0,2025,5,JAX,KC,field_goal,2.002934671626229,JAX,KC,archive:asset:302374075:sha256:14a594b86b207508b89a42755f624c241e6ceef516d859a4b6bd2c4a5a7b472c:week:5
2025_05_KC_JAX,3343.0,2025,5,KC,JAX,kickoff,-0.8854644596576691,KC,JAX,archive:asset:302374075:sha256:14a594b86b207508b89a42755f624c241e6ceef516d859a4b6bd2c4a5a7b472c:week:5
2025_05_KC_JAX,3384.0,2025,5,KC,JAX,run,-0.011577517259866,KC,JAX,archive:asset:302374075:sha256:14a594b86b207508b89a42755f624c241e6ceef516d859a4b6bd2c4a5a7b472c:week:5
2025_05_KC_JAX,3406.0,2025,5,KC,JAX,run,1.293450572527945,KC,JAX,archive:asset:302374075:sha256:14a594b86b207508b89a42755f624c241e6ceef516d859a4b6bd2c4a5a7b472c:week:5
2025_05_KC_JAX,3433.0,2025,5,KC,JAX,pass,0.6905714713502675,KC,JAX,archive:asset:302374075:sha256:14a594b86b207508b89a42755f624c241e6ceef516d859a4b6bd2c4a5a7b472c:week:5
2025_05_KC_JAX,3458.0,2025,5,KC,JAX,run,-0.13844630657695234,KC,JAX,archive:asset:302374075:sha256:14a594b86b207508b89a42755f624c241e6ceef516d859a4b6bd2c4a5a7b472c:week:5
2025_05_KC_JAX,3480.0,2025,5,KC,JAX,pass,0.20022836641874164,KC,JAX,archive:asset:302374075:sha256:14a594b86b207508b89a42755f624c241e6ceef516d859a4b6bd2c4a5a7b472c:week:5
2025_05_KC_JAX,3505.0,2025,5,KC,JAX,run,0.31249614723492414,KC,JAX,archive:asset:302374075:sha256:14a594b86b207508b89a42755f624c241e6ceef516d859a4b6bd2c4a5a7b472c:week:5
2025_05_KC_JAX,3527.0,2025,5,KC,JAX,run,0.2520178629201837,KC,JAX,archive:asset:302374075:sha256:14a594b86b207508b89a42755f624c241e6ceef516d859a4b6bd2c4a5a7b472c:week:5
2025_05_KC_JAX,3549.0,2025,5,KC,JAX,pass,0.6645289211301133,KC,JAX,archive:asset:302374075:sha256:14a594b86b207508b89a42755f624c241e6ceef516d859a4b6bd2c4a5a7b472c:week:5
2025_05_KC_JAX,3574.0,2025,5,KC,JAX,pass,0.28204427351010963,KC,JAX,archive:asset:302374075:sha256:14a594b86b207508b89a42755f624c241e6ceef516d859a4b6bd2c4a5a7b472c:week:5
2025_05_KC_JAX,3599.0,2025,5,KC,JAX,pass,1.9260017102351412,KC,JAX,archive:asset:302374075:sha256:14a594b86b207508b89a42755f624c241e6ceef516d859a4b6bd2c4a5a7b472c:week:5
2025_05_KC_JAX,3675.0,2025,5,KC,JAX,run,-0.00019273391808383167,KC,JAX,archive:asset:302374075:sha256:14a594b86b207508b89a42755f624c241e6ceef516d859a4b6bd2c4a5a7b472c:week:5
2025_05_KC_JAX,3709.0,2025,5,,,no_play,-0.0,,,archive:asset:302374075:sha256:14a594b86b207508b89a42755f624c241e6ceef516d859a4b6bd2c4a5a7b472c:week:5
2025_05_KC_JAX,3697.0,2025,5,KC,JAX,run,1.2881344163033646,KC,JAX,archive:asset:302374075:sha256:14a594b86b207508b89a42755f624c241e6ceef516d859a4b6bd2c4a5a7b472c:week:5
2025_05_KC_JAX,3727.0,2025,5,KC,JAX,extra_point,0.06757300310763314,KC,JAX,archive:asset:302374075:sha256:14a594b86b207508b89a42755f624c241e6ceef516d859a4b6bd2c4a5a7b472c:week:5
2025_05_KC_JAX,3742.0,2025,5,JAX,KC,kickoff,0.7182700670091435,JAX,KC,archive:asset:302374075:sha256:14a594b86b207508b89a42755f624c241e6ceef516d859a4b6bd2c4a5a7b472c:week:5
2025_05_KC_JAX,3769.0,2025,5,JAX,KC,run,0.13502567471005023,JAX,KC,archive:asset:302374075:sha256:14a594b86b207508b89a42755f624c241e6ceef516d859a4b6bd2c4a5a7b472c:week:5
2025_05_KC_JAX,3791.0,2025,5,JAX,KC,pass,-0.6695914741139859,JAX,KC,archive:asset:302374075:sha256:14a594b86b207508b89a42755f624c241e6ceef516d859a4b6bd2c4a5a7b472c:week:5
2025_05_KC_JAX,3823.0,2025,5,,,no_play,0.0,,,archive:asset:302374075:sha256:14a594b86b207508b89a42755f624c241e6ceef516d859a4b6bd2c4a5a7b472c:week:5
2025_05_KC_JAX,3811.0,2025,5,JAX,KC,pass,2.7573866369202733,JAX,KC,archive:asset:302374075:sha256:14a594b86b207508b89a42755f624c241e6ceef516d859a4b6bd2c4a5a7b472c:week:5
2025_05_KC_JAX,3843.0,2025,5,JAX,KC,pass,0.9271720285760239,JAX,KC,archive:asset:302374075:sha256:14a594b86b207508b89a42755f624c241e6ceef516d859a4b6bd2c4a5a7b472c:week:5
2025_05_KC_JAX,3878.0,2025,5,JAX,KC,pass,-0.4063644703128375,JAX,KC,archive:asset:302374075:sha256:14a594b86b207508b89a42755f624c241e6ceef516d859a4b6bd2c4a5a7b472c:week:5
2025_05_KC_JAX,3901.0,2025,5,JAX,KC,no_play,-0.6898891071905382,JAX,KC,archive:asset:302374075:sha256:14a594b86b207508b89a42755f624c241e6ceef516d859a4b6bd2c4a5a7b472c:week:5
2025_05_KC_JAX,3925.0,2025,5,JAX,KC,pass,-0.5070833330391906,JAX,KC,archive:asset:302374075:sha256:14a594b86b207508b89a42755f624c241e6ceef516d859a4b6bd2c4a5a7b472c:week:5
2025_05_KC_JAX,3962.0,2025,5,,,no_play,0.0,,,archive:asset:302374075:sha256:14a594b86b207508b89a42755f624c241e6ceef516d859a4b6bd2c4a5a7b472c:week:5
2025_05_KC_JAX,3950.0,2025,5,JAX,KC,no_play,3.015433883148944,JAX,KC,archive:asset:302374075:sha256:14a594b86b207508b89a42755f624c241e6ceef516d859a4b6bd2c4a5a7b472c:week:5
2025_05_KC_JAX,4012.0,2025,5,JAX,KC,run,0.9592330275045242,JAX,KC,archive:asset:302374075:sha256:14a594b86b207508b89a42755f624c241e6ceef516d859a4b6bd2c4a5a7b472c:week:5
2025_05_KC_JAX,4046.0,2025,5,JAX,KC,extra_point,0.06757300310763314,JAX,KC,archive:asset:302374075:sha256:14a594b86b207508b89a42755f624c241e6ceef516d859a4b6bd2c4a5a7b472c:week:5
2025_05_KC_JAX,4061.0,2025,5,KC,JAX,kickoff,-0.11378343388787471,KC,JAX,archive:asset:302374075:sha256:14a594b86b207508b89a42755f624c241e6ceef516d859a4b6bd2c4a5a7b472c:week:5
2025_05_KC_JAX,4095.0,2025,5,KC,JAX,pass,-0.0010788437502924353,KC,JAX,archive:asset:302374075:sha256:14a594b86b207508b89a42755f624c241e6ceef516d859a4b6bd2c4a5a7b472c:week:5
2025_05_KC_JAX,4118.0,2025,5,KC,JAX,pass,-0.023686098196776584,KC,JAX,archive:asset:302374075:sha256:14a594b86b207508b89a42755f624c241e6ceef516d859a4b6bd2c4a5a7b472c:week:5
2025_05_KC_JAX,4141.0,2025,5,KC,JAX,pass,0.043000974430469796,KC,JAX,archive:asset:302374075:sha256:14a594b86b207508b89a42755f624c241e6ceef516d859a4b6bd2c4a5a7b472c:week:5
2025_05_KC_JAX,4178.0,2025,5,,,no_play,-0.0,,,archive:asset:302374075:sha256:14a594b86b207508b89a42755f624c241e6ceef516d859a4b6bd2c4a5a7b472c:week:5
2025_05_KC_JAX,4243.0,2025,5,,,no_play,-0.0,,,archive:asset:302374075:sha256:14a594b86b207508b89a42755f624c241e6ceef516d859a4b6bd2c4a5a7b472c:week:5
2025_05_KC_JAX,4166.0,2025,5,KC,JAX,no_play,-0.027245248696999624,KC,JAX,archive:asset:302374075:sha256:14a594b86b207508b89a42755f624c241e6ceef516d859a4b6bd2c4a5a7b472c:week:5
2025_05_KC_JAX,4204.0,2025,5,KC,JAX,pass,0.001387834403431043,KC,JAX,archive:asset:302374075:sha256:14a594b86b207508b89a42755f624c241e6ceef516d859a4b6bd2c4a5a7b472c:week:5
2025_05_KC_JAX,4227.0,2025,5,KC,JAX,,,KC,JAX,archive:asset:302374075:sha256:14a594b86b207508b89a42755f624c241e6ceef516d859a4b6bd2c4a5a7b472c:week:5
2025_05_LV_IND,1.0,2025,5,,,,0.0,,,archive:asset:302374075:sha256:14a594b86b207508b89a42755f624c241e6ceef516d859a4b6bd2c4a5a7b472c:week:5
2025_05_LV_IND,39.0,2025,5,IND,LV,kickoff,0.30109445471316576,IND,LV,archive:asset:302374075:sha256:14a594b86b207508b89a42755f624c241e6ceef516d859a4b6bd2c4a5a7b472c:week:5
2025_05_LV_IND,62.0,2025,5,IND,LV,pass,-0.0709584136493504,IND,LV,archive:asset:302374075:sha256:14a594b86b207508b89a42755f624c241e6ceef516d859a4b6bd2c4a5a7b472c:week:5
2025_05_LV_IND,87.0,2025,5,IND,LV,run,-1.0228623845614493,IND,LV,archive:asset:302374075:sha256:14a594b86b207508b89a42755f624c241e6ceef516d859a4b6bd2c4a5a7b472c:week:5
2025_05_LV_IND,109.0,2025,5,IND,LV,pass,-0.6218168041668832,IND,LV,archive:asset:302374075:sha256:14a594b86b207508b89a42755f624c241e6ceef516d859a4b6bd2c4a5a7b472c:week:5
2025_05_LV_IND,145.0,2025,5,IND,LV,punt,-0.42457056138664484,IND,LV,archive:asset:302374075:sha256:14a594b86b207508b89a42755f624c241e6ceef516d859a4b6bd2c4a5a7b472c:week:5
2025_05_LV_IND,171.0,2025,5,LV,IND,pass,1.8963333531282842,LV,IND,archive:asset:302374075:sha256:14a594b86b207508b89a42755f624c241e6ceef516d859a4b6bd2c4a5a7b472c:week:5
2025_05_LV_IND,196.0,2025,5,LV,IND,run,-0.8514002184383571,LV,IND,archive:asset:302374075:sha256:14a594b86b207508b89a42755f624c241e6ceef516d859a4b6bd2c4a5a7b472c:week:5
2025_05_LV_IND,218.0,2025,5,LV,IND,run,0.2261475285049528,LV,IND,archive:asset:302374075:sha256:14a594b86b207508b89a42755f624c241e6ceef516d859a4b6bd2c4a5a7b472c:week:5
2025_05_LV_IND,240.0,2025,5,LV,IND,pass,1.4458665302954614,LV,IND,archive:asset:302374075:sha256:14a594b86b207508b89a42755f624c241e6ceef516d859a4b6bd2c4a5a7b472c:week:5
2025_05_LV_IND,265.0,2025,5,LV,IND,run,-0.3444813401438296,LV,IND,archive:asset:302374075:sha256:14a594b86b207508b89a42755f624c241e6ceef516d859a4b6bd2c4a5a7b472c:week:5
2025_05_LV_IND,287.0,2025,5,LV,IND,pass,0.09808632219210267,LV,IND,archive:asset:302374075:sha256:14a594b86b207508b89a42755f624c241e6ceef516d859a4b6bd2c4a5a7b472c:week:5
2025_05_LV_IND,312.0,2025,5,LV,IND,pass,1.1056561360601336,LV,IND,archive:asset:302374075:sha256:14a594b86b207508b89a42755f624c241e6ceef516d859a4b6bd2c4a5a7b472c:week:5
2025_05_LV_IND,337.0,2025,5,LV,IND,pass,0.2129459889838472,LV,IND,archive:asset:302374075:sha256:14a594b86b207508b89a42755f624c241e6ceef516d859a4b6bd2c4a5a7b472c:week:5
2025_05_LV_IND,362.0,2025,5,LV,IND,run,0.6888968989951536,LV,IND,archive:asset:302374075:sha256:14a594b86b207508b89a42755f624c241e6ceef516d859a4b6bd2c4a5a7b472c:week:5
2025_05_LV_IND,384.0,2025,5,LV,IND,run,0.7689430316677317,LV,IND,archive:asset:302374075:sha256:14a594b86b207508b89a42755f624c241e6ceef516d859a4b6bd2c4a5a7b472c:week:5
2025_05_LV_IND,406.0,2025,5,LV,IND,pass,-0.48687230003997684,LV,IND,archive:asset:302374075:sha256:14a594b86b207508b89a42755f624c241e6ceef516d859a4b6bd2c4a5a7b472c:week:5
2025_05_LV_IND,429.0,2025,5,LV,IND,run,0.4691569273127243,LV,IND,archive:asset:302374075:sha256:14a594b86b207508b89a42755f624c241e6ceef516d859a4b6bd2c4a5a7b472c:week:5
2025_05_LV_IND,451.0,2025,5,LV,IND,run,0.27271247800672427,LV,IND,archive:asset:302374075:sha256:14a594b86b207508b89a42755f624c241e6ceef516d859a4b6bd2c4a5a7b472c:week:5
2025_05_LV_IND,473.0,2025,5,LV,IND,pass,-2.354661055782344,LV,IND,archive:asset:302374075:sha256:14a594b86b207508b89a42755f624c241e6ceef516d859a4b6bd2c4a5a7b472c:week:5
2025_05_LV_IND,493.0,2025,5,LV,IND,pass,-0.462786566425033,LV,IND,archive:asset:302374075:sha256:14a594b86b207508b89a42755f624c241e6ceef516d859a4b6bd2c4a5a7b472c:week:5
2025_05_LV_IND,518.0,2025,5,LV,IND,field_goal,0.06933611732061218,LV,IND,archive:asset:302374075:sha256:14a594b86b207508b89a42755f624c241e6ceef516d859a4b6bd2c4a5a7b472c:week:5
2025_05_LV_IND,538.0,2025,5,IND,LV,kickoff,-0.5778192901052535,IND,LV,archive:asset:302374075:sha256:14a594b86b207508b89a42755f624c241e6ceef516d859a4b6bd2c4a5a7b472c:week:5
2025_05_LV_IND,580.0,2025,5,IND,LV,pass,0.676009938120842,IND,LV,archive:asset:302374075:sha256:14a594b86b207508b89a42755f624c241e6ceef516d859a4b6bd2c4a5a7b472c:week:5
2025_05_LV_IND,605.0,2025,5,IND,LV,pass,1.0066273845732212,IND,LV,archive:asset:302374075:sha256:14a594b86b207508b89a42755f624c241e6ceef516d859a4b6bd2c4a5a7b472c:week:5
2025_05_LV_IND,635.0,2025,5,IND,LV,pass,-0.4937330111861229,IND,LV,archive:asset:302374075:sha256:14a594b86b207508b89a42755f624c241e6ceef516d859a4b6bd2c4a5a7b472c:week:5
2025_05_LV_IND,658.0,2025,5,IND,LV,pass,0.5748957947362214,IND,LV,archive:asset:302374075:sha256:14a594b86b207508b89a42755f624c241e6ceef516d859a4b6bd2c4a5a7b472c:week:5
2025_05_LV_IND,683.0,2025,5,IND,LV,run,0.44031776674091816,IND,LV,archive:asset:302374075:sha256:14a594b86b207508b89a42755f624c241e6ceef516d859a4b6bd2c4a5a7b472c:week:5
2025_05_LV_IND,705.0,2025,5,IND,LV,run,-0.21172246080823243,IND,LV,archive:asset:302374075:sha256:14a594b86b207508b89a42755f624c241e6ceef516d859a4b6bd2c4a5a7b472c:week:5
2025_05_LV_IND,727.0,2025,5,IND,LV,,0.0,IND,LV,archive:asset:302374075:sha256:14a594b86b207508b89a42755f624c241e6ceef516d859a4b6bd2c4a5a7b472c:week:5
2025_05_LV_IND,747.0,2025,5,IND,LV,run,-0.4201032444834709,IND,LV,archive:asset:302374075:sha256:14a594b86b207508b89a42755f624c241e6ceef516d859a4b6bd2c4a5a7b472c:week:5
2025_05_LV_IND,774.0,2025,5,IND,LV,pass,2.286985959392041,IND,LV,archive:asset:302374075:sha256:14a594b86b207508b89a42755f624c241e6ceef516d859a4b6bd2c4a5a7b472c:week:5
2025_05_LV_IND,799.0,2025,5,IND,LV,pass,0.5450478609418496,IND,LV,archive:asset:302374075:sha256:14a594b86b207508b89a42755f624c241e6ceef516d859a4b6bd2c4a5a7b472c:week:5
2025_05_LV_IND,824.0,2025,5,IND,LV,no_play,-1.4098674569977447,IND,LV,archive:asset:302374075:sha256:14a594b86b207508b89a42755f624c241e6ceef516d859a4b6bd2c4a5a7b472c:week:5
2025_05_LV_IND,857.0,2025,5,IND,LV,pass,-0.589651724556461,IND,LV,archive:asset:302374075:sha256:14a594b86b207508b89a42755f624c241e6ceef516d859a4b6bd2c4a5a7b472c:week:5
2025_05_LV_IND,880.0,2025,5,IND,LV,pass,1.8826229635160416,IND,LV,archive:asset:302374075:sha256:14a594b86b207508b89a42755f624c241e6ceef516d859a4b6bd2c4a5a7b472c:week:5
2025_05_LV_IND,905.0,2025,5,IND,LV,pass,-0.46532738901441917,IND,LV,archive:asset:302374075:sha256:14a594b86b207508b89a42755f624c241e6ceef516d859a4b6bd2c4a5a7b472c:week:5
2025_05_LV_IND,937.0,2025,5,IND,LV,pass,2.2518654092564248,IND,LV,archive:asset:302374075:sha256:14a594b86b207508b89a42755f624c241e6ceef516d859a4b6bd2c4a5a7b472c:week:5
2025_05_LV_IND,963.0,2025,5,IND,LV,extra_point,0.06857135097992784,IND,LV,archive:asset:302374075:sha256:14a594b86b207508b89a42755f624c241e6ceef516d859a4b6bd2c4a5a7b472c:week:5
2025_05_LV_IND,978.0,2025,5,LV,IND,kickoff,0.2627042350359261,LV,IND,archive:asset:302374075:sha256:14a594b86b207508b89a42755f624c241e6ceef516d859a4b6bd2c4a5a7b472c:week:5
2025_05_LV_IND,1008.0,2025,5,LV,IND,pass,0.8164547667838633,LV,IND,archive:asset:302374075:sha256:14a594b86b207508b89a42755f624c241e6ceef516d859a4b6bd2c4a5a7b472c:week:5
2025_05_LV_IND,1033.0,2025,5,LV,IND,no_play,-0.9047683328390121,LV,IND,archive:asset:302374075:sha256:14a594b86b207508b89a42755f624c241e6ceef516d859a4b6bd2c4a5a7b472c:week:5
2025_05_LV_IND,1066.0,2025,5,LV,IND,run,-0.3748058802448213,LV,IND,archive:asset:302374075:sha256:14a594b86b207508b89a42755f624c241e6ceef516d859a4b6bd2c4a5a7b472c:week:5
2025_05_LV_IND,1088.0,2025,5,LV,IND,pass,-0.9465753496624529,LV,IND,archive:asset:302374075:sha256:14a594b86b207508b89a42755f624c241e6ceef516d859a4b6bd2c4a5a7b472c:week:5
2025_05_LV_IND,1111.0,2025,5,LV,IND,pass,-1.0358953513205051,LV,IND,archive:asset:302374075:sha256:14a594b86b207508b89a42755f624c241e6ceef516d859a4b6bd2c4a5a7b472c:week:5
2025_05_LV_IND,1134.0,2025,5,LV,IND,punt,-4.443549158168025,LV,IND,archive:asset:302374075:sha256:14a594b86b207508b89a42755f624c241e6ceef516d859a4b6bd2c4a5a7b472c:week:5
2025_05_LV_IND,1162.0,2025,5,IND,LV,run,-0.40293315215967596,IND,LV,archive:asset:302374075:sha256:14a594b86b207508b89a42755f624c241e6ceef516d859a4b6bd2c4a5a7b472c:week:5
2025_05_LV_IND,1184.0,2025,5,IND,LV,no_play,1.2546499933232553,IND,LV,archive:asset:302374075:sha256:14a594b86b207508b89a42755f624c241e6ceef516d859a4b6bd2c4a5a7b472c:week:5
2025_05_LV_IND,1218.0,2025,5,IND,LV,pass,-0.3657868691952899,IND,LV,archive:asset:302374075:sha256:14a594b86b207508b89a42755f624c241e6ceef516d859a4b6bd2c4a5a7b472c:week:5
2025_05_LV_IND,1243.0,2025,5,IND,LV,run,-1.182609824638348,IND,LV,archive:asset:302374075:sha256:14a594b86b207508b89a42755f624c241e6ceef516d859a4b6bd2c4a5a7b472c:week:5
2025_05_LV_IND,1265.0,2025,5,IND,LV,run,2.2612378351623192,IND,LV,archive:asset:302374075:sha256:14a594b86b207508b89a42755f624c241e6ceef516d859a4b6bd2c4a5a7b472c:week:5
2025_05_LV_IND,1290.0,2025,5,IND,LV,extra_point,0.06857135097992784,IND,LV,archive:asset:302374075:sha256:14a594b86b207508b89a42755f624c241e6ceef516d859a4b6bd2c4a5a7b472c:week:5
2025_05_LV_IND,1316.0,2025,5,LV,IND,kickoff,-0.0,LV,IND,archive:asset:302374075:sha256:14a594b86b207508b89a42755f624c241e6ceef516d859a4b6bd2c4a5a7b472c:week:5
2025_05_LV_IND,1360.0,2025,5,LV,IND,pass,-1.036714498884976,LV,IND,archive:asset:302374075:sha256:14a594b86b207508b89a42755f624c241e6ceef516d859a4b6bd2c4a5a7b472c:week:5
2025_05_LV_IND,1390.0,2025,5,LV,IND,pass,-0.7402315377257764,LV,IND,archive:asset:302374075:sha256:14a594b86b207508b89a42755f624c241e6ceef516d859a4b6bd2c4a5a7b472c:week:5
2025_05_LV_IND,1436.0,2025,5,LV,IND,run,2.4345943781081587,LV,IND,archive:asset:302374075:sha256:14a594b86b207508b89a42755f624c241e6ceef516d859a4b6bd2c4a5a7b472c:week:5
2025_05_LV_IND,1468.0,2025,5,LV,IND,pass,1.262934205471538,LV,IND,archive:asset:302374075:sha256:14a594b86b207508b89a42755f624c241e6ceef516d859a4b6bd2c4a5a7b472c:week:5
2025_05_LV_IND,1504.0,2025,5,LV,IND,run,0.19698410748969764,LV,IND,archive:asset:302374075:sha256:14a594b86b207508b89a42755f624c241e6ceef516d859a4b6bd2c4a5a7b472c:week:5
2025_05_LV_IND,1526.0,2025,5,LV,IND,pass,-2.0184614778263494,LV,IND,archive:asset:302374075:sha256:14a594b86b207508b89a42755f624c241e6ceef516d859a4b6bd2c4a5a7b472c:week:5
2025_05_LV_IND,1558.0,2025,5,,,no_play,-0.0,,,archive:asset:302374075:sha256:14a594b86b207508b89a42755f624c241e6ceef516d859a4b6bd2c4a5a7b472c:week:5
2025_05_LV_IND,1546.0,2025,5,LV,IND,pass,3.6180469899554737,LV,IND,archive:asset:302374075:sha256:14a594b86b207508b89a42755f624c241e6ceef516d859a4b6bd2c4a5a7b472c:week:5
2025_05_LV_IND,1588.0,2025,5,LV,IND,pass,-0.46326990419765934,LV,IND,archive:asset:302374075:sha256:14a594b86b207508b89a42755f624c241e6ceef516d859a4b6bd2c4a5a7b472c:week:5
2025_05_LV_IND,1611.0,2025,5,LV,IND,pass,-4.986160667147487,LV,IND,archive:asset:302374075:sha256:14a594b86b207508b89a42755f624c241e6ceef516d859a4b6bd2c4a5a7b472c:week:5
2025_05_LV_IND,1638.0,2025,5,IND,LV,pass,0.23439466929994524,IND,LV,archive:asset:302374075:sha256:14a594b86b207508b89a42755f624c241e6ceef516d859a4b6bd2c4a5a7b472c:week:5
2025_05_LV_IND,1670.0,2025,5,IND,LV,run,-0.35196010838262737,IND,LV,archive:asset:302374075:sha256:14a594b86b207508b89a42755f624c241e6ceef516d859a4b6bd2c4a5a7b472c:week:5
2025_05_LV_IND,1692.0,2025,5,IND,LV,pass,0.9530511726625264,IND,LV,archive:asset:302374075:sha256:14a594b86b207508b89a42755f624c241e6ceef516d859a4b6bd2c4a5a7b472c:week:5
2025_05_LV_IND,1717.0,2025,5,IND,LV,pass,-0.5209726975299418,IND,LV,archive:asset:302374075:sha256:14a594b86b207508b89a42755f624c241e6ceef516d859a4b6bd2c4a5a7b472c:week:5
2025_05_LV_IND,1752.0,2025,5,IND,LV,pass,0.5013126268750057,IND,LV,archive:asset:302374075:sha256:14a594b86b207508b89a42755f624c241e6ceef516d859a4b6bd2c4a5a7b472c:week:5
2025_05_LV_IND,1784.0,2025,5,IND,LV,no_play,0.6940143795218319,IND,LV,archive:asset:302374075:sha256:14a594b86b207508b89a42755f624c241e6ceef516d859a4b6bd2c4a5a7b472c:week:5
2025_05_LV_IND,1817.0,2025,5,IND,LV,pass,-0.29524695954751223,IND,LV,archive:asset:302374075:sha256:14a594b86b207508b89a42755f624c241e6ceef516d859a4b6bd2c4a5a7b472c:week:5
2025_05_LV_IND,1847.0,2025,5,IND,LV,pass,-0.48027384211309254,IND,LV,archive:asset:302374075:sha256:14a594b86b207508b89a42755f624c241e6ceef516d859a4b6bd2c4a5a7b472c:week:5
2025_05_LV_IND,1917.0,2025,5,IND,LV,no_play,1.8300790131324902,IND,LV,archive:asset:302374075:sha256:14a594b86b207508b89a42755f624c241e6ceef516d859a4b6bd2c4a5a7b472c:week:5
2025_05_LV_IND,1951.0,2025,5,IND,LV,pass,-0.3774322266690433,IND,LV,archive:asset:302374075:sha256:14a594b86b207508b89a42755f624c241e6ceef516d859a4b6bd2c4a5a7b472c:week:5
2025_05_LV_IND,1974.0,2025,5,IND,LV,pass,0.7524751411983743,IND,LV,archive:asset:302374075:sha256:14a594b86b207508b89a42755f624c241e6ceef516d859a4b6bd2c4a5a7b472c:week:5
2025_05_LV_IND,2011.0,2025,5,,,no_play,0.0,,,archive:asset:302374075:sha256:14a594b86b207508b89a42755f624c241e6ceef516d859a4b6bd2c4a5a7b472c:week:5
2025_05_LV_IND,1999.0,2025,5,IND,LV,run,1.1961305170843843,IND,LV,archive:asset:302374075:sha256:14a594b86b207508b89a42755f624c241e6ceef516d859a4b6bd2c4a5a7b472c:week:5
2025_05_LV_IND,2028.0,2025,5,IND,LV,pass,-0.3902483442798257,IND,LV,archive:asset:302374075:sha256:14a594b86b207508b89a42755f624c241e6ceef516d859a4b6bd2c4a5a7b472c:week:5
2025_05_LV_IND,2051.0,2025,5,IND,LV,pass,-0.17565902110072784,IND,LV,archive:asset:302374075:sha256:14a594b86b207508b89a42755f624c241e6ceef516d859a4b6bd2c4a5a7b472c:week:5
2025_05_LV_IND,2088.0,2025,5,,,no_play,0.0,,,archive:asset:302374075:sha256:14a594b86b207508b89a42755f624c241e6ceef516d859a4b6bd2c4a5a7b472c:week:5
2025_05_LV_IND,2076.0,2025,5,IND,LV,pass,1.3582776108232792,IND,LV,archive:asset:302374075:sha256:14a594b86b207508b89a42755f624c241e6ceef516d859a4b6bd2c4a5a7b472c:week:5
2025_05_LV_IND,2120.0,2025,5,,,no_play,0.0,,,archive:asset:302374075:sha256:14a594b86b207508b89a42755f624c241e6ceef516d859a4b6bd2c4a5a7b472c:week:5
2025_05_LV_IND,2108.0,2025,5,IND,LV,pass,1.6513106943748426,IND,LV,archive:asset:302374075:sha256:14a594b86b207508b89a42755f624c241e6ceef516d859a4b6bd2c4a5a7b472c:week:5
2025_05_LV_IND,2141.0,2025,5,IND,LV,pass,-0.947,IND,LV,archive:asset:302374075:sha256:14a594b86b207508b89a42755f624c241e6ceef516d859a4b6bd2c4a5a7b472c:week:5
2025_05_LV_IND,2160.0,2025,5,LV,IND,kickoff,0.11168813600670546,LV,IND,archive:asset:302374075:sha256:14a594b86b207508b89a42755f624c241e6ceef516d859a4b6bd2c4a5a7b472c:week:5
2025_05_LV_IND,2177.0,2025,5,LV,IND,pass,0.43621423933655024,LV,IND,archive:asset:302374075:sha256:14a594b86b207508b89a42755f624c241e6ceef516d859a4b6bd2c4a5a7b472c:week:5
2025_05_LV_IND,2214.0,2025,5,,,no_play,-0.0,,,archive:asset:302374075:sha256:14a594b86b207508b89a42755f624c241e6ceef516d859a4b6bd2c4a5a7b472c:week:5
2025_05_LV_IND,2202.0,2025,5,LV,IND,pass,1.145138687352869,LV,IND,archive:asset:302374075:sha256:14a594b86b207508b89a42755f624c241e6ceef516d859a4b6bd2c4a5a7b472c:week:5
2025_05_LV_IND,2246.0,2025,5,,,no_play,-0.0,,,archive:asset:302374075:sha256:14a594b86b207508b89a42755f624c241e6ceef516d859a4b6bd2c4a5a7b472c:week:5
2025_05_LV_IND,2234.0,2025,5,LV,IND,field_goal,-1.7915810288546936,LV,IND,archive:asset:302374075:sha256:14a594b86b207508b89a42755f624c241e6ceef516d859a4b6bd2c4a5a7b472c:week:5
2025_05_LV_IND,2262.0,2025,5,,,,,,,archive:asset:302374075:sha256:14a594b86b207508b89a42755f624c241e6ceef516d859a4b6bd2c4a5a7b472c:week:5
2025_05_LV_IND,2292.0,2025,5,LV,IND,kickoff,0.051096171606332064,LV,IND,archive:asset:302374075:sha256:14a594b86b207508b89a42755f624c241e6ceef516d859a4b6bd2c4a5a7b472c:week:5
2025_05_LV_IND,2318.0,2025,5,LV,IND,run,0.7111783032305539,LV,IND,archive:asset:302374075:sha256:14a594b86b207508b89a42755f624c241e6ceef516d859a4b6bd2c4a5a7b472c:week:5
2025_05_LV_IND,2340.0,2025,5,LV,IND,run,-0.5311161286663264,LV,IND,archive:asset:302374075:sha256:14a594b86b207508b89a42755f624c241e6ceef516d859a4b6bd2c4a5a7b472c:week:5
2025_05_LV_IND,2362.0,2025,5,LV,IND,pass,-0.794085591332987,LV,IND,archive:asset:302374075:sha256:14a594b86b207508b89a42755f624c241e6ceef516d859a4b6bd2c4a5a7b472c:week:5
2025_05_LV_IND,2398.0,2025,5,LV,IND,pass,-1.5742971301078796,LV,IND,archive:asset:302374075:sha256:14a594b86b207508b89a42755f624c241e6ceef516d859a4b6bd2c4a5a7b472c:week:5
2025_05_LV_IND,2421.0,2025,5,LV,IND,punt,-0.919425854459405,LV,IND,archive:asset:302374075:sha256:14a594b86b207508b89a42755f624c241e6ceef516d859a4b6bd2c4a5a7b472c:week:5
2025_05_LV_IND,2440.0,2025,5,IND,LV,run,-0.6140863909386098,IND,LV,archive:asset:302374075:sha256:14a594b86b207508b89a42755f624c241e6ceef516d859a4b6bd2c4a5a7b472c:week:5
2025_05_LV_IND,2469.0,2025,5,IND,LV,pass,-0.7855769041925669,IND,LV,archive:asset:302374075:sha256:14a594b86b207508b89a42755f624c241e6ceef516d859a4b6bd2c4a5a7b472c:week:5
2025_05_LV_IND,2492.0,2025,5,IND,LV,pass,2.548517260933295,IND,LV,archive:asset:302374075:sha256:14a594b86b207508b89a42755f624c241e6ceef516d859a4b6bd2c4a5a7b472c:week:5
2025_05_LV_IND,2517.0,2025,5,IND,LV,pass,0.26858339097816497,IND,LV,archive:asset:302374075:sha256:14a594b86b207508b89a42755f624c241e6ceef516d859a4b6bd2c4a5a7b472c:week:5
2025_05_LV_IND,2557.0,2025,5,IND,LV,run,1.024645694764331,IND,LV,archive:asset:302374075:sha256:14a594b86b207508b89a42755f624c241e6ceef516d859a4b6bd2c4a5a7b472c:week:5
2025_05_LV_IND,2579.0,2025,5,IND,LV,run,-0.10299841675441712,IND,LV,archive:asset:302374075:sha256:14a594b86b207508b89a42755f624c241e6ceef516d859a4b6bd2c4a5a7b472c:week:5
2025_05_LV_IND,2601.0,2025,5,IND,LV,pass,0.730966201517731,IND,LV,archive:asset:302374075:sha256:14a594b86b207508b89a42755f624c241e6ceef516d859a4b6bd2c4a5a7b472c:week:5
2025_05_LV_IND,2626.0,2025,5,IND,LV,run,-0.1492246015695855,IND,LV,archive:asset:302374075:sha256:14a594b86b207508b89a42755f624c241e6ceef516d859a4b6bd2c4a5a7b472c:week:5
2025_05_LV_IND,2648.0,2025,5,IND,LV,run,1.1095023123198189,IND,LV,archive:asset:302374075:sha256:14a594b86b207508b89a42755f624c241e6ceef516d859a4b6bd2c4a5a7b472c:week:5
2025_05_LV_IND,2670.0,2025,5,IND,LV,run,0.22318648203508928,IND,LV,archive:asset:302374075:sha256:14a594b86b207508b89a42755f624c241e6ceef516d859a4b6bd2c4a5a7b472c:week:5
2025_05_LV_IND,2692.0,2025,5,IND,LV,run,0.620522492332384,IND,LV,archive:asset:302374075:sha256:14a594b86b207508b89a42755f624c241e6ceef516d859a4b6bd2c4a5a7b472c:week:5
2025_05_LV_IND,2717.0,2025,5,IND,LV,no_play,0.0,IND,LV,archive:asset:302374075:sha256:14a594b86b207508b89a42755f624c241e6ceef516d859a4b6bd2c4a5a7b472c:week:5
2025_05_LV_IND,2741.0,2025,5,IND,LV,pass,-0.947,IND,LV,archive:asset:302374075:sha256:14a594b86b207508b89a42755f624c241e6ceef516d859a4b6bd2c4a5a7b472c:week:5
2025_05_LV_IND,2754.0,2025,5,LV,IND,kickoff,0.2754828240722418,LV,IND,archive:asset:302374075:sha256:14a594b86b207508b89a42755f624c241e6ceef516d859a4b6bd2c4a5a7b472c:week:5
2025_05_LV_IND,2784.0,2025,5,LV,IND,run,-0.13998002419248223,LV,IND,archive:asset:302374075:sha256:14a594b86b207508b89a42755f624c241e6ceef516d859a4b6bd2c4a5a7b472c:week:5
2025_05_LV_IND,2806.0,2025,5,LV,IND,pass,-7.051949590910226,LV,IND,archive:asset:302374075:sha256:14a594b86b207508b89a42755f624c241e6ceef516d859a4b6bd2c4a5a7b472c:week:5
2025_05_LV_IND,2838.0,2025,5,IND,LV,run,0.19866236846428365,IND,LV,archive:asset:302374075:sha256:14a594b86b207508b89a42755f624c241e6ceef516d859a4b6bd2c4a5a7b472c:week:5
2025_05_LV_IND,2860.0,2025,5,IND,LV,run,0.9178312091389671,IND,LV,archive:asset:302374075:sha256:14a594b86b207508b89a42755f624c241e6ceef516d859a4b6bd2c4a5a7b472c:week:5
2025_05_LV_IND,2883.0,2025,5,IND,LV,pass,-0.947,IND,LV,archive:asset:302374075:sha256:14a594b86b207508b89a42755f624c241e6ceef516d859a4b6bd2c4a5a7b472c:week:5
2025_05_LV_IND,2896.0,2025,5,LV,IND,kickoff,0.49921299051493406,LV,IND,archive:asset:302374075:sha256:14a594b86b207508b89a42755f624c241e6ceef516d859a4b6bd2c4a5a7b472c:week:5
2025_05_LV_IND,2920.0,2025,5,LV,IND,run,0.4248435099143535,LV,IND,archive:asset:302374075:sha256:14a594b86b207508b89a42755f624c241e6ceef516d859a4b6bd2c4a5a7b472c:week:5
2025_05_LV_IND,2942.0,2025,5,LV,IND,run,-0.15691123506985605,LV,IND,archive:asset:302374075:sha256:14a594b86b207508b89a42755f624c241e6ceef516d859a4b6bd2c4a5a7b472c:week:5
2025_05_LV_IND,2969.0,2025,5,LV,IND,run,-1.8747169547714293,LV,IND,archive:asset:302374075:sha256:14a594b86b207508b89a42755f624c241e6ceef516d859a4b6bd2c4a5a7b472c:week:5
2025_05_LV_IND,2991.0,2025,5,LV,IND,run,-3.2497309979517013,LV,IND,archive:asset:302374075:sha256:14a594b86b207508b89a42755f624c241e6ceef516d859a4b6bd2c4a5a7b472c:week:5
2025_05_LV_IND,3013.0,2025,5,IND,LV,pass,2.1449564795475453,IND,LV,archive:asset:302374075:sha256:14a594b86b207508b89a42755f624c241e6ceef516d859a4b6bd2c4a5a7b472c:week:5
2025_05_LV_IND,3045.0,2025,5,IND,LV,run,-0.12467906903475523,IND,LV,archive:asset:302374075:sha256:14a594b86b207508b89a42755f624c241e6ceef516d859a4b6bd2c4a5a7b472c:week:5
2025_05_LV_IND,3067.0,2025,5,IND,LV,run,1.6502996836788952,IND,LV,archive:asset:302374075:sha256:14a594b86b207508b89a42755f624c241e6ceef516d859a4b6bd2c4a5a7b472c:week:5
2025_05_LV_IND,3090.0,2025,5,IND,LV,run,1.053,IND,LV,archive:asset:302374075:sha256:14a594b86b207508b89a42755f624c241e6ceef516d859a4b6bd2c4a5a7b472c:week:5
2025_05_LV_IND,3103.0,2025,5,LV,IND,kickoff,0.49308605724945664,LV,IND,archive:asset:302374075:sha256:14a594b86b207508b89a42755f624c241e6ceef516d859a4b6bd2c4a5a7b472c:week:5
2025_05_LV_IND,3133.0,2025,5,LV,IND,no_play,-1.0392225100658834,LV,IND,archive:asset:302374075:sha256:14a594b86b207508b89a42755f624c241e6ceef516d859a4b6bd2c4a5a7b472c:week:5
2025_05_LV_IND,3153.0,2025,5,LV,IND,pass,0.48563094111159444,LV,IND,archive:asset:302374075:sha256:14a594b86b207508b89a42755f624c241e6ceef516d859a4b6bd2c4a5a7b472c:week:5
2025_05_LV_IND,3190.0,2025,5,LV,IND,pass,-0.06251199846155941,LV,IND,archive:asset:302374075:sha256:14a594b86b207508b89a42755f624c241e6ceef516d859a4b6bd2c4a5a7b472c:week:5
2025_05_LV_IND,3220.0,2025,5,LV,IND,no_play,2.4320801264839247,LV,IND,archive:asset:302374075:sha256:14a594b86b207508b89a42755f624c241e6ceef516d859a4b6bd2c4a5a7b472c:week:5
2025_05_LV_IND,3265.0,2025,5,LV,IND,pass,-0.023014326230622828,LV,IND,archive:asset:302374075:sha256:14a594b86b207508b89a42755f624c241e6ceef516d859a4b6bd2c4a5a7b472c:week:5
2025_05_LV_IND,3290.0,2025,5,LV,IND,run,-0.35227946005761623,LV,IND,archive:asset:302374075:sha256:14a594b86b207508b89a42755f624c241e6ceef516d859a4b6bd2c4a5a7b472c:week:5
2025_05_LV_IND,3312.0,2025,5,LV,IND,,-0.0,LV,IND,archive:asset:302374075:sha256:14a594b86b207508b89a42755f624c241e6ceef516d859a4b6bd2c4a5a7b472c:week:5
2025_05_LV_IND,3332.0,2025,5,LV,IND,pass,-0.6658240162068978,LV,IND,archive:asset:302374075:sha256:14a594b86b207508b89a42755f624c241e6ceef516d859a4b6bd2c4a5a7b472c:week:5
2025_05_LV_IND,3357.0,2025,5,LV,IND,pass,2.183664016716648,LV,IND,archive:asset:302374075:sha256:14a594b86b207508b89a42755f624c241e6ceef516d859a4b6bd2c4a5a7b472c:week:5
2025_05_LV_IND,3382.0,2025,5,LV,IND,pass,0.36453181301476434,LV,IND,archive:asset:302374075:sha256:14a594b86b207508b89a42755f624c241e6ceef516d859a4b6bd2c4a5a7b472c:week:5
2025_05_LV_IND,3412.0,2025,5,LV,IND,pass,-0.6615582887316123,LV,IND,archive:asset:302374075:sha256:14a594b86b207508b89a42755f624c241e6ceef516d859a4b6bd2c4a5a7b472c:week:5
2025_05_LV_IND,3435.0,2025,5,LV,IND,run,1.5606216662563384,LV,IND,archive:asset:302374075:sha256:14a594b86b207508b89a42755f624c241e6ceef516d859a4b6bd2c4a5a7b472c:week:5
2025_05_LV_IND,3478.0,2025,5,LV,IND,pass,-2.2375158932991326,LV,IND,archive:asset:302374075:sha256:14a594b86b207508b89a42755f624c241e6ceef516d859a4b6bd2c4a5a7b472c:week:5
2025_05_LV_IND,3498.0,2025,5,LV,IND,pass,-0.517453522363212,LV,IND,archive:asset:302374075:sha256:14a594b86b207508b89a42755f624c241e6ceef516d859a4b6bd2c4a5a7b472c:week:5
2025_05_LV_IND,3521.0,2025,5,LV,IND,pass,-0.46793771899226977,LV,IND,archive:asset:302374075:sha256:14a594b86b207508b89a42755f624c241e6ceef516d859a4b6bd2c4a5a7b472c:week:5
2025_05_LV_IND,3544.0,2025,5,LV,IND,field_goal,0.44522362735276966,LV,IND,archive:asset:302374075:sha256:14a594b86b207508b89a42755f624c241e6ceef516d859a4b6bd2c4a5a7b472c:week:5
2025_05_LV_IND,3569.0,2025,5,IND,LV,kickoff,-0.5105007193051279,IND,LV,archive:asset:302374075:sha256:14a594b86b207508b89a42755f624c241e6ceef516d859a4b6bd2c4a5a7b472c:week:5
2025_05_LV_IND,3604.0,2025,5,IND,LV,run,-0.37643300043419003,IND,LV,archive:asset:302374075:sha256:14a594b86b207508b89a42755f624c241e6ceef516d859a4b6bd2c4a5a7b472c:week:5
2025_05_LV_IND,3630.0,2025,5,IND,LV,run,1.1413173587061465,IND,LV,archive:asset:302374075:sha256:14a594b86b207508b89a42755f624c241e6ceef516d859a4b6bd2c4a5a7b472c:week:5
2025_05_LV_IND,3652.0,2025,5,IND,LV,run,0.48738884669728577,IND,LV,archive:asset:302374075:sha256:14a594b86b207508b89a42755f624c241e6ceef516d859a4b6bd2c4a5a7b472c:week:5
2025_05_LV_IND,3674.0,2025,5,IND,LV,pass,0.45754102151840925,IND,LV,archive:asset:302374075:sha256:14a594b86b207508b89a42755f624c241e6ceef516d859a4b6bd2c4a5a7b472c:week:5
2025_05_LV_IND,3699.0,2025,5,IND,LV,run,-0.388768503209576,IND,LV,archive:asset:302374075:sha256:14a594b86b207508b89a42755f624c241e6ceef516d859a4b6bd2c4a5a7b472c:week:5
2025_05_LV_IND,3721.0,2025,5,IND,LV,run,-0.7714256134349853,IND,LV,archive:asset:302374075:sha256:14a594b86b207508b89a42755f624c241e6ceef516d859a4b6bd2c4a5a7b472c:week:5
2025_05_LV_IND,3743.0,2025,5,IND,LV,pass,-1.6691609746776521,IND,LV,archive:asset:302374075:sha256:14a594b86b207508b89a42755f624c241e6ceef516d859a4b6bd2c4a5a7b472c:week:5
2025_05_LV_IND,3766.0,2025,5,IND,LV,no_play,-0.27364194788970053,IND,LV,archive:asset:302374075:sha256:14a594b86b207508b89a42755f624c241e6ceef516d859a4b6bd2c4a5a7b472c:week:5
2025_05_LV_IND,3794.0,2025,5,IND,LV,punt,0.273365905508399,IND,LV,archive:asset:302374075:sha256:14a594b86b207508b89a42755f624c241e6ceef516d859a4b6bd2c4a5a7b472c:week:5
2025_05_LV_IND,3814.0,2025,5,LV,IND,run,-0.5126934263389558,LV,IND,archive:asset:302374075:sha256:14a594b86b207508b89a42755f624c241e6ceef516d859a4b6bd2c4a5a7b472c:week:5
2025_05_LV_IND,3843.0,2025,5,LV,IND,pass,1.0186917858663946,LV,IND,archive:asset:302374075:sha256:14a594b86b207508b89a42755f624c241e6ceef516d859a4b6bd2c4a5a7b472c:week:5
2025_05_LV_IND,3868.0,2025,5,LV,IND,pass,0.03837866010144353,LV,IND,archive:asset:302374075:sha256:14a594b86b207508b89a42755f624c241e6ceef516d859a4b6bd2c4a5a7b472c:week:5
2025_05_LV_IND,3898.0,2025,5,LV,IND,pass,1.5027610072866082,LV,IND,archive:asset:302374075:sha256:14a594b86b207508b89a42755f624c241e6ceef516d859a4b6bd2c4a5a7b472c:week:5
2025_05_LV_IND,3923.0,2025,5,LV,IND,pass,0.5933019679505378,LV,IND,archive:asset:302374075:sha256:14a594b86b207508b89a42755f624c241e6ceef516d859a4b6bd2c4a5a7b472c:week:5
2025_05_LV_IND,3948.0,2025,5,LV,IND,run,0.07250330451643094,LV,IND,archive:asset:302374075:sha256:14a594b86b207508b89a42755f624c241e6ceef516d859a4b6bd2c4a5a7b472c:week:5
2025_05_LV_IND,3970.0,2025,5,LV,IND,run,0.0950397978303954,LV,IND,archive:asset:302374075:sha256:14a594b86b207508b89a42755f624c241e6ceef516d859a4b6bd2c4a5a7b472c:week:5
2025_05_LV_IND,3992.0,2025,5,LV,IND,pass,0.8246909330482595,LV,IND,archive:asset:302374075:sha256:14a594b86b207508b89a42755f624c241e6ceef516d859a4b6bd2c4a5a7b472c:week:5
2025_05_LV_IND,4017.0,2025,5,LV,IND,run,-0.03378853219328448,LV,IND,archive:asset:302374075:sha256:14a594b86b207508b89a42755f624c241e6ceef516d859a4b6bd2c4a5a7b472c:week:5
2025_05_LV_IND,4039.0,2025,5,LV,IND,pass,0.38652574992738664,LV,IND,archive:asset:302374075:sha256:14a594b86b207508b89a42755f624c241e6ceef516d859a4b6bd2c4a5a7b472c:week:5
2025_05_LV_IND,4071.0,2025,5,LV,IND,run,0.38070543005596846,LV,IND,archive:asset:302374075:sha256:14a594b86b207508b89a42755f624c241e6ceef516d859a4b6bd2c4a5a7b472c:week:5
2025_05_LV_IND,4093.0,2025,5,LV,IND,pass,-1.7515240965876728,LV,IND,archive:asset:302374075:sha256:14a594b86b207508b89a42755f624c241e6ceef516d859a4b6bd2c4a5a7b472c:week:5
2025_05_LV_IND,4113.0,2025,5,LV,IND,run,-2.8095608017756604,LV,IND,archive:asset:302374075:sha256:14a594b86b207508b89a42755f624c241e6ceef516d859a4b6bd2c4a5a7b472c:week:5
2025_05_LV_IND,4135.0,2025,5,LV,IND,,,LV,IND,archive:asset:302374075:sha256:14a594b86b207508b89a42755f624c241e6ceef516d859a4b6bd2c4a5a7b472c:week:5
2025_05_MIA_CAR,1.0,2025,5,,,,-0.0,,,archive:asset:302374075:sha256:14a594b86b207508b89a42755f624c241e6ceef516d859a4b6bd2c4a5a7b472c:week:5
2025_05_MIA_CAR,41.0,2025,5,MIA,CAR,kickoff,0.14345407905057073,MIA,CAR,archive:asset:302374075:sha256:14a594b86b207508b89a42755f624c241e6ceef516d859a4b6bd2c4a5a7b472c:week:5
2025_05_MIA_CAR,64.0,2025,5,MIA,CAR,pass,0.13739156955853105,MIA,CAR,archive:asset:302374075:sha256:14a594b86b207508b89a42755f624c241e6ceef516d859a4b6bd2c4a5a7b472c:week:5
2025_05_MIA_CAR,89.0,2025,5,MIA,CAR,run,0.6153746899217367,MIA,CAR,archive:asset:302374075:sha256:14a594b86b207508b89a42755f624c241e6ceef516d859a4b6bd2c4a5a7b472c:week:5
2025_05_MIA_CAR,111.0,2025,5,MIA,CAR,pass,-0.522686013719067,MIA,CAR,archive:asset:302374075:sha256:14a594b86b207508b89a42755f624c241e6ceef516d859a4b6bd2c4a5a7b472c:week:5
2025_05_MIA_CAR,134.0,2025,5,MIA,CAR,pass,1.3115122269373387,MIA,CAR,archive:asset:302374075:sha256:14a594b86b207508b89a42755f624c241e6ceef516d859a4b6bd2c4a5a7b472c:week:5
2025_05_MIA_CAR,164.0,2025,5,MIA,CAR,pass,-0.5248086049687117,MIA,CAR,archive:asset:302374075:sha256:14a594b86b207508b89a42755f624c241e6ceef516d859a4b6bd2c4a5a7b472c:week:5
2025_05_MIA_CAR,198.0,2025,5,MIA,CAR,pass,-0.580248590791598,MIA,CAR,archive:asset:302374075:sha256:14a594b86b207508b89a42755f624c241e6ceef516d859a4b6bd2c4a5a7b472c:week:5
2025_05_MIA_CAR,223.0,2025,5,MIA,CAR,pass,3.5902892304002307,MIA,CAR,archive:asset:302374075:sha256:14a594b86b207508b89a42755f624c241e6ceef516d859a4b6bd2c4a5a7b472c:week:5
2025_05_MIA_CAR,248.0,2025,5,MIA,CAR,run,-0.4886471315403469,MIA,CAR,archive:asset:302374075:sha256:14a594b86b207508b89a42755f624c241e6ceef516d859a4b6bd2c4a5a7b472c:week:5
2025_05_MIA_CAR,270.0,2025,5,MIA,CAR,pass,-1.0724277854897082,MIA,CAR,archive:asset:302374075:sha256:14a594b86b207508b89a42755f624c241e6ceef516d859a4b6bd2c4a5a7b472c:week:5
2025_05_MIA_CAR,295.0,2025,5,MIA,CAR,pass,-1.2531693587302932,MIA,CAR,archive:asset:302374075:sha256:14a594b86b207508b89a42755f624c241e6ceef516d859a4b6bd2c4a5a7b472c:week:5
2025_05_MIA_CAR,315.0,2025,5,MIA,CAR,field_goal,0.8737433225838238,MIA,CAR,archive:asset:302374075:sha256:14a594b86b207508b89a42755f624c241e6ceef516d859a4b6bd2c4a5a7b472c:week:5
2025_05_MIA_CAR,335.0,2025,5,CAR,MIA,kickoff,0.3697098798584193,CAR,MIA,archive:asset:302374075:sha256:14a594b86b207508b89a42755f624c241e6ceef516d859a4b6bd2c4a5a7b472c:week:5
2025_05_MIA_CAR,365.0,2025,5,CAR,MIA,run,-0.3734780626837164,CAR,MIA,archive:asset:302374075:sha256:14a594b86b207508b89a42755f624c241e6ceef516d859a4b6bd2c4a5a7b472c:week:5
2025_05_MIA_CAR,387.0,2025,5,CAR,MIA,pass,-0.7837984613142908,CAR,MIA,archive:asset:302374075:sha256:14a594b86b207508b89a42755f624c241e6ceef516d859a4b6bd2c4a5a7b472c:week:5
2025_05_MIA_CAR,410.0,2025,5,CAR,MIA,pass,3.113126428099349,CAR,MIA,archive:asset:302374075:sha256:14a594b86b207508b89a42755f624c241e6ceef516d859a4b6bd2c4a5a7b472c:week:5
2025_05_MIA_CAR,440.0,2025,5,CAR,MIA,no_play,0.2478911958169192,CAR,MIA,archive:asset:302374075:sha256:14a594b86b207508b89a42755f624c241e6ceef516d859a4b6bd2c4a5a7b472c:week:5
2025_05_MIA_CAR,476.0,2025,5,CAR,MIA,run,-0.2194420009618625,CAR,MIA,archive:asset:302374075:sha256:14a594b86b207508b89a42755f624c241e6ceef516d859a4b6bd2c4a5a7b472c:week:5
2025_05_MIA_CAR,498.0,2025,5,CAR,MIA,pass,-5.688183902879246,CAR,MIA,archive:asset:302374075:sha256:14a594b86b207508b89a42755f624c241e6ceef516d859a4b6bd2c4a5a7b472c:week:5
2025_05_MIA_CAR,527.0,2025,5,MIA,CAR,run,-0.5042560754809529,MIA,CAR,archive:asset:302374075:sha256:14a594b86b207508b89a42755f624c241e6ceef516d859a4b6bd2c4a5a7b472c:week:5
2025_05_MIA_CAR,565.0,2025,5,MIA,CAR,run,-0.723831198643893,MIA,CAR,archive:asset:302374075:sha256:14a594b86b207508b89a42755f624c241e6ceef516d859a4b6bd2c4a5a7b472c:week:5
2025_05_MIA_CAR,587.0,2025,5,MIA,CAR,pass,2.1593562138732523,MIA,CAR,archive:asset:302374075:sha256:14a594b86b207508b89a42755f624c241e6ceef516d859a4b6bd2c4a5a7b472c:week:5
2025_05_MIA_CAR,620.0,2025,5,MIA,CAR,pass,-0.5569646381773055,MIA,CAR,archive:asset:302374075:sha256:14a594b86b207508b89a42755f624c241e6ceef516d859a4b6bd2c4a5a7b472c:week:5
2025_05_MIA_CAR,645.0,2025,5,MIA,CAR,run,-0.22982189524918795,MIA,CAR,archive:asset:302374075:sha256:14a594b86b207508b89a42755f624c241e6ceef516d859a4b6bd2c4a5a7b472c:week:5
2025_05_MIA_CAR,667.0,2025,5,MIA,CAR,pass,-1.8952210857532918,MIA,CAR,archive:asset:302374075:sha256:14a594b86b207508b89a42755f624c241e6ceef516d859a4b6bd2c4a5a7b472c:week:5
2025_05_MIA_CAR,690.0,2025,5,MIA,CAR,pass,3.3277435324853286,MIA,CAR,archive:asset:302374075:sha256:14a594b86b207508b89a42755f624c241e6ceef516d859a4b6bd2c4a5a7b472c:week:5
2025_05_MIA_CAR,723.0,2025,5,MIA,CAR,pass,0.9837467361940071,MIA,CAR,archive:asset:302374075:sha256:14a594b86b207508b89a42755f624c241e6ceef516d859a4b6bd2c4a5a7b472c:week:5
2025_05_MIA_CAR,748.0,2025,5,MIA,CAR,run,-0.14240068441722542,MIA,CAR,archive:asset:302374075:sha256:14a594b86b207508b89a42755f624c241e6ceef516d859a4b6bd2c4a5a7b472c:week:5
2025_05_MIA_CAR,770.0,2025,5,MIA,CAR,pass,-0.7019754337379709,MIA,CAR,archive:asset:302374075:sha256:14a594b86b207508b89a42755f624c241e6ceef516d859a4b6bd2c4a5a7b472c:week:5
2025_05_MIA_CAR,793.0,2025,5,MIA,CAR,pass,2.075717897794675,MIA,CAR,archive:asset:302374075:sha256:14a594b86b207508b89a42755f624c241e6ceef516d859a4b6bd2c4a5a7b472c:week:5
2025_05_MIA_CAR,818.0,2025,5,MIA,CAR,run,-0.4480513095622882,MIA,CAR,archive:asset:302374075:sha256:14a594b86b207508b89a42755f624c241e6ceef516d859a4b6bd2c4a5a7b472c:week:5
2025_05_MIA_CAR,840.0,2025,5,MIA,CAR,pass,-1.4881787259946577,MIA,CAR,archive:asset:302374075:sha256:14a594b86b207508b89a42755f624c241e6ceef516d859a4b6bd2c4a5a7b472c:week:5
2025_05_MIA_CAR,865.0,2025,5,MIA,CAR,,-0.0,MIA,CAR,archive:asset:302374075:sha256:14a594b86b207508b89a42755f624c241e6ceef516d859a4b6bd2c4a5a7b472c:week:5
2025_05_MIA_CAR,885.0,2025,5,MIA,CAR,pass,3.214334776508622,MIA,CAR,archive:asset:302374075:sha256:14a594b86b207508b89a42755f624c241e6ceef516d859a4b6bd2c4a5a7b472c:week:5
2025_05_MIA_CAR,911.0,2025,5,MIA,CAR,extra_point,0.06757300310763314,MIA,CAR,archive:asset:302374075:sha256:14a594b86b207508b89a42755f624c241e6ceef516d859a4b6bd2c4a5a7b472c:week:5
2025_05_MIA_CAR,933.0,2025,5,CAR,MIA,kickoff,0.08659438183531165,CAR,MIA,archive:asset:302374075:sha256:14a594b86b207508b89a42755f624c241e6ceef516d859a4b6bd2c4a5a7b472c:week:5
2025_05_MIA_CAR,956.0,2025,5,CAR,MIA,pass,-0.008583895862102509,CAR,MIA,archive:asset:302374075:sha256:14a594b86b207508b89a42755f624c241e6ceef516d859a4b6bd2c4a5a7b472c:week:5
2025_05_MIA_CAR,986.0,2025,5,CAR,MIA,pass,-3.836736676748842,CAR,MIA,archive:asset:302374075:sha256:14a594b86b207508b89a42755f624c241e6ceef516d859a4b6bd2c4a5a7b472c:week:5
2025_05_MIA_CAR,1013.0,2025,5,MIA,CAR,no_play,0.5138674401678145,MIA,CAR,archive:asset:302374075:sha256:14a594b86b207508b89a42755f624c241e6ceef516d859a4b6bd2c4a5a7b472c:week:5
2025_05_MIA_CAR,1056.0,2025,5,MIA,CAR,pass,1.301999086048454,MIA,CAR,archive:asset:302374075:sha256:14a594b86b207508b89a42755f624c241e6ceef516d859a4b6bd2c4a5a7b472c:week:5
2025_05_MIA_CAR,1081.0,2025,5,MIA,CAR,run,-0.9474140395177528,MIA,CAR,archive:asset:302374075:sha256:14a594b86b207508b89a42755f624c241e6ceef516d859a4b6bd2c4a5a7b472c:week:5
2025_05_MIA_CAR,1103.0,2025,5,MIA,CAR,pass,0.5175296865054406,MIA,CAR,archive:asset:302374075:sha256:14a594b86b207508b89a42755f624c241e6ceef516d859a4b6bd2c4a5a7b472c:week:5
2025_05_MIA_CAR,1128.0,2025,5,MIA,CAR,pass,1.9110025385743938,MIA,CAR,archive:asset:302374075:sha256:14a594b86b207508b89a42755f624c241e6ceef516d859a4b6bd2c4a5a7b472c:week:5
2025_05_MIA_CAR,1158.0,2025,5,MIA,CAR,pass,1.1599747975124046,MIA,CAR,archive:asset:302374075:sha256:14a594b86b207508b89a42755f624c241e6ceef516d859a4b6bd2c4a5a7b472c:week:5
2025_05_MIA_CAR,1184.0,2025,5,MIA,CAR,extra_point,0.06757300310763314,MIA,CAR,archive:asset:302374075:sha256:14a594b86b207508b89a42755f624c241e6ceef516d859a4b6bd2c4a5a7b472c:week:5
2025_05_MIA_CAR,1199.0,2025,5,CAR,MIA,kickoff,-0.24613732006400824,CAR,MIA,archive:asset:302374075:sha256:14a594b86b207508b89a42755f624c241e6ceef516d859a4b6bd2c4a5a7b472c:week:5
2025_05_MIA_CAR,1229.0,2025,5,CAR,MIA,run,0.6884779524989426,CAR,MIA,archive:asset:302374075:sha256:14a594b86b207508b89a42755f624c241e6ceef516d859a4b6bd2c4a5a7b472c:week:5
2025_05_MIA_CAR,1251.0,2025,5,CAR,MIA,no_play,-0.46352729573845863,CAR,MIA,archive:asset:302374075:sha256:14a594b86b207508b89a42755f624c241e6ceef516d859a4b6bd2c4a5a7b472c:week:5
2025_05_MIA_CAR,1275.0,2025,5,CAR,MIA,run,1.3680756578687578,CAR,MIA,archive:asset:302374075:sha256:14a594b86b207508b89a42755f624c241e6ceef516d859a4b6bd2c4a5a7b472c:week:5
2025_05_MIA_CAR,1297.0,2025,5,CAR,MIA,run,-0.1429435780737549,CAR,MIA,archive:asset:302374075:sha256:14a594b86b207508b89a42755f624c241e6ceef516d859a4b6bd2c4a5a7b472c:week:5
2025_05_MIA_CAR,1319.0,2025,5,CAR,MIA,run,-0.18062456278130412,CAR,MIA,archive:asset:302374075:sha256:14a594b86b207508b89a42755f624c241e6ceef516d859a4b6bd2c4a5a7b472c:week:5
2025_05_MIA_CAR,1341.0,2025,5,CAR,MIA,run,-0.5044150066096336,CAR,MIA,archive:asset:302374075:sha256:14a594b86b207508b89a42755f624c241e6ceef516d859a4b6bd2c4a5a7b472c:week:5
2025_05_MIA_CAR,1363.0,2025,5,CAR,MIA,pass,-1.7006942515727133,CAR,MIA,archive:asset:302374075:sha256:14a594b86b207508b89a42755f624c241e6ceef516d859a4b6bd2c4a5a7b472c:week:5
2025_05_MIA_CAR,1386.0,2025,5,CAR,MIA,pass,3.970727030595299,CAR,MIA,archive:asset:302374075:sha256:14a594b86b207508b89a42755f624c241e6ceef516d859a4b6bd2c4a5a7b472c:week:5
2025_05_MIA_CAR,1416.0,2025,5,CAR,MIA,run,-0.34615090710576624,CAR,MIA,archive:asset:302374075:sha256:14a594b86b207508b89a42755f624c241e6ceef516d859a4b6bd2c4a5a7b472c:week:5
2025_05_MIA_CAR,1438.0,2025,5,CAR,MIA,pass,1.2398697793250903,CAR,MIA,archive:asset:302374075:sha256:14a594b86b207508b89a42755f624c241e6ceef516d859a4b6bd2c4a5a7b472c:week:5
2025_05_MIA_CAR,1463.0,2025,5,CAR,MIA,run,-0.8287387763848528,CAR,MIA,archive:asset:302374075:sha256:14a594b86b207508b89a42755f624c241e6ceef516d859a4b6bd2c4a5a7b472c:week:5
2025_05_MIA_CAR,1485.0,2025,5,CAR,MIA,run,0.2363841935293749,CAR,MIA,archive:asset:302374075:sha256:14a594b86b207508b89a42755f624c241e6ceef516d859a4b6bd2c4a5a7b472c:week:5
2025_05_MIA_CAR,1515.0,2025,5,CAR,MIA,pass,2.661295033816714,CAR,MIA,archive:asset:302374075:sha256:14a594b86b207508b89a42755f624c241e6ceef516d859a4b6bd2c4a5a7b472c:week:5
2025_05_MIA_CAR,1541.0,2025,5,CAR,MIA,extra_point,0.06757300310763314,CAR,MIA,archive:asset:302374075:sha256:14a594b86b207508b89a42755f624c241e6ceef516d859a4b6bd2c4a5a7b472c:week:5
2025_05_MIA_CAR,1556.0,2025,5,MIA,CAR,kickoff,0.02385939657688141,MIA,CAR,archive:asset:302374075:sha256:14a594b86b207508b89a42755f624c241e6ceef516d859a4b6bd2c4a5a7b472c:week:5
2025_05_MIA_CAR,1591.0,2025,5,MIA,CAR,pass,-0.11744522606022656,MIA,CAR,archive:asset:302374075:sha256:14a594b86b207508b89a42755f624c241e6ceef516d859a4b6bd2c4a5a7b472c:week:5
2025_05_MIA_CAR,1621.0,2025,5,MIA,CAR,run,-0.35525418375618756,MIA,CAR,archive:asset:302374075:sha256:14a594b86b207508b89a42755f624c241e6ceef516d859a4b6bd2c4a5a7b472c:week:5
2025_05_MIA_CAR,1643.0,2025,5,MIA,CAR,pass,-1.720475554233417,MIA,CAR,archive:asset:302374075:sha256:14a594b86b207508b89a42755f624c241e6ceef516d859a4b6bd2c4a5a7b472c:week:5
2025_05_MIA_CAR,1682.0,2025,5,,,no_play,-0.0,,,archive:asset:302374075:sha256:14a594b86b207508b89a42755f624c241e6ceef516d859a4b6bd2c4a5a7b472c:week:5
2025_05_MIA_CAR,1670.0,2025,5,MIA,CAR,punt,0.6277042595902458,MIA,CAR,archive:asset:302374075:sha256:14a594b86b207508b89a42755f624c241e6ceef516d859a4b6bd2c4a5a7b472c:week:5
2025_05_MIA_CAR,1697.0,2025,5,CAR,MIA,run,1.2335610867594369,CAR,MIA,archive:asset:302374075:sha256:14a594b86b207508b89a42755f624c241e6ceef516d859a4b6bd2c4a5a7b472c:week:5
2025_05_MIA_CAR,1719.0,2025,5,CAR,MIA,run,0.2980327181285247,CAR,MIA,archive:asset:302374075:sha256:14a594b86b207508b89a42755f624c241e6ceef516d859a4b6bd2c4a5a7b472c:week:5
2025_05_MIA_CAR,1746.0,2025,5,CAR,MIA,no_play,-0.6094623464741744,CAR,MIA,archive:asset:302374075:sha256:14a594b86b207508b89a42755f624c241e6ceef516d859a4b6bd2c4a5a7b472c:week:5
2025_05_MIA_CAR,1780.0,2025,5,CAR,MIA,pass,1.0838122814311646,CAR,MIA,archive:asset:302374075:sha256:14a594b86b207508b89a42755f624c241e6ceef516d859a4b6bd2c4a5a7b472c:week:5
2025_05_MIA_CAR,1810.0,2025,5,CAR,MIA,run,0.4170976892346516,CAR,MIA,archive:asset:302374075:sha256:14a594b86b207508b89a42755f624c241e6ceef516d859a4b6bd2c4a5a7b472c:week:5
2025_05_MIA_CAR,1844.0,2025,5,,,no_play,0.0,,,archive:asset:302374075:sha256:14a594b86b207508b89a42755f624c241e6ceef516d859a4b6bd2c4a5a7b472c:week:5
2025_05_MIA_CAR,1832.0,2025,5,CAR,MIA,pass,0.08647767442744225,CAR,MIA,archive:asset:302374075:sha256:14a594b86b207508b89a42755f624c241e6ceef516d859a4b6bd2c4a5a7b472c:week:5
2025_05_MIA_CAR,1876.0,2025,5,,,no_play,0.0,,,archive:asset:302374075:sha256:14a594b86b207508b89a42755f624c241e6ceef516d859a4b6bd2c4a5a7b472c:week:5
2025_05_MIA_CAR,1864.0,2025,5,CAR,MIA,no_play,-0.4610218871384859,CAR,MIA,archive:asset:302374075:sha256:14a594b86b207508b89a42755f624c241e6ceef516d859a4b6bd2c4a5a7b472c:week:5
2025_05_MIA_CAR,1895.0,2025,5,CAR,MIA,pass,0.7839644033228979,CAR,MIA,archive:asset:302374075:sha256:14a594b86b207508b89a42755f624c241e6ceef516d859a4b6bd2c4a5a7b472c:week:5
2025_05_MIA_CAR,1925.0,2025,5,CAR,MIA,pass,-0.30717296910006553,CAR,MIA,archive:asset:302374075:sha256:14a594b86b207508b89a42755f624c241e6ceef516d859a4b6bd2c4a5a7b472c:week:5
2025_05_MIA_CAR,1967.0,2025,5,,,no_play,0.0,,,archive:asset:302374075:sha256:14a594b86b207508b89a42755f624c241e6ceef516d859a4b6bd2c4a5a7b472c:week:5
2025_05_MIA_CAR,1955.0,2025,5,CAR,MIA,pass,-0.24222185893449932,CAR,MIA,archive:asset:302374075:sha256:14a594b86b207508b89a42755f624c241e6ceef516d859a4b6bd2c4a5a7b472c:week:5
2025_05_MIA_CAR,1987.0,2025,5,CAR,MIA,qb_spike,-0.2456138855777681,CAR,MIA,archive:asset:302374075:sha256:14a594b86b207508b89a42755f624c241e6ceef516d859a4b6bd2c4a5a7b472c:week:5
2025_05_MIA_CAR,2034.0,2025,5,,,no_play,0.0,,,archive:asset:302374075:sha256:14a594b86b207508b89a42755f624c241e6ceef516d859a4b6bd2c4a5a7b472c:week:5
2025_05_MIA_CAR,2022.0,2025,5,CAR,MIA,no_play,-0.18319022087962367,CAR,MIA,archive:asset:302374075:sha256:14a594b86b207508b89a42755f624c241e6ceef516d859a4b6bd2c4a5a7b472c:week:5
2025_05_MIA_CAR,2053.0,2025,5,CAR,MIA,pass,0.22625063953866054,CAR,MIA,archive:asset:302374075:sha256:14a594b86b207508b89a42755f624c241e6ceef516d859a4b6bd2c4a5a7b472c:week:5
2025_05_MIA_CAR,2081.0,2025,5,CAR,MIA,field_goal,0.25964179585160885,CAR,MIA,archive:asset:302374075:sha256:14a594b86b207508b89a42755f624c241e6ceef516d859a4b6bd2c4a5a7b472c:week:5
2025_05_MIA_CAR,2101.0,2025,5,,,,,,,archive:asset:302374075:sha256:14a594b86b207508b89a42755f624c241e6ceef516d859a4b6bd2c4a5a7b472c:week:5
2025_05_MIA_CAR,2119.0,2025,5,CAR,MIA,kickoff,0.33570851432159543,CAR,MIA,archive:asset:302374075:sha256:14a594b86b207508b89a42755f624c241e6ceef516d859a4b6bd2c4a5a7b472c:week:5
2025_05_MIA_CAR,2142.0,2025,5,CAR,MIA,run,3.307143239362631,CAR,MIA,archive:asset:302374075:sha256:14a594b86b207508b89a42755f624c241e6ceef516d859a4b6bd2c4a5a7b472c:week:5
2025_05_MIA_CAR,2164.0,2025,5,CAR,MIA,no_play,-0.5930670201196335,CAR,MIA,archive:asset:302374075:sha256:14a594b86b207508b89a42755f624c241e6ceef516d859a4b6bd2c4a5a7b472c:week:5
2025_05_MIA_CAR,2188.0,2025,5,CAR,MIA,run,-0.5350506050745025,CAR,MIA,archive:asset:302374075:sha256:14a594b86b207508b89a42755f624c241e6ceef516d859a4b6bd2c4a5a7b472c:week:5
2025_05_MIA_CAR,2210.0,2025,5,CAR,MIA,pass,-0.7143297084840015,CAR,MIA,archive:asset:302374075:sha256:14a594b86b207508b89a42755f624c241e6ceef516d859a4b6bd2c4a5a7b472c:week:5
2025_05_MIA_CAR,2233.0,2025,5,CAR,MIA,pass,-1.992111999719083,CAR,MIA,archive:asset:302374075:sha256:14a594b86b207508b89a42755f624c241e6ceef516d859a4b6bd2c4a5a7b472c:week:5
2025_05_MIA_CAR,2253.0,2025,5,CAR,MIA,field_goal,1.717609811868198,CAR,MIA,archive:asset:302374075:sha256:14a594b86b207508b89a42755f624c241e6ceef516d859a4b6bd2c4a5a7b472c:week:5
2025_05_MIA_CAR,2273.0,2025,5,MIA,CAR,kickoff,0.00597457867115736,MIA,CAR,archive:asset:302374075:sha256:14a594b86b207508b89a42755f624c241e6ceef516d859a4b6bd2c4a5a7b472c:week:5
2025_05_MIA_CAR,2303.0,2025,5,MIA,CAR,run,-1.333589500747621,MIA,CAR,archive:asset:302374075:sha256:14a594b86b207508b89a42755f624c241e6ceef516d859a4b6bd2c4a5a7b472c:week:5
2025_05_MIA_CAR,2325.0,2025,5,MIA,CAR,no_play,-0.764476862270385,MIA,CAR,archive:asset:302374075:sha256:14a594b86b207508b89a42755f624c241e6ceef516d859a4b6bd2c4a5a7b472c:week:5
2025_05_MIA_CAR,2361.0,2025,5,MIA,CAR,pass,0.8268796955235302,MIA,CAR,archive:asset:302374075:sha256:14a594b86b207508b89a42755f624c241e6ceef516d859a4b6bd2c4a5a7b472c:week:5
2025_05_MIA_CAR,2391.0,2025,5,MIA,CAR,run,-0.7019798825494945,MIA,CAR,archive:asset:302374075:sha256:14a594b86b207508b89a42755f624c241e6ceef516d859a4b6bd2c4a5a7b472c:week:5
2025_05_MIA_CAR,2413.0,2025,5,MIA,CAR,punt,0.5723804826848209,MIA,CAR,archive:asset:302374075:sha256:14a594b86b207508b89a42755f624c241e6ceef516d859a4b6bd2c4a5a7b472c:week:5
2025_05_MIA_CAR,2433.0,2025,5,CAR,MIA,pass,0.8929149340838194,CAR,MIA,archive:asset:302374075:sha256:14a594b86b207508b89a42755f624c241e6ceef516d859a4b6bd2c4a5a7b472c:week:5
2025_05_MIA_CAR,2470.0,2025,5,CAR,MIA,run,-0.5505172093398869,CAR,MIA,archive:asset:302374075:sha256:14a594b86b207508b89a42755f624c241e6ceef516d859a4b6bd2c4a5a7b472c:week:5
2025_05_MIA_CAR,2497.0,2025,5,CAR,MIA,pass,-0.7481864881701767,CAR,MIA,archive:asset:302374075:sha256:14a594b86b207508b89a42755f624c241e6ceef516d859a4b6bd2c4a5a7b472c:week:5
2025_05_MIA_CAR,2531.0,2025,5,CAR,MIA,pass,-0.5829518372192979,CAR,MIA,archive:asset:302374075:sha256:14a594b86b207508b89a42755f624c241e6ceef516d859a4b6bd2c4a5a7b472c:week:5
2025_05_MIA_CAR,2556.0,2025,5,CAR,MIA,no_play,-0.6803282028995454,CAR,MIA,archive:asset:302374075:sha256:14a594b86b207508b89a42755f624c241e6ceef516d859a4b6bd2c4a5a7b472c:week:5
2025_05_MIA_CAR,2584.0,2025,5,CAR,MIA,punt,0.5424665613099933,CAR,MIA,archive:asset:302374075:sha256:14a594b86b207508b89a42755f624c241e6ceef516d859a4b6bd2c4a5a7b472c:week:5
2025_05_MIA_CAR,2619.0,2025,5,MIA,CAR,pass,0.8031395161524415,MIA,CAR,archive:asset:302374075:sha256:14a594b86b207508b89a42755f624c241e6ceef516d859a4b6bd2c4a5a7b472c:week:5
2025_05_MIA_CAR,2651.0,2025,5,MIA,CAR,run,-0.01106714317575097,MIA,CAR,archive:asset:302374075:sha256:14a594b86b207508b89a42755f624c241e6ceef516d859a4b6bd2c4a5a7b472c:week:5
2025_05_MIA_CAR,2673.0,2025,5,MIA,CAR,run,-0.3392055397853255,MIA,CAR,archive:asset:302374075:sha256:14a594b86b207508b89a42755f624c241e6ceef516d859a4b6bd2c4a5a7b472c:week:5
2025_05_MIA_CAR,2695.0,2025,5,MIA,CAR,pass,-0.7995107658207417,MIA,CAR,archive:asset:302374075:sha256:14a594b86b207508b89a42755f624c241e6ceef516d859a4b6bd2c4a5a7b472c:week:5
2025_05_MIA_CAR,2718.0,2025,5,MIA,CAR,pass,-1.3184492578729987,MIA,CAR,archive:asset:302374075:sha256:14a594b86b207508b89a42755f624c241e6ceef516d859a4b6bd2c4a5a7b472c:week:5
2025_05_MIA_CAR,2752.0,2025,5,MIA,CAR,punt,0.9831861879210919,MIA,CAR,archive:asset:302374075:sha256:14a594b86b207508b89a42755f624c241e6ceef516d859a4b6bd2c4a5a7b472c:week:5
2025_05_MIA_CAR,2772.0,2025,5,CAR,MIA,run,-0.484928369987756,CAR,MIA,archive:asset:302374075:sha256:14a594b86b207508b89a42755f624c241e6ceef516d859a4b6bd2c4a5a7b472c:week:5
2025_05_MIA_CAR,2801.0,2025,5,CAR,MIA,pass,0.40972172748297453,CAR,MIA,archive:asset:302374075:sha256:14a594b86b207508b89a42755f624c241e6ceef516d859a4b6bd2c4a5a7b472c:week:5
2025_05_MIA_CAR,2826.0,2025,5,CAR,MIA,pass,0.9381972190458328,CAR,MIA,archive:asset:302374075:sha256:14a594b86b207508b89a42755f624c241e6ceef516d859a4b6bd2c4a5a7b472c:week:5
2025_05_MIA_CAR,2851.0,2025,5,CAR,MIA,run,0.09803392412140965,CAR,MIA,archive:asset:302374075:sha256:14a594b86b207508b89a42755f624c241e6ceef516d859a4b6bd2c4a5a7b472c:week:5
2025_05_MIA_CAR,2873.0,2025,5,CAR,MIA,run,-0.27043485222384334,CAR,MIA,archive:asset:302374075:sha256:14a594b86b207508b89a42755f624c241e6ceef516d859a4b6bd2c4a5a7b472c:week:5
2025_05_MIA_CAR,2895.0,2025,5,CAR,MIA,pass,-1.7014666576869786,CAR,MIA,archive:asset:302374075:sha256:14a594b86b207508b89a42755f624c241e6ceef516d859a4b6bd2c4a5a7b472c:week:5
2025_05_MIA_CAR,2920.0,2025,5,CAR,MIA,punt,-0.483726107981056,CAR,MIA,archive:asset:302374075:sha256:14a594b86b207508b89a42755f624c241e6ceef516d859a4b6bd2c4a5a7b472c:week:5
2025_05_MIA_CAR,2946.0,2025,5,MIA,CAR,run,-0.8255555238574743,MIA,CAR,archive:asset:302374075:sha256:14a594b86b207508b89a42755f624c241e6ceef516d859a4b6bd2c4a5a7b472c:week:5
2025_05_MIA_CAR,2975.0,2025,5,MIA,CAR,,-0.0,MIA,CAR,archive:asset:302374075:sha256:14a594b86b207508b89a42755f624c241e6ceef516d859a4b6bd2c4a5a7b472c:week:5
2025_05_MIA_CAR,2995.0,2025,5,MIA,CAR,pass,-1.0643933820538223,MIA,CAR,archive:asset:302374075:sha256:14a594b86b207508b89a42755f624c241e6ceef516d859a4b6bd2c4a5a7b472c:week:5
2025_05_MIA_CAR,3020.0,2025,5,MIA,CAR,pass,-0.43769653094932437,MIA,CAR,archive:asset:302374075:sha256:14a594b86b207508b89a42755f624c241e6ceef516d859a4b6bd2c4a5a7b472c:week:5
2025_05_MIA_CAR,3045.0,2025,5,MIA,CAR,punt,-0.3284608004614711,MIA,CAR,archive:asset:302374075:sha256:14a594b86b207508b89a42755f624c241e6ceef516d859a4b6bd2c4a5a7b472c:week:5
2025_05_MIA_CAR,3076.0,2025,5,CAR,MIA,pass,-0.5366689562797546,CAR,MIA,archive:asset:302374075:sha256:14a594b86b207508b89a42755f624c241e6ceef516d859a4b6bd2c4a5a7b472c:week:5
2025_05_MIA_CAR,3106.0,2025,5,CAR,MIA,pass,-0.3116132905706763,CAR,MIA,archive:asset:302374075:sha256:14a594b86b207508b89a42755f624c241e6ceef516d859a4b6bd2c4a5a7b472c:week:5
2025_05_MIA_CAR,3131.0,2025,5,CAR,MIA,pass,-1.3623793059960008,CAR,MIA,archive:asset:302374075:sha256:14a594b86b207508b89a42755f624c241e6ceef516d859a4b6bd2c4a5a7b472c:week:5
2025_05_MIA_CAR,3154.0,2025,5,CAR,MIA,punt,-0.016898902133107185,CAR,MIA,archive:asset:302374075:sha256:14a594b86b207508b89a42755f624c241e6ceef516d859a4b6bd2c4a5a7b472c:week:5
2025_05_MIA_CAR,3180.0,2025,5,MIA,CAR,pass,0.9999759895727038,MIA,CAR,archive:asset:302374075:sha256:14a594b86b207508b89a42755f624c241e6ceef516d859a4b6bd2c4a5a7b472c:week:5
2025_05_MIA_CAR,3215.0,2025,5,MIA,CAR,pass,-0.3530888403765857,MIA,CAR,archive:asset:302374075:sha256:14a594b86b207508b89a42755f624c241e6ceef516d859a4b6bd2c4a5a7b472c:week:5
2025_05_MIA_CAR,3240.0,2025,5,MIA,CAR,pass,-0.42300113406963646,MIA,CAR,archive:asset:302374075:sha256:14a594b86b207508b89a42755f624c241e6ceef516d859a4b6bd2c4a5a7b472c:week:5
2025_05_MIA_CAR,3282.0,2025,5,,,no_play,-0.0,,,archive:asset:302374075:sha256:14a594b86b207508b89a42755f624c241e6ceef516d859a4b6bd2c4a5a7b472c:week:5
2025_05_MIA_CAR,3270.0,2025,5,MIA,CAR,pass,-1.3831849496345967,MIA,CAR,archive:asset:302374075:sha256:14a594b86b207508b89a42755f624c241e6ceef516d859a4b6bd2c4a5a7b472c:week:5
2025_05_MIA_CAR,3305.0,2025,5,MIA,CAR,punt,-0.13162974757142365,MIA,CAR,archive:asset:302374075:sha256:14a594b86b207508b89a42755f624c241e6ceef516d859a4b6bd2c4a5a7b472c:week:5
2025_05_MIA_CAR,3325.0,2025,5,CAR,MIA,run,0.35000185761600733,CAR,MIA,archive:asset:302374075:sha256:14a594b86b207508b89a42755f624c241e6ceef516d859a4b6bd2c4a5a7b472c:week:5
2025_05_MIA_CAR,3368.0,2025,5,CAR,MIA,pass,-0.09959490550681949,CAR,MIA,archive:asset:302374075:sha256:14a594b86b207508b89a42755f624c241e6ceef516d859a4b6bd2c4a5a7b472c:week:5
2025_05_MIA_CAR,3393.0,2025,5,CAR,MIA,run,3.075137295643799,CAR,MIA,archive:asset:302374075:sha256:14a594b86b207508b89a42755f624c241e6ceef516d859a4b6bd2c4a5a7b472c:week:5
2025_05_MIA_CAR,3415.0,2025,5,CAR,MIA,run,0.14846142125315964,CAR,MIA,archive:asset:302374075:sha256:14a594b86b207508b89a42755f624c241e6ceef516d859a4b6bd2c4a5a7b472c:week:5
2025_05_MIA_CAR,3437.0,2025,5,CAR,MIA,no_play,1.1244566181558184,CAR,MIA,archive:asset:302374075:sha256:14a594b86b207508b89a42755f624c241e6ceef516d859a4b6bd2c4a5a7b472c:week:5
2025_05_MIA_CAR,3471.0,2025,5,CAR,MIA,no_play,0.3394125315826386,CAR,MIA,archive:asset:302374075:sha256:14a594b86b207508b89a42755f624c241e6ceef516d859a4b6bd2c4a5a7b472c:week:5
2025_05_MIA_CAR,3505.0,2025,5,CAR,MIA,run,-0.01046764460625127,CAR,MIA,archive:asset:302374075:sha256:14a594b86b207508b89a42755f624c241e6ceef516d859a4b6bd2c4a5a7b472c:week:5
2025_05_MIA_CAR,3527.0,2025,5,CAR,MIA,run,0.41459759697318077,CAR,MIA,archive:asset:302374075:sha256:14a594b86b207508b89a42755f624c241e6ceef516d859a4b6bd2c4a5a7b472c:week:5
2025_05_MIA_CAR,3554.0,2025,5,CAR,MIA,run,1.3655236600898206,CAR,MIA,archive:asset:302374075:sha256:14a594b86b207508b89a42755f624c241e6ceef516d859a4b6bd2c4a5a7b472c:week:5
2025_05_MIA_CAR,3613.0,2025,5,CAR,MIA,extra_point,0.06757300310763314,CAR,MIA,archive:asset:302374075:sha256:14a594b86b207508b89a42755f624c241e6ceef516d859a4b6bd2c4a5a7b472c:week:5
2025_05_MIA_CAR,3628.0,2025,5,MIA,CAR,kickoff,1.163016170496121,MIA,CAR,archive:asset:302374075:sha256:14a594b86b207508b89a42755f624c241e6ceef516d859a4b6bd2c4a5a7b472c:week:5
2025_05_MIA_CAR,3651.0,2025,5,MIA,CAR,pass,0.4138180853333324,MIA,CAR,archive:asset:302374075:sha256:14a594b86b207508b89a42755f624c241e6ceef516d859a4b6bd2c4a5a7b472c:week:5
2025_05_MIA_CAR,3676.0,2025,5,MIA,CAR,pass,0.2206423580646515,MIA,CAR,archive:asset:302374075:sha256:14a594b86b207508b89a42755f624c241e6ceef516d859a4b6bd2c4a5a7b472c:week:5
2025_05_MIA_CAR,3701.0,2025,5,MIA,CAR,pass,4.087242831243202,MIA,CAR,archive:asset:302374075:sha256:14a594b86b207508b89a42755f624c241e6ceef516d859a4b6bd2c4a5a7b472c:week:5
2025_05_MIA_CAR,3727.0,2025,5,MIA,CAR,extra_point,0.06757300310763314,MIA,CAR,archive:asset:302374075:sha256:14a594b86b207508b89a42755f624c241e6ceef516d859a4b6bd2c4a5a7b472c:week:5
2025_05_MIA_CAR,3742.0,2025,5,CAR,MIA,no_play,0.0,CAR,MIA,archive:asset:302374075:sha256:14a594b86b207508b89a42755f624c241e6ceef516d859a4b6bd2c4a5a7b472c:week:5
2025_05_MIA_CAR,3776.0,2025,5,CAR,MIA,kickoff,-0.5104035096010193,CAR,MIA,archive:asset:302374075:sha256:14a594b86b207508b89a42755f624c241e6ceef516d859a4b6bd2c4a5a7b472c:week:5
2025_05_MIA_CAR,3810.0,2025,5,CAR,MIA,run,1.3261476376792416,CAR,MIA,archive:asset:302374075:sha256:14a594b86b207508b89a42755f624c241e6ceef516d859a4b6bd2c4a5a7b472c:week:5
2025_05_MIA_CAR,3843.0,2025,5,CAR,MIA,pass,1.6812295622657984,CAR,MIA,archive:asset:302374075:sha256:14a594b86b207508b89a42755f624c241e6ceef516d859a4b6bd2c4a5a7b472c:week:5
2025_05_MIA_CAR,3873.0,2025,5,CAR,MIA,run,-0.034708332910668105,CAR,MIA,archive:asset:302374075:sha256:14a594b86b207508b89a42755f624c241e6ceef516d859a4b6bd2c4a5a7b472c:week:5
2025_05_MIA_CAR,3895.0,2025,5,CAR,MIA,pass,-0.5230366448522545,CAR,MIA,archive:asset:302374075:sha256:14a594b86b207508b89a42755f624c241e6ceef516d859a4b6bd2c4a5a7b472c:week:5
2025_05_MIA_CAR,3918.0,2025,5,CAR,MIA,pass,-1.4342671457561664,CAR,MIA,archive:asset:302374075:sha256:14a594b86b207508b89a42755f624c241e6ceef516d859a4b6bd2c4a5a7b472c:week:5
2025_05_MIA_CAR,3941.0,2025,5,CAR,MIA,pass,3.258234640932642,CAR,MIA,archive:asset:302374075:sha256:14a594b86b207508b89a42755f624c241e6ceef516d859a4b6bd2c4a5a7b472c:week:5
2025_05_MIA_CAR,3966.0,2025,5,CAR,MIA,run,1.4100186530558858,CAR,MIA,archive:asset:302374075:sha256:14a594b86b207508b89a42755f624c241e6ceef516d859a4b6bd2c4a5a7b472c:week:5
2025_05_MIA_CAR,3988.0,2025,5,CAR,MIA,pass,1.1689519041974563,CAR,MIA,archive:asset:302374075:sha256:14a594b86b207508b89a42755f624c241e6ceef516d859a4b6bd2c4a5a7b472c:week:5
2025_05_MIA_CAR,4018.0,2025,5,CAR,MIA,extra_point,0.06757300310763314,CAR,MIA,archive:asset:302374075:sha256:14a594b86b207508b89a42755f624c241e6ceef516d859a4b6bd2c4a5a7b472c:week:5
2025_05_MIA_CAR,4033.0,2025,5,MIA,CAR,kickoff,-0.31006470671854913,MIA,CAR,archive:asset:302374075:sha256:14a594b86b207508b89a42755f624c241e6ceef516d859a4b6bd2c4a5a7b472c:week:5
2025_05_MIA_CAR,4063.0,2025,5,MIA,CAR,pass,-0.31698415242135525,MIA,CAR,archive:asset:302374075:sha256:14a594b86b207508b89a42755f624c241e6ceef516d859a4b6bd2c4a5a7b472c:week:5
2025_05_MIA_CAR,4086.0,2025,5,MIA,CAR,pass,-0.4166193976998329,MIA,CAR,archive:asset:302374075:sha256:14a594b86b207508b89a42755f624c241e6ceef516d859a4b6bd2c4a5a7b472c:week:5
2025_05_MIA_CAR,4109.0,2025,5,MIA,CAR,pass,-0.6105760472128168,MIA,CAR,archive:asset:302374075:sha256:14a594b86b207508b89a42755f624c241e6ceef516d859a4b6bd2c4a5a7b472c:week:5
2025_05_MIA_CAR,4129.0,2025,5,MIA,CAR,punt,0.10077014937996864,MIA,CAR,archive:asset:302374075:sha256:14a594b86b207508b89a42755f624c241e6ceef516d859a4b6bd2c4a5a7b472c:week:5
2025_05_MIA_CAR,4149.0,2025,5,CAR,MIA,run,-0.08886199491098523,CAR,MIA,archive:asset:302374075:sha256:14a594b86b207508b89a42755f624c241e6ceef516d859a4b6bd2c4a5a7b472c:week:5
2025_05_MIA_CAR,4183.0,2025,5,,,no_play,0.0,,,archive:asset:302374075:sha256:14a594b86b207508b89a42755f624c241e6ceef516d859a4b6bd2c4a5a7b472c:week:5
2025_05_MIA_CAR,4171.0,2025,5,CAR,MIA,run,-0.23211429838556796,CAR,MIA,archive:asset:302374075:sha256:14a594b86b207508b89a42755f624c241e6ceef516d859a4b6bd2c4a5a7b472c:week:5
2025_05_MIA_CAR,4212.0,2025,5,,,no_play,0.0,,,archive:asset:302374075:sha256:14a594b86b207508b89a42755f624c241e6ceef516d859a4b6bd2c4a5a7b472c:week:5
2025_05_MIA_CAR,4200.0,2025,5,CAR,MIA,no_play,-0.36426428449340165,CAR,MIA,archive:asset:302374075:sha256:14a594b86b207508b89a42755f624c241e6ceef516d859a4b6bd2c4a5a7b472c:week:5
2025_05_MIA_CAR,4241.0,2025,5,CAR,MIA,qb_kneel,0.0,CAR,MIA,archive:asset:302374075:sha256:14a594b86b207508b89a42755f624c241e6ceef516d859a4b6bd2c4a5a7b472c:week:5
2025_05_MIA_CAR,4263.0,2025,5,CAR,MIA,qb_kneel,0.0,CAR,MIA,archive:asset:302374075:sha256:14a594b86b207508b89a42755f624c241e6ceef516d859a4b6bd2c4a5a7b472c:week:5
2025_05_MIA_CAR,4285.0,2025,5,CAR,MIA,,,CAR,MIA,archive:asset:302374075:sha256:14a594b86b207508b89a42755f624c241e6ceef516d859a4b6bd2c4a5a7b472c:week:5
2025_05_MIN_CLE,1.0,2025,5,,,,0.0,,,archive:asset:302374075:sha256:14a594b86b207508b89a42755f624c241e6ceef516d859a4b6bd2c4a5a7b472c:week:5
2025_05_MIN_CLE,39.0,2025,5,CLE,MIN,kickoff,0.8947232952341437,CLE,MIN,archive:asset:302374075:sha256:14a594b86b207508b89a42755f624c241e6ceef516d859a4b6bd2c4a5a7b472c:week:5
2025_05_MIN_CLE,79.0,2025,5,CLE,MIN,run,0.05089851375669241,CLE,MIN,archive:asset:302374075:sha256:14a594b86b207508b89a42755f624c241e6ceef516d859a4b6bd2c4a5a7b472c:week:5
2025_05_MIN_CLE,101.0,2025,5,CLE,MIN,run,-1.2323314012028277,CLE,MIN,archive:asset:302374075:sha256:14a594b86b207508b89a42755f624c241e6ceef516d859a4b6bd2c4a5a7b472c:week:5
2025_05_MIN_CLE,134.0,2025,5,CLE,MIN,pass,0.9795063000638038,CLE,MIN,archive:asset:302374075:sha256:14a594b86b207508b89a42755f624c241e6ceef516d859a4b6bd2c4a5a7b472c:week:5
2025_05_MIN_CLE,159.0,2025,5,CLE,MIN,pass,-1.9559710046742111,CLE,MIN,archive:asset:302374075:sha256:14a594b86b207508b89a42755f624c241e6ceef516d859a4b6bd2c4a5a7b472c:week:5
2025_05_MIN_CLE,182.0,2025,5,CLE,MIN,punt,0.8529946301132441,CLE,MIN,archive:asset:302374075:sha256:14a594b86b207508b89a42755f624c241e6ceef516d859a4b6bd2c4a5a7b472c:week:5
2025_05_MIN_CLE,202.0,2025,5,MIN,CLE,run,0.7568673770874739,MIN,CLE,archive:asset:302374075:sha256:14a594b86b207508b89a42755f624c241e6ceef516d859a4b6bd2c4a5a7b472c:week:5
2025_05_MIN_CLE,224.0,2025,5,MIN,CLE,run,0.09499378921464086,MIN,CLE,archive:asset:302374075:sha256:14a594b86b207508b89a42755f624c241e6ceef516d859a4b6bd2c4a5a7b472c:week:5
2025_05_MIN_CLE,246.0,2025,5,MIN,CLE,pass,0.9340820168145001,MIN,CLE,archive:asset:302374075:sha256:14a594b86b207508b89a42755f624c241e6ceef516d859a4b6bd2c4a5a7b472c:week:5
2025_05_MIN_CLE,271.0,2025,5,MIN,CLE,pass,0.5154872622806579,MIN,CLE,archive:asset:302374075:sha256:14a594b86b207508b89a42755f624c241e6ceef516d859a4b6bd2c4a5a7b472c:week:5
2025_05_MIN_CLE,296.0,2025,5,MIN,CLE,pass,-0.5139443066436797,MIN,CLE,archive:asset:302374075:sha256:14a594b86b207508b89a42755f624c241e6ceef516d859a4b6bd2c4a5a7b472c:week:5
2025_05_MIN_CLE,319.0,2025,5,MIN,CLE,run,-4.179921615868807,MIN,CLE,archive:asset:302374075:sha256:14a594b86b207508b89a42755f624c241e6ceef516d859a4b6bd2c4a5a7b472c:week:5
2025_05_MIN_CLE,357.0,2025,5,CLE,MIN,run,2.131775881978683,CLE,MIN,archive:asset:302374075:sha256:14a594b86b207508b89a42755f624c241e6ceef516d859a4b6bd2c4a5a7b472c:week:5
2025_05_MIN_CLE,391.0,2025,5,CLE,MIN,run,0.789650542079471,CLE,MIN,archive:asset:302374075:sha256:14a594b86b207508b89a42755f624c241e6ceef516d859a4b6bd2c4a5a7b472c:week:5
2025_05_MIN_CLE,413.0,2025,5,CLE,MIN,pass,-0.5607215648633428,CLE,MIN,archive:asset:302374075:sha256:14a594b86b207508b89a42755f624c241e6ceef516d859a4b6bd2c4a5a7b472c:week:5
2025_05_MIN_CLE,436.0,2025,5,CLE,MIN,run,-1.383358289662283,CLE,MIN,archive:asset:302374075:sha256:14a594b86b207508b89a42755f624c241e6ceef516d859a4b6bd2c4a5a7b472c:week:5
2025_05_MIN_CLE,458.0,2025,5,CLE,MIN,run,2.1853601959883235,CLE,MIN,archive:asset:302374075:sha256:14a594b86b207508b89a42755f624c241e6ceef516d859a4b6bd2c4a5a7b472c:week:5
2025_05_MIN_CLE,482.0,2025,5,CLE,MIN,run,0.22219691390637308,CLE,MIN,archive:asset:302374075:sha256:14a594b86b207508b89a42755f624c241e6ceef516d859a4b6bd2c4a5a7b472c:week:5
2025_05_MIN_CLE,506.0,2025,5,CLE,MIN,pass,0.8626181433792226,CLE,MIN,archive:asset:302374075:sha256:14a594b86b207508b89a42755f624c241e6ceef516d859a4b6bd2c4a5a7b472c:week:5
2025_05_MIN_CLE,532.0,2025,5,CLE,MIN,extra_point,0.06757300310763314,CLE,MIN,archive:asset:302374075:sha256:14a594b86b207508b89a42755f624c241e6ceef516d859a4b6bd2c4a5a7b472c:week:5
2025_05_MIN_CLE,547.0,2025,5,MIN,CLE,kickoff,-0.5478142634965479,MIN,CLE,archive:asset:302374075:sha256:14a594b86b207508b89a42755f624c241e6ceef516d859a4b6bd2c4a5a7b472c:week:5
2025_05_MIN_CLE,588.0,2025,5,MIN,CLE,run,0.48246503388509154,MIN,CLE,archive:asset:302374075:sha256:14a594b86b207508b89a42755f624c241e6ceef516d859a4b6bd2c4a5a7b472c:week:5
2025_05_MIN_CLE,610.0,2025,5,MIN,CLE,no_play,-0.9279271624982357,MIN,CLE,archive:asset:302374075:sha256:14a594b86b207508b89a42755f624c241e6ceef516d859a4b6bd2c4a5a7b472c:week:5
2025_05_MIN_CLE,634.0,2025,5,MIN,CLE,run,-0.6485462840646505,MIN,CLE,archive:asset:302374075:sha256:14a594b86b207508b89a42755f624c241e6ceef516d859a4b6bd2c4a5a7b472c:week:5
2025_05_MIN_CLE,656.0,2025,5,MIN,CLE,pass,2.4062211117707193,MIN,CLE,archive:asset:302374075:sha256:14a594b86b207508b89a42755f624c241e6ceef516d859a4b6bd2c4a5a7b472c:week:5
2025_05_MIN_CLE,686.0,2025,5,MIN,CLE,pass,-0.5230645821429789,MIN,CLE,archive:asset:302374075:sha256:14a594b86b207508b89a42755f624c241e6ceef516d859a4b6bd2c4a5a7b472c:week:5
2025_05_MIN_CLE,709.0,2025,5,MIN,CLE,pass,1.3303570109419525,MIN,CLE,archive:asset:302374075:sha256:14a594b86b207508b89a42755f624c241e6ceef516d859a4b6bd2c4a5a7b472c:week:5
2025_05_MIN_CLE,734.0,2025,5,MIN,CLE,no_play,-0.6580590880475938,MIN,CLE,archive:asset:302374075:sha256:14a594b86b207508b89a42755f624c241e6ceef516d859a4b6bd2c4a5a7b472c:week:5
2025_05_MIN_CLE,757.0,2025,5,MIN,CLE,pass,0.13828099938109517,MIN,CLE,archive:asset:302374075:sha256:14a594b86b207508b89a42755f624c241e6ceef516d859a4b6bd2c4a5a7b472c:week:5
2025_05_MIN_CLE,806.0,2025,5,MIN,CLE,pass,1.8349465486826375,MIN,CLE,archive:asset:302374075:sha256:14a594b86b207508b89a42755f624c241e6ceef516d859a4b6bd2c4a5a7b472c:week:5
2025_05_MIN_CLE,836.0,2025,5,MIN,CLE,pass,3.2600105608580634,MIN,CLE,archive:asset:302374075:sha256:14a594b86b207508b89a42755f624c241e6ceef516d859a4b6bd2c4a5a7b472c:week:5
2025_05_MIN_CLE,868.0,2025,5,MIN,CLE,extra_point,0.06757300310763314,MIN,CLE,archive:asset:302374075:sha256:14a594b86b207508b89a42755f624c241e6ceef516d859a4b6bd2c4a5a7b472c:week:5
2025_05_MIN_CLE,883.0,2025,5,CLE,MIN,kickoff,0.5558396652340889,CLE,MIN,archive:asset:302374075:sha256:14a594b86b207508b89a42755f624c241e6ceef516d859a4b6bd2c4a5a7b472c:week:5
2025_05_MIN_CLE,913.0,2025,5,CLE,MIN,run,-0.5284904795698822,CLE,MIN,archive:asset:302374075:sha256:14a594b86b207508b89a42755f624c241e6ceef516d859a4b6bd2c4a5a7b472c:week:5
2025_05_MIN_CLE,935.0,2025,5,CLE,MIN,pass,0.003041174728423357,CLE,MIN,archive:asset:302374075:sha256:14a594b86b207508b89a42755f624c241e6ceef516d859a4b6bd2c4a5a7b472c:week:5
2025_05_MIN_CLE,960.0,2025,5,CLE,MIN,pass,1.2063868050463498,CLE,MIN,archive:asset:302374075:sha256:14a594b86b207508b89a42755f624c241e6ceef516d859a4b6bd2c4a5a7b472c:week:5
2025_05_MIN_CLE,985.0,2025,5,CLE,MIN,no_play,-0.872437160462141,CLE,MIN,archive:asset:302374075:sha256:14a594b86b207508b89a42755f624c241e6ceef516d859a4b6bd2c4a5a7b472c:week:5
2025_05_MIN_CLE,1030.0,2025,5,CLE,MIN,pass,-0.5771869788877666,CLE,MIN,archive:asset:302374075:sha256:14a594b86b207508b89a42755f624c241e6ceef516d859a4b6bd2c4a5a7b472c:week:5
2025_05_MIN_CLE,1053.0,2025,5,CLE,MIN,pass,-0.6277566044591367,CLE,MIN,archive:asset:302374075:sha256:14a594b86b207508b89a42755f624c241e6ceef516d859a4b6bd2c4a5a7b472c:week:5
2025_05_MIN_CLE,1078.0,2025,5,CLE,MIN,,0.0,CLE,MIN,archive:asset:302374075:sha256:14a594b86b207508b89a42755f624c241e6ceef516d859a4b6bd2c4a5a7b472c:week:5
2025_05_MIN_CLE,1098.0,2025,5,CLE,MIN,no_play,-0.21411159029230475,CLE,MIN,archive:asset:302374075:sha256:14a594b86b207508b89a42755f624c241e6ceef516d859a4b6bd2c4a5a7b472c:week:5
2025_05_MIN_CLE,1122.0,2025,5,CLE,MIN,pass,-0.4701194139197469,CLE,MIN,archive:asset:302374075:sha256:14a594b86b207508b89a42755f624c241e6ceef516d859a4b6bd2c4a5a7b472c:week:5
2025_05_MIN_CLE,1158.0,2025,5,CLE,MIN,punt,0.14363573025912046,CLE,MIN,archive:asset:302374075:sha256:14a594b86b207508b89a42755f624c241e6ceef516d859a4b6bd2c4a5a7b472c:week:5
2025_05_MIN_CLE,1177.0,2025,5,MIN,CLE,run,1.1033363458700478,MIN,CLE,archive:asset:302374075:sha256:14a594b86b207508b89a42755f624c241e6ceef516d859a4b6bd2c4a5a7b472c:week:5
2025_05_MIN_CLE,1211.0,2025,5,MIN,CLE,run,-0.504163279896602,MIN,CLE,archive:asset:302374075:sha256:14a594b86b207508b89a42755f624c241e6ceef516d859a4b6bd2c4a5a7b472c:week:5
2025_05_MIN_CLE,1233.0,2025,5,MIN,CLE,pass,-0.7275819357018918,MIN,CLE,archive:asset:302374075:sha256:14a594b86b207508b89a42755f624c241e6ceef516d859a4b6bd2c4a5a7b472c:week:5
2025_05_MIN_CLE,1258.0,2025,5,MIN,CLE,no_play,1.6723400738555938,MIN,CLE,archive:asset:302374075:sha256:14a594b86b207508b89a42755f624c241e6ceef516d859a4b6bd2c4a5a7b472c:week:5
2025_05_MIN_CLE,1292.0,2025,5,MIN,CLE,run,0.7722555736545473,MIN,CLE,archive:asset:302374075:sha256:14a594b86b207508b89a42755f624c241e6ceef516d859a4b6bd2c4a5a7b472c:week:5
2025_05_MIN_CLE,1314.0,2025,5,MIN,CLE,pass,-0.5640089816879481,MIN,CLE,archive:asset:302374075:sha256:14a594b86b207508b89a42755f624c241e6ceef516d859a4b6bd2c4a5a7b472c:week:5
2025_05_MIN_CLE,1337.0,2025,5,MIN,CLE,run,-2.3057370928581804,MIN,CLE,archive:asset:302374075:sha256:14a594b86b207508b89a42755f624c241e6ceef516d859a4b6bd2c4a5a7b472c:week:5
2025_05_MIN_CLE,1359.0,2025,5,MIN,CLE,punt,-0.017089835135266185,MIN,CLE,archive:asset:302374075:sha256:14a594b86b207508b89a42755f624c241e6ceef516d859a4b6bd2c4a5a7b472c:week:5
2025_05_MIN_CLE,1379.0,2025,5,CLE,MIN,pass,-0.3098897805903107,CLE,MIN,archive:asset:302374075:sha256:14a594b86b207508b89a42755f624c241e6ceef516d859a4b6bd2c4a5a7b472c:week:5
2025_05_MIN_CLE,1411.0,2025,5,CLE,MIN,run,-0.82773950509727,CLE,MIN,archive:asset:302374075:sha256:14a594b86b207508b89a42755f624c241e6ceef516d859a4b6bd2c4a5a7b472c:week:5
2025_05_MIN_CLE,1438.0,2025,5,CLE,MIN,run,-0.3919620178639889,CLE,MIN,archive:asset:302374075:sha256:14a594b86b207508b89a42755f624c241e6ceef516d859a4b6bd2c4a5a7b472c:week:5
2025_05_MIN_CLE,1460.0,2025,5,CLE,MIN,punt,1.2573506007902324,CLE,MIN,archive:asset:302374075:sha256:14a594b86b207508b89a42755f624c241e6ceef516d859a4b6bd2c4a5a7b472c:week:5
2025_05_MIN_CLE,1497.0,2025,5,MIN,CLE,run,-0.02923642797395587,MIN,CLE,archive:asset:302374075:sha256:14a594b86b207508b89a42755f624c241e6ceef516d859a4b6bd2c4a5a7b472c:week:5
2025_05_MIN_CLE,1526.0,2025,5,MIN,CLE,pass,-0.6096812193281949,MIN,CLE,archive:asset:302374075:sha256:14a594b86b207508b89a42755f624c241e6ceef516d859a4b6bd2c4a5a7b472c:week:5
2025_05_MIN_CLE,1549.0,2025,5,MIN,CLE,no_play,-0.00865171430632472,MIN,CLE,archive:asset:302374075:sha256:14a594b86b207508b89a42755f624c241e6ceef516d859a4b6bd2c4a5a7b472c:week:5
2025_05_MIN_CLE,1590.0,2025,5,MIN,CLE,run,-0.5067104795016348,MIN,CLE,archive:asset:302374075:sha256:14a594b86b207508b89a42755f624c241e6ceef516d859a4b6bd2c4a5a7b472c:week:5
2025_05_MIN_CLE,1612.0,2025,5,MIN,CLE,punt,-0.09097113879397511,MIN,CLE,archive:asset:302374075:sha256:14a594b86b207508b89a42755f624c241e6ceef516d859a4b6bd2c4a5a7b472c:week:5
2025_05_MIN_CLE,1638.0,2025,5,CLE,MIN,run,0.6929576816037297,CLE,MIN,archive:asset:302374075:sha256:14a594b86b207508b89a42755f624c241e6ceef516d859a4b6bd2c4a5a7b472c:week:5
2025_05_MIN_CLE,1660.0,2025,5,CLE,MIN,run,-0.41005259891971946,CLE,MIN,archive:asset:302374075:sha256:14a594b86b207508b89a42755f624c241e6ceef516d859a4b6bd2c4a5a7b472c:week:5
2025_05_MIN_CLE,1682.0,2025,5,CLE,MIN,pass,-1.1820987609680742,CLE,MIN,archive:asset:302374075:sha256:14a594b86b207508b89a42755f624c241e6ceef516d859a4b6bd2c4a5a7b472c:week:5
2025_05_MIN_CLE,1702.0,2025,5,CLE,MIN,pass,-0.9807054209522903,CLE,MIN,archive:asset:302374075:sha256:14a594b86b207508b89a42755f624c241e6ceef516d859a4b6bd2c4a5a7b472c:week:5
2025_05_MIN_CLE,1766.0,2025,5,CLE,MIN,punt,0.8010027189739048,CLE,MIN,archive:asset:302374075:sha256:14a594b86b207508b89a42755f624c241e6ceef516d859a4b6bd2c4a5a7b472c:week:5
2025_05_MIN_CLE,1795.0,2025,5,MIN,CLE,run,-0.36548375547863543,MIN,CLE,archive:asset:302374075:sha256:14a594b86b207508b89a42755f624c241e6ceef516d859a4b6bd2c4a5a7b472c:week:5
2025_05_MIN_CLE,1817.0,2025,5,MIN,CLE,pass,-0.5485178167000413,MIN,CLE,archive:asset:302374075:sha256:14a594b86b207508b89a42755f624c241e6ceef516d859a4b6bd2c4a5a7b472c:week:5
2025_05_MIN_CLE,1840.0,2025,5,MIN,CLE,run,-0.23756570857949555,MIN,CLE,archive:asset:302374075:sha256:14a594b86b207508b89a42755f624c241e6ceef516d859a4b6bd2c4a5a7b472c:week:5
2025_05_MIN_CLE,1862.0,2025,5,MIN,CLE,punt,-0.388762294780463,MIN,CLE,archive:asset:302374075:sha256:14a594b86b207508b89a42755f624c241e6ceef516d859a4b6bd2c4a5a7b472c:week:5
2025_05_MIN_CLE,1893.0,2025,5,CLE,MIN,run,-0.7969827202614397,CLE,MIN,archive:asset:302374075:sha256:14a594b86b207508b89a42755f624c241e6ceef516d859a4b6bd2c4a5a7b472c:week:5
2025_05_MIN_CLE,1915.0,2025,5,CLE,MIN,pass,-0.18363407894503325,CLE,MIN,archive:asset:302374075:sha256:14a594b86b207508b89a42755f624c241e6ceef516d859a4b6bd2c4a5a7b472c:week:5
2025_05_MIN_CLE,1940.0,2025,5,CLE,MIN,pass,-0.15636305382940918,CLE,MIN,archive:asset:302374075:sha256:14a594b86b207508b89a42755f624c241e6ceef516d859a4b6bd2c4a5a7b472c:week:5
2025_05_MIN_CLE,1972.0,2025,5,CLE,MIN,run,1.4241066166432574,CLE,MIN,archive:asset:302374075:sha256:14a594b86b207508b89a42755f624c241e6ceef516d859a4b6bd2c4a5a7b472c:week:5
2025_05_MIN_CLE,1994.0,2025,5,CLE,MIN,pass,-0.25790860678534955,CLE,MIN,archive:asset:302374075:sha256:14a594b86b207508b89a42755f624c241e6ceef516d859a4b6bd2c4a5a7b472c:week:5
2025_05_MIN_CLE,2017.0,2025,5,CLE,MIN,pass,1.3497399600455537,CLE,MIN,archive:asset:302374075:sha256:14a594b86b207508b89a42755f624c241e6ceef516d859a4b6bd2c4a5a7b472c:week:5
2025_05_MIN_CLE,2047.0,2025,5,CLE,MIN,pass,-0.3397586921346374,CLE,MIN,archive:asset:302374075:sha256:14a594b86b207508b89a42755f624c241e6ceef516d859a4b6bd2c4a5a7b472c:week:5
2025_05_MIN_CLE,2084.0,2025,5,CLE,MIN,pass,-0.278364697645884,CLE,MIN,archive:asset:302374075:sha256:14a594b86b207508b89a42755f624c241e6ceef516d859a4b6bd2c4a5a7b472c:week:5
2025_05_MIN_CLE,2112.0,2025,5,CLE,MIN,pass,1.0636046013096347,CLE,MIN,archive:asset:302374075:sha256:14a594b86b207508b89a42755f624c241e6ceef516d859a4b6bd2c4a5a7b472c:week:5
2025_05_MIN_CLE,2149.0,2025,5,,,no_play,0.0,,,archive:asset:302374075:sha256:14a594b86b207508b89a42755f624c241e6ceef516d859a4b6bd2c4a5a7b472c:week:5
2025_05_MIN_CLE,2137.0,2025,5,CLE,MIN,pass,1.3324258867069148,CLE,MIN,archive:asset:302374075:sha256:14a594b86b207508b89a42755f624c241e6ceef516d859a4b6bd2c4a5a7b472c:week:5
2025_05_MIN_CLE,2181.0,2025,5,,,no_play,0.0,,,archive:asset:302374075:sha256:14a594b86b207508b89a42755f624c241e6ceef516d859a4b6bd2c4a5a7b472c:week:5
2025_05_MIN_CLE,2188.0,2025,5,,,no_play,0.0,,,archive:asset:302374075:sha256:14a594b86b207508b89a42755f624c241e6ceef516d859a4b6bd2c4a5a7b472c:week:5
2025_05_MIN_CLE,2169.0,2025,5,CLE,MIN,run,-0.29022563074249774,CLE,MIN,archive:asset:302374075:sha256:14a594b86b207508b89a42755f624c241e6ceef516d859a4b6bd2c4a5a7b472c:week:5
2025_05_MIN_CLE,2217.0,2025,5,,,no_play,0.0,,,archive:asset:302374075:sha256:14a594b86b207508b89a42755f624c241e6ceef516d859a4b6bd2c4a5a7b472c:week:5
2025_05_MIN_CLE,2205.0,2025,5,CLE,MIN,pass,-0.903309699438978,CLE,MIN,archive:asset:302374075:sha256:14a594b86b207508b89a42755f624c241e6ceef516d859a4b6bd2c4a5a7b472c:week:5
2025_05_MIN_CLE,2247.0,2025,5,,,no_play,0.0,,,archive:asset:302374075:sha256:14a594b86b207508b89a42755f624c241e6ceef516d859a4b6bd2c4a5a7b472c:week:5
2025_05_MIN_CLE,2235.0,2025,5,CLE,MIN,no_play,-0.513513138925191,CLE,MIN,archive:asset:302374075:sha256:14a594b86b207508b89a42755f624c241e6ceef516d859a4b6bd2c4a5a7b472c:week:5
2025_05_MIN_CLE,2276.0,2025,5,CLE,MIN,pass,-0.10038264212216408,CLE,MIN,archive:asset:302374075:sha256:14a594b86b207508b89a42755f624c241e6ceef516d859a4b6bd2c4a5a7b472c:week:5
2025_05_MIN_CLE,2299.0,2025,5,CLE,MIN,field_goal,0.1574839485694577,CLE,MIN,archive:asset:302374075:sha256:14a594b86b207508b89a42755f624c241e6ceef516d859a4b6bd2c4a5a7b472c:week:5
2025_05_MIN_CLE,2319.0,2025,5,MIN,CLE,kickoff,-0.04714763184892945,MIN,CLE,archive:asset:302374075:sha256:14a594b86b207508b89a42755f624c241e6ceef516d859a4b6bd2c4a5a7b472c:week:5
2025_05_MIN_CLE,2353.0,2025,5,MIN,CLE,qb_kneel,0.0,MIN,CLE,archive:asset:302374075:sha256:14a594b86b207508b89a42755f624c241e6ceef516d859a4b6bd2c4a5a7b472c:week:5
2025_05_MIN_CLE,2375.0,2025,5,,,,,,,archive:asset:302374075:sha256:14a594b86b207508b89a42755f624c241e6ceef516d859a4b6bd2c4a5a7b472c:week:5
2025_05_MIN_CLE,2395.0,2025,5,MIN,CLE,kickoff,0.3105065803974867,MIN,CLE,archive:asset:302374075:sha256:14a594b86b207508b89a42755f624c241e6ceef516d859a4b6bd2c4a5a7b472c:week:5
2025_05_MIN_CLE,2418.0,2025,5,MIN,CLE,pass,-0.5393197541125119,MIN,CLE,archive:asset:302374075:sha256:14a594b86b207508b89a42755f624c241e6ceef516d859a4b6bd2c4a5a7b472c:week:5
2025_05_MIN_CLE,2453.0,2025,5,MIN,CLE,run,-0.5147041534073651,MIN,CLE,archive:asset:302374075:sha256:14a594b86b207508b89a42755f624c241e6ceef516d859a4b6bd2c4a5a7b472c:week:5
2025_05_MIN_CLE,2475.0,2025,5,MIN,CLE,no_play,2.0477682289201766,MIN,CLE,archive:asset:302374075:sha256:14a594b86b207508b89a42755f624c241e6ceef516d859a4b6bd2c4a5a7b472c:week:5
2025_05_MIN_CLE,2515.0,2025,5,MIN,CLE,pass,1.4959603522438556,MIN,CLE,archive:asset:302374075:sha256:14a594b86b207508b89a42755f624c241e6ceef516d859a4b6bd2c4a5a7b472c:week:5
2025_05_MIN_CLE,2540.0,2025,5,MIN,CLE,pass,1.018626102246344,MIN,CLE,archive:asset:302374075:sha256:14a594b86b207508b89a42755f624c241e6ceef516d859a4b6bd2c4a5a7b472c:week:5
2025_05_MIN_CLE,2565.0,2025,5,MIN,CLE,pass,-0.47523577488027513,MIN,CLE,archive:asset:302374075:sha256:14a594b86b207508b89a42755f624c241e6ceef516d859a4b6bd2c4a5a7b472c:week:5
2025_05_MIN_CLE,2588.0,2025,5,MIN,CLE,run,1.487730101449415,MIN,CLE,archive:asset:302374075:sha256:14a594b86b207508b89a42755f624c241e6ceef516d859a4b6bd2c4a5a7b472c:week:5
2025_05_MIN_CLE,2615.0,2025,5,MIN,CLE,pass,0.0347320283181034,MIN,CLE,archive:asset:302374075:sha256:14a594b86b207508b89a42755f624c241e6ceef516d859a4b6bd2c4a5a7b472c:week:5
2025_05_MIN_CLE,2640.0,2025,5,MIN,CLE,run,1.3637139220372774,MIN,CLE,archive:asset:302374075:sha256:14a594b86b207508b89a42755f624c241e6ceef516d859a4b6bd2c4a5a7b472c:week:5
2025_05_MIN_CLE,2663.0,2025,5,MIN,CLE,extra_point,0.06757300310763314,MIN,CLE,archive:asset:302374075:sha256:14a594b86b207508b89a42755f624c241e6ceef516d859a4b6bd2c4a5a7b472c:week:5
2025_05_MIN_CLE,2678.0,2025,5,CLE,MIN,kickoff,0.3364522969350219,CLE,MIN,archive:asset:302374075:sha256:14a594b86b207508b89a42755f624c241e6ceef516d859a4b6bd2c4a5a7b472c:week:5
2025_05_MIN_CLE,2708.0,2025,5,CLE,MIN,no_play,-0.6065409895963967,CLE,MIN,archive:asset:302374075:sha256:14a594b86b207508b89a42755f624c241e6ceef516d859a4b6bd2c4a5a7b472c:week:5
2025_05_MIN_CLE,2741.0,2025,5,CLE,MIN,run,1.4703858566936105,CLE,MIN,archive:asset:302374075:sha256:14a594b86b207508b89a42755f624c241e6ceef516d859a4b6bd2c4a5a7b472c:week:5
2025_05_MIN_CLE,2763.0,2025,5,CLE,MIN,run,-0.019949869718402624,CLE,MIN,archive:asset:302374075:sha256:14a594b86b207508b89a42755f624c241e6ceef516d859a4b6bd2c4a5a7b472c:week:5
2025_05_MIN_CLE,2785.0,2025,5,CLE,MIN,run,0.4290786748751998,CLE,MIN,archive:asset:302374075:sha256:14a594b86b207508b89a42755f624c241e6ceef516d859a4b6bd2c4a5a7b472c:week:5
2025_05_MIN_CLE,2817.0,2025,5,CLE,MIN,run,0.773278440348804,CLE,MIN,archive:asset:302374075:sha256:14a594b86b207508b89a42755f624c241e6ceef516d859a4b6bd2c4a5a7b472c:week:5
2025_05_MIN_CLE,2839.0,2025,5,CLE,MIN,run,-0.521794153843075,CLE,MIN,archive:asset:302374075:sha256:14a594b86b207508b89a42755f624c241e6ceef516d859a4b6bd2c4a5a7b472c:week:5
2025_05_MIN_CLE,2861.0,2025,5,CLE,MIN,pass,1.8027416199911386,CLE,MIN,archive:asset:302374075:sha256:14a594b86b207508b89a42755f624c241e6ceef516d859a4b6bd2c4a5a7b472c:week:5
2025_05_MIN_CLE,2891.0,2025,5,CLE,MIN,pass,0.3010411054128781,CLE,MIN,archive:asset:302374075:sha256:14a594b86b207508b89a42755f624c241e6ceef516d859a4b6bd2c4a5a7b472c:week:5
2025_05_MIN_CLE,2921.0,2025,5,CLE,MIN,run,-0.09631164273014292,CLE,MIN,archive:asset:302374075:sha256:14a594b86b207508b89a42755f624c241e6ceef516d859a4b6bd2c4a5a7b472c:week:5
2025_05_MIN_CLE,2943.0,2025,5,CLE,MIN,run,-1.1379294845391996,CLE,MIN,archive:asset:302374075:sha256:14a594b86b207508b89a42755f624c241e6ceef516d859a4b6bd2c4a5a7b472c:week:5
2025_05_MIN_CLE,2965.0,2025,5,CLE,MIN,run,1.5284813670441508,CLE,MIN,archive:asset:302374075:sha256:14a594b86b207508b89a42755f624c241e6ceef516d859a4b6bd2c4a5a7b472c:week:5
2025_05_MIN_CLE,2989.0,2025,5,CLE,MIN,run,-0.5646419449476525,CLE,MIN,archive:asset:302374075:sha256:14a594b86b207508b89a42755f624c241e6ceef516d859a4b6bd2c4a5a7b472c:week:5
2025_05_MIN_CLE,3011.0,2025,5,CLE,MIN,pass,-0.7581925127888098,CLE,MIN,archive:asset:302374075:sha256:14a594b86b207508b89a42755f624c241e6ceef516d859a4b6bd2c4a5a7b472c:week:5
2025_05_MIN_CLE,3034.0,2025,5,CLE,MIN,pass,3.1944352408172563,CLE,MIN,archive:asset:302374075:sha256:14a594b86b207508b89a42755f624c241e6ceef516d859a4b6bd2c4a5a7b472c:week:5
2025_05_MIN_CLE,3060.0,2025,5,CLE,MIN,extra_point,0.06757300310763314,CLE,MIN,archive:asset:302374075:sha256:14a594b86b207508b89a42755f624c241e6ceef516d859a4b6bd2c4a5a7b472c:week:5
2025_05_MIN_CLE,3075.0,2025,5,MIN,CLE,kickoff,0.023678597062826157,MIN,CLE,archive:asset:302374075:sha256:14a594b86b207508b89a42755f624c241e6ceef516d859a4b6bd2c4a5a7b472c:week:5
2025_05_MIN_CLE,3110.0,2025,5,MIN,CLE,pass,-1.5059383660554886,MIN,CLE,archive:asset:302374075:sha256:14a594b86b207508b89a42755f624c241e6ceef516d859a4b6bd2c4a5a7b472c:week:5
2025_05_MIN_CLE,3130.0,2025,5,MIN,CLE,pass,-0.6888539693318307,MIN,CLE,archive:asset:302374075:sha256:14a594b86b207508b89a42755f624c241e6ceef516d859a4b6bd2c4a5a7b472c:week:5
2025_05_MIN_CLE,3155.0,2025,5,MIN,CLE,run,-0.8733669831417501,MIN,CLE,archive:asset:302374075:sha256:14a594b86b207508b89a42755f624c241e6ceef516d859a4b6bd2c4a5a7b472c:week:5
2025_05_MIN_CLE,3187.0,2025,5,MIN,CLE,punt,2.9550059642642736,MIN,CLE,archive:asset:302374075:sha256:14a594b86b207508b89a42755f624c241e6ceef516d859a4b6bd2c4a5a7b472c:week:5
2025_05_MIN_CLE,3218.0,2025,5,CLE,MIN,run,-0.283697564387694,CLE,MIN,archive:asset:302374075:sha256:14a594b86b207508b89a42755f624c241e6ceef516d859a4b6bd2c4a5a7b472c:week:5
2025_05_MIN_CLE,3240.0,2025,5,CLE,MIN,run,0.4703512724954635,CLE,MIN,archive:asset:302374075:sha256:14a594b86b207508b89a42755f624c241e6ceef516d859a4b6bd2c4a5a7b472c:week:5
2025_05_MIN_CLE,3262.0,2025,5,CLE,MIN,,0.0,CLE,MIN,archive:asset:302374075:sha256:14a594b86b207508b89a42755f624c241e6ceef516d859a4b6bd2c4a5a7b472c:week:5
2025_05_MIN_CLE,3282.0,2025,5,CLE,MIN,run,-1.5770578591618687,CLE,MIN,archive:asset:302374075:sha256:14a594b86b207508b89a42755f624c241e6ceef516d859a4b6bd2c4a5a7b472c:week:5
2025_05_MIN_CLE,3311.0,2025,5,CLE,MIN,punt,-0.7766115572303534,CLE,MIN,archive:asset:302374075:sha256:14a594b86b207508b89a42755f624c241e6ceef516d859a4b6bd2c4a5a7b472c:week:5
2025_05_MIN_CLE,3341.0,2025,5,MIN,CLE,run,-4.132220580941066,MIN,CLE,archive:asset:302374075:sha256:14a594b86b207508b89a42755f624c241e6ceef516d859a4b6bd2c4a5a7b472c:week:5
2025_05_MIN_CLE,3390.0,2025,5,CLE,MIN,pass,-0.5325119942426682,CLE,MIN,archive:asset:302374075:sha256:14a594b86b207508b89a42755f624c241e6ceef516d859a4b6bd2c4a5a7b472c:week:5
2025_05_MIN_CLE,3420.0,2025,5,CLE,MIN,run,0.023041762877255678,CLE,MIN,archive:asset:302374075:sha256:14a594b86b207508b89a42755f624c241e6ceef516d859a4b6bd2c4a5a7b472c:week:5
2025_05_MIN_CLE,3442.0,2025,5,CLE,MIN,pass,-1.5564641375094652,CLE,MIN,archive:asset:302374075:sha256:14a594b86b207508b89a42755f624c241e6ceef516d859a4b6bd2c4a5a7b472c:week:5
2025_05_MIN_CLE,3462.0,2025,5,CLE,MIN,punt,-0.11988640483468771,CLE,MIN,archive:asset:302374075:sha256:14a594b86b207508b89a42755f624c241e6ceef516d859a4b6bd2c4a5a7b472c:week:5
2025_05_MIN_CLE,3481.0,2025,5,MIN,CLE,run,-0.5356896026059985,MIN,CLE,archive:asset:302374075:sha256:14a594b86b207508b89a42755f624c241e6ceef516d859a4b6bd2c4a5a7b472c:week:5
2025_05_MIN_CLE,3510.0,2025,5,MIN,CLE,pass,-0.7094929688610137,MIN,CLE,archive:asset:302374075:sha256:14a594b86b207508b89a42755f624c241e6ceef516d859a4b6bd2c4a5a7b472c:week:5
2025_05_MIN_CLE,3536.0,2025,5,MIN,CLE,pass,3.6686663803411648,MIN,CLE,archive:asset:302374075:sha256:14a594b86b207508b89a42755f624c241e6ceef516d859a4b6bd2c4a5a7b472c:week:5
2025_05_MIN_CLE,3561.0,2025,5,MIN,CLE,pass,0.16431816713884473,MIN,CLE,archive:asset:302374075:sha256:14a594b86b207508b89a42755f624c241e6ceef516d859a4b6bd2c4a5a7b472c:week:5
2025_05_MIN_CLE,3586.0,2025,5,MIN,CLE,pass,-0.6874935681698844,MIN,CLE,archive:asset:302374075:sha256:14a594b86b207508b89a42755f624c241e6ceef516d859a4b6bd2c4a5a7b472c:week:5
2025_05_MIN_CLE,3609.0,2025,5,MIN,CLE,pass,-1.7066750623232751,MIN,CLE,archive:asset:302374075:sha256:14a594b86b207508b89a42755f624c241e6ceef516d859a4b6bd2c4a5a7b472c:week:5
2025_05_MIN_CLE,3629.0,2025,5,MIN,CLE,field_goal,-3.1504158532299966,MIN,CLE,archive:asset:302374075:sha256:14a594b86b207508b89a42755f624c241e6ceef516d859a4b6bd2c4a5a7b472c:week:5
2025_05_MIN_CLE,3650.0,2025,5,CLE,MIN,no_play,-0.9361136257648468,CLE,MIN,archive:asset:302374075:sha256:14a594b86b207508b89a42755f624c241e6ceef516d859a4b6bd2c4a5a7b472c:week:5
2025_05_MIN_CLE,3690.0,2025,5,CLE,MIN,pass,0.46582109294831753,CLE,MIN,archive:asset:302374075:sha256:14a594b86b207508b89a42755f624c241e6ceef516d859a4b6bd2c4a5a7b472c:week:5
2025_05_MIN_CLE,3715.0,2025,5,CLE,MIN,run,1.3885918378364295,CLE,MIN,archive:asset:302374075:sha256:14a594b86b207508b89a42755f624c241e6ceef516d859a4b6bd2c4a5a7b472c:week:5
2025_05_MIN_CLE,3742.0,2025,5,CLE,MIN,pass,-0.3784164432436228,CLE,MIN,archive:asset:302374075:sha256:14a594b86b207508b89a42755f624c241e6ceef516d859a4b6bd2c4a5a7b472c:week:5
2025_05_MIN_CLE,3765.0,2025,5,CLE,MIN,run,-0.7104275539750233,CLE,MIN,archive:asset:302374075:sha256:14a594b86b207508b89a42755f624c241e6ceef516d859a4b6bd2c4a5a7b472c:week:5
2025_05_MIN_CLE,3787.0,2025,5,CLE,MIN,pass,-1.7856132989982143,CLE,MIN,archive:asset:302374075:sha256:14a594b86b207508b89a42755f624c241e6ceef516d859a4b6bd2c4a5a7b472c:week:5
2025_05_MIN_CLE,3810.0,2025,5,CLE,MIN,punt,-0.7428064327687025,CLE,MIN,archive:asset:302374075:sha256:14a594b86b207508b89a42755f624c241e6ceef516d859a4b6bd2c4a5a7b472c:week:5
2025_05_MIN_CLE,3831.0,2025,5,MIN,CLE,run,-0.26929580280557275,MIN,CLE,archive:asset:302374075:sha256:14a594b86b207508b89a42755f624c241e6ceef516d859a4b6bd2c4a5a7b472c:week:5
2025_05_MIN_CLE,3853.0,2025,5,MIN,CLE,pass,0.8607428860850632,MIN,CLE,archive:asset:302374075:sha256:14a594b86b207508b89a42755f624c241e6ceef516d859a4b6bd2c4a5a7b472c:week:5
2025_05_MIN_CLE,3887.0,2025,5,MIN,CLE,pass,0.07639334816485643,MIN,CLE,archive:asset:302374075:sha256:14a594b86b207508b89a42755f624c241e6ceef516d859a4b6bd2c4a5a7b472c:week:5
2025_05_MIN_CLE,3917.0,2025,5,MIN,CLE,run,-1.2442199005745351,MIN,CLE,archive:asset:302374075:sha256:14a594b86b207508b89a42755f624c241e6ceef516d859a4b6bd2c4a5a7b472c:week:5
2025_05_MIN_CLE,3950.0,2025,5,MIN,CLE,pass,-0.7289879145100713,MIN,CLE,archive:asset:302374075:sha256:14a594b86b207508b89a42755f624c241e6ceef516d859a4b6bd2c4a5a7b472c:week:5
2025_05_MIN_CLE,3975.0,2025,5,MIN,CLE,pass,-0.9914731467142701,MIN,CLE,archive:asset:302374075:sha256:14a594b86b207508b89a42755f624c241e6ceef516d859a4b6bd2c4a5a7b472c:week:5
2025_05_MIN_CLE,3995.0,2025,5,MIN,CLE,punt,-0.12531949067488313,MIN,CLE,archive:asset:302374075:sha256:14a594b86b207508b89a42755f624c241e6ceef516d859a4b6bd2c4a5a7b472c:week:5
2025_05_MIN_CLE,4026.0,2025,5,CLE,MIN,run,-0.5502060537692159,CLE,MIN,archive:asset:302374075:sha256:14a594b86b207508b89a42755f624c241e6ceef516d859a4b6bd2c4a5a7b472c:week:5
2025_05_MIN_CLE,4060.0,2025,5,,,no_play,0.0,,,archive:asset:302374075:sha256:14a594b86b207508b89a42755f624c241e6ceef516d859a4b6bd2c4a5a7b472c:week:5
2025_05_MIN_CLE,4048.0,2025,5,CLE,MIN,run,-0.7925316941691563,CLE,MIN,archive:asset:302374075:sha256:14a594b86b207508b89a42755f624c241e6ceef516d859a4b6bd2c4a5a7b472c:week:5
2025_05_MIN_CLE,4089.0,2025,5,,,no_play,0.0,,,archive:asset:302374075:sha256:14a594b86b207508b89a42755f624c241e6ceef516d859a4b6bd2c4a5a7b472c:week:5
2025_05_MIN_CLE,4077.0,2025,5,CLE,MIN,pass,-0.8097004237351939,CLE,MIN,archive:asset:302374075:sha256:14a594b86b207508b89a42755f624c241e6ceef516d859a4b6bd2c4a5a7b472c:week:5
2025_05_MIN_CLE,4107.0,2025,5,CLE,MIN,punt,-0.27398506039753556,CLE,MIN,archive:asset:302374075:sha256:14a594b86b207508b89a42755f624c241e6ceef516d859a4b6bd2c4a5a7b472c:week:5
2025_05_MIN_CLE,4133.0,2025,5,MIN,CLE,run,0.5145515851909295,MIN,CLE,archive:asset:302374075:sha256:14a594b86b207508b89a42755f624c241e6ceef516d859a4b6bd2c4a5a7b472c:week:5
2025_05_MIN_CLE,4155.0,2025,5,MIN,CLE,pass,0.24683097703382373,MIN,CLE,archive:asset:302374075:sha256:14a594b86b207508b89a42755f624c241e6ceef516d859a4b6bd2c4a5a7b472c:week:5
2025_05_MIN_CLE,4180.0,2025,5,MIN,CLE,pass,-0.15914100862573832,MIN,CLE,archive:asset:302374075:sha256:14a594b86b207508b89a42755f624c241e6ceef516d859a4b6bd2c4a5a7b472c:week:5
2025_05_MIN_CLE,4205.0,2025,5,MIN,CLE,pass,1.00895831087837,MIN,CLE,archive:asset:302374075:sha256:14a594b86b207508b89a42755f624c241e6ceef516d859a4b6bd2c4a5a7b472c:week:5
2025_05_MIN_CLE,4237.0,2025,5,MIN,CLE,pass,1.1562998475856148,MIN,CLE,archive:asset:302374075:sha256:14a594b86b207508b89a42755f624c241e6ceef516d859a4b6bd2c4a5a7b472c:week:5
2025_05_MIN_CLE,4274.0,2025,5,,,no_play,-0.0,,,archive:asset:302374075:sha256:14a594b86b207508b89a42755f624c241e6ceef516d859a4b6bd2c4a5a7b472c:week:5
2025_05_MIN_CLE,4262.0,2025,5,MIN,CLE,pass,0.09180646832101047,MIN,CLE,archive:asset:302374075:sha256:14a594b86b207508b89a42755f624c241e6ceef516d859a4b6bd2c4a5a7b472c:week:5
2025_05_MIN_CLE,4299.0,2025,5,MIN,CLE,pass,-0.32466990721877664,MIN,CLE,archive:asset:302374075:sha256:14a594b86b207508b89a42755f624c241e6ceef516d859a4b6bd2c4a5a7b472c:week:5
2025_05_MIN_CLE,4376.0,2025,5,,,no_play,-0.0,,,archive:asset:302374075:sha256:14a594b86b207508b89a42755f624c241e6ceef516d859a4b6bd2c4a5a7b472c:week:5
2025_05_MIN_CLE,4329.0,2025,5,MIN,CLE,pass,0.1269800351583399,MIN,CLE,archive:asset:302374075:sha256:14a594b86b207508b89a42755f624c241e6ceef516d859a4b6bd2c4a5a7b472c:week:5
2025_05_MIN_CLE,4408.0,2025,5,,,no_play,-0.0,,,archive:asset:302374075:sha256:14a594b86b207508b89a42755f624c241e6ceef516d859a4b6bd2c4a5a7b472c:week:5
2025_05_MIN_CLE,4396.0,2025,5,MIN,CLE,pass,0.23608009971212596,MIN,CLE,archive:asset:302374075:sha256:14a594b86b207508b89a42755f624c241e6ceef516d859a4b6bd2c4a5a7b472c:week:5
2025_05_MIN_CLE,4428.0,2025,5,MIN,CLE,pass,3.3580207516788505,MIN,CLE,archive:asset:302374075:sha256:14a594b86b207508b89a42755f624c241e6ceef516d859a4b6bd2c4a5a7b472c:week:5
2025_05_MIN_CLE,4454.0,2025,5,MIN,CLE,extra_point,0.06757300310763314,MIN,CLE,archive:asset:302374075:sha256:14a594b86b207508b89a42755f624c241e6ceef516d859a4b6bd2c4a5a7b472c:week:5
2025_05_MIN_CLE,4469.0,2025,5,CLE,MIN,kickoff,0.013001093291677535,CLE,MIN,archive:asset:302374075:sha256:14a594b86b207508b89a42755f624c241e6ceef516d859a4b6bd2c4a5a7b472c:week:5
2025_05_MIN_CLE,4495.0,2025,5,CLE,MIN,pass,0.29454905434977263,CLE,MIN,archive:asset:302374075:sha256:14a594b86b207508b89a42755f624c241e6ceef516d859a4b6bd2c4a5a7b472c:week:5
2025_05_MIN_CLE,4520.0,2025,5,CLE,MIN,qb_spike,-0.06206326378742233,CLE,MIN,archive:asset:302374075:sha256:14a594b86b207508b89a42755f624c241e6ceef516d859a4b6bd2c4a5a7b472c:week:5
2025_05_MIN_CLE,4580.0,2025,5,,,no_play,0.0,,,archive:asset:302374075:sha256:14a594b86b207508b89a42755f624c241e6ceef516d859a4b6bd2c4a5a7b472c:week:5
2025_05_MIN_CLE,4543.0,2025,5,CLE,MIN,pass,-0.36862819525413215,CLE,MIN,archive:asset:302374075:sha256:14a594b86b207508b89a42755f624c241e6ceef516d859a4b6bd2c4a5a7b472c:week:5
2025_05_MIN_CLE,4600.0,2025,5,CLE,MIN,,,CLE,MIN,archive:asset:302374075:sha256:14a594b86b207508b89a42755f624c241e6ceef516d859a4b6bd2c4a5a7b472c:week:5
2025_05_NE_BUF,1.0,2025,5,,,,-0.0,,,archive:asset:302374075:sha256:14a594b86b207508b89a42755f624c241e6ceef516d859a4b6bd2c4a5a7b472c:week:5
2025_05_NE_BUF,39.0,2025,5,NE,BUF,kickoff,0.31510377349331975,NE,BUF,archive:asset:302374075:sha256:14a594b86b207508b89a42755f624c241e6ceef516d859a4b6bd2c4a5a7b472c:week:5
2025_05_NE_BUF,65.0,2025,5,NE,BUF,pass,1.0404752797912806,NE,BUF,archive:asset:302374075:sha256:14a594b86b207508b89a42755f624c241e6ceef516d859a4b6bd2c4a5a7b472c:week:5
2025_05_NE_BUF,90.0,2025,5,NE,BUF,run,-0.8773520032409579,NE,BUF,archive:asset:302374075:sha256:14a594b86b207508b89a42755f624c241e6ceef516d859a4b6bd2c4a5a7b472c:week:5
2025_05_NE_BUF,112.0,2025,5,NE,BUF,pass,-0.16212798934429884,NE,BUF,archive:asset:302374075:sha256:14a594b86b207508b89a42755f624c241e6ceef516d859a4b6bd2c4a5a7b472c:week:5
2025_05_NE_BUF,137.0,2025,5,NE,BUF,pass,-1.8294249400496483,NE,BUF,archive:asset:302374075:sha256:14a594b86b207508b89a42755f624c241e6ceef516d859a4b6bd2c4a5a7b472c:week:5
2025_05_NE_BUF,157.0,2025,5,NE,BUF,punt,0.22041646810248494,NE,BUF,archive:asset:302374075:sha256:14a594b86b207508b89a42755f624c241e6ceef516d859a4b6bd2c4a5a7b472c:week:5
2025_05_NE_BUF,177.0,2025,5,BUF,NE,no_play,-0.9517484363168478,BUF,NE,archive:asset:302374075:sha256:14a594b86b207508b89a42755f624c241e6ceef516d859a4b6bd2c4a5a7b472c:week:5
2025_05_NE_BUF,218.0,2025,5,BUF,NE,pass,1.4919746089726686,BUF,NE,archive:asset:302374075:sha256:14a594b86b207508b89a42755f624c241e6ceef516d859a4b6bd2c4a5a7b472c:week:5
2025_05_NE_BUF,251.0,2025,5,BUF,NE,run,0.4861164507456124,BUF,NE,archive:asset:302374075:sha256:14a594b86b207508b89a42755f624c241e6ceef516d859a4b6bd2c4a5a7b472c:week:5
2025_05_NE_BUF,283.0,2025,5,BUF,NE,run,-0.4088942720554769,BUF,NE,archive:asset:302374075:sha256:14a594b86b207508b89a42755f624c241e6ceef516d859a4b6bd2c4a5a7b472c:week:5
2025_05_NE_BUF,305.0,2025,5,BUF,NE,pass,-0.19207761716097593,BUF,NE,archive:asset:302374075:sha256:14a594b86b207508b89a42755f624c241e6ceef516d859a4b6bd2c4a5a7b472c:week:5
2025_05_NE_BUF,330.0,2025,5,BUF,NE,pass,2.246011647861451,BUF,NE,archive:asset:302374075:sha256:14a594b86b207508b89a42755f624c241e6ceef516d859a4b6bd2c4a5a7b472c:week:5
2025_05_NE_BUF,355.0,2025,5,BUF,NE,run,-5.987133484100923,BUF,NE,archive:asset:302374075:sha256:14a594b86b207508b89a42755f624c241e6ceef516d859a4b6bd2c4a5a7b472c:week:5
2025_05_NE_BUF,387.0,2025,5,NE,BUF,pass,-5.022785289445892,NE,BUF,archive:asset:302374075:sha256:14a594b86b207508b89a42755f624c241e6ceef516d859a4b6bd2c4a5a7b472c:week:5
2025_05_NE_BUF,435.0,2025,5,BUF,NE,pass,1.2184865025337785,BUF,NE,archive:asset:302374075:sha256:14a594b86b207508b89a42755f624c241e6ceef516d859a4b6bd2c4a5a7b472c:week:5
2025_05_NE_BUF,465.0,2025,5,BUF,NE,run,0.0034131270367652178,BUF,NE,archive:asset:302374075:sha256:14a594b86b207508b89a42755f624c241e6ceef516d859a4b6bd2c4a5a7b472c:week:5
2025_05_NE_BUF,502.0,2025,5,BUF,NE,no_play,-0.5494659531395882,BUF,NE,archive:asset:302374075:sha256:14a594b86b207508b89a42755f624c241e6ceef516d859a4b6bd2c4a5a7b472c:week:5
2025_05_NE_BUF,536.0,2025,5,BUF,NE,pass,-0.8668972235172987,BUF,NE,archive:asset:302374075:sha256:14a594b86b207508b89a42755f624c241e6ceef516d859a4b6bd2c4a5a7b472c:week:5
2025_05_NE_BUF,559.0,2025,5,BUF,NE,pass,-1.7935210519935936,BUF,NE,archive:asset:302374075:sha256:14a594b86b207508b89a42755f624c241e6ceef516d859a4b6bd2c4a5a7b472c:week:5
2025_05_NE_BUF,582.0,2025,5,BUF,NE,punt,-0.6996755381114781,BUF,NE,archive:asset:302374075:sha256:14a594b86b207508b89a42755f624c241e6ceef516d859a4b6bd2c4a5a7b472c:week:5
2025_05_NE_BUF,612.0,2025,5,NE,BUF,run,0.5810612007044256,NE,BUF,archive:asset:302374075:sha256:14a594b86b207508b89a42755f624c241e6ceef516d859a4b6bd2c4a5a7b472c:week:5
2025_05_NE_BUF,641.0,2025,5,NE,BUF,run,0.3244393588975072,NE,BUF,archive:asset:302374075:sha256:14a594b86b207508b89a42755f624c241e6ceef516d859a4b6bd2c4a5a7b472c:week:5
2025_05_NE_BUF,663.0,2025,5,NE,BUF,run,-0.505659831687808,NE,BUF,archive:asset:302374075:sha256:14a594b86b207508b89a42755f624c241e6ceef516d859a4b6bd2c4a5a7b472c:week:5
2025_05_NE_BUF,685.0,2025,5,NE,BUF,pass,-0.7534867762587965,NE,BUF,archive:asset:302374075:sha256:14a594b86b207508b89a42755f624c241e6ceef516d859a4b6bd2c4a5a7b472c:week:5
2025_05_NE_BUF,708.0,2025,5,NE,BUF,pass,1.9427533543203026,NE,BUF,archive:asset:302374075:sha256:14a594b86b207508b89a42755f624c241e6ceef516d859a4b6bd2c4a5a7b472c:week:5
2025_05_NE_BUF,733.0,2025,5,NE,BUF,run,0.40719190100207925,NE,BUF,archive:asset:302374075:sha256:14a594b86b207508b89a42755f624c241e6ceef516d859a4b6bd2c4a5a7b472c:week:5
2025_05_NE_BUF,755.0,2025,5,NE,BUF,run,-0.8073913471307606,NE,BUF,archive:asset:302374075:sha256:14a594b86b207508b89a42755f624c241e6ceef516d859a4b6bd2c4a5a7b472c:week:5
2025_05_NE_BUF,777.0,2025,5,NE,BUF,pass,-1.816654521971941,NE,BUF,archive:asset:302374075:sha256:14a594b86b207508b89a42755f624c241e6ceef516d859a4b6bd2c4a5a7b472c:week:5
2025_05_NE_BUF,800.0,2025,5,NE,BUF,punt,-0.34957941668108106,NE,BUF,archive:asset:302374075:sha256:14a594b86b207508b89a42755f624c241e6ceef516d859a4b6bd2c4a5a7b472c:week:5
2025_05_NE_BUF,820.0,2025,5,BUF,NE,no_play,-0.9290864183567464,BUF,NE,archive:asset:302374075:sha256:14a594b86b207508b89a42755f624c241e6ceef516d859a4b6bd2c4a5a7b472c:week:5
2025_05_NE_BUF,861.0,2025,5,BUF,NE,pass,-4.592928221682087,BUF,NE,archive:asset:302374075:sha256:14a594b86b207508b89a42755f624c241e6ceef516d859a4b6bd2c4a5a7b472c:week:5
2025_05_NE_BUF,905.0,2025,5,NE,BUF,run,-0.7676329493988305,NE,BUF,archive:asset:302374075:sha256:14a594b86b207508b89a42755f624c241e6ceef516d859a4b6bd2c4a5a7b472c:week:5
2025_05_NE_BUF,927.0,2025,5,NE,BUF,pass,-0.7245927333133295,NE,BUF,archive:asset:302374075:sha256:14a594b86b207508b89a42755f624c241e6ceef516d859a4b6bd2c4a5a7b472c:week:5
2025_05_NE_BUF,950.0,2025,5,NE,BUF,pass,-0.6712631873219501,NE,BUF,archive:asset:302374075:sha256:14a594b86b207508b89a42755f624c241e6ceef516d859a4b6bd2c4a5a7b472c:week:5
2025_05_NE_BUF,984.0,2025,5,NE,BUF,field_goal,0.16086140346166156,NE,BUF,archive:asset:302374075:sha256:14a594b86b207508b89a42755f624c241e6ceef516d859a4b6bd2c4a5a7b472c:week:5
2025_05_NE_BUF,1004.0,2025,5,BUF,NE,kickoff,0.5150192696601152,BUF,NE,archive:asset:302374075:sha256:14a594b86b207508b89a42755f624c241e6ceef516d859a4b6bd2c4a5a7b472c:week:5
2025_05_NE_BUF,1037.0,2025,5,BUF,NE,run,-0.23370032710954547,BUF,NE,archive:asset:302374075:sha256:14a594b86b207508b89a42755f624c241e6ceef516d859a4b6bd2c4a5a7b472c:week:5
2025_05_NE_BUF,1059.0,2025,5,BUF,NE,no_play,-0.743994829710573,BUF,NE,archive:asset:302374075:sha256:14a594b86b207508b89a42755f624c241e6ceef516d859a4b6bd2c4a5a7b472c:week:5
2025_05_NE_BUF,1086.0,2025,5,BUF,NE,,0.0,BUF,NE,archive:asset:302374075:sha256:14a594b86b207508b89a42755f624c241e6ceef516d859a4b6bd2c4a5a7b472c:week:5
2025_05_NE_BUF,1106.0,2025,5,BUF,NE,pass,1.5600959334988147,BUF,NE,archive:asset:302374075:sha256:14a594b86b207508b89a42755f624c241e6ceef516d859a4b6bd2c4a5a7b472c:week:5
2025_05_NE_BUF,1131.0,2025,5,BUF,NE,run,-0.13913976913318038,BUF,NE,archive:asset:302374075:sha256:14a594b86b207508b89a42755f624c241e6ceef516d859a4b6bd2c4a5a7b472c:week:5
2025_05_NE_BUF,1153.0,2025,5,BUF,NE,pass,1.8244078096468002,BUF,NE,archive:asset:302374075:sha256:14a594b86b207508b89a42755f624c241e6ceef516d859a4b6bd2c4a5a7b472c:week:5
2025_05_NE_BUF,1178.0,2025,5,BUF,NE,run,-0.18613771221134812,BUF,NE,archive:asset:302374075:sha256:14a594b86b207508b89a42755f624c241e6ceef516d859a4b6bd2c4a5a7b472c:week:5
2025_05_NE_BUF,1200.0,2025,5,BUF,NE,pass,0.37239732418674976,BUF,NE,archive:asset:302374075:sha256:14a594b86b207508b89a42755f624c241e6ceef516d859a4b6bd2c4a5a7b472c:week:5
2025_05_NE_BUF,1225.0,2025,5,BUF,NE,run,0.5799433304928243,BUF,NE,archive:asset:302374075:sha256:14a594b86b207508b89a42755f624c241e6ceef516d859a4b6bd2c4a5a7b472c:week:5
2025_05_NE_BUF,1247.0,2025,5,BUF,NE,run,0.15520273672882468,BUF,NE,archive:asset:302374075:sha256:14a594b86b207508b89a42755f624c241e6ceef516d859a4b6bd2c4a5a7b472c:week:5
2025_05_NE_BUF,1269.0,2025,5,BUF,NE,run,-0.6229556921171024,BUF,NE,archive:asset:302374075:sha256:14a594b86b207508b89a42755f624c241e6ceef516d859a4b6bd2c4a5a7b472c:week:5
2025_05_NE_BUF,1291.0,2025,5,BUF,NE,pass,-1.5667792402217957,BUF,NE,archive:asset:302374075:sha256:14a594b86b207508b89a42755f624c241e6ceef516d859a4b6bd2c4a5a7b472c:week:5
2025_05_NE_BUF,1338.0,2025,5,BUF,NE,field_goal,0.19837223617461053,BUF,NE,archive:asset:302374075:sha256:14a594b86b207508b89a42755f624c241e6ceef516d859a4b6bd2c4a5a7b472c:week:5
2025_05_NE_BUF,1358.0,2025,5,NE,BUF,kickoff,0.05415961053222418,NE,BUF,archive:asset:302374075:sha256:14a594b86b207508b89a42755f624c241e6ceef516d859a4b6bd2c4a5a7b472c:week:5
2025_05_NE_BUF,1408.0,2025,5,NE,BUF,pass,-0.0477523822337389,NE,BUF,archive:asset:302374075:sha256:14a594b86b207508b89a42755f624c241e6ceef516d859a4b6bd2c4a5a7b472c:week:5
2025_05_NE_BUF,1447.0,2025,5,NE,BUF,pass,1.264705245848745,NE,BUF,archive:asset:302374075:sha256:14a594b86b207508b89a42755f624c241e6ceef516d859a4b6bd2c4a5a7b472c:week:5
2025_05_NE_BUF,1472.0,2025,5,NE,BUF,pass,-0.04018442006781697,NE,BUF,archive:asset:302374075:sha256:14a594b86b207508b89a42755f624c241e6ceef516d859a4b6bd2c4a5a7b472c:week:5
2025_05_NE_BUF,1497.0,2025,5,NE,BUF,pass,-1.007326730294153,NE,BUF,archive:asset:302374075:sha256:14a594b86b207508b89a42755f624c241e6ceef516d859a4b6bd2c4a5a7b472c:week:5
2025_05_NE_BUF,1517.0,2025,5,NE,BUF,no_play,-0.006592882797122002,NE,BUF,archive:asset:302374075:sha256:14a594b86b207508b89a42755f624c241e6ceef516d859a4b6bd2c4a5a7b472c:week:5
2025_05_NE_BUF,1548.0,2025,5,NE,BUF,pass,-1.5038269879296422,NE,BUF,archive:asset:302374075:sha256:14a594b86b207508b89a42755f624c241e6ceef516d859a4b6bd2c4a5a7b472c:week:5
2025_05_NE_BUF,1571.0,2025,5,NE,BUF,punt,0.22831016196869314,NE,BUF,archive:asset:302374075:sha256:14a594b86b207508b89a42755f624c241e6ceef516d859a4b6bd2c4a5a7b472c:week:5
2025_05_NE_BUF,1591.0,2025,5,BUF,NE,run,-0.3468640334904194,BUF,NE,archive:asset:302374075:sha256:14a594b86b207508b89a42755f624c241e6ceef516d859a4b6bd2c4a5a7b472c:week:5
2025_05_NE_BUF,1625.0,2025,5,BUF,NE,run,1.7734379400499165,BUF,NE,archive:asset:302374075:sha256:14a594b86b207508b89a42755f624c241e6ceef516d859a4b6bd2c4a5a7b472c:week:5
2025_05_NE_BUF,1662.0,2025,5,,,no_play,0.0,,,archive:asset:302374075:sha256:14a594b86b207508b89a42755f624c241e6ceef516d859a4b6bd2c4a5a7b472c:week:5
2025_05_NE_BUF,1650.0,2025,5,BUF,NE,no_play,-1.0172286140732467,BUF,NE,archive:asset:302374075:sha256:14a594b86b207508b89a42755f624c241e6ceef516d859a4b6bd2c4a5a7b472c:week:5
2025_05_NE_BUF,1695.0,2025,5,BUF,NE,run,0.594961674651131,BUF,NE,archive:asset:302374075:sha256:14a594b86b207508b89a42755f624c241e6ceef516d859a4b6bd2c4a5a7b472c:week:5
2025_05_NE_BUF,1727.0,2025,5,BUF,NE,run,-0.48583141376730055,BUF,NE,archive:asset:302374075:sha256:14a594b86b207508b89a42755f624c241e6ceef516d859a4b6bd2c4a5a7b472c:week:5
2025_05_NE_BUF,1749.0,2025,5,BUF,NE,pass,-1.395534536917694,BUF,NE,archive:asset:302374075:sha256:14a594b86b207508b89a42755f624c241e6ceef516d859a4b6bd2c4a5a7b472c:week:5
2025_05_NE_BUF,1769.0,2025,5,BUF,NE,punt,-0.30320459336508065,BUF,NE,archive:asset:302374075:sha256:14a594b86b207508b89a42755f624c241e6ceef516d859a4b6bd2c4a5a7b472c:week:5
2025_05_NE_BUF,1800.0,2025,5,NE,BUF,run,0.519008137867786,NE,BUF,archive:asset:302374075:sha256:14a594b86b207508b89a42755f624c241e6ceef516d859a4b6bd2c4a5a7b472c:week:5
2025_05_NE_BUF,1827.0,2025,5,NE,BUF,run,-0.2256616618251428,NE,BUF,archive:asset:302374075:sha256:14a594b86b207508b89a42755f624c241e6ceef516d859a4b6bd2c4a5a7b472c:week:5
2025_05_NE_BUF,1861.0,2025,5,NE,BUF,run,1.4425380097236484,NE,BUF,archive:asset:302374075:sha256:14a594b86b207508b89a42755f624c241e6ceef516d859a4b6bd2c4a5a7b472c:week:5
2025_05_NE_BUF,1894.0,2025,5,NE,BUF,no_play,-1.1092958777444437,NE,BUF,archive:asset:302374075:sha256:14a594b86b207508b89a42755f624c241e6ceef516d859a4b6bd2c4a5a7b472c:week:5
2025_05_NE_BUF,1930.0,2025,5,NE,BUF,pass,0.19250633486080915,NE,BUF,archive:asset:302374075:sha256:14a594b86b207508b89a42755f624c241e6ceef516d859a4b6bd2c4a5a7b472c:week:5
2025_05_NE_BUF,1960.0,2025,5,NE,BUF,pass,2.2149454979225993,NE,BUF,archive:asset:302374075:sha256:14a594b86b207508b89a42755f624c241e6ceef516d859a4b6bd2c4a5a7b472c:week:5
2025_05_NE_BUF,1997.0,2025,5,,,no_play,-0.0,,,archive:asset:302374075:sha256:14a594b86b207508b89a42755f624c241e6ceef516d859a4b6bd2c4a5a7b472c:week:5
2025_05_NE_BUF,1985.0,2025,5,NE,BUF,run,-0.425674868747592,NE,BUF,archive:asset:302374075:sha256:14a594b86b207508b89a42755f624c241e6ceef516d859a4b6bd2c4a5a7b472c:week:5
2025_05_NE_BUF,2026.0,2025,5,,,no_play,-0.0,,,archive:asset:302374075:sha256:14a594b86b207508b89a42755f624c241e6ceef516d859a4b6bd2c4a5a7b472c:week:5
2025_05_NE_BUF,2014.0,2025,5,NE,BUF,run,0.6642095291172154,NE,BUF,archive:asset:302374075:sha256:14a594b86b207508b89a42755f624c241e6ceef516d859a4b6bd2c4a5a7b472c:week:5
2025_05_NE_BUF,2055.0,2025,5,,,no_play,-0.0,,,archive:asset:302374075:sha256:14a594b86b207508b89a42755f624c241e6ceef516d859a4b6bd2c4a5a7b472c:week:5
2025_05_NE_BUF,2043.0,2025,5,NE,BUF,run,-0.6574466792517342,NE,BUF,archive:asset:302374075:sha256:14a594b86b207508b89a42755f624c241e6ceef516d859a4b6bd2c4a5a7b472c:week:5
2025_05_NE_BUF,2084.0,2025,5,,,no_play,-0.0,,,archive:asset:302374075:sha256:14a594b86b207508b89a42755f624c241e6ceef516d859a4b6bd2c4a5a7b472c:week:5
2025_05_NE_BUF,2072.0,2025,5,NE,BUF,pass,-0.5417542710783891,NE,BUF,archive:asset:302374075:sha256:14a594b86b207508b89a42755f624c241e6ceef516d859a4b6bd2c4a5a7b472c:week:5
2025_05_NE_BUF,2102.0,2025,5,NE,BUF,no_play,-0.594319818133954,NE,BUF,archive:asset:302374075:sha256:14a594b86b207508b89a42755f624c241e6ceef516d859a4b6bd2c4a5a7b472c:week:5
2025_05_NE_BUF,2126.0,2025,5,NE,BUF,no_play,1.186659125611186,NE,BUF,archive:asset:302374075:sha256:14a594b86b207508b89a42755f624c241e6ceef516d859a4b6bd2c4a5a7b472c:week:5
2025_05_NE_BUF,2160.0,2025,5,NE,BUF,pass,-0.8546098942889504,NE,BUF,archive:asset:302374075:sha256:14a594b86b207508b89a42755f624c241e6ceef516d859a4b6bd2c4a5a7b472c:week:5
2025_05_NE_BUF,2185.0,2025,5,NE,BUF,field_goal,0.027694818402887122,NE,BUF,archive:asset:302374075:sha256:14a594b86b207508b89a42755f624c241e6ceef516d859a4b6bd2c4a5a7b472c:week:5
2025_05_NE_BUF,2205.0,2025,5,,,,,,,archive:asset:302374075:sha256:14a594b86b207508b89a42755f624c241e6ceef516d859a4b6bd2c4a5a7b472c:week:5
2025_05_NE_BUF,2223.0,2025,5,BUF,NE,kickoff,0.3273486166726798,BUF,NE,archive:asset:302374075:sha256:14a594b86b207508b89a42755f624c241e6ceef516d859a4b6bd2c4a5a7b472c:week:5
2025_05_NE_BUF,2246.0,2025,5,BUF,NE,run,0.10776621662080288,BUF,NE,archive:asset:302374075:sha256:14a594b86b207508b89a42755f624c241e6ceef516d859a4b6bd2c4a5a7b472c:week:5
2025_05_NE_BUF,2280.0,2025,5,BUF,NE,pass,1.4432396455667913,BUF,NE,archive:asset:302374075:sha256:14a594b86b207508b89a42755f624c241e6ceef516d859a4b6bd2c4a5a7b472c:week:5
2025_05_NE_BUF,2310.0,2025,5,BUF,NE,run,0.6986043866490945,BUF,NE,archive:asset:302374075:sha256:14a594b86b207508b89a42755f624c241e6ceef516d859a4b6bd2c4a5a7b472c:week:5
2025_05_NE_BUF,2332.0,2025,5,BUF,NE,run,0.021374405012466013,BUF,NE,archive:asset:302374075:sha256:14a594b86b207508b89a42755f624c241e6ceef516d859a4b6bd2c4a5a7b472c:week:5
2025_05_NE_BUF,2376.0,2025,5,BUF,NE,run,-0.4155167705612257,BUF,NE,archive:asset:302374075:sha256:14a594b86b207508b89a42755f624c241e6ceef516d859a4b6bd2c4a5a7b472c:week:5
2025_05_NE_BUF,2398.0,2025,5,BUF,NE,no_play,0.6356479009846225,BUF,NE,archive:asset:302374075:sha256:14a594b86b207508b89a42755f624c241e6ceef516d859a4b6bd2c4a5a7b472c:week:5
2025_05_NE_BUF,2422.0,2025,5,BUF,NE,pass,0.5648703203769401,BUF,NE,archive:asset:302374075:sha256:14a594b86b207508b89a42755f624c241e6ceef516d859a4b6bd2c4a5a7b472c:week:5
2025_05_NE_BUF,2447.0,2025,5,BUF,NE,pass,0.31349482998484746,BUF,NE,archive:asset:302374075:sha256:14a594b86b207508b89a42755f624c241e6ceef516d859a4b6bd2c4a5a7b472c:week:5
2025_05_NE_BUF,2472.0,2025,5,BUF,NE,pass,0.6441336398129351,BUF,NE,archive:asset:302374075:sha256:14a594b86b207508b89a42755f624c241e6ceef516d859a4b6bd2c4a5a7b472c:week:5
2025_05_NE_BUF,2502.0,2025,5,BUF,NE,pass,-0.5167492238688283,BUF,NE,archive:asset:302374075:sha256:14a594b86b207508b89a42755f624c241e6ceef516d859a4b6bd2c4a5a7b472c:week:5
2025_05_NE_BUF,2525.0,2025,5,BUF,NE,pass,1.701688264904078,BUF,NE,archive:asset:302374075:sha256:14a594b86b207508b89a42755f624c241e6ceef516d859a4b6bd2c4a5a7b472c:week:5
2025_05_NE_BUF,2551.0,2025,5,BUF,NE,extra_point,0.06757300310763314,BUF,NE,archive:asset:302374075:sha256:14a594b86b207508b89a42755f624c241e6ceef516d859a4b6bd2c4a5a7b472c:week:5
2025_05_NE_BUF,2566.0,2025,5,NE,BUF,kickoff,0.02613275544717908,NE,BUF,archive:asset:302374075:sha256:14a594b86b207508b89a42755f624c241e6ceef516d859a4b6bd2c4a5a7b472c:week:5
2025_05_NE_BUF,2596.0,2025,5,NE,BUF,pass,1.0491494343150407,NE,BUF,archive:asset:302374075:sha256:14a594b86b207508b89a42755f624c241e6ceef516d859a4b6bd2c4a5a7b472c:week:5
2025_05_NE_BUF,2621.0,2025,5,NE,BUF,pass,1.1061525570694357,NE,BUF,archive:asset:302374075:sha256:14a594b86b207508b89a42755f624c241e6ceef516d859a4b6bd2c4a5a7b472c:week:5
2025_05_NE_BUF,2651.0,2025,5,NE,BUF,no_play,0.38388816243968904,NE,BUF,archive:asset:302374075:sha256:14a594b86b207508b89a42755f624c241e6ceef516d859a4b6bd2c4a5a7b472c:week:5
2025_05_NE_BUF,2701.0,2025,5,NE,BUF,run,-0.5124285868369043,NE,BUF,archive:asset:302374075:sha256:14a594b86b207508b89a42755f624c241e6ceef516d859a4b6bd2c4a5a7b472c:week:5
2025_05_NE_BUF,2728.0,2025,5,NE,BUF,pass,3.006091558083426,NE,BUF,archive:asset:302374075:sha256:14a594b86b207508b89a42755f624c241e6ceef516d859a4b6bd2c4a5a7b472c:week:5
2025_05_NE_BUF,2753.0,2025,5,NE,BUF,run,1.0786774089210667,NE,BUF,archive:asset:302374075:sha256:14a594b86b207508b89a42755f624c241e6ceef516d859a4b6bd2c4a5a7b472c:week:5
2025_05_NE_BUF,2787.0,2025,5,NE,BUF,extra_point,0.06757300310763314,NE,BUF,archive:asset:302374075:sha256:14a594b86b207508b89a42755f624c241e6ceef516d859a4b6bd2c4a5a7b472c:week:5
2025_05_NE_BUF,2802.0,2025,5,BUF,NE,kickoff,0.32271746126934886,BUF,NE,archive:asset:302374075:sha256:14a594b86b207508b89a42755f624c241e6ceef516d859a4b6bd2c4a5a7b472c:week:5
2025_05_NE_BUF,2832.0,2025,5,BUF,NE,run,-0.5268887463025749,BUF,NE,archive:asset:302374075:sha256:14a594b86b207508b89a42755f624c241e6ceef516d859a4b6bd2c4a5a7b472c:week:5
2025_05_NE_BUF,2854.0,2025,5,BUF,NE,pass,2.5171648780815303,BUF,NE,archive:asset:302374075:sha256:14a594b86b207508b89a42755f624c241e6ceef516d859a4b6bd2c4a5a7b472c:week:5
2025_05_NE_BUF,2895.0,2025,5,BUF,NE,pass,-0.5519646026659757,BUF,NE,archive:asset:302374075:sha256:14a594b86b207508b89a42755f624c241e6ceef516d859a4b6bd2c4a5a7b472c:week:5
2025_05_NE_BUF,2918.0,2025,5,BUF,NE,run,-0.10540814138948917,BUF,NE,archive:asset:302374075:sha256:14a594b86b207508b89a42755f624c241e6ceef516d859a4b6bd2c4a5a7b472c:week:5
2025_05_NE_BUF,2952.0,2025,5,BUF,NE,pass,1.9913291650591418,BUF,NE,archive:asset:302374075:sha256:14a594b86b207508b89a42755f624c241e6ceef516d859a4b6bd2c4a5a7b472c:week:5
2025_05_NE_BUF,2977.0,2025,5,BUF,NE,run,0.24822250375291333,BUF,NE,archive:asset:302374075:sha256:14a594b86b207508b89a42755f624c241e6ceef516d859a4b6bd2c4a5a7b472c:week:5
2025_05_NE_BUF,2999.0,2025,5,BUF,NE,no_play,-1.3791639209375717,BUF,NE,archive:asset:302374075:sha256:14a594b86b207508b89a42755f624c241e6ceef516d859a4b6bd2c4a5a7b472c:week:5
2025_05_NE_BUF,3036.0,2025,5,BUF,NE,pass,-3.7220905157737434,BUF,NE,archive:asset:302374075:sha256:14a594b86b207508b89a42755f624c241e6ceef516d859a4b6bd2c4a5a7b472c:week:5
2025_05_NE_BUF,3070.0,2025,5,NE,BUF,run,-0.43381475820206106,NE,BUF,archive:asset:302374075:sha256:14a594b86b207508b89a42755f624c241e6ceef516d859a4b6bd2c4a5a7b472c:week:5
2025_05_NE_BUF,3097.0,2025,5,NE,BUF,pass,-0.5592860213946551,NE,BUF,archive:asset:302374075:sha256:14a594b86b207508b89a42755f624c241e6ceef516d859a4b6bd2c4a5a7b472c:week:5
2025_05_NE_BUF,3122.0,2025,5,NE,BUF,pass,1.8430900857783854,NE,BUF,archive:asset:302374075:sha256:14a594b86b207508b89a42755f624c241e6ceef516d859a4b6bd2c4a5a7b472c:week:5
2025_05_NE_BUF,3157.0,2025,5,NE,BUF,pass,-0.5735028921626508,NE,BUF,archive:asset:302374075:sha256:14a594b86b207508b89a42755f624c241e6ceef516d859a4b6bd2c4a5a7b472c:week:5
2025_05_NE_BUF,3180.0,2025,5,NE,BUF,pass,0.29796963185071945,NE,BUF,archive:asset:302374075:sha256:14a594b86b207508b89a42755f624c241e6ceef516d859a4b6bd2c4a5a7b472c:week:5
2025_05_NE_BUF,3205.0,2025,5,NE,BUF,pass,1.495874125044793,NE,BUF,archive:asset:302374075:sha256:14a594b86b207508b89a42755f624c241e6ceef516d859a4b6bd2c4a5a7b472c:week:5
2025_05_NE_BUF,3235.0,2025,5,NE,BUF,,-0.0,NE,BUF,archive:asset:302374075:sha256:14a594b86b207508b89a42755f624c241e6ceef516d859a4b6bd2c4a5a7b472c:week:5
2025_05_NE_BUF,3255.0,2025,5,NE,BUF,pass,1.621675600297749,NE,BUF,archive:asset:302374075:sha256:14a594b86b207508b89a42755f624c241e6ceef516d859a4b6bd2c4a5a7b472c:week:5
2025_05_NE_BUF,3280.0,2025,5,NE,BUF,pass,-0.8566036806441844,NE,BUF,archive:asset:302374075:sha256:14a594b86b207508b89a42755f624c241e6ceef516d859a4b6bd2c4a5a7b472c:week:5
2025_05_NE_BUF,3315.0,2025,5,NE,BUF,pass,2.9109288690960966,NE,BUF,archive:asset:302374075:sha256:14a594b86b207508b89a42755f624c241e6ceef516d859a4b6bd2c4a5a7b472c:week:5
2025_05_NE_BUF,3345.0,2025,5,NE,BUF,run,-0.6873062985250726,NE,BUF,archive:asset:302374075:sha256:14a594b86b207508b89a42755f624c241e6ceef516d859a4b6bd2c4a5a7b472c:week:5
2025_05_NE_BUF,3367.0,2025,5,NE,BUF,run,2.1327353014494292,NE,BUF,archive:asset:302374075:sha256:14a594b86b207508b89a42755f624c241e6ceef516d859a4b6bd2c4a5a7b472c:week:5
2025_05_NE_BUF,3390.0,2025,5,NE,BUF,extra_point,0.06757300310763314,NE,BUF,archive:asset:302374075:sha256:14a594b86b207508b89a42755f624c241e6ceef516d859a4b6bd2c4a5a7b472c:week:5
2025_05_NE_BUF,3405.0,2025,5,BUF,NE,kickoff,0.020513685420155525,BUF,NE,archive:asset:302374075:sha256:14a594b86b207508b89a42755f624c241e6ceef516d859a4b6bd2c4a5a7b472c:week:5
2025_05_NE_BUF,3435.0,2025,5,BUF,NE,pass,1.4351386821363121,BUF,NE,archive:asset:302374075:sha256:14a594b86b207508b89a42755f624c241e6ceef516d859a4b6bd2c4a5a7b472c:week:5
2025_05_NE_BUF,3460.0,2025,5,BUF,NE,no_play,0.9136050691595301,BUF,NE,archive:asset:302374075:sha256:14a594b86b207508b89a42755f624c241e6ceef516d859a4b6bd2c4a5a7b472c:week:5
2025_05_NE_BUF,3496.0,2025,5,BUF,NE,run,0.6680551528697833,BUF,NE,archive:asset:302374075:sha256:14a594b86b207508b89a42755f624c241e6ceef516d859a4b6bd2c4a5a7b472c:week:5
2025_05_NE_BUF,3529.0,2025,5,BUF,NE,run,-0.12283319095149636,BUF,NE,archive:asset:302374075:sha256:14a594b86b207508b89a42755f624c241e6ceef516d859a4b6bd2c4a5a7b472c:week:5
2025_05_NE_BUF,3551.0,2025,5,BUF,NE,pass,0.7663998258649372,BUF,NE,archive:asset:302374075:sha256:14a594b86b207508b89a42755f624c241e6ceef516d859a4b6bd2c4a5a7b472c:week:5
2025_05_NE_BUF,3576.0,2025,5,BUF,NE,run,0.6013810863369144,BUF,NE,archive:asset:302374075:sha256:14a594b86b207508b89a42755f624c241e6ceef516d859a4b6bd2c4a5a7b472c:week:5
2025_05_NE_BUF,3603.0,2025,5,BUF,NE,run,-0.3372710792464204,BUF,NE,archive:asset:302374075:sha256:14a594b86b207508b89a42755f624c241e6ceef516d859a4b6bd2c4a5a7b472c:week:5
2025_05_NE_BUF,3625.0,2025,5,BUF,NE,run,1.0332649301271886,BUF,NE,archive:asset:302374075:sha256:14a594b86b207508b89a42755f624c241e6ceef516d859a4b6bd2c4a5a7b472c:week:5
2025_05_NE_BUF,3647.0,2025,5,BUF,NE,pass,0.7741730413981713,BUF,NE,archive:asset:302374075:sha256:14a594b86b207508b89a42755f624c241e6ceef516d859a4b6bd2c4a5a7b472c:week:5
2025_05_NE_BUF,3673.0,2025,5,BUF,NE,extra_point,0.06757300310763314,BUF,NE,archive:asset:302374075:sha256:14a594b86b207508b89a42755f624c241e6ceef516d859a4b6bd2c4a5a7b472c:week:5
2025_05_NE_BUF,3688.0,2025,5,NE,BUF,kickoff,-0.17510662181302905,NE,BUF,archive:asset:302374075:sha256:14a594b86b207508b89a42755f624c241e6ceef516d859a4b6bd2c4a5a7b472c:week:5
2025_05_NE_BUF,3718.0,2025,5,NE,BUF,pass,0.2860970483161509,NE,BUF,archive:asset:302374075:sha256:14a594b86b207508b89a42755f624c241e6ceef516d859a4b6bd2c4a5a7b472c:week:5
2025_05_NE_BUF,3748.0,2025,5,NE,BUF,run,0.011550043243914843,NE,BUF,archive:asset:302374075:sha256:14a594b86b207508b89a42755f624c241e6ceef516d859a4b6bd2c4a5a7b472c:week:5
2025_05_NE_BUF,3770.0,2025,5,NE,BUF,no_play,-0.8679161020554602,NE,BUF,archive:asset:302374075:sha256:14a594b86b207508b89a42755f624c241e6ceef516d859a4b6bd2c4a5a7b472c:week:5
2025_05_NE_BUF,3805.0,2025,5,NE,BUF,pass,-1.589608491398394,NE,BUF,archive:asset:302374075:sha256:14a594b86b207508b89a42755f624c241e6ceef516d859a4b6bd2c4a5a7b472c:week:5
2025_05_NE_BUF,3825.0,2025,5,NE,BUF,punt,0.6212907191365957,NE,BUF,archive:asset:302374075:sha256:14a594b86b207508b89a42755f624c241e6ceef516d859a4b6bd2c4a5a7b472c:week:5
2025_05_NE_BUF,3843.0,2025,5,BUF,NE,run,-0.22249511303380132,BUF,NE,archive:asset:302374075:sha256:14a594b86b207508b89a42755f624c241e6ceef516d859a4b6bd2c4a5a7b472c:week:5
2025_05_NE_BUF,3872.0,2025,5,BUF,NE,no_play,1.695691415341571,BUF,NE,archive:asset:302374075:sha256:14a594b86b207508b89a42755f624c241e6ceef516d859a4b6bd2c4a5a7b472c:week:5
2025_05_NE_BUF,3925.0,2025,5,BUF,NE,run,-0.15690056164748967,BUF,NE,archive:asset:302374075:sha256:14a594b86b207508b89a42755f624c241e6ceef516d859a4b6bd2c4a5a7b472c:week:5
2025_05_NE_BUF,3962.0,2025,5,BUF,NE,pass,-0.6819090549834073,BUF,NE,archive:asset:302374075:sha256:14a594b86b207508b89a42755f624c241e6ceef516d859a4b6bd2c4a5a7b472c:week:5
2025_05_NE_BUF,3985.0,2025,5,BUF,NE,pass,1.9288562431465834,BUF,NE,archive:asset:302374075:sha256:14a594b86b207508b89a42755f624c241e6ceef516d859a4b6bd2c4a5a7b472c:week:5
2025_05_NE_BUF,4010.0,2025,5,BUF,NE,run,-0.6568514967802912,BUF,NE,archive:asset:302374075:sha256:14a594b86b207508b89a42755f624c241e6ceef516d859a4b6bd2c4a5a7b472c:week:5
2025_05_NE_BUF,4032.0,2025,5,BUF,NE,pass,1.1870209021144547,BUF,NE,archive:asset:302374075:sha256:14a594b86b207508b89a42755f624c241e6ceef516d859a4b6bd2c4a5a7b472c:week:5
2025_05_NE_BUF,4057.0,2025,5,BUF,NE,pass,-0.38421637035207823,BUF,NE,archive:asset:302374075:sha256:14a594b86b207508b89a42755f624c241e6ceef516d859a4b6bd2c4a5a7b472c:week:5
2025_05_NE_BUF,4080.0,2025,5,BUF,NE,pass,-0.4821433622855693,BUF,NE,archive:asset:302374075:sha256:14a594b86b207508b89a42755f624c241e6ceef516d859a4b6bd2c4a5a7b472c:week:5
2025_05_NE_BUF,4103.0,2025,5,BUF,NE,pass,-0.8667577570756844,BUF,NE,archive:asset:302374075:sha256:14a594b86b207508b89a42755f624c241e6ceef516d859a4b6bd2c4a5a7b472c:week:5
2025_05_NE_BUF,4126.0,2025,5,BUF,NE,field_goal,1.0909922966254821,BUF,NE,archive:asset:302374075:sha256:14a594b86b207508b89a42755f624c241e6ceef516d859a4b6bd2c4a5a7b472c:week:5
2025_05_NE_BUF,4146.0,2025,5,NE,BUF,kickoff,0.26648760063108057,NE,BUF,archive:asset:302374075:sha256:14a594b86b207508b89a42755f624c241e6ceef516d859a4b6bd2c4a5a7b472c:week:5
2025_05_NE_BUF,4176.0,2025,5,NE,BUF,pass,0.5360217116540298,NE,BUF,archive:asset:302374075:sha256:14a594b86b207508b89a42755f624c241e6ceef516d859a4b6bd2c4a5a7b472c:week:5
2025_05_NE_BUF,4201.0,2025,5,NE,BUF,run,-0.35731367499101907,NE,BUF,archive:asset:302374075:sha256:14a594b86b207508b89a42755f624c241e6ceef516d859a4b6bd2c4a5a7b472c:week:5
2025_05_NE_BUF,4230.0,2025,5,NE,BUF,pass,1.600441925751511,NE,BUF,archive:asset:302374075:sha256:14a594b86b207508b89a42755f624c241e6ceef516d859a4b6bd2c4a5a7b472c:week:5
2025_05_NE_BUF,4267.0,2025,5,,,no_play,-0.0,,,archive:asset:302374075:sha256:14a594b86b207508b89a42755f624c241e6ceef516d859a4b6bd2c4a5a7b472c:week:5
2025_05_NE_BUF,4255.0,2025,5,NE,BUF,run,-0.2607593297143467,NE,BUF,archive:asset:302374075:sha256:14a594b86b207508b89a42755f624c241e6ceef516d859a4b6bd2c4a5a7b472c:week:5
2025_05_NE_BUF,4296.0,2025,5,,,no_play,-0.0,,,archive:asset:302374075:sha256:14a594b86b207508b89a42755f624c241e6ceef516d859a4b6bd2c4a5a7b472c:week:5
2025_05_NE_BUF,4284.0,2025,5,NE,BUF,run,-1.553266892908141,NE,BUF,archive:asset:302374075:sha256:14a594b86b207508b89a42755f624c241e6ceef516d859a4b6bd2c4a5a7b472c:week:5
2025_05_NE_BUF,4325.0,2025,5,,,no_play,-0.0,,,archive:asset:302374075:sha256:14a594b86b207508b89a42755f624c241e6ceef516d859a4b6bd2c4a5a7b472c:week:5
2025_05_NE_BUF,4313.0,2025,5,NE,BUF,pass,0.5210919592065679,NE,BUF,archive:asset:302374075:sha256:14a594b86b207508b89a42755f624c241e6ceef516d859a4b6bd2c4a5a7b472c:week:5
2025_05_NE_BUF,4352.0,2025,5,,,no_play,-0.0,,,archive:asset:302374075:sha256:14a594b86b207508b89a42755f624c241e6ceef516d859a4b6bd2c4a5a7b472c:week:5
2025_05_NE_BUF,4340.0,2025,5,NE,BUF,field_goal,1.3101921678751764,NE,BUF,archive:asset:302374075:sha256:14a594b86b207508b89a42755f624c241e6ceef516d859a4b6bd2c4a5a7b472c:week:5
2025_05_NE_BUF,4367.0,2025,5,BUF,NE,kickoff,-0.04534765158314258,BUF,NE,archive:asset:302374075:sha256:14a594b86b207508b89a42755f624c241e6ceef516d859a4b6bd2c4a5a7b472c:week:5
2025_05_NE_BUF,4413.0,2025,5,,,no_play,0.0,,,archive:asset:302374075:sha256:14a594b86b207508b89a42755f624c241e6ceef516d859a4b6bd2c4a5a7b472c:week:5
2025_05_NE_BUF,4401.0,2025,5,BUF,NE,pass,-0.00966190782492049,BUF,NE,archive:asset:302374075:sha256:14a594b86b207508b89a42755f624c241e6ceef516d859a4b6bd2c4a5a7b472c:week:5
2025_05_NE_BUF,4433.0,2025,5,BUF,NE,,,BUF,NE,archive:asset:302374075:sha256:14a594b86b207508b89a42755f624c241e6ceef516d859a4b6bd2c4a5a7b472c:week:5
2025_05_NYG_NO,1.0,2025,5,,,,0.0,,,archive:asset:302374075:sha256:14a594b86b207508b89a42755f624c241e6ceef516d859a4b6bd2c4a5a7b472c:week:5
2025_05_NYG_NO,39.0,2025,5,NO,NYG,kickoff,-1.052819151431322,NO,NYG,archive:asset:302374075:sha256:14a594b86b207508b89a42755f624c241e6ceef516d859a4b6bd2c4a5a7b472c:week:5
2025_05_NYG_NO,62.0,2025,5,NO,NYG,pass,-0.6271640774793923,NO,NYG,archive:asset:302374075:sha256:14a594b86b207508b89a42755f624c241e6ceef516d859a4b6bd2c4a5a7b472c:week:5
2025_05_NYG_NO,85.0,2025,5,NO,NYG,run,-0.4764214032329619,NO,NYG,archive:asset:302374075:sha256:14a594b86b207508b89a42755f624c241e6ceef516d859a4b6bd2c4a5a7b472c:week:5
2025_05_NYG_NO,107.0,2025,5,NO,NYG,no_play,-0.9091291066724807,NO,NYG,archive:asset:302374075:sha256:14a594b86b207508b89a42755f624c241e6ceef516d859a4b6bd2c4a5a7b472c:week:5
2025_05_NYG_NO,131.0,2025,5,NO,NYG,pass,-1.1017854714300483,NO,NYG,archive:asset:302374075:sha256:14a594b86b207508b89a42755f624c241e6ceef516d859a4b6bd2c4a5a7b472c:week:5
2025_05_NYG_NO,154.0,2025,5,NO,NYG,punt,0.30942495400086045,NO,NYG,archive:asset:302374075:sha256:14a594b86b207508b89a42755f624c241e6ceef516d859a4b6bd2c4a5a7b472c:week:5
2025_05_NYG_NO,174.0,2025,5,NYG,NO,pass,0.19957236829213798,NYG,NO,archive:asset:302374075:sha256:14a594b86b207508b89a42755f624c241e6ceef516d859a4b6bd2c4a5a7b472c:week:5
2025_05_NYG_NO,199.0,2025,5,NYG,NO,pass,1.2226904451381415,NYG,NO,archive:asset:302374075:sha256:14a594b86b207508b89a42755f624c241e6ceef516d859a4b6bd2c4a5a7b472c:week:5
2025_05_NYG_NO,224.0,2025,5,NYG,NO,run,0.12030530744232237,NYG,NO,archive:asset:302374075:sha256:14a594b86b207508b89a42755f624c241e6ceef516d859a4b6bd2c4a5a7b472c:week:5
2025_05_NYG_NO,246.0,2025,5,NYG,NO,run,0.5161848930874839,NYG,NO,archive:asset:302374075:sha256:14a594b86b207508b89a42755f624c241e6ceef516d859a4b6bd2c4a5a7b472c:week:5
2025_05_NYG_NO,268.0,2025,5,NYG,NO,pass,0.3364266318967566,NYG,NO,archive:asset:302374075:sha256:14a594b86b207508b89a42755f624c241e6ceef516d859a4b6bd2c4a5a7b472c:week:5
2025_05_NYG_NO,297.0,2025,5,NYG,NO,run,-0.37108978640753776,NYG,NO,archive:asset:302374075:sha256:14a594b86b207508b89a42755f624c241e6ceef516d859a4b6bd2c4a5a7b472c:week:5
2025_05_NYG_NO,319.0,2025,5,NYG,NO,no_play,0.8504817518405616,NYG,NO,archive:asset:302374075:sha256:14a594b86b207508b89a42755f624c241e6ceef516d859a4b6bd2c4a5a7b472c:week:5
2025_05_NYG_NO,357.0,2025,5,NYG,NO,pass,1.634674969187472,NYG,NO,archive:asset:302374075:sha256:14a594b86b207508b89a42755f624c241e6ceef516d859a4b6bd2c4a5a7b472c:week:5
2025_05_NYG_NO,451.0,2025,5,NYG,NO,pass,0.4741431472939439,NYG,NO,archive:asset:302374075:sha256:14a594b86b207508b89a42755f624c241e6ceef516d859a4b6bd2c4a5a7b472c:week:5
2025_05_NYG_NO,484.0,2025,5,NYG,NO,extra_point,0.05117156607063911,NYG,NO,archive:asset:302374075:sha256:14a594b86b207508b89a42755f624c241e6ceef516d859a4b6bd2c4a5a7b472c:week:5
2025_05_NYG_NO,499.0,2025,5,NO,NYG,kickoff,-0.351675265468657,NO,NYG,archive:asset:302374075:sha256:14a594b86b207508b89a42755f624c241e6ceef516d859a4b6bd2c4a5a7b472c:week:5
2025_05_NYG_NO,523.0,2025,5,NO,NYG,no_play,-0.8092682063579559,NO,NYG,archive:asset:302374075:sha256:14a594b86b207508b89a42755f624c241e6ceef516d859a4b6bd2c4a5a7b472c:week:5
2025_05_NYG_NO,558.0,2025,5,NO,NYG,run,0.9790939227677882,NO,NYG,archive:asset:302374075:sha256:14a594b86b207508b89a42755f624c241e6ceef516d859a4b6bd2c4a5a7b472c:week:5
2025_05_NYG_NO,580.0,2025,5,NO,NYG,run,-1.0829746183007956,NO,NYG,archive:asset:302374075:sha256:14a594b86b207508b89a42755f624c241e6ceef516d859a4b6bd2c4a5a7b472c:week:5
2025_05_NYG_NO,602.0,2025,5,NO,NYG,no_play,2.7432656285818666,NO,NYG,archive:asset:302374075:sha256:14a594b86b207508b89a42755f624c241e6ceef516d859a4b6bd2c4a5a7b472c:week:5
2025_05_NYG_NO,640.0,2025,5,NO,NYG,run,-0.5395772932097316,NO,NYG,archive:asset:302374075:sha256:14a594b86b207508b89a42755f624c241e6ceef516d859a4b6bd2c4a5a7b472c:week:5
2025_05_NYG_NO,662.0,2025,5,NO,NYG,pass,0.6000152723863721,NO,NYG,archive:asset:302374075:sha256:14a594b86b207508b89a42755f624c241e6ceef516d859a4b6bd2c4a5a7b472c:week:5
2025_05_NYG_NO,687.0,2025,5,NO,NYG,run,0.6023783116834238,NO,NYG,archive:asset:302374075:sha256:14a594b86b207508b89a42755f624c241e6ceef516d859a4b6bd2c4a5a7b472c:week:5
2025_05_NYG_NO,709.0,2025,5,NO,NYG,pass,0.21571772056631744,NO,NYG,archive:asset:302374075:sha256:14a594b86b207508b89a42755f624c241e6ceef516d859a4b6bd2c4a5a7b472c:week:5
2025_05_NYG_NO,739.0,2025,5,NO,NYG,run,-0.5700161320855841,NO,NYG,archive:asset:302374075:sha256:14a594b86b207508b89a42755f624c241e6ceef516d859a4b6bd2c4a5a7b472c:week:5
2025_05_NYG_NO,761.0,2025,5,NO,NYG,pass,1.465822760714218,NO,NYG,archive:asset:302374075:sha256:14a594b86b207508b89a42755f624c241e6ceef516d859a4b6bd2c4a5a7b472c:week:5
2025_05_NYG_NO,786.0,2025,5,NO,NYG,run,-0.43226071645040065,NO,NYG,archive:asset:302374075:sha256:14a594b86b207508b89a42755f624c241e6ceef516d859a4b6bd2c4a5a7b472c:week:5
2025_05_NYG_NO,808.0,2025,5,NO,NYG,pass,1.0086549988482147,NO,NYG,archive:asset:302374075:sha256:14a594b86b207508b89a42755f624c241e6ceef516d859a4b6bd2c4a5a7b472c:week:5
2025_05_NYG_NO,838.0,2025,5,NO,NYG,run,-1.1928988586878404,NO,NYG,archive:asset:302374075:sha256:14a594b86b207508b89a42755f624c241e6ceef516d859a4b6bd2c4a5a7b472c:week:5
2025_05_NYG_NO,860.0,2025,5,NO,NYG,pass,-0.807986612082459,NO,NYG,archive:asset:302374075:sha256:14a594b86b207508b89a42755f624c241e6ceef516d859a4b6bd2c4a5a7b472c:week:5
2025_05_NYG_NO,883.0,2025,5,NO,NYG,pass,-0.46583740447008326,NO,NYG,archive:asset:302374075:sha256:14a594b86b207508b89a42755f624c241e6ceef516d859a4b6bd2c4a5a7b472c:week:5
2025_05_NYG_NO,908.0,2025,5,NO,NYG,field_goal,0.08417771057051882,NO,NYG,archive:asset:302374075:sha256:14a594b86b207508b89a42755f624c241e6ceef516d859a4b6bd2c4a5a7b472c:week:5
2025_05_NYG_NO,928.0,2025,5,NYG,NO,kickoff,0.25344477919861674,NYG,NO,archive:asset:302374075:sha256:14a594b86b207508b89a42755f624c241e6ceef516d859a4b6bd2c4a5a7b472c:week:5
2025_05_NYG_NO,958.0,2025,5,NYG,NO,pass,0.5473146250005811,NYG,NO,archive:asset:302374075:sha256:14a594b86b207508b89a42755f624c241e6ceef516d859a4b6bd2c4a5a7b472c:week:5
2025_05_NYG_NO,983.0,2025,5,NYG,NO,run,0.5454590141307563,NYG,NO,archive:asset:302374075:sha256:14a594b86b207508b89a42755f624c241e6ceef516d859a4b6bd2c4a5a7b472c:week:5
2025_05_NYG_NO,1005.0,2025,5,NYG,NO,pass,-0.5594094390980899,NYG,NO,archive:asset:302374075:sha256:14a594b86b207508b89a42755f624c241e6ceef516d859a4b6bd2c4a5a7b472c:week:5
2025_05_NYG_NO,1028.0,2025,5,NYG,NO,run,1.6983854994177818,NYG,NO,archive:asset:302374075:sha256:14a594b86b207508b89a42755f624c241e6ceef516d859a4b6bd2c4a5a7b472c:week:5
2025_05_NYG_NO,1055.0,2025,5,NYG,NO,,-0.0,NYG,NO,archive:asset:302374075:sha256:14a594b86b207508b89a42755f624c241e6ceef516d859a4b6bd2c4a5a7b472c:week:5
2025_05_NYG_NO,1076.0,2025,5,NYG,NO,pass,1.0722604523180053,NYG,NO,archive:asset:302374075:sha256:14a594b86b207508b89a42755f624c241e6ceef516d859a4b6bd2c4a5a7b472c:week:5
2025_05_NYG_NO,1106.0,2025,5,NYG,NO,run,-0.5286446389509365,NYG,NO,archive:asset:302374075:sha256:14a594b86b207508b89a42755f624c241e6ceef516d859a4b6bd2c4a5a7b472c:week:5
2025_05_NYG_NO,1133.0,2025,5,NYG,NO,run,-0.669149739202112,NYG,NO,archive:asset:302374075:sha256:14a594b86b207508b89a42755f624c241e6ceef516d859a4b6bd2c4a5a7b472c:week:5
2025_05_NYG_NO,1160.0,2025,5,NYG,NO,pass,3.1868035888765007,NYG,NO,archive:asset:302374075:sha256:14a594b86b207508b89a42755f624c241e6ceef516d859a4b6bd2c4a5a7b472c:week:5
2025_05_NYG_NO,1186.0,2025,5,NYG,NO,extra_point,0.05117156607063911,NYG,NO,archive:asset:302374075:sha256:14a594b86b207508b89a42755f624c241e6ceef516d859a4b6bd2c4a5a7b472c:week:5
2025_05_NYG_NO,1201.0,2025,5,NO,NYG,kickoff,-0.55803646100685,NO,NYG,archive:asset:302374075:sha256:14a594b86b207508b89a42755f624c241e6ceef516d859a4b6bd2c4a5a7b472c:week:5
2025_05_NYG_NO,1231.0,2025,5,NO,NYG,run,-1.2760233478620648,NO,NYG,archive:asset:302374075:sha256:14a594b86b207508b89a42755f624c241e6ceef516d859a4b6bd2c4a5a7b472c:week:5
2025_05_NYG_NO,1253.0,2025,5,NO,NYG,pass,0.8733265639748424,NO,NYG,archive:asset:302374075:sha256:14a594b86b207508b89a42755f624c241e6ceef516d859a4b6bd2c4a5a7b472c:week:5
2025_05_NYG_NO,1283.0,2025,5,NO,NYG,pass,1.2407604865729809,NO,NYG,archive:asset:302374075:sha256:14a594b86b207508b89a42755f624c241e6ceef516d859a4b6bd2c4a5a7b472c:week:5
2025_05_NYG_NO,1308.0,2025,5,NO,NYG,pass,0.9325070956256241,NO,NYG,archive:asset:302374075:sha256:14a594b86b207508b89a42755f624c241e6ceef516d859a4b6bd2c4a5a7b472c:week:5
2025_05_NYG_NO,1333.0,2025,5,NO,NYG,run,0.4615078211063519,NO,NYG,archive:asset:302374075:sha256:14a594b86b207508b89a42755f624c241e6ceef516d859a4b6bd2c4a5a7b472c:week:5
2025_05_NYG_NO,1355.0,2025,5,NO,NYG,run,0.2704543200088665,NO,NYG,archive:asset:302374075:sha256:14a594b86b207508b89a42755f624c241e6ceef516d859a4b6bd2c4a5a7b472c:week:5
2025_05_NYG_NO,1377.0,2025,5,NO,NYG,run,-0.1180666919099167,NO,NYG,archive:asset:302374075:sha256:14a594b86b207508b89a42755f624c241e6ceef516d859a4b6bd2c4a5a7b472c:week:5
2025_05_NYG_NO,1399.0,2025,5,NO,NYG,run,0.5141918787267059,NO,NYG,archive:asset:302374075:sha256:14a594b86b207508b89a42755f624c241e6ceef516d859a4b6bd2c4a5a7b472c:week:5
2025_05_NYG_NO,1421.0,2025,5,NO,NYG,pass,-0.9231815299717709,NO,NYG,archive:asset:302374075:sha256:14a594b86b207508b89a42755f624c241e6ceef516d859a4b6bd2c4a5a7b472c:week:5
2025_05_NYG_NO,1450.0,2025,5,NO,NYG,pass,-0.8584185985382646,NO,NYG,archive:asset:302374075:sha256:14a594b86b207508b89a42755f624c241e6ceef516d859a4b6bd2c4a5a7b472c:week:5
2025_05_NYG_NO,1479.0,2025,5,NO,NYG,pass,-0.661295252677361,NO,NYG,archive:asset:302374075:sha256:14a594b86b207508b89a42755f624c241e6ceef516d859a4b6bd2c4a5a7b472c:week:5
2025_05_NYG_NO,1502.0,2025,5,NO,NYG,field_goal,1.6672873490604856,NO,NYG,archive:asset:302374075:sha256:14a594b86b207508b89a42755f624c241e6ceef516d859a4b6bd2c4a5a7b472c:week:5
2025_05_NYG_NO,1522.0,2025,5,NYG,NO,kickoff,0.46521656098775566,NYG,NO,archive:asset:302374075:sha256:14a594b86b207508b89a42755f624c241e6ceef516d859a4b6bd2c4a5a7b472c:week:5
2025_05_NYG_NO,1546.0,2025,5,NYG,NO,pass,-0.4710128651931882,NYG,NO,archive:asset:302374075:sha256:14a594b86b207508b89a42755f624c241e6ceef516d859a4b6bd2c4a5a7b472c:week:5
2025_05_NYG_NO,1569.0,2025,5,NYG,NO,run,1.219765329733491,NYG,NO,archive:asset:302374075:sha256:14a594b86b207508b89a42755f624c241e6ceef516d859a4b6bd2c4a5a7b472c:week:5
2025_05_NYG_NO,1591.0,2025,5,NYG,NO,pass,-0.5101597413886338,NYG,NO,archive:asset:302374075:sha256:14a594b86b207508b89a42755f624c241e6ceef516d859a4b6bd2c4a5a7b472c:week:5
2025_05_NYG_NO,1614.0,2025,5,NYG,NO,run,-0.7161387032829225,NYG,NO,archive:asset:302374075:sha256:14a594b86b207508b89a42755f624c241e6ceef516d859a4b6bd2c4a5a7b472c:week:5
2025_05_NYG_NO,1636.0,2025,5,NYG,NO,pass,-1.1491156287956983,NYG,NO,archive:asset:302374075:sha256:14a594b86b207508b89a42755f624c241e6ceef516d859a4b6bd2c4a5a7b472c:week:5
2025_05_NYG_NO,1666.0,2025,5,NYG,NO,punt,-0.655893174232915,NYG,NO,archive:asset:302374075:sha256:14a594b86b207508b89a42755f624c241e6ceef516d859a4b6bd2c4a5a7b472c:week:5
2025_05_NYG_NO,1686.0,2025,5,NO,NYG,pass,6.774546291213483,NO,NYG,archive:asset:302374075:sha256:14a594b86b207508b89a42755f624c241e6ceef516d859a4b6bd2c4a5a7b472c:week:5
2025_05_NYG_NO,1719.0,2025,5,NO,NYG,extra_point,0.05117156607063911,NO,NYG,archive:asset:302374075:sha256:14a594b86b207508b89a42755f624c241e6ceef516d859a4b6bd2c4a5a7b472c:week:5
2025_05_NYG_NO,1734.0,2025,5,NYG,NO,kickoff,0.09740852448157966,NYG,NO,archive:asset:302374075:sha256:14a594b86b207508b89a42755f624c241e6ceef516d859a4b6bd2c4a5a7b472c:week:5
2025_05_NYG_NO,1764.0,2025,5,NYG,NO,run,0.49578420049510896,NYG,NO,archive:asset:302374075:sha256:14a594b86b207508b89a42755f624c241e6ceef516d859a4b6bd2c4a5a7b472c:week:5
2025_05_NYG_NO,1786.0,2025,5,NYG,NO,run,0.2288136036368087,NYG,NO,archive:asset:302374075:sha256:14a594b86b207508b89a42755f624c241e6ceef516d859a4b6bd2c4a5a7b472c:week:5
2025_05_NYG_NO,1808.0,2025,5,NYG,NO,run,0.13892382534686476,NYG,NO,archive:asset:302374075:sha256:14a594b86b207508b89a42755f624c241e6ceef516d859a4b6bd2c4a5a7b472c:week:5
2025_05_NYG_NO,1830.0,2025,5,NYG,NO,run,-0.26983641262631863,NYG,NO,archive:asset:302374075:sha256:14a594b86b207508b89a42755f624c241e6ceef516d859a4b6bd2c4a5a7b472c:week:5
2025_05_NYG_NO,1852.0,2025,5,NYG,NO,pass,-1.6606416986323893,NYG,NO,archive:asset:302374075:sha256:14a594b86b207508b89a42755f624c241e6ceef516d859a4b6bd2c4a5a7b472c:week:5
2025_05_NYG_NO,1875.0,2025,5,NYG,NO,no_play,-0.4066690873587504,NYG,NO,archive:asset:302374075:sha256:14a594b86b207508b89a42755f624c241e6ceef516d859a4b6bd2c4a5a7b472c:week:5
2025_05_NYG_NO,1899.0,2025,5,NYG,NO,punt,-0.5930608720518649,NYG,NO,archive:asset:302374075:sha256:14a594b86b207508b89a42755f624c241e6ceef516d859a4b6bd2c4a5a7b472c:week:5
2025_05_NYG_NO,1918.0,2025,5,NO,NYG,run,-0.29923492786474526,NO,NYG,archive:asset:302374075:sha256:14a594b86b207508b89a42755f624c241e6ceef516d859a4b6bd2c4a5a7b472c:week:5
2025_05_NYG_NO,1952.0,2025,5,NO,NYG,no_play,1.3301025554537773,NO,NYG,archive:asset:302374075:sha256:14a594b86b207508b89a42755f624c241e6ceef516d859a4b6bd2c4a5a7b472c:week:5
2025_05_NYG_NO,2004.0,2025,5,NO,NYG,no_play,0.9311409842339344,NO,NYG,archive:asset:302374075:sha256:14a594b86b207508b89a42755f624c241e6ceef516d859a4b6bd2c4a5a7b472c:week:5
2025_05_NYG_NO,2038.0,2025,5,NO,NYG,pass,0.7554925050353631,NO,NYG,archive:asset:302374075:sha256:14a594b86b207508b89a42755f624c241e6ceef516d859a4b6bd2c4a5a7b472c:week:5
2025_05_NYG_NO,2068.0,2025,5,NO,NYG,pass,-0.30975511128781363,NO,NYG,archive:asset:302374075:sha256:14a594b86b207508b89a42755f624c241e6ceef516d859a4b6bd2c4a5a7b472c:week:5
2025_05_NYG_NO,2091.0,2025,5,NO,NYG,run,-1.0911918836063705,NO,NYG,archive:asset:302374075:sha256:14a594b86b207508b89a42755f624c241e6ceef516d859a4b6bd2c4a5a7b472c:week:5
2025_05_NYG_NO,2125.0,2025,5,,,no_play,0.0,,,archive:asset:302374075:sha256:14a594b86b207508b89a42755f624c241e6ceef516d859a4b6bd2c4a5a7b472c:week:5
2025_05_NYG_NO,2113.0,2025,5,NO,NYG,pass,-0.43278319946552624,NO,NYG,archive:asset:302374075:sha256:14a594b86b207508b89a42755f624c241e6ceef516d859a4b6bd2c4a5a7b472c:week:5
2025_05_NYG_NO,2157.0,2025,5,,,no_play,0.0,,,archive:asset:302374075:sha256:14a594b86b207508b89a42755f624c241e6ceef516d859a4b6bd2c4a5a7b472c:week:5
2025_05_NYG_NO,2145.0,2025,5,NO,NYG,field_goal,-3.737450877969926,NO,NYG,archive:asset:302374075:sha256:14a594b86b207508b89a42755f624c241e6ceef516d859a4b6bd2c4a5a7b472c:week:5
2025_05_NYG_NO,2173.0,2025,5,NYG,NO,pass,-0.5339236478321254,NYG,NO,archive:asset:302374075:sha256:14a594b86b207508b89a42755f624c241e6ceef516d859a4b6bd2c4a5a7b472c:week:5
2025_05_NYG_NO,2196.0,2025,5,NYG,NO,pass,1.2402477029827423,NYG,NO,archive:asset:302374075:sha256:14a594b86b207508b89a42755f624c241e6ceef516d859a4b6bd2c4a5a7b472c:week:5
2025_05_NYG_NO,2226.0,2025,5,NYG,NO,pass,-5.370870599348564,NYG,NO,archive:asset:302374075:sha256:14a594b86b207508b89a42755f624c241e6ceef516d859a4b6bd2c4a5a7b472c:week:5
2025_05_NYG_NO,2272.0,2025,5,NO,NYG,pass,0.015106829814612865,NO,NYG,archive:asset:302374075:sha256:14a594b86b207508b89a42755f624c241e6ceef516d859a4b6bd2c4a5a7b472c:week:5
2025_05_NYG_NO,2297.0,2025,5,NO,NYG,pass,0.14755447616335005,NO,NYG,archive:asset:302374075:sha256:14a594b86b207508b89a42755f624c241e6ceef516d859a4b6bd2c4a5a7b472c:week:5
2025_05_NYG_NO,2322.0,2025,5,NO,NYG,run,0.5223934383247979,NO,NYG,archive:asset:302374075:sha256:14a594b86b207508b89a42755f624c241e6ceef516d859a4b6bd2c4a5a7b472c:week:5
2025_05_NYG_NO,2349.0,2025,5,NO,NYG,pass,-0.30859199701808393,NO,NYG,archive:asset:302374075:sha256:14a594b86b207508b89a42755f624c241e6ceef516d859a4b6bd2c4a5a7b472c:week:5
2025_05_NYG_NO,2372.0,2025,5,NO,NYG,pass,0.13772003614576533,NO,NYG,archive:asset:302374075:sha256:14a594b86b207508b89a42755f624c241e6ceef516d859a4b6bd2c4a5a7b472c:week:5
2025_05_NYG_NO,2409.0,2025,5,,,no_play,0.0,,,archive:asset:302374075:sha256:14a594b86b207508b89a42755f624c241e6ceef516d859a4b6bd2c4a5a7b472c:week:5
2025_05_NYG_NO,2416.0,2025,5,,,no_play,0.0,,,archive:asset:302374075:sha256:14a594b86b207508b89a42755f624c241e6ceef516d859a4b6bd2c4a5a7b472c:week:5
2025_05_NYG_NO,2397.0,2025,5,NO,NYG,pass,-0.523554748040624,NO,NYG,archive:asset:302374075:sha256:14a594b86b207508b89a42755f624c241e6ceef516d859a4b6bd2c4a5a7b472c:week:5
2025_05_NYG_NO,2448.0,2025,5,,,no_play,0.0,,,archive:asset:302374075:sha256:14a594b86b207508b89a42755f624c241e6ceef516d859a4b6bd2c4a5a7b472c:week:5
2025_05_NYG_NO,2436.0,2025,5,NO,NYG,pass,0.3850047782224273,NO,NYG,archive:asset:302374075:sha256:14a594b86b207508b89a42755f624c241e6ceef516d859a4b6bd2c4a5a7b472c:week:5
2025_05_NYG_NO,2466.0,2025,5,NO,NYG,field_goal,0.0745309249569992,NO,NYG,archive:asset:302374075:sha256:14a594b86b207508b89a42755f624c241e6ceef516d859a4b6bd2c4a5a7b472c:week:5
2025_05_NYG_NO,2486.0,2025,5,,,,,,,archive:asset:302374075:sha256:14a594b86b207508b89a42755f624c241e6ceef516d859a4b6bd2c4a5a7b472c:week:5
2025_05_NYG_NO,2504.0,2025,5,NYG,NO,kickoff,0.7148087108507752,NYG,NO,archive:asset:302374075:sha256:14a594b86b207508b89a42755f624c241e6ceef516d859a4b6bd2c4a5a7b472c:week:5
2025_05_NYG_NO,2537.0,2025,5,NYG,NO,pass,-1.0473477505147457,NYG,NO,archive:asset:302374075:sha256:14a594b86b207508b89a42755f624c241e6ceef516d859a4b6bd2c4a5a7b472c:week:5
2025_05_NYG_NO,2562.0,2025,5,NYG,NO,pass,0.04102698853239417,NYG,NO,archive:asset:302374075:sha256:14a594b86b207508b89a42755f624c241e6ceef516d859a4b6bd2c4a5a7b472c:week:5
2025_05_NYG_NO,2587.0,2025,5,NYG,NO,pass,-0.7987107769586146,NYG,NO,archive:asset:302374075:sha256:14a594b86b207508b89a42755f624c241e6ceef516d859a4b6bd2c4a5a7b472c:week:5
2025_05_NYG_NO,2612.0,2025,5,NYG,NO,run,2.6248676548711956,NYG,NO,archive:asset:302374075:sha256:14a594b86b207508b89a42755f624c241e6ceef516d859a4b6bd2c4a5a7b472c:week:5
2025_05_NYG_NO,2634.0,2025,5,NYG,NO,run,0.33031207229942083,NYG,NO,archive:asset:302374075:sha256:14a594b86b207508b89a42755f624c241e6ceef516d859a4b6bd2c4a5a7b472c:week:5
2025_05_NYG_NO,2656.0,2025,5,NYG,NO,run,0.15383754554204643,NYG,NO,archive:asset:302374075:sha256:14a594b86b207508b89a42755f624c241e6ceef516d859a4b6bd2c4a5a7b472c:week:5
2025_05_NYG_NO,2678.0,2025,5,NYG,NO,pass,-6.027168701868504,NYG,NO,archive:asset:302374075:sha256:14a594b86b207508b89a42755f624c241e6ceef516d859a4b6bd2c4a5a7b472c:week:5
2025_05_NYG_NO,2713.0,2025,5,NO,NYG,pass,-1.4973667731974274,NO,NYG,archive:asset:302374075:sha256:14a594b86b207508b89a42755f624c241e6ceef516d859a4b6bd2c4a5a7b472c:week:5
2025_05_NYG_NO,2794.0,2025,5,,,no_play,0.0,,,archive:asset:302374075:sha256:14a594b86b207508b89a42755f624c241e6ceef516d859a4b6bd2c4a5a7b472c:week:5
2025_05_NYG_NO,2771.0,2025,5,NO,NYG,pass,0.0353486945386976,NO,NYG,archive:asset:302374075:sha256:14a594b86b207508b89a42755f624c241e6ceef516d859a4b6bd2c4a5a7b472c:week:5
2025_05_NYG_NO,2819.0,2025,5,NO,NYG,pass,2.3951963576255366,NO,NYG,archive:asset:302374075:sha256:14a594b86b207508b89a42755f624c241e6ceef516d859a4b6bd2c4a5a7b472c:week:5
2025_05_NYG_NO,2849.0,2025,5,NO,NYG,run,0.6419761856086552,NO,NYG,archive:asset:302374075:sha256:14a594b86b207508b89a42755f624c241e6ceef516d859a4b6bd2c4a5a7b472c:week:5
2025_05_NYG_NO,2871.0,2025,5,NO,NYG,run,-0.6458774320781231,NO,NYG,archive:asset:302374075:sha256:14a594b86b207508b89a42755f624c241e6ceef516d859a4b6bd2c4a5a7b472c:week:5
2025_05_NYG_NO,2893.0,2025,5,NO,NYG,pass,1.8301944836275652,NO,NYG,archive:asset:302374075:sha256:14a594b86b207508b89a42755f624c241e6ceef516d859a4b6bd2c4a5a7b472c:week:5
2025_05_NYG_NO,2918.0,2025,5,NO,NYG,no_play,-0.6913904105313122,NO,NYG,archive:asset:302374075:sha256:14a594b86b207508b89a42755f624c241e6ceef516d859a4b6bd2c4a5a7b472c:week:5
2025_05_NYG_NO,2942.0,2025,5,NO,NYG,run,-0.111968127428554,NO,NYG,archive:asset:302374075:sha256:14a594b86b207508b89a42755f624c241e6ceef516d859a4b6bd2c4a5a7b472c:week:5
2025_05_NYG_NO,2964.0,2025,5,NO,NYG,pass,-0.8083982929820195,NO,NYG,archive:asset:302374075:sha256:14a594b86b207508b89a42755f624c241e6ceef516d859a4b6bd2c4a5a7b472c:week:5
2025_05_NYG_NO,2995.0,2025,5,NO,NYG,pass,-1.216549308349725,NO,NYG,archive:asset:302374075:sha256:14a594b86b207508b89a42755f624c241e6ceef516d859a4b6bd2c4a5a7b472c:week:5
2025_05_NYG_NO,3018.0,2025,5,NO,NYG,field_goal,0.06871172420994576,NO,NYG,archive:asset:302374075:sha256:14a594b86b207508b89a42755f624c241e6ceef516d859a4b6bd2c4a5a7b472c:week:5
2025_05_NYG_NO,3038.0,2025,5,NYG,NO,kickoff,0.3065942677203566,NYG,NO,archive:asset:302374075:sha256:14a594b86b207508b89a42755f624c241e6ceef516d859a4b6bd2c4a5a7b472c:week:5
2025_05_NYG_NO,3068.0,2025,5,NYG,NO,run,0.6150737372227013,NYG,NO,archive:asset:302374075:sha256:14a594b86b207508b89a42755f624c241e6ceef516d859a4b6bd2c4a5a7b472c:week:5
2025_05_NYG_NO,3090.0,2025,5,NYG,NO,run,0.10286920866928995,NYG,NO,archive:asset:302374075:sha256:14a594b86b207508b89a42755f624c241e6ceef516d859a4b6bd2c4a5a7b472c:week:5
2025_05_NYG_NO,3112.0,2025,5,NYG,NO,run,-0.45264839637093246,NYG,NO,archive:asset:302374075:sha256:14a594b86b207508b89a42755f624c241e6ceef516d859a4b6bd2c4a5a7b472c:week:5
2025_05_NYG_NO,3134.0,2025,5,NYG,NO,run,-0.6742185759358108,NYG,NO,archive:asset:302374075:sha256:14a594b86b207508b89a42755f624c241e6ceef516d859a4b6bd2c4a5a7b472c:week:5
2025_05_NYG_NO,3156.0,2025,5,NYG,NO,pass,2.017669153865427,NYG,NO,archive:asset:302374075:sha256:14a594b86b207508b89a42755f624c241e6ceef516d859a4b6bd2c4a5a7b472c:week:5
2025_05_NYG_NO,3181.0,2025,5,NYG,NO,run,-0.3667488917708397,NYG,NO,archive:asset:302374075:sha256:14a594b86b207508b89a42755f624c241e6ceef516d859a4b6bd2c4a5a7b472c:week:5
2025_05_NYG_NO,3203.0,2025,5,NYG,NO,run,-0.020973195089027286,NYG,NO,archive:asset:302374075:sha256:14a594b86b207508b89a42755f624c241e6ceef516d859a4b6bd2c4a5a7b472c:week:5
2025_05_NYG_NO,3225.0,2025,5,NYG,NO,run,1.5961305989185348,NYG,NO,archive:asset:302374075:sha256:14a594b86b207508b89a42755f624c241e6ceef516d859a4b6bd2c4a5a7b472c:week:5
2025_05_NYG_NO,3247.0,2025,5,NYG,NO,run,-0.16633681883104146,NYG,NO,archive:asset:302374075:sha256:14a594b86b207508b89a42755f624c241e6ceef516d859a4b6bd2c4a5a7b472c:week:5
2025_05_NYG_NO,3269.0,2025,5,NYG,NO,pass,0.8015971905551851,NYG,NO,archive:asset:302374075:sha256:14a594b86b207508b89a42755f624c241e6ceef516d859a4b6bd2c4a5a7b472c:week:5
2025_05_NYG_NO,3294.0,2025,5,NYG,NO,pass,-0.2844780810410157,NYG,NO,archive:asset:302374075:sha256:14a594b86b207508b89a42755f624c241e6ceef516d859a4b6bd2c4a5a7b472c:week:5
2025_05_NYG_NO,3319.0,2025,5,NYG,NO,,-0.0,NYG,NO,archive:asset:302374075:sha256:14a594b86b207508b89a42755f624c241e6ceef516d859a4b6bd2c4a5a7b472c:week:5
2025_05_NYG_NO,3339.0,2025,5,NYG,NO,run,-11.858701292425394,NYG,NO,archive:asset:302374075:sha256:14a594b86b207508b89a42755f624c241e6ceef516d859a4b6bd2c4a5a7b472c:week:5
2025_05_NYG_NO,3378.0,2025,5,NO,NYG,extra_point,0.05117156607063911,NO,NYG,archive:asset:302374075:sha256:14a594b86b207508b89a42755f624c241e6ceef516d859a4b6bd2c4a5a7b472c:week:5
2025_05_NYG_NO,3393.0,2025,5,NYG,NO,kickoff,1.3564949384890497,NYG,NO,archive:asset:302374075:sha256:14a594b86b207508b89a42755f624c241e6ceef516d859a4b6bd2c4a5a7b472c:week:5
2025_05_NYG_NO,3423.0,2025,5,NYG,NO,pass,-0.3089450525585562,NYG,NO,archive:asset:302374075:sha256:14a594b86b207508b89a42755f624c241e6ceef516d859a4b6bd2c4a5a7b472c:week:5
2025_05_NYG_NO,3448.0,2025,5,NYG,NO,run,-0.33610486006364226,NYG,NO,archive:asset:302374075:sha256:14a594b86b207508b89a42755f624c241e6ceef516d859a4b6bd2c4a5a7b472c:week:5
2025_05_NYG_NO,3470.0,2025,5,NYG,NO,run,-0.9694389493670315,NYG,NO,archive:asset:302374075:sha256:14a594b86b207508b89a42755f624c241e6ceef516d859a4b6bd2c4a5a7b472c:week:5
2025_05_NYG_NO,3492.0,2025,5,NYG,NO,run,2.2241413660813123,NYG,NO,archive:asset:302374075:sha256:14a594b86b207508b89a42755f624c241e6ceef516d859a4b6bd2c4a5a7b472c:week:5
2025_05_NYG_NO,3514.0,2025,5,NYG,NO,no_play,-0.6149684456177056,NYG,NO,archive:asset:302374075:sha256:14a594b86b207508b89a42755f624c241e6ceef516d859a4b6bd2c4a5a7b472c:week:5
2025_05_NYG_NO,3538.0,2025,5,NYG,NO,pass,0.09767566109076142,NYG,NO,archive:asset:302374075:sha256:14a594b86b207508b89a42755f624c241e6ceef516d859a4b6bd2c4a5a7b472c:week:5
2025_05_NYG_NO,3568.0,2025,5,NYG,NO,pass,-0.7997629360761493,NYG,NO,archive:asset:302374075:sha256:14a594b86b207508b89a42755f624c241e6ceef516d859a4b6bd2c4a5a7b472c:week:5
2025_05_NYG_NO,3604.0,2025,5,NYG,NO,pass,-0.9634500064421445,NYG,NO,archive:asset:302374075:sha256:14a594b86b207508b89a42755f624c241e6ceef516d859a4b6bd2c4a5a7b472c:week:5
2025_05_NYG_NO,3638.0,2025,5,NYG,NO,pass,-0.6156417322345078,NYG,NO,archive:asset:302374075:sha256:14a594b86b207508b89a42755f624c241e6ceef516d859a4b6bd2c4a5a7b472c:week:5
2025_05_NYG_NO,3663.0,2025,5,NYG,NO,pass,-0.5687339992728084,NYG,NO,archive:asset:302374075:sha256:14a594b86b207508b89a42755f624c241e6ceef516d859a4b6bd2c4a5a7b472c:week:5
2025_05_NYG_NO,3700.0,2025,5,NO,NYG,run,0.2718487458769232,NO,NYG,archive:asset:302374075:sha256:14a594b86b207508b89a42755f624c241e6ceef516d859a4b6bd2c4a5a7b472c:week:5
2025_05_NYG_NO,3729.0,2025,5,NO,NYG,run,0.7772833812050521,NO,NYG,archive:asset:302374075:sha256:14a594b86b207508b89a42755f624c241e6ceef516d859a4b6bd2c4a5a7b472c:week:5
2025_05_NYG_NO,3751.0,2025,5,NO,NYG,run,0.2946922560222447,NO,NYG,archive:asset:302374075:sha256:14a594b86b207508b89a42755f624c241e6ceef516d859a4b6bd2c4a5a7b472c:week:5
2025_05_NYG_NO,3773.0,2025,5,NO,NYG,run,-0.07086443086154759,NO,NYG,archive:asset:302374075:sha256:14a594b86b207508b89a42755f624c241e6ceef516d859a4b6bd2c4a5a7b472c:week:5
2025_05_NYG_NO,3795.0,2025,5,NO,NYG,run,-1.747665758477524,NO,NYG,archive:asset:302374075:sha256:14a594b86b207508b89a42755f624c241e6ceef516d859a4b6bd2c4a5a7b472c:week:5
2025_05_NYG_NO,3817.0,2025,5,NO,NYG,punt,-1.7911096217576414,NO,NYG,archive:asset:302374075:sha256:14a594b86b207508b89a42755f624c241e6ceef516d859a4b6bd2c4a5a7b472c:week:5
2025_05_NYG_NO,3855.0,2025,5,NYG,NO,pass,-0.4665398949291557,NYG,NO,archive:asset:302374075:sha256:14a594b86b207508b89a42755f624c241e6ceef516d859a4b6bd2c4a5a7b472c:week:5
2025_05_NYG_NO,3885.0,2025,5,NYG,NO,pass,0.02266825968399644,NYG,NO,archive:asset:302374075:sha256:14a594b86b207508b89a42755f624c241e6ceef516d859a4b6bd2c4a5a7b472c:week:5
2025_05_NYG_NO,3910.0,2025,5,NYG,NO,pass,-1.7328446255996823,NYG,NO,archive:asset:302374075:sha256:14a594b86b207508b89a42755f624c241e6ceef516d859a4b6bd2c4a5a7b472c:week:5
2025_05_NYG_NO,3933.0,2025,5,NYG,NO,run,2.8736620841082186,NYG,NO,archive:asset:302374075:sha256:14a594b86b207508b89a42755f624c241e6ceef516d859a4b6bd2c4a5a7b472c:week:5
2025_05_NYG_NO,3955.0,2025,5,NYG,NO,no_play,-1.0011649881489575,NYG,NO,archive:asset:302374075:sha256:14a594b86b207508b89a42755f624c241e6ceef516d859a4b6bd2c4a5a7b472c:week:5
2025_05_NYG_NO,3989.0,2025,5,NYG,NO,pass,-0.5270585075486451,NYG,NO,archive:asset:302374075:sha256:14a594b86b207508b89a42755f624c241e6ceef516d859a4b6bd2c4a5a7b472c:week:5
2025_05_NYG_NO,4012.0,2025,5,NYG,NO,pass,-4.355329738231376,NYG,NO,archive:asset:302374075:sha256:14a594b86b207508b89a42755f624c241e6ceef516d859a4b6bd2c4a5a7b472c:week:5
2025_05_NYG_NO,4039.0,2025,5,NO,NYG,run,-0.894194514490664,NO,NYG,archive:asset:302374075:sha256:14a594b86b207508b89a42755f624c241e6ceef516d859a4b6bd2c4a5a7b472c:week:5
2025_05_NYG_NO,4073.0,2025,5,,,no_play,0.0,,,archive:asset:302374075:sha256:14a594b86b207508b89a42755f624c241e6ceef516d859a4b6bd2c4a5a7b472c:week:5
2025_05_NYG_NO,4061.0,2025,5,NO,NYG,run,-0.4456138163805008,NO,NYG,archive:asset:302374075:sha256:14a594b86b207508b89a42755f624c241e6ceef516d859a4b6bd2c4a5a7b472c:week:5
2025_05_NYG_NO,4102.0,2025,5,,,no_play,0.0,,,archive:asset:302374075:sha256:14a594b86b207508b89a42755f624c241e6ceef516d859a4b6bd2c4a5a7b472c:week:5
2025_05_NYG_NO,4090.0,2025,5,NO,NYG,pass,-0.7935285364510491,NO,NYG,archive:asset:302374075:sha256:14a594b86b207508b89a42755f624c241e6ceef516d859a4b6bd2c4a5a7b472c:week:5
2025_05_NYG_NO,4134.0,2025,5,,,no_play,0.0,,,archive:asset:302374075:sha256:14a594b86b207508b89a42755f624c241e6ceef516d859a4b6bd2c4a5a7b472c:week:5
2025_05_NYG_NO,4122.0,2025,5,NO,NYG,pass,1.8329431105521508,NO,NYG,archive:asset:302374075:sha256:14a594b86b207508b89a42755f624c241e6ceef516d859a4b6bd2c4a5a7b472c:week:5
2025_05_NYG_NO,4169.0,2025,5,,,no_play,0.0,,,archive:asset:302374075:sha256:14a594b86b207508b89a42755f624c241e6ceef516d859a4b6bd2c4a5a7b472c:week:5
2025_05_NYG_NO,4157.0,2025,5,NO,NYG,run,-0.4929238351760432,NO,NYG,archive:asset:302374075:sha256:14a594b86b207508b89a42755f624c241e6ceef516d859a4b6bd2c4a5a7b472c:week:5
2025_05_NYG_NO,4186.0,2025,5,NO,NYG,run,-0.5828273896477185,NO,NYG,archive:asset:302374075:sha256:14a594b86b207508b89a42755f624c241e6ceef516d859a4b6bd2c4a5a7b472c:week:5
2025_05_NYG_NO,4208.0,2025,5,NO,NYG,run,0.37793479490490656,NO,NYG,archive:asset:302374075:sha256:14a594b86b207508b89a42755f624c241e6ceef516d859a4b6bd2c4a5a7b472c:week:5
2025_05_NYG_NO,4239.0,2025,5,NO,NYG,field_goal,-3.8637417828750427,NO,NYG,archive:asset:302374075:sha256:14a594b86b207508b89a42755f624c241e6ceef516d859a4b6bd2c4a5a7b472c:week:5
2025_05_NYG_NO,4267.0,2025,5,NYG,NO,no_play,0.8362483357777819,NYG,NO,archive:asset:302374075:sha256:14a594b86b207508b89a42755f624c241e6ceef516d859a4b6bd2c4a5a7b472c:week:5
2025_05_NYG_NO,4298.0,2025,5,NYG,NO,pass,-0.6428327284520492,NYG,NO,archive:asset:302374075:sha256:14a594b86b207508b89a42755f624c241e6ceef516d859a4b6bd2c4a5a7b472c:week:5
2025_05_NYG_NO,4323.0,2025,5,NYG,NO,pass,1.3432721194112673,NYG,NO,archive:asset:302374075:sha256:14a594b86b207508b89a42755f624c241e6ceef516d859a4b6bd2c4a5a7b472c:week:5
2025_05_NYG_NO,4353.0,2025,5,NYG,NO,pass,1.0808449069154449,NYG,NO,archive:asset:302374075:sha256:14a594b86b207508b89a42755f624c241e6ceef516d859a4b6bd2c4a5a7b472c:week:5
2025_05_NYG_NO,4378.0,2025,5,NYG,NO,qb_spike,-0.3840378354070708,NYG,NO,archive:asset:302374075:sha256:14a594b86b207508b89a42755f624c241e6ceef516d859a4b6bd2c4a5a7b472c:week:5
2025_05_NYG_NO,4401.0,2025,5,NYG,NO,pass,-0.7178894848329946,NYG,NO,archive:asset:302374075:sha256:14a594b86b207508b89a42755f624c241e6ceef516d859a4b6bd2c4a5a7b472c:week:5
2025_05_NYG_NO,4431.0,2025,5,NYG,NO,pass,-1.1306857710587792,NYG,NO,archive:asset:302374075:sha256:14a594b86b207508b89a42755f624c241e6ceef516d859a4b6bd2c4a5a7b472c:week:5
2025_05_NYG_NO,4466.0,2025,5,,,no_play,-0.0,,,archive:asset:302374075:sha256:14a594b86b207508b89a42755f624c241e6ceef516d859a4b6bd2c4a5a7b472c:week:5
2025_05_NYG_NO,4454.0,2025,5,NYG,NO,no_play,-0.18325855769217014,NYG,NO,archive:asset:302374075:sha256:14a594b86b207508b89a42755f624c241e6ceef516d859a4b6bd2c4a5a7b472c:week:5
2025_05_NYG_NO,4485.0,2025,5,NYG,NO,no_play,0.18325855769217014,NYG,NO,archive:asset:302374075:sha256:14a594b86b207508b89a42755f624c241e6ceef516d859a4b6bd2c4a5a7b472c:week:5
2025_05_NYG_NO,4509.0,2025,5,NYG,NO,pass,-2.220752335852012,NYG,NO,archive:asset:302374075:sha256:14a594b86b207508b89a42755f624c241e6ceef516d859a4b6bd2c4a5a7b472c:week:5
2025_05_NYG_NO,4532.0,2025,5,NO,NYG,qb_kneel,0.0,NO,NYG,archive:asset:302374075:sha256:14a594b86b207508b89a42755f624c241e6ceef516d859a4b6bd2c4a5a7b472c:week:5
2025_05_NYG_NO,4554.0,2025,5,NO,NYG,,,NO,NYG,archive:asset:302374075:sha256:14a594b86b207508b89a42755f624c241e6ceef516d859a4b6bd2c4a5a7b472c:week:5
2025_05_SF_LA,1.0,2025,5,,,,-0.0,,,archive:asset:302374075:sha256:14a594b86b207508b89a42755f624c241e6ceef516d859a4b6bd2c4a5a7b472c:week:5
2025_05_SF_LA,43.0,2025,5,SF,LAR,kickoff,0.10780292609706521,SF,LA,archive:asset:302374075:sha256:14a594b86b207508b89a42755f624c241e6ceef516d859a4b6bd2c4a5a7b472c:week:5
2025_05_SF_LA,70.0,2025,5,SF,LAR,run,0.048358114436268806,SF,LA,archive:asset:302374075:sha256:14a594b86b207508b89a42755f624c241e6ceef516d859a4b6bd2c4a5a7b472c:week:5
2025_05_SF_LA,92.0,2025,5,SF,LAR,pass,1.3323087929747999,SF,LA,archive:asset:302374075:sha256:14a594b86b207508b89a42755f624c241e6ceef516d859a4b6bd2c4a5a7b472c:week:5
2025_05_SF_LA,117.0,2025,5,SF,LAR,no_play,-0.6777171860449016,SF,LA,archive:asset:302374075:sha256:14a594b86b207508b89a42755f624c241e6ceef516d859a4b6bd2c4a5a7b472c:week:5
2025_05_SF_LA,141.0,2025,5,SF,LAR,pass,1.246923272497952,SF,LA,archive:asset:302374075:sha256:14a594b86b207508b89a42755f624c241e6ceef516d859a4b6bd2c4a5a7b472c:week:5
2025_05_SF_LA,166.0,2025,5,SF,LAR,no_play,-0.6994521606247872,SF,LA,archive:asset:302374075:sha256:14a594b86b207508b89a42755f624c241e6ceef516d859a4b6bd2c4a5a7b472c:week:5
2025_05_SF_LA,200.0,2025,5,SF,LAR,pass,2.5956152242142707,SF,LA,archive:asset:302374075:sha256:14a594b86b207508b89a42755f624c241e6ceef516d859a4b6bd2c4a5a7b472c:week:5
2025_05_SF_LA,225.0,2025,5,SF,LAR,run,-0.2451276471838355,SF,LA,archive:asset:302374075:sha256:14a594b86b207508b89a42755f624c241e6ceef516d859a4b6bd2c4a5a7b472c:week:5
2025_05_SF_LA,247.0,2025,5,SF,LAR,pass,0.2610759895760566,SF,LA,archive:asset:302374075:sha256:14a594b86b207508b89a42755f624c241e6ceef516d859a4b6bd2c4a5a7b472c:week:5
2025_05_SF_LA,272.0,2025,5,SF,LAR,run,0.7261240140069276,SF,LA,archive:asset:302374075:sha256:14a594b86b207508b89a42755f624c241e6ceef516d859a4b6bd2c4a5a7b472c:week:5
2025_05_SF_LA,294.0,2025,5,SF,LAR,pass,1.295837301760912,SF,LA,archive:asset:302374075:sha256:14a594b86b207508b89a42755f624c241e6ceef516d859a4b6bd2c4a5a7b472c:week:5
2025_05_SF_LA,320.0,2025,5,SF,LAR,extra_point,0.05117156607063911,SF,LA,archive:asset:302374075:sha256:14a594b86b207508b89a42755f624c241e6ceef516d859a4b6bd2c4a5a7b472c:week:5
2025_05_SF_LA,335.0,2025,5,LAR,SF,kickoff,0.4722586399875581,LA,SF,archive:asset:302374075:sha256:14a594b86b207508b89a42755f624c241e6ceef516d859a4b6bd2c4a5a7b472c:week:5
2025_05_SF_LA,365.0,2025,5,LAR,SF,run,-0.17386579304002225,LA,SF,archive:asset:302374075:sha256:14a594b86b207508b89a42755f624c241e6ceef516d859a4b6bd2c4a5a7b472c:week:5
2025_05_SF_LA,387.0,2025,5,LAR,SF,pass,0.2626468960661441,LA,SF,archive:asset:302374075:sha256:14a594b86b207508b89a42755f624c241e6ceef516d859a4b6bd2c4a5a7b472c:week:5
2025_05_SF_LA,412.0,2025,5,LAR,SF,run,0.5593209592625499,LA,SF,archive:asset:302374075:sha256:14a594b86b207508b89a42755f624c241e6ceef516d859a4b6bd2c4a5a7b472c:week:5
2025_05_SF_LA,434.0,2025,5,LAR,SF,pass,-0.5070538481231779,LA,SF,archive:asset:302374075:sha256:14a594b86b207508b89a42755f624c241e6ceef516d859a4b6bd2c4a5a7b472c:week:5
2025_05_SF_LA,457.0,2025,5,LAR,SF,pass,-1.9559360661078244,LA,SF,archive:asset:302374075:sha256:14a594b86b207508b89a42755f624c241e6ceef516d859a4b6bd2c4a5a7b472c:week:5
2025_05_SF_LA,477.0,2025,5,LAR,SF,run,-0.9927732506766915,LA,SF,archive:asset:302374075:sha256:14a594b86b207508b89a42755f624c241e6ceef516d859a4b6bd2c4a5a7b472c:week:5
2025_05_SF_LA,499.0,2025,5,LAR,SF,punt,0.6093150444794446,LA,SF,archive:asset:302374075:sha256:14a594b86b207508b89a42755f624c241e6ceef516d859a4b6bd2c4a5a7b472c:week:5
2025_05_SF_LA,525.0,2025,5,SF,LAR,run,-0.21499151713214815,SF,LA,archive:asset:302374075:sha256:14a594b86b207508b89a42755f624c241e6ceef516d859a4b6bd2c4a5a7b472c:week:5
2025_05_SF_LA,554.0,2025,5,SF,LAR,pass,2.1750687812455,SF,LA,archive:asset:302374075:sha256:14a594b86b207508b89a42755f624c241e6ceef516d859a4b6bd2c4a5a7b472c:week:5
2025_05_SF_LA,595.0,2025,5,SF,LAR,run,0.1628683852031827,SF,LA,archive:asset:302374075:sha256:14a594b86b207508b89a42755f624c241e6ceef516d859a4b6bd2c4a5a7b472c:week:5
2025_05_SF_LA,617.0,2025,5,SF,LAR,run,-1.1656789740081877,SF,LA,archive:asset:302374075:sha256:14a594b86b207508b89a42755f624c241e6ceef516d859a4b6bd2c4a5a7b472c:week:5
2025_05_SF_LA,639.0,2025,5,SF,LAR,pass,-0.5964241898618639,SF,LA,archive:asset:302374075:sha256:14a594b86b207508b89a42755f624c241e6ceef516d859a4b6bd2c4a5a7b472c:week:5
2025_05_SF_LA,664.0,2025,5,SF,LAR,run,2.3505723318085074,SF,LA,archive:asset:302374075:sha256:14a594b86b207508b89a42755f624c241e6ceef516d859a4b6bd2c4a5a7b472c:week:5
2025_05_SF_LA,686.0,2025,5,SF,LAR,pass,0.73195865098387,SF,LA,archive:asset:302374075:sha256:14a594b86b207508b89a42755f624c241e6ceef516d859a4b6bd2c4a5a7b472c:week:5
2025_05_SF_LA,711.0,2025,5,SF,LAR,run,-0.6306370089296252,SF,LA,archive:asset:302374075:sha256:14a594b86b207508b89a42755f624c241e6ceef516d859a4b6bd2c4a5a7b472c:week:5
2025_05_SF_LA,733.0,2025,5,SF,LAR,pass,-1.9351559081114829,SF,LA,archive:asset:302374075:sha256:14a594b86b207508b89a42755f624c241e6ceef516d859a4b6bd2c4a5a7b472c:week:5
2025_05_SF_LA,768.0,2025,5,,,no_play,-0.0,,,archive:asset:302374075:sha256:14a594b86b207508b89a42755f624c241e6ceef516d859a4b6bd2c4a5a7b472c:week:5
2025_05_SF_LA,756.0,2025,5,SF,LAR,run,2.3833034283015877,SF,LA,archive:asset:302374075:sha256:14a594b86b207508b89a42755f624c241e6ceef516d859a4b6bd2c4a5a7b472c:week:5
2025_05_SF_LA,785.0,2025,5,SF,LAR,pass,0.610318670165725,SF,LA,archive:asset:302374075:sha256:14a594b86b207508b89a42755f624c241e6ceef516d859a4b6bd2c4a5a7b472c:week:5
2025_05_SF_LA,815.0,2025,5,SF,LAR,run,0.39281741878949106,SF,LA,archive:asset:302374075:sha256:14a594b86b207508b89a42755f624c241e6ceef516d859a4b6bd2c4a5a7b472c:week:5
2025_05_SF_LA,837.0,2025,5,SF,LAR,pass,-0.4901679162867367,SF,LA,archive:asset:302374075:sha256:14a594b86b207508b89a42755f624c241e6ceef516d859a4b6bd2c4a5a7b472c:week:5
2025_05_SF_LA,860.0,2025,5,SF,LAR,run,-0.43881707498803735,SF,LA,archive:asset:302374075:sha256:14a594b86b207508b89a42755f624c241e6ceef516d859a4b6bd2c4a5a7b472c:week:5
2025_05_SF_LA,891.0,2025,5,SF,LAR,,-0.0,SF,LA,archive:asset:302374075:sha256:14a594b86b207508b89a42755f624c241e6ceef516d859a4b6bd2c4a5a7b472c:week:5
2025_05_SF_LA,911.0,2025,5,SF,LAR,pass,2.305226213298738,SF,LA,archive:asset:302374075:sha256:14a594b86b207508b89a42755f624c241e6ceef516d859a4b6bd2c4a5a7b472c:week:5
2025_05_SF_LA,941.0,2025,5,SF,LAR,run,0.5241341853397898,SF,LA,archive:asset:302374075:sha256:14a594b86b207508b89a42755f624c241e6ceef516d859a4b6bd2c4a5a7b472c:week:5
2025_05_SF_LA,963.0,2025,5,SF,LAR,pass,0.7952340191113763,SF,LA,archive:asset:302374075:sha256:14a594b86b207508b89a42755f624c241e6ceef516d859a4b6bd2c4a5a7b472c:week:5
2025_05_SF_LA,989.0,2025,5,SF,LAR,extra_point,0.05117156607063911,SF,LA,archive:asset:302374075:sha256:14a594b86b207508b89a42755f624c241e6ceef516d859a4b6bd2c4a5a7b472c:week:5
2025_05_SF_LA,1004.0,2025,5,LAR,SF,kickoff,0.29837273177690804,LA,SF,archive:asset:302374075:sha256:14a594b86b207508b89a42755f624c241e6ceef516d859a4b6bd2c4a5a7b472c:week:5
2025_05_SF_LA,1037.0,2025,5,LAR,SF,pass,0.06237036036327481,LA,SF,archive:asset:302374075:sha256:14a594b86b207508b89a42755f624c241e6ceef516d859a4b6bd2c4a5a7b472c:week:5
2025_05_SF_LA,1062.0,2025,5,LAR,SF,pass,-0.8488958652596921,LA,SF,archive:asset:302374075:sha256:14a594b86b207508b89a42755f624c241e6ceef516d859a4b6bd2c4a5a7b472c:week:5
2025_05_SF_LA,1085.0,2025,5,LAR,SF,pass,1.8614539213012904,LA,SF,archive:asset:302374075:sha256:14a594b86b207508b89a42755f624c241e6ceef516d859a4b6bd2c4a5a7b472c:week:5
2025_05_SF_LA,1110.0,2025,5,LAR,SF,run,-0.49584972858428955,LA,SF,archive:asset:302374075:sha256:14a594b86b207508b89a42755f624c241e6ceef516d859a4b6bd2c4a5a7b472c:week:5
2025_05_SF_LA,1132.0,2025,5,LAR,SF,run,0.14675253466702998,LA,SF,archive:asset:302374075:sha256:14a594b86b207508b89a42755f624c241e6ceef516d859a4b6bd2c4a5a7b472c:week:5
2025_05_SF_LA,1154.0,2025,5,LAR,SF,run,-1.1236918806098402,LA,SF,archive:asset:302374075:sha256:14a594b86b207508b89a42755f624c241e6ceef516d859a4b6bd2c4a5a7b472c:week:5
2025_05_SF_LA,1176.0,2025,5,LAR,SF,run,2.1344787846319377,LA,SF,archive:asset:302374075:sha256:14a594b86b207508b89a42755f624c241e6ceef516d859a4b6bd2c4a5a7b472c:week:5
2025_05_SF_LA,1198.0,2025,5,LAR,SF,run,0.8110089646652341,LA,SF,archive:asset:302374075:sha256:14a594b86b207508b89a42755f624c241e6ceef516d859a4b6bd2c4a5a7b472c:week:5
2025_05_SF_LA,1220.0,2025,5,LAR,SF,run,-5.882432998390868,LA,SF,archive:asset:302374075:sha256:14a594b86b207508b89a42755f624c241e6ceef516d859a4b6bd2c4a5a7b472c:week:5
2025_05_SF_LA,1247.0,2025,5,SF,LAR,run,-0.4833347713574767,SF,LA,archive:asset:302374075:sha256:14a594b86b207508b89a42755f624c241e6ceef516d859a4b6bd2c4a5a7b472c:week:5
2025_05_SF_LA,1281.0,2025,5,SF,LAR,pass,1.610155834350735,SF,LA,archive:asset:302374075:sha256:14a594b86b207508b89a42755f624c241e6ceef516d859a4b6bd2c4a5a7b472c:week:5
2025_05_SF_LA,1306.0,2025,5,SF,LAR,run,-0.5118130557239056,SF,LA,archive:asset:302374075:sha256:14a594b86b207508b89a42755f624c241e6ceef516d859a4b6bd2c4a5a7b472c:week:5
2025_05_SF_LA,1328.0,2025,5,SF,LAR,run,-0.264619238791056,SF,LA,archive:asset:302374075:sha256:14a594b86b207508b89a42755f624c241e6ceef516d859a4b6bd2c4a5a7b472c:week:5
2025_05_SF_LA,1350.0,2025,5,SF,LAR,pass,-1.7043718859786168,SF,LA,archive:asset:302374075:sha256:14a594b86b207508b89a42755f624c241e6ceef516d859a4b6bd2c4a5a7b472c:week:5
2025_05_SF_LA,1373.0,2025,5,SF,LAR,punt,-0.5913763092830777,SF,LA,archive:asset:302374075:sha256:14a594b86b207508b89a42755f624c241e6ceef516d859a4b6bd2c4a5a7b472c:week:5
2025_05_SF_LA,1393.0,2025,5,LAR,SF,no_play,-0.6799691412597895,LA,SF,archive:asset:302374075:sha256:14a594b86b207508b89a42755f624c241e6ceef516d859a4b6bd2c4a5a7b472c:week:5
2025_05_SF_LA,1424.0,2025,5,LAR,SF,pass,-0.5233999169431627,LA,SF,archive:asset:302374075:sha256:14a594b86b207508b89a42755f624c241e6ceef516d859a4b6bd2c4a5a7b472c:week:5
2025_05_SF_LA,1447.0,2025,5,LAR,SF,pass,0.7256354265846312,LA,SF,archive:asset:302374075:sha256:14a594b86b207508b89a42755f624c241e6ceef516d859a4b6bd2c4a5a7b472c:week:5
2025_05_SF_LA,1477.0,2025,5,LAR,SF,no_play,1.039247381966561,LA,SF,archive:asset:302374075:sha256:14a594b86b207508b89a42755f624c241e6ceef516d859a4b6bd2c4a5a7b472c:week:5
2025_05_SF_LA,1513.0,2025,5,LAR,SF,pass,-0.5122364128474146,LA,SF,archive:asset:302374075:sha256:14a594b86b207508b89a42755f624c241e6ceef516d859a4b6bd2c4a5a7b472c:week:5
2025_05_SF_LA,1545.0,2025,5,LAR,SF,pass,0.20194120099768043,LA,SF,archive:asset:302374075:sha256:14a594b86b207508b89a42755f624c241e6ceef516d859a4b6bd2c4a5a7b472c:week:5
2025_05_SF_LA,1570.0,2025,5,LAR,SF,pass,1.8968128987471573,LA,SF,archive:asset:302374075:sha256:14a594b86b207508b89a42755f624c241e6ceef516d859a4b6bd2c4a5a7b472c:week:5
2025_05_SF_LA,1595.0,2025,5,LAR,SF,pass,1.3214460671879351,LA,SF,archive:asset:302374075:sha256:14a594b86b207508b89a42755f624c241e6ceef516d859a4b6bd2c4a5a7b472c:week:5
2025_05_SF_LA,1620.0,2025,5,LAR,SF,pass,0.8233913367730565,LA,SF,archive:asset:302374075:sha256:14a594b86b207508b89a42755f624c241e6ceef516d859a4b6bd2c4a5a7b472c:week:5
2025_05_SF_LA,1645.0,2025,5,LAR,SF,pass,2.129435035167262,LA,SF,archive:asset:302374075:sha256:14a594b86b207508b89a42755f624c241e6ceef516d859a4b6bd2c4a5a7b472c:week:5
2025_05_SF_LA,1671.0,2025,5,LAR,SF,extra_point,0.05117156607063911,LA,SF,archive:asset:302374075:sha256:14a594b86b207508b89a42755f624c241e6ceef516d859a4b6bd2c4a5a7b472c:week:5
2025_05_SF_LA,1686.0,2025,5,SF,LAR,kickoff,0.5788680057739839,SF,LA,archive:asset:302374075:sha256:14a594b86b207508b89a42755f624c241e6ceef516d859a4b6bd2c4a5a7b472c:week:5
2025_05_SF_LA,1719.0,2025,5,SF,LAR,pass,-0.5840622928226367,SF,LA,archive:asset:302374075:sha256:14a594b86b207508b89a42755f624c241e6ceef516d859a4b6bd2c4a5a7b472c:week:5
2025_05_SF_LA,1742.0,2025,5,SF,LAR,pass,0.9357772241346538,SF,LA,archive:asset:302374075:sha256:14a594b86b207508b89a42755f624c241e6ceef516d859a4b6bd2c4a5a7b472c:week:5
2025_05_SF_LA,1774.0,2025,5,SF,LAR,pass,-0.30466393008828163,SF,LA,archive:asset:302374075:sha256:14a594b86b207508b89a42755f624c241e6ceef516d859a4b6bd2c4a5a7b472c:week:5
2025_05_SF_LA,1824.0,2025,5,,,no_play,-0.0,,,archive:asset:302374075:sha256:14a594b86b207508b89a42755f624c241e6ceef516d859a4b6bd2c4a5a7b472c:week:5
2025_05_SF_LA,1809.0,2025,5,SF,LAR,run,-0.2502452472690493,SF,LA,archive:asset:302374075:sha256:14a594b86b207508b89a42755f624c241e6ceef516d859a4b6bd2c4a5a7b472c:week:5
2025_05_SF_LA,1888.0,2025,5,,,no_play,-0.0,,,archive:asset:302374075:sha256:14a594b86b207508b89a42755f624c241e6ceef516d859a4b6bd2c4a5a7b472c:week:5
2025_05_SF_LA,1876.0,2025,5,SF,LAR,pass,1.145622001029551,SF,LA,archive:asset:302374075:sha256:14a594b86b207508b89a42755f624c241e6ceef516d859a4b6bd2c4a5a7b472c:week:5
2025_05_SF_LA,1908.0,2025,5,SF,LAR,pass,0.3403602204634808,SF,LA,archive:asset:302374075:sha256:14a594b86b207508b89a42755f624c241e6ceef516d859a4b6bd2c4a5a7b472c:week:5
2025_05_SF_LA,1933.0,2025,5,SF,LAR,pass,-0.4225932711851783,SF,LA,archive:asset:302374075:sha256:14a594b86b207508b89a42755f624c241e6ceef516d859a4b6bd2c4a5a7b472c:week:5
2025_05_SF_LA,1956.0,2025,5,SF,LAR,run,0.12424772168742493,SF,LA,archive:asset:302374075:sha256:14a594b86b207508b89a42755f624c241e6ceef516d859a4b6bd2c4a5a7b472c:week:5
2025_05_SF_LA,1981.0,2025,5,SF,LAR,qb_spike,-0.0019829203374683857,SF,LA,archive:asset:302374075:sha256:14a594b86b207508b89a42755f624c241e6ceef516d859a4b6bd2c4a5a7b472c:week:5
2025_05_SF_LA,2004.0,2025,5,SF,LAR,pass,-0.22454451047815382,SF,LA,archive:asset:302374075:sha256:14a594b86b207508b89a42755f624c241e6ceef516d859a4b6bd2c4a5a7b472c:week:5
2025_05_SF_LA,2042.0,2025,5,,,no_play,-0.0,,,archive:asset:302374075:sha256:14a594b86b207508b89a42755f624c241e6ceef516d859a4b6bd2c4a5a7b472c:week:5
2025_05_SF_LA,2030.0,2025,5,SF,LAR,run,0.24482860057075406,SF,LA,archive:asset:302374075:sha256:14a594b86b207508b89a42755f624c241e6ceef516d859a4b6bd2c4a5a7b472c:week:5
2025_05_SF_LA,2071.0,2025,5,,,no_play,-0.0,,,archive:asset:302374075:sha256:14a594b86b207508b89a42755f624c241e6ceef516d859a4b6bd2c4a5a7b472c:week:5
2025_05_SF_LA,2059.0,2025,5,SF,LAR,field_goal,0.3032948492730885,SF,LA,archive:asset:302374075:sha256:14a594b86b207508b89a42755f624c241e6ceef516d859a4b6bd2c4a5a7b472c:week:5
2025_05_SF_LA,2086.0,2025,5,,,,,,,archive:asset:302374075:sha256:14a594b86b207508b89a42755f624c241e6ceef516d859a4b6bd2c4a5a7b472c:week:5
2025_05_SF_LA,2104.0,2025,5,LAR,SF,kickoff,0.7035269667394459,LA,SF,archive:asset:302374075:sha256:14a594b86b207508b89a42755f624c241e6ceef516d859a4b6bd2c4a5a7b472c:week:5
2025_05_SF_LA,2132.0,2025,5,LAR,SF,pass,-0.19289372232742608,LA,SF,archive:asset:302374075:sha256:14a594b86b207508b89a42755f624c241e6ceef516d859a4b6bd2c4a5a7b472c:week:5
2025_05_SF_LA,2157.0,2025,5,LAR,SF,pass,1.5694672719109803,LA,SF,archive:asset:302374075:sha256:14a594b86b207508b89a42755f624c241e6ceef516d859a4b6bd2c4a5a7b472c:week:5
2025_05_SF_LA,2187.0,2025,5,LAR,SF,no_play,0.004523723619058728,LA,SF,archive:asset:302374075:sha256:14a594b86b207508b89a42755f624c241e6ceef516d859a4b6bd2c4a5a7b472c:week:5
2025_05_SF_LA,2220.0,2025,5,LAR,SF,run,-0.17182525899261236,LA,SF,archive:asset:302374075:sha256:14a594b86b207508b89a42755f624c241e6ceef516d859a4b6bd2c4a5a7b472c:week:5
2025_05_SF_LA,2242.0,2025,5,LAR,SF,pass,-0.7792425618972629,LA,SF,archive:asset:302374075:sha256:14a594b86b207508b89a42755f624c241e6ceef516d859a4b6bd2c4a5a7b472c:week:5
2025_05_SF_LA,2265.0,2025,5,LAR,SF,pass,-1.8113238893467516,LA,SF,archive:asset:302374075:sha256:14a594b86b207508b89a42755f624c241e6ceef516d859a4b6bd2c4a5a7b472c:week:5
2025_05_SF_LA,2288.0,2025,5,LAR,SF,field_goal,-3.3975983813386827,LA,SF,archive:asset:302374075:sha256:14a594b86b207508b89a42755f624c241e6ceef516d859a4b6bd2c4a5a7b472c:week:5
2025_05_SF_LA,2309.0,2025,5,SF,LAR,run,-0.48161176056601107,SF,LA,archive:asset:302374075:sha256:14a594b86b207508b89a42755f624c241e6ceef516d859a4b6bd2c4a5a7b472c:week:5
2025_05_SF_LA,2338.0,2025,5,SF,LAR,pass,-0.8904193530324847,SF,LA,archive:asset:302374075:sha256:14a594b86b207508b89a42755f624c241e6ceef516d859a4b6bd2c4a5a7b472c:week:5
2025_05_SF_LA,2361.0,2025,5,SF,LAR,no_play,1.909030640264973,SF,LA,archive:asset:302374075:sha256:14a594b86b207508b89a42755f624c241e6ceef516d859a4b6bd2c4a5a7b472c:week:5
2025_05_SF_LA,2395.0,2025,5,SF,LAR,pass,1.3003571557346731,SF,LA,archive:asset:302374075:sha256:14a594b86b207508b89a42755f624c241e6ceef516d859a4b6bd2c4a5a7b472c:week:5
2025_05_SF_LA,2425.0,2025,5,SF,LAR,run,-0.3265167011413723,SF,LA,archive:asset:302374075:sha256:14a594b86b207508b89a42755f624c241e6ceef516d859a4b6bd2c4a5a7b472c:week:5
2025_05_SF_LA,2447.0,2025,5,SF,LAR,run,0.14472096029203385,SF,LA,archive:asset:302374075:sha256:14a594b86b207508b89a42755f624c241e6ceef516d859a4b6bd2c4a5a7b472c:week:5
2025_05_SF_LA,2469.0,2025,5,SF,LAR,pass,1.2656193835427985,SF,LA,archive:asset:302374075:sha256:14a594b86b207508b89a42755f624c241e6ceef516d859a4b6bd2c4a5a7b472c:week:5
2025_05_SF_LA,2494.0,2025,5,SF,LAR,run,-0.2862025268841535,SF,LA,archive:asset:302374075:sha256:14a594b86b207508b89a42755f624c241e6ceef516d859a4b6bd2c4a5a7b472c:week:5
2025_05_SF_LA,2516.0,2025,5,SF,LAR,pass,1.316016242140904,SF,LA,archive:asset:302374075:sha256:14a594b86b207508b89a42755f624c241e6ceef516d859a4b6bd2c4a5a7b472c:week:5
2025_05_SF_LA,2541.0,2025,5,SF,LAR,run,0.05601503746584058,SF,LA,archive:asset:302374075:sha256:14a594b86b207508b89a42755f624c241e6ceef516d859a4b6bd2c4a5a7b472c:week:5
2025_05_SF_LA,2563.0,2025,5,SF,LAR,run,-1.1884878384880722,SF,LA,archive:asset:302374075:sha256:14a594b86b207508b89a42755f624c241e6ceef516d859a4b6bd2c4a5a7b472c:week:5
2025_05_SF_LA,2597.0,2025,5,,,no_play,-0.0,,,archive:asset:302374075:sha256:14a594b86b207508b89a42755f624c241e6ceef516d859a4b6bd2c4a5a7b472c:week:5
2025_05_SF_LA,2585.0,2025,5,SF,LAR,pass,-2.0626416024740055,SF,LA,archive:asset:302374075:sha256:14a594b86b207508b89a42755f624c241e6ceef516d859a4b6bd2c4a5a7b472c:week:5
2025_05_SF_LA,2618.0,2025,5,SF,LAR,field_goal,0.010038495528252422,SF,LA,archive:asset:302374075:sha256:14a594b86b207508b89a42755f624c241e6ceef516d859a4b6bd2c4a5a7b472c:week:5
2025_05_SF_LA,2645.0,2025,5,LAR,SF,kickoff,0.3248316957615316,LA,SF,archive:asset:302374075:sha256:14a594b86b207508b89a42755f624c241e6ceef516d859a4b6bd2c4a5a7b472c:week:5
2025_05_SF_LA,2668.0,2025,5,LAR,SF,pass,-0.522748745046556,LA,SF,archive:asset:302374075:sha256:14a594b86b207508b89a42755f624c241e6ceef516d859a4b6bd2c4a5a7b472c:week:5
2025_05_SF_LA,2691.0,2025,5,LAR,SF,pass,2.33053469308652,LA,SF,archive:asset:302374075:sha256:14a594b86b207508b89a42755f624c241e6ceef516d859a4b6bd2c4a5a7b472c:week:5
2025_05_SF_LA,2716.0,2025,5,LAR,SF,pass,0.9544665509602055,LA,SF,archive:asset:302374075:sha256:14a594b86b207508b89a42755f624c241e6ceef516d859a4b6bd2c4a5a7b472c:week:5
2025_05_SF_LA,2744.0,2025,5,LAR,SF,pass,-0.48558713332749903,LA,SF,archive:asset:302374075:sha256:14a594b86b207508b89a42755f624c241e6ceef516d859a4b6bd2c4a5a7b472c:week:5
2025_05_SF_LA,2767.0,2025,5,LAR,SF,pass,1.121565869427286,LA,SF,archive:asset:302374075:sha256:14a594b86b207508b89a42755f624c241e6ceef516d859a4b6bd2c4a5a7b472c:week:5
2025_05_SF_LA,2792.0,2025,5,LAR,SF,run,0.6775749537046067,LA,SF,archive:asset:302374075:sha256:14a594b86b207508b89a42755f624c241e6ceef516d859a4b6bd2c4a5a7b472c:week:5
2025_05_SF_LA,2814.0,2025,5,LAR,SF,pass,0.640453671629075,LA,SF,archive:asset:302374075:sha256:14a594b86b207508b89a42755f624c241e6ceef516d859a4b6bd2c4a5a7b472c:week:5
2025_05_SF_LA,2840.0,2025,5,LAR,SF,extra_point,0.05117156607063911,LA,SF,archive:asset:302374075:sha256:14a594b86b207508b89a42755f624c241e6ceef516d859a4b6bd2c4a5a7b472c:week:5
2025_05_SF_LA,2855.0,2025,5,SF,LAR,kickoff,0.0744311036542058,SF,LA,archive:asset:302374075:sha256:14a594b86b207508b89a42755f624c241e6ceef516d859a4b6bd2c4a5a7b472c:week:5
2025_05_SF_LA,2897.0,2025,5,SF,LAR,no_play,-0.7589141686912626,SF,LA,archive:asset:302374075:sha256:14a594b86b207508b89a42755f624c241e6ceef516d859a4b6bd2c4a5a7b472c:week:5
2025_05_SF_LA,2926.0,2025,5,SF,LAR,pass,0.13527947571128607,SF,LA,archive:asset:302374075:sha256:14a594b86b207508b89a42755f624c241e6ceef516d859a4b6bd2c4a5a7b472c:week:5
2025_05_SF_LA,2954.0,2025,5,SF,LAR,pass,0.8320910024922341,SF,LA,archive:asset:302374075:sha256:14a594b86b207508b89a42755f624c241e6ceef516d859a4b6bd2c4a5a7b472c:week:5
2025_05_SF_LA,2979.0,2025,5,SF,LAR,run,-1.6755468773189932,SF,LA,archive:asset:302374075:sha256:14a594b86b207508b89a42755f624c241e6ceef516d859a4b6bd2c4a5a7b472c:week:5
2025_05_SF_LA,3032.0,2025,5,SF,LAR,run,2.3039188887923956,SF,LA,archive:asset:302374075:sha256:14a594b86b207508b89a42755f624c241e6ceef516d859a4b6bd2c4a5a7b472c:week:5
2025_05_SF_LA,3067.0,2025,5,,,no_play,-0.0,,,archive:asset:302374075:sha256:14a594b86b207508b89a42755f624c241e6ceef516d859a4b6bd2c4a5a7b472c:week:5
2025_05_SF_LA,3055.0,2025,5,SF,LAR,run,-0.1899381591938436,SF,LA,archive:asset:302374075:sha256:14a594b86b207508b89a42755f624c241e6ceef516d859a4b6bd2c4a5a7b472c:week:5
2025_05_SF_LA,3084.0,2025,5,SF,LAR,pass,0.3066484653390944,SF,LA,archive:asset:302374075:sha256:14a594b86b207508b89a42755f624c241e6ceef516d859a4b6bd2c4a5a7b472c:week:5
2025_05_SF_LA,3109.0,2025,5,SF,LAR,,-0.0,SF,LA,archive:asset:302374075:sha256:14a594b86b207508b89a42755f624c241e6ceef516d859a4b6bd2c4a5a7b472c:week:5
2025_05_SF_LA,3129.0,2025,5,SF,LAR,run,-2.570433540502563,SF,LA,archive:asset:302374075:sha256:14a594b86b207508b89a42755f624c241e6ceef516d859a4b6bd2c4a5a7b472c:week:5
2025_05_SF_LA,3151.0,2025,5,SF,LAR,punt,-0.3613822825718671,SF,LA,archive:asset:302374075:sha256:14a594b86b207508b89a42755f624c241e6ceef516d859a4b6bd2c4a5a7b472c:week:5
2025_05_SF_LA,3177.0,2025,5,LAR,SF,pass,0.72989148972556,LA,SF,archive:asset:302374075:sha256:14a594b86b207508b89a42755f624c241e6ceef516d859a4b6bd2c4a5a7b472c:week:5
2025_05_SF_LA,3202.0,2025,5,LAR,SF,pass,0.09917780244722962,LA,SF,archive:asset:302374075:sha256:14a594b86b207508b89a42755f624c241e6ceef516d859a4b6bd2c4a5a7b472c:week:5
2025_05_SF_LA,3227.0,2025,5,LAR,SF,pass,-0.5836913557723165,LA,SF,archive:asset:302374075:sha256:14a594b86b207508b89a42755f624c241e6ceef516d859a4b6bd2c4a5a7b472c:week:5
2025_05_SF_LA,3253.0,2025,5,LAR,SF,pass,0.668472615769133,LA,SF,archive:asset:302374075:sha256:14a594b86b207508b89a42755f624c241e6ceef516d859a4b6bd2c4a5a7b472c:week:5
2025_05_SF_LA,3278.0,2025,5,LAR,SF,run,0.4990694329608232,LA,SF,archive:asset:302374075:sha256:14a594b86b207508b89a42755f624c241e6ceef516d859a4b6bd2c4a5a7b472c:week:5
2025_05_SF_LA,3300.0,2025,5,LAR,SF,no_play,0.31698518549092114,LA,SF,archive:asset:302374075:sha256:14a594b86b207508b89a42755f624c241e6ceef516d859a4b6bd2c4a5a7b472c:week:5
2025_05_SF_LA,3334.0,2025,5,LAR,SF,pass,1.2231673747301102,LA,SF,archive:asset:302374075:sha256:14a594b86b207508b89a42755f624c241e6ceef516d859a4b6bd2c4a5a7b472c:week:5
2025_05_SF_LA,3370.0,2025,5,LAR,SF,pass,1.4399933310924098,LA,SF,archive:asset:302374075:sha256:14a594b86b207508b89a42755f624c241e6ceef516d859a4b6bd2c4a5a7b472c:week:5
2025_05_SF_LA,3395.0,2025,5,LAR,SF,pass,-0.6005142848007381,LA,SF,archive:asset:302374075:sha256:14a594b86b207508b89a42755f624c241e6ceef516d859a4b6bd2c4a5a7b472c:week:5
2025_05_SF_LA,3418.0,2025,5,LAR,SF,pass,2.1600091204745695,LA,SF,archive:asset:302374075:sha256:14a594b86b207508b89a42755f624c241e6ceef516d859a4b6bd2c4a5a7b472c:week:5
2025_05_SF_LA,3444.0,2025,5,LAR,SF,extra_point,-0.9488284339293609,LA,SF,archive:asset:302374075:sha256:14a594b86b207508b89a42755f624c241e6ceef516d859a4b6bd2c4a5a7b472c:week:5
2025_05_SF_LA,3459.0,2025,5,SF,LAR,kickoff,0.4428082052618265,SF,LA,archive:asset:302374075:sha256:14a594b86b207508b89a42755f624c241e6ceef516d859a4b6bd2c4a5a7b472c:week:5
2025_05_SF_LA,3483.0,2025,5,SF,LAR,pass,-0.4201728734187782,SF,LA,archive:asset:302374075:sha256:14a594b86b207508b89a42755f624c241e6ceef516d859a4b6bd2c4a5a7b472c:week:5
2025_05_SF_LA,3513.0,2025,5,SF,LAR,run,-0.8310970682650805,SF,LA,archive:asset:302374075:sha256:14a594b86b207508b89a42755f624c241e6ceef516d859a4b6bd2c4a5a7b472c:week:5
2025_05_SF_LA,3535.0,2025,5,SF,LAR,pass,-1.2319601278286427,SF,LA,archive:asset:302374075:sha256:14a594b86b207508b89a42755f624c241e6ceef516d859a4b6bd2c4a5a7b472c:week:5
2025_05_SF_LA,3558.0,2025,5,SF,LAR,punt,-1.056899698683992,SF,LA,archive:asset:302374075:sha256:14a594b86b207508b89a42755f624c241e6ceef516d859a4b6bd2c4a5a7b472c:week:5
2025_05_SF_LA,3584.0,2025,5,LAR,SF,pass,-0.544748796382919,LA,SF,archive:asset:302374075:sha256:14a594b86b207508b89a42755f624c241e6ceef516d859a4b6bd2c4a5a7b472c:week:5
2025_05_SF_LA,3614.0,2025,5,LAR,SF,pass,0.6528718015179038,LA,SF,archive:asset:302374075:sha256:14a594b86b207508b89a42755f624c241e6ceef516d859a4b6bd2c4a5a7b472c:week:5
2025_05_SF_LA,3639.0,2025,5,LAR,SF,pass,-1.6641722959466279,LA,SF,archive:asset:302374075:sha256:14a594b86b207508b89a42755f624c241e6ceef516d859a4b6bd2c4a5a7b472c:week:5
2025_05_SF_LA,3662.0,2025,5,LAR,SF,punt,0.3589471054729074,LA,SF,archive:asset:302374075:sha256:14a594b86b207508b89a42755f624c241e6ceef516d859a4b6bd2c4a5a7b472c:week:5
2025_05_SF_LA,3682.0,2025,5,SF,LAR,pass,-0.4673029847908765,SF,LA,archive:asset:302374075:sha256:14a594b86b207508b89a42755f624c241e6ceef516d859a4b6bd2c4a5a7b472c:week:5
2025_05_SF_LA,3712.0,2025,5,SF,LAR,pass,0.8985952732618898,SF,LA,archive:asset:302374075:sha256:14a594b86b207508b89a42755f624c241e6ceef516d859a4b6bd2c4a5a7b472c:week:5
2025_05_SF_LA,3737.0,2025,5,SF,LAR,pass,1.690502994460985,SF,LA,archive:asset:302374075:sha256:14a594b86b207508b89a42755f624c241e6ceef516d859a4b6bd2c4a5a7b472c:week:5
2025_05_SF_LA,3762.0,2025,5,SF,LAR,pass,-0.2561298804357648,SF,LA,archive:asset:302374075:sha256:14a594b86b207508b89a42755f624c241e6ceef516d859a4b6bd2c4a5a7b472c:week:5
2025_05_SF_LA,3787.0,2025,5,SF,LAR,run,-0.6240578079596162,SF,LA,archive:asset:302374075:sha256:14a594b86b207508b89a42755f624c241e6ceef516d859a4b6bd2c4a5a7b472c:week:5
2025_05_SF_LA,3809.0,2025,5,SF,LAR,pass,2.0714318479876965,SF,LA,archive:asset:302374075:sha256:14a594b86b207508b89a42755f624c241e6ceef516d859a4b6bd2c4a5a7b472c:week:5
2025_05_SF_LA,3834.0,2025,5,SF,LAR,pass,-0.5652746770065278,SF,LA,archive:asset:302374075:sha256:14a594b86b207508b89a42755f624c241e6ceef516d859a4b6bd2c4a5a7b472c:week:5
2025_05_SF_LA,3857.0,2025,5,SF,LAR,pass,1.118074836442247,SF,LA,archive:asset:302374075:sha256:14a594b86b207508b89a42755f624c241e6ceef516d859a4b6bd2c4a5a7b472c:week:5
2025_05_SF_LA,3882.0,2025,5,SF,LAR,no_play,-0.6879171031177975,SF,LA,archive:asset:302374075:sha256:14a594b86b207508b89a42755f624c241e6ceef516d859a4b6bd2c4a5a7b472c:week:5
2025_05_SF_LA,3916.0,2025,5,SF,LAR,pass,-0.5784376952215098,SF,LA,archive:asset:302374075:sha256:14a594b86b207508b89a42755f624c241e6ceef516d859a4b6bd2c4a5a7b472c:week:5
2025_05_SF_LA,3939.0,2025,5,SF,LAR,pass,-0.28473719535395503,SF,LA,archive:asset:302374075:sha256:14a594b86b207508b89a42755f624c241e6ceef516d859a4b6bd2c4a5a7b472c:week:5
2025_05_SF_LA,3964.0,2025,5,SF,LAR,pass,-1.3167159215532294,SF,LA,archive:asset:302374075:sha256:14a594b86b207508b89a42755f624c241e6ceef516d859a4b6bd2c4a5a7b472c:week:5
2025_05_SF_LA,3987.0,2025,5,SF,LAR,field_goal,2.645669703416904,SF,LA,archive:asset:302374075:sha256:14a594b86b207508b89a42755f624c241e6ceef516d859a4b6bd2c4a5a7b472c:week:5
2025_05_SF_LA,4007.0,2025,5,LAR,SF,kickoff,0.4430112103000283,LA,SF,archive:asset:302374075:sha256:14a594b86b207508b89a42755f624c241e6ceef516d859a4b6bd2c4a5a7b472c:week:5
2025_05_SF_LA,4031.0,2025,5,LAR,SF,pass,0.3914995060185902,LA,SF,archive:asset:302374075:sha256:14a594b86b207508b89a42755f624c241e6ceef516d859a4b6bd2c4a5a7b472c:week:5
2025_05_SF_LA,4056.0,2025,5,LAR,SF,pass,0.9214699675794691,LA,SF,archive:asset:302374075:sha256:14a594b86b207508b89a42755f624c241e6ceef516d859a4b6bd2c4a5a7b472c:week:5
2025_05_SF_LA,4081.0,2025,5,LAR,SF,no_play,0.4899154790327884,LA,SF,archive:asset:302374075:sha256:14a594b86b207508b89a42755f624c241e6ceef516d859a4b6bd2c4a5a7b472c:week:5
2025_05_SF_LA,4115.0,2025,5,LAR,SF,run,1.330562816816382,LA,SF,archive:asset:302374075:sha256:14a594b86b207508b89a42755f624c241e6ceef516d859a4b6bd2c4a5a7b472c:week:5
2025_05_SF_LA,4144.0,2025,5,LAR,SF,run,1.2499898676178418,LA,SF,archive:asset:302374075:sha256:14a594b86b207508b89a42755f624c241e6ceef516d859a4b6bd2c4a5a7b472c:week:5
2025_05_SF_LA,4177.0,2025,5,LAR,SF,run,-5.806005979946349,LA,SF,archive:asset:302374075:sha256:14a594b86b207508b89a42755f624c241e6ceef516d859a4b6bd2c4a5a7b472c:week:5
2025_05_SF_LA,4215.0,2025,5,SF,LAR,run,0.024777357699349523,SF,LA,archive:asset:302374075:sha256:14a594b86b207508b89a42755f624c241e6ceef516d859a4b6bd2c4a5a7b472c:week:5
2025_05_SF_LA,4249.0,2025,5,,,no_play,-0.0,,,archive:asset:302374075:sha256:14a594b86b207508b89a42755f624c241e6ceef516d859a4b6bd2c4a5a7b472c:week:5
2025_05_SF_LA,4237.0,2025,5,SF,LAR,run,-0.28645081870490685,SF,LA,archive:asset:302374075:sha256:14a594b86b207508b89a42755f624c241e6ceef516d859a4b6bd2c4a5a7b472c:week:5
2025_05_SF_LA,4278.0,2025,5,,,no_play,-0.0,,,archive:asset:302374075:sha256:14a594b86b207508b89a42755f624c241e6ceef516d859a4b6bd2c4a5a7b472c:week:5
2025_05_SF_LA,4266.0,2025,5,SF,LAR,run,-0.5757001812453382,SF,LA,archive:asset:302374075:sha256:14a594b86b207508b89a42755f624c241e6ceef516d859a4b6bd2c4a5a7b472c:week:5
2025_05_SF_LA,4307.0,2025,5,,,no_play,-0.0,,,archive:asset:302374075:sha256:14a594b86b207508b89a42755f624c241e6ceef516d859a4b6bd2c4a5a7b472c:week:5
2025_05_SF_LA,4295.0,2025,5,SF,LAR,punt,-0.7164373939740472,SF,LA,archive:asset:302374075:sha256:14a594b86b207508b89a42755f624c241e6ceef516d859a4b6bd2c4a5a7b472c:week:5
2025_05_SF_LA,4340.0,2025,5,LAR,SF,pass,-0.27696041425224394,LA,SF,archive:asset:302374075:sha256:14a594b86b207508b89a42755f624c241e6ceef516d859a4b6bd2c4a5a7b472c:week:5
2025_05_SF_LA,4363.0,2025,5,LAR,SF,pass,-0.37031350046163425,LA,SF,archive:asset:302374075:sha256:14a594b86b207508b89a42755f624c241e6ceef516d859a4b6bd2c4a5a7b472c:week:5
2025_05_SF_LA,4386.0,2025,5,LAR,SF,pass,-0.3986751881893724,LA,SF,archive:asset:302374075:sha256:14a594b86b207508b89a42755f624c241e6ceef516d859a4b6bd2c4a5a7b472c:week:5
2025_05_SF_LA,4416.0,2025,5,LAR,SF,pass,1.5783629036741331,LA,SF,archive:asset:302374075:sha256:14a594b86b207508b89a42755f624c241e6ceef516d859a4b6bd2c4a5a7b472c:week:5
2025_05_SF_LA,4441.0,2025,5,LAR,SF,qb_spike,-0.30832416290650144,LA,SF,archive:asset:302374075:sha256:14a594b86b207508b89a42755f624c241e6ceef516d859a4b6bd2c4a5a7b472c:week:5
2025_05_SF_LA,4476.0,2025,5,,,no_play,0.0,,,archive:asset:302374075:sha256:14a594b86b207508b89a42755f624c241e6ceef516d859a4b6bd2c4a5a7b472c:week:5
2025_05_SF_LA,4464.0,2025,5,LAR,SF,pass,0.3570243817937859,LA,SF,archive:asset:302374075:sha256:14a594b86b207508b89a42755f624c241e6ceef516d859a4b6bd2c4a5a7b472c:week:5
2025_05_SF_LA,4494.0,2025,5,LAR,SF,field_goal,0.7925524487092792,LA,SF,archive:asset:302374075:sha256:14a594b86b207508b89a42755f624c241e6ceef516d859a4b6bd2c4a5a7b472c:week:5
2025_05_SF_LA,4514.0,2025,5,SF,LAR,kickoff,-0.06164551628171466,SF,LA,archive:asset:302374075:sha256:14a594b86b207508b89a42755f624c241e6ceef516d859a4b6bd2c4a5a7b472c:week:5
2025_05_SF_LA,4537.0,2025,5,,,,-0.0,,,archive:asset:302374075:sha256:14a594b86b207508b89a42755f624c241e6ceef516d859a4b6bd2c4a5a7b472c:week:5
2025_05_SF_LA,4567.0,2025,5,SF,LAR,kickoff,0.7877886707428843,SF,LA,archive:asset:302374075:sha256:14a594b86b207508b89a42755f624c241e6ceef516d859a4b6bd2c4a5a7b472c:week:5
2025_05_SF_LA,4601.0,2025,5,SF,LAR,pass,0.7405272836331278,SF,LA,archive:asset:302374075:sha256:14a594b86b207508b89a42755f624c241e6ceef516d859a4b6bd2c4a5a7b472c:week:5
2025_05_SF_LA,4626.0,2025,5,SF,LAR,pass,0.8909240602515638,SF,LA,archive:asset:302374075:sha256:14a594b86b207508b89a42755f624c241e6ceef516d859a4b6bd2c4a5a7b472c:week:5
2025_05_SF_LA,4656.0,2025,5,SF,LAR,pass,0.27784054761286825,SF,LA,archive:asset:302374075:sha256:14a594b86b207508b89a42755f624c241e6ceef516d859a4b6bd2c4a5a7b472c:week:5
2025_05_SF_LA,4681.0,2025,5,SF,LAR,pass,0.48297717003151774,SF,LA,archive:asset:302374075:sha256:14a594b86b207508b89a42755f624c241e6ceef516d859a4b6bd2c4a5a7b472c:week:5
2025_05_SF_LA,4706.0,2025,5,SF,LAR,pass,0.4199220465961844,SF,LA,archive:asset:302374075:sha256:14a594b86b207508b89a42755f624c241e6ceef516d859a4b6bd2c4a5a7b472c:week:5
2025_05_SF_LA,4731.0,2025,5,SF,LAR,pass,-1.8750452215899713,SF,LA,archive:asset:302374075:sha256:14a594b86b207508b89a42755f624c241e6ceef516d859a4b6bd2c4a5a7b472c:week:5
2025_05_SF_LA,4751.0,2025,5,SF,LAR,pass,-0.9137067323812578,SF,LA,archive:asset:302374075:sha256:14a594b86b207508b89a42755f624c241e6ceef516d859a4b6bd2c4a5a7b472c:week:5
2025_05_SF_LA,4774.0,2025,5,SF,LAR,field_goal,0.7832303760718848,SF,LA,archive:asset:302374075:sha256:14a594b86b207508b89a42755f624c241e6ceef516d859a4b6bd2c4a5a7b472c:week:5
2025_05_SF_LA,4794.0,2025,5,LAR,SF,kickoff,0.5474002663977444,LA,SF,archive:asset:302374075:sha256:14a594b86b207508b89a42755f624c241e6ceef516d859a4b6bd2c4a5a7b472c:week:5
2025_05_SF_LA,4817.0,2025,5,LAR,SF,pass,0.7040133299306035,LA,SF,archive:asset:302374075:sha256:14a594b86b207508b89a42755f624c241e6ceef516d859a4b6bd2c4a5a7b472c:week:5
2025_05_SF_LA,4847.0,2025,5,LAR,SF,pass,2.215165816305671,LA,SF,archive:asset:302374075:sha256:14a594b86b207508b89a42755f624c241e6ceef516d859a4b6bd2c4a5a7b472c:week:5
2025_05_SF_LA,4877.0,2025,5,LAR,SF,pass,-0.4354195860796608,LA,SF,archive:asset:302374075:sha256:14a594b86b207508b89a42755f624c241e6ceef516d859a4b6bd2c4a5a7b472c:week:5
2025_05_SF_LA,4900.0,2025,5,LAR,SF,pass,-0.34239819075446576,LA,SF,archive:asset:302374075:sha256:14a594b86b207508b89a42755f624c241e6ceef516d859a4b6bd2c4a5a7b472c:week:5
2025_05_SF_LA,4925.0,2025,5,LAR,SF,pass,-0.3057515202672221,LA,SF,archive:asset:302374075:sha256:14a594b86b207508b89a42755f624c241e6ceef516d859a4b6bd2c4a5a7b472c:week:5
2025_05_SF_LA,4962.0,2025,5,,,no_play,0.0,,,archive:asset:302374075:sha256:14a594b86b207508b89a42755f624c241e6ceef516d859a4b6bd2c4a5a7b472c:week:5
2025_05_SF_LA,4969.0,2025,5,,,no_play,0.0,,,archive:asset:302374075:sha256:14a594b86b207508b89a42755f624c241e6ceef516d859a4b6bd2c4a5a7b472c:week:5
2025_05_SF_LA,4950.0,2025,5,LAR,SF,run,-3.4216423407779075,LA,SF,archive:asset:302374075:sha256:14a594b86b207508b89a42755f624c241e6ceef516d859a4b6bd2c4a5a7b472c:week:5
2025_05_SF_LA,4986.0,2025,5,LAR,SF,,,LA,SF,archive:asset:302374075:sha256:14a594b86b207508b89a42755f624c241e6ceef516d859a4b6bd2c4a5a7b472c:week:5
2025_05_TB_SEA,1.0,2025,5,,,,-0.0,,,archive:asset:302374075:sha256:14a594b86b207508b89a42755f624c241e6ceef516d859a4b6bd2c4a5a7b472c:week:5
2025_05_TB_SEA,39.0,2025,5,TB,SEA,kickoff,-0.40317387226969004,TB,SEA,archive:asset:302374075:sha256:14a594b86b207508b89a42755f624c241e6ceef516d859a4b6bd2c4a5a7b472c:week:5
2025_05_TB_SEA,65.0,2025,5,TB,SEA,run,-0.8919035219587386,TB,SEA,archive:asset:302374075:sha256:14a594b86b207508b89a42755f624c241e6ceef516d859a4b6bd2c4a5a7b472c:week:5
2025_05_TB_SEA,87.0,2025,5,TB,SEA,pass,1.8562551611103117,TB,SEA,archive:asset:302374075:sha256:14a594b86b207508b89a42755f624c241e6ceef516d859a4b6bd2c4a5a7b472c:week:5
2025_05_TB_SEA,112.0,2025,5,TB,SEA,pass,1.8808596681337804,TB,SEA,archive:asset:302374075:sha256:14a594b86b207508b89a42755f624c241e6ceef516d859a4b6bd2c4a5a7b472c:week:5
2025_05_TB_SEA,137.0,2025,5,TB,SEA,pass,-0.20729806693270802,TB,SEA,archive:asset:302374075:sha256:14a594b86b207508b89a42755f624c241e6ceef516d859a4b6bd2c4a5a7b472c:week:5
2025_05_TB_SEA,162.0,2025,5,TB,SEA,run,0.3160852532600984,TB,SEA,archive:asset:302374075:sha256:14a594b86b207508b89a42755f624c241e6ceef516d859a4b6bd2c4a5a7b472c:week:5
2025_05_TB_SEA,184.0,2025,5,TB,SEA,run,0.6528647339437157,TB,SEA,archive:asset:302374075:sha256:14a594b86b207508b89a42755f624c241e6ceef516d859a4b6bd2c4a5a7b472c:week:5
2025_05_TB_SEA,206.0,2025,5,TB,SEA,pass,0.7745510736713186,TB,SEA,archive:asset:302374075:sha256:14a594b86b207508b89a42755f624c241e6ceef516d859a4b6bd2c4a5a7b472c:week:5
2025_05_TB_SEA,231.0,2025,5,TB,SEA,pass,-1.1578363683074713,TB,SEA,archive:asset:302374075:sha256:14a594b86b207508b89a42755f624c241e6ceef516d859a4b6bd2c4a5a7b472c:week:5
2025_05_TB_SEA,256.0,2025,5,TB,SEA,pass,-0.051494040177203715,TB,SEA,archive:asset:302374075:sha256:14a594b86b207508b89a42755f624c241e6ceef516d859a4b6bd2c4a5a7b472c:week:5
2025_05_TB_SEA,281.0,2025,5,TB,SEA,run,-0.696167068747255,TB,SEA,archive:asset:302374075:sha256:14a594b86b207508b89a42755f624c241e6ceef516d859a4b6bd2c4a5a7b472c:week:5
2025_05_TB_SEA,303.0,2025,5,TB,SEA,field_goal,0.15703468148634858,TB,SEA,archive:asset:302374075:sha256:14a594b86b207508b89a42755f624c241e6ceef516d859a4b6bd2c4a5a7b472c:week:5
2025_05_TB_SEA,323.0,2025,5,SEA,TB,kickoff,0.3214295005891472,SEA,TB,archive:asset:302374075:sha256:14a594b86b207508b89a42755f624c241e6ceef516d859a4b6bd2c4a5a7b472c:week:5
2025_05_TB_SEA,353.0,2025,5,SEA,TB,no_play,-0.004247309872880578,SEA,TB,archive:asset:302374075:sha256:14a594b86b207508b89a42755f624c241e6ceef516d859a4b6bd2c4a5a7b472c:week:5
2025_05_TB_SEA,389.0,2025,5,SEA,TB,pass,1.4594609157647938,SEA,TB,archive:asset:302374075:sha256:14a594b86b207508b89a42755f624c241e6ceef516d859a4b6bd2c4a5a7b472c:week:5
2025_05_TB_SEA,419.0,2025,5,SEA,TB,run,0.7862264576833695,SEA,TB,archive:asset:302374075:sha256:14a594b86b207508b89a42755f624c241e6ceef516d859a4b6bd2c4a5a7b472c:week:5
2025_05_TB_SEA,446.0,2025,5,SEA,TB,run,-0.3337744028540328,SEA,TB,archive:asset:302374075:sha256:14a594b86b207508b89a42755f624c241e6ceef516d859a4b6bd2c4a5a7b472c:week:5
2025_05_TB_SEA,468.0,2025,5,SEA,TB,no_play,-1.2134664111072198,SEA,TB,archive:asset:302374075:sha256:14a594b86b207508b89a42755f624c241e6ceef516d859a4b6bd2c4a5a7b472c:week:5
2025_05_TB_SEA,501.0,2025,5,SEA,TB,run,-0.7861957994755358,SEA,TB,archive:asset:302374075:sha256:14a594b86b207508b89a42755f624c241e6ceef516d859a4b6bd2c4a5a7b472c:week:5
2025_05_TB_SEA,523.0,2025,5,SEA,TB,pass,0.28291532064661906,SEA,TB,archive:asset:302374075:sha256:14a594b86b207508b89a42755f624c241e6ceef516d859a4b6bd2c4a5a7b472c:week:5
2025_05_TB_SEA,553.0,2025,5,SEA,TB,field_goal,-3.328800612062817,SEA,TB,archive:asset:302374075:sha256:14a594b86b207508b89a42755f624c241e6ceef516d859a4b6bd2c4a5a7b472c:week:5
2025_05_TB_SEA,574.0,2025,5,TB,SEA,pass,-0.5347250904887915,TB,SEA,archive:asset:302374075:sha256:14a594b86b207508b89a42755f624c241e6ceef516d859a4b6bd2c4a5a7b472c:week:5
2025_05_TB_SEA,604.0,2025,5,TB,SEA,run,-0.034541941015049815,TB,SEA,archive:asset:302374075:sha256:14a594b86b207508b89a42755f624c241e6ceef516d859a4b6bd2c4a5a7b472c:week:5
2025_05_TB_SEA,626.0,2025,5,TB,SEA,run,1.6008536170702428,TB,SEA,archive:asset:302374075:sha256:14a594b86b207508b89a42755f624c241e6ceef516d859a4b6bd2c4a5a7b472c:week:5
2025_05_TB_SEA,653.0,2025,5,TB,SEA,run,-0.5336660903412849,TB,SEA,archive:asset:302374075:sha256:14a594b86b207508b89a42755f624c241e6ceef516d859a4b6bd2c4a5a7b472c:week:5
2025_05_TB_SEA,675.0,2025,5,TB,SEA,pass,1.0921527843456715,TB,SEA,archive:asset:302374075:sha256:14a594b86b207508b89a42755f624c241e6ceef516d859a4b6bd2c4a5a7b472c:week:5
2025_05_TB_SEA,705.0,2025,5,TB,SEA,run,-0.39669407648034394,TB,SEA,archive:asset:302374075:sha256:14a594b86b207508b89a42755f624c241e6ceef516d859a4b6bd2c4a5a7b472c:week:5
2025_05_TB_SEA,727.0,2025,5,TB,SEA,no_play,1.7357074035098776,TB,SEA,archive:asset:302374075:sha256:14a594b86b207508b89a42755f624c241e6ceef516d859a4b6bd2c4a5a7b472c:week:5
2025_05_TB_SEA,761.0,2025,5,TB,SEA,run,-0.2762890240410343,TB,SEA,archive:asset:302374075:sha256:14a594b86b207508b89a42755f624c241e6ceef516d859a4b6bd2c4a5a7b472c:week:5
2025_05_TB_SEA,783.0,2025,5,TB,SEA,,-0.0,TB,SEA,archive:asset:302374075:sha256:14a594b86b207508b89a42755f624c241e6ceef516d859a4b6bd2c4a5a7b472c:week:5
2025_05_TB_SEA,803.0,2025,5,TB,SEA,pass,-0.1416687173768878,TB,SEA,archive:asset:302374075:sha256:14a594b86b207508b89a42755f624c241e6ceef516d859a4b6bd2c4a5a7b472c:week:5
2025_05_TB_SEA,828.0,2025,5,TB,SEA,pass,-1.3021965726462805,TB,SEA,archive:asset:302374075:sha256:14a594b86b207508b89a42755f624c241e6ceef516d859a4b6bd2c4a5a7b472c:week:5
2025_05_TB_SEA,851.0,2025,5,TB,SEA,field_goal,0.3812470395302081,TB,SEA,archive:asset:302374075:sha256:14a594b86b207508b89a42755f624c241e6ceef516d859a4b6bd2c4a5a7b472c:week:5
2025_05_TB_SEA,871.0,2025,5,SEA,TB,kickoff,0.09395595686510205,SEA,TB,archive:asset:302374075:sha256:14a594b86b207508b89a42755f624c241e6ceef516d859a4b6bd2c4a5a7b472c:week:5
2025_05_TB_SEA,914.0,2025,5,SEA,TB,pass,0.7723555751144886,SEA,TB,archive:asset:302374075:sha256:14a594b86b207508b89a42755f624c241e6ceef516d859a4b6bd2c4a5a7b472c:week:5
2025_05_TB_SEA,939.0,2025,5,SEA,TB,no_play,0.7021756572648883,SEA,TB,archive:asset:302374075:sha256:14a594b86b207508b89a42755f624c241e6ceef516d859a4b6bd2c4a5a7b472c:week:5
2025_05_TB_SEA,973.0,2025,5,SEA,TB,run,-0.8538264108356088,SEA,TB,archive:asset:302374075:sha256:14a594b86b207508b89a42755f624c241e6ceef516d859a4b6bd2c4a5a7b472c:week:5
2025_05_TB_SEA,995.0,2025,5,SEA,TB,pass,-0.9350720604415983,SEA,TB,archive:asset:302374075:sha256:14a594b86b207508b89a42755f624c241e6ceef516d859a4b6bd2c4a5a7b472c:week:5
2025_05_TB_SEA,1018.0,2025,5,SEA,TB,no_play,-0.38118643732741475,SEA,TB,archive:asset:302374075:sha256:14a594b86b207508b89a42755f624c241e6ceef516d859a4b6bd2c4a5a7b472c:week:5
2025_05_TB_SEA,1059.0,2025,5,SEA,TB,pass,-0.34064214932732284,SEA,TB,archive:asset:302374075:sha256:14a594b86b207508b89a42755f624c241e6ceef516d859a4b6bd2c4a5a7b472c:week:5
2025_05_TB_SEA,1084.0,2025,5,SEA,TB,punt,-0.15082490048371255,SEA,TB,archive:asset:302374075:sha256:14a594b86b207508b89a42755f624c241e6ceef516d859a4b6bd2c4a5a7b472c:week:5
2025_05_TB_SEA,1104.0,2025,5,TB,SEA,run,-0.562317717820406,TB,SEA,archive:asset:302374075:sha256:14a594b86b207508b89a42755f624c241e6ceef516d859a4b6bd2c4a5a7b472c:week:5
2025_05_TB_SEA,1133.0,2025,5,TB,SEA,pass,-1.1774964805226773,TB,SEA,archive:asset:302374075:sha256:14a594b86b207508b89a42755f624c241e6ceef516d859a4b6bd2c4a5a7b472c:week:5
2025_05_TB_SEA,1158.0,2025,5,TB,SEA,pass,-0.373376508243382,TB,SEA,archive:asset:302374075:sha256:14a594b86b207508b89a42755f624c241e6ceef516d859a4b6bd2c4a5a7b472c:week:5
2025_05_TB_SEA,1183.0,2025,5,TB,SEA,punt,0.08898880681954324,TB,SEA,archive:asset:302374075:sha256:14a594b86b207508b89a42755f624c241e6ceef516d859a4b6bd2c4a5a7b472c:week:5
2025_05_TB_SEA,1210.0,2025,5,SEA,TB,pass,-0.19185420335270464,SEA,TB,archive:asset:302374075:sha256:14a594b86b207508b89a42755f624c241e6ceef516d859a4b6bd2c4a5a7b472c:week:5
2025_05_TB_SEA,1235.0,2025,5,SEA,TB,run,-0.25404735491611063,SEA,TB,archive:asset:302374075:sha256:14a594b86b207508b89a42755f624c241e6ceef516d859a4b6bd2c4a5a7b472c:week:5
2025_05_TB_SEA,1257.0,2025,5,SEA,TB,pass,1.023058435646817,SEA,TB,archive:asset:302374075:sha256:14a594b86b207508b89a42755f624c241e6ceef516d859a4b6bd2c4a5a7b472c:week:5
2025_05_TB_SEA,1282.0,2025,5,SEA,TB,pass,0.7047855906421319,SEA,TB,archive:asset:302374075:sha256:14a594b86b207508b89a42755f624c241e6ceef516d859a4b6bd2c4a5a7b472c:week:5
2025_05_TB_SEA,1307.0,2025,5,SEA,TB,run,-5.438767098705284,SEA,TB,archive:asset:302374075:sha256:14a594b86b207508b89a42755f624c241e6ceef516d859a4b6bd2c4a5a7b472c:week:5
2025_05_TB_SEA,1350.0,2025,5,TB,SEA,pass,1.5041762854671106,TB,SEA,archive:asset:302374075:sha256:14a594b86b207508b89a42755f624c241e6ceef516d859a4b6bd2c4a5a7b472c:week:5
2025_05_TB_SEA,1375.0,2025,5,TB,SEA,run,-1.138819663436152,TB,SEA,archive:asset:302374075:sha256:14a594b86b207508b89a42755f624c241e6ceef516d859a4b6bd2c4a5a7b472c:week:5
2025_05_TB_SEA,1397.0,2025,5,TB,SEA,run,-0.7922909887274727,TB,SEA,archive:asset:302374075:sha256:14a594b86b207508b89a42755f624c241e6ceef516d859a4b6bd2c4a5a7b472c:week:5
2025_05_TB_SEA,1419.0,2025,5,TB,SEA,pass,2.536124267790001,TB,SEA,archive:asset:302374075:sha256:14a594b86b207508b89a42755f624c241e6ceef516d859a4b6bd2c4a5a7b472c:week:5
2025_05_TB_SEA,1460.0,2025,5,TB,SEA,pass,0.3544820954557508,TB,SEA,archive:asset:302374075:sha256:14a594b86b207508b89a42755f624c241e6ceef516d859a4b6bd2c4a5a7b472c:week:5
2025_05_TB_SEA,1485.0,2025,5,TB,SEA,pass,0.736729323194595,TB,SEA,archive:asset:302374075:sha256:14a594b86b207508b89a42755f624c241e6ceef516d859a4b6bd2c4a5a7b472c:week:5
2025_05_TB_SEA,1510.0,2025,5,TB,SEA,run,1.782961926801363,TB,SEA,archive:asset:302374075:sha256:14a594b86b207508b89a42755f624c241e6ceef516d859a4b6bd2c4a5a7b472c:week:5
2025_05_TB_SEA,1533.0,2025,5,TB,SEA,extra_point,0.06757300310763314,TB,SEA,archive:asset:302374075:sha256:14a594b86b207508b89a42755f624c241e6ceef516d859a4b6bd2c4a5a7b472c:week:5
2025_05_TB_SEA,1548.0,2025,5,SEA,TB,kickoff,1.086695212230552,SEA,TB,archive:asset:302374075:sha256:14a594b86b207508b89a42755f624c241e6ceef516d859a4b6bd2c4a5a7b472c:week:5
2025_05_TB_SEA,1583.0,2025,5,SEA,TB,pass,-0.3993339328444563,SEA,TB,archive:asset:302374075:sha256:14a594b86b207508b89a42755f624c241e6ceef516d859a4b6bd2c4a5a7b472c:week:5
2025_05_TB_SEA,1606.0,2025,5,SEA,TB,run,-0.1566120179486461,SEA,TB,archive:asset:302374075:sha256:14a594b86b207508b89a42755f624c241e6ceef516d859a4b6bd2c4a5a7b472c:week:5
2025_05_TB_SEA,1635.0,2025,5,SEA,TB,pass,0.9665778092457913,SEA,TB,archive:asset:302374075:sha256:14a594b86b207508b89a42755f624c241e6ceef516d859a4b6bd2c4a5a7b472c:week:5
2025_05_TB_SEA,1660.0,2025,5,SEA,TB,pass,0.5658075961400755,SEA,TB,archive:asset:302374075:sha256:14a594b86b207508b89a42755f624c241e6ceef516d859a4b6bd2c4a5a7b472c:week:5
2025_05_TB_SEA,1697.0,2025,5,,,no_play,0.0,,,archive:asset:302374075:sha256:14a594b86b207508b89a42755f624c241e6ceef516d859a4b6bd2c4a5a7b472c:week:5
2025_05_TB_SEA,1685.0,2025,5,SEA,TB,pass,-0.2481967251515016,SEA,TB,archive:asset:302374075:sha256:14a594b86b207508b89a42755f624c241e6ceef516d859a4b6bd2c4a5a7b472c:week:5
2025_05_TB_SEA,1715.0,2025,5,SEA,TB,pass,0.20363356918096542,SEA,TB,archive:asset:302374075:sha256:14a594b86b207508b89a42755f624c241e6ceef516d859a4b6bd2c4a5a7b472c:week:5
2025_05_TB_SEA,1752.0,2025,5,,,no_play,0.0,,,archive:asset:302374075:sha256:14a594b86b207508b89a42755f624c241e6ceef516d859a4b6bd2c4a5a7b472c:week:5
2025_05_TB_SEA,1740.0,2025,5,SEA,TB,pass,1.0792496090289205,SEA,TB,archive:asset:302374075:sha256:14a594b86b207508b89a42755f624c241e6ceef516d859a4b6bd2c4a5a7b472c:week:5
2025_05_TB_SEA,1777.0,2025,5,SEA,TB,pass,0.38594452032702975,SEA,TB,archive:asset:302374075:sha256:14a594b86b207508b89a42755f624c241e6ceef516d859a4b6bd2c4a5a7b472c:week:5
2025_05_TB_SEA,1802.0,2025,5,SEA,TB,pass,-0.6860464004275855,SEA,TB,archive:asset:302374075:sha256:14a594b86b207508b89a42755f624c241e6ceef516d859a4b6bd2c4a5a7b472c:week:5
2025_05_TB_SEA,1837.0,2025,5,,,no_play,0.0,,,archive:asset:302374075:sha256:14a594b86b207508b89a42755f624c241e6ceef516d859a4b6bd2c4a5a7b472c:week:5
2025_05_TB_SEA,1825.0,2025,5,SEA,TB,pass,3.172539299412165,SEA,TB,archive:asset:302374075:sha256:14a594b86b207508b89a42755f624c241e6ceef516d859a4b6bd2c4a5a7b472c:week:5
2025_05_TB_SEA,1858.0,2025,5,SEA,TB,extra_point,0.06757300310763314,SEA,TB,archive:asset:302374075:sha256:14a594b86b207508b89a42755f624c241e6ceef516d859a4b6bd2c4a5a7b472c:week:5
2025_05_TB_SEA,1873.0,2025,5,TB,SEA,kickoff,-0.028867256711237133,TB,SEA,archive:asset:302374075:sha256:14a594b86b207508b89a42755f624c241e6ceef516d859a4b6bd2c4a5a7b472c:week:5
2025_05_TB_SEA,1896.0,2025,5,,,,,,,archive:asset:302374075:sha256:14a594b86b207508b89a42755f624c241e6ceef516d859a4b6bd2c4a5a7b472c:week:5
2025_05_TB_SEA,1916.0,2025,5,SEA,TB,kickoff,-0.3345481175929308,SEA,TB,archive:asset:302374075:sha256:14a594b86b207508b89a42755f624c241e6ceef516d859a4b6bd2c4a5a7b472c:week:5
2025_05_TB_SEA,1939.0,2025,5,SEA,TB,pass,0.17029543733224273,SEA,TB,archive:asset:302374075:sha256:14a594b86b207508b89a42755f624c241e6ceef516d859a4b6bd2c4a5a7b472c:week:5
2025_05_TB_SEA,1964.0,2025,5,SEA,TB,pass,2.608049258356914,SEA,TB,archive:asset:302374075:sha256:14a594b86b207508b89a42755f624c241e6ceef516d859a4b6bd2c4a5a7b472c:week:5
2025_05_TB_SEA,2005.0,2025,5,SEA,TB,run,2.0621435439097695,SEA,TB,archive:asset:302374075:sha256:14a594b86b207508b89a42755f624c241e6ceef516d859a4b6bd2c4a5a7b472c:week:5
2025_05_TB_SEA,2032.0,2025,5,SEA,TB,run,1.0199621101492085,SEA,TB,archive:asset:302374075:sha256:14a594b86b207508b89a42755f624c241e6ceef516d859a4b6bd2c4a5a7b472c:week:5
2025_05_TB_SEA,2055.0,2025,5,SEA,TB,extra_point,0.06757300310763314,SEA,TB,archive:asset:302374075:sha256:14a594b86b207508b89a42755f624c241e6ceef516d859a4b6bd2c4a5a7b472c:week:5
2025_05_TB_SEA,2070.0,2025,5,TB,SEA,kickoff,-0.2993268705904484,TB,SEA,archive:asset:302374075:sha256:14a594b86b207508b89a42755f624c241e6ceef516d859a4b6bd2c4a5a7b472c:week:5
2025_05_TB_SEA,2100.0,2025,5,TB,SEA,pass,-0.3290552110411227,TB,SEA,archive:asset:302374075:sha256:14a594b86b207508b89a42755f624c241e6ceef516d859a4b6bd2c4a5a7b472c:week:5
2025_05_TB_SEA,2125.0,2025,5,TB,SEA,pass,-0.03137103049084544,TB,SEA,archive:asset:302374075:sha256:14a594b86b207508b89a42755f624c241e6ceef516d859a4b6bd2c4a5a7b472c:week:5
2025_05_TB_SEA,2150.0,2025,5,TB,SEA,pass,1.5696053376886994,TB,SEA,archive:asset:302374075:sha256:14a594b86b207508b89a42755f624c241e6ceef516d859a4b6bd2c4a5a7b472c:week:5
2025_05_TB_SEA,2175.0,2025,5,TB,SEA,pass,0.867883971426636,TB,SEA,archive:asset:302374075:sha256:14a594b86b207508b89a42755f624c241e6ceef516d859a4b6bd2c4a5a7b472c:week:5
2025_05_TB_SEA,2205.0,2025,5,TB,SEA,run,0.36903008189983666,TB,SEA,archive:asset:302374075:sha256:14a594b86b207508b89a42755f624c241e6ceef516d859a4b6bd2c4a5a7b472c:week:5
2025_05_TB_SEA,2238.0,2025,5,TB,SEA,pass,1.85150123789208,TB,SEA,archive:asset:302374075:sha256:14a594b86b207508b89a42755f624c241e6ceef516d859a4b6bd2c4a5a7b472c:week:5
2025_05_TB_SEA,2263.0,2025,5,TB,SEA,run,-0.27243287226883695,TB,SEA,archive:asset:302374075:sha256:14a594b86b207508b89a42755f624c241e6ceef516d859a4b6bd2c4a5a7b472c:week:5
2025_05_TB_SEA,2288.0,2025,5,TB,SEA,run,-1.6664712167112157,TB,SEA,archive:asset:302374075:sha256:14a594b86b207508b89a42755f624c241e6ceef516d859a4b6bd2c4a5a7b472c:week:5
2025_05_TB_SEA,2324.0,2025,5,TB,SEA,pass,4.053208019817248,TB,SEA,archive:asset:302374075:sha256:14a594b86b207508b89a42755f624c241e6ceef516d859a4b6bd2c4a5a7b472c:week:5
2025_05_TB_SEA,2350.0,2025,5,TB,SEA,pass,1.053,TB,SEA,archive:asset:302374075:sha256:14a594b86b207508b89a42755f624c241e6ceef516d859a4b6bd2c4a5a7b472c:week:5
2025_05_TB_SEA,2369.0,2025,5,SEA,TB,kickoff,-0.4682509694248438,SEA,TB,archive:asset:302374075:sha256:14a594b86b207508b89a42755f624c241e6ceef516d859a4b6bd2c4a5a7b472c:week:5
2025_05_TB_SEA,2410.0,2025,5,SEA,TB,pass,0.8305241365451366,SEA,TB,archive:asset:302374075:sha256:14a594b86b207508b89a42755f624c241e6ceef516d859a4b6bd2c4a5a7b472c:week:5
2025_05_TB_SEA,2435.0,2025,5,SEA,TB,pass,0.8439230041112751,SEA,TB,archive:asset:302374075:sha256:14a594b86b207508b89a42755f624c241e6ceef516d859a4b6bd2c4a5a7b472c:week:5
2025_05_TB_SEA,2460.0,2025,5,SEA,TB,pass,3.025719563185703,SEA,TB,archive:asset:302374075:sha256:14a594b86b207508b89a42755f624c241e6ceef516d859a4b6bd2c4a5a7b472c:week:5
2025_05_TB_SEA,2485.0,2025,5,SEA,TB,run,-0.13645317155169323,SEA,TB,archive:asset:302374075:sha256:14a594b86b207508b89a42755f624c241e6ceef516d859a4b6bd2c4a5a7b472c:week:5
2025_05_TB_SEA,2507.0,2025,5,SEA,TB,run,-0.273583261994645,SEA,TB,archive:asset:302374075:sha256:14a594b86b207508b89a42755f624c241e6ceef516d859a4b6bd2c4a5a7b472c:week:5
2025_05_TB_SEA,2529.0,2025,5,SEA,TB,pass,1.7709379548905417,SEA,TB,archive:asset:302374075:sha256:14a594b86b207508b89a42755f624c241e6ceef516d859a4b6bd2c4a5a7b472c:week:5
2025_05_TB_SEA,2568.0,2025,5,SEA,TB,extra_point,0.06757300310763314,SEA,TB,archive:asset:302374075:sha256:14a594b86b207508b89a42755f624c241e6ceef516d859a4b6bd2c4a5a7b472c:week:5
2025_05_TB_SEA,2583.0,2025,5,TB,SEA,kickoff,-5.065649747848511e-05,TB,SEA,archive:asset:302374075:sha256:14a594b86b207508b89a42755f624c241e6ceef516d859a4b6bd2c4a5a7b472c:week:5
2025_05_TB_SEA,2613.0,2025,5,TB,SEA,pass,1.2091536144725978,TB,SEA,archive:asset:302374075:sha256:14a594b86b207508b89a42755f624c241e6ceef516d859a4b6bd2c4a5a7b472c:week:5
2025_05_TB_SEA,2638.0,2025,5,TB,SEA,run,-0.7226248579099774,TB,SEA,archive:asset:302374075:sha256:14a594b86b207508b89a42755f624c241e6ceef516d859a4b6bd2c4a5a7b472c:week:5
2025_05_TB_SEA,2660.0,2025,5,TB,SEA,pass,-0.5002879430539906,TB,SEA,archive:asset:302374075:sha256:14a594b86b207508b89a42755f624c241e6ceef516d859a4b6bd2c4a5a7b472c:week:5
2025_05_TB_SEA,2690.0,2025,5,TB,SEA,no_play,-0.6936657764017582,TB,SEA,archive:asset:302374075:sha256:14a594b86b207508b89a42755f624c241e6ceef516d859a4b6bd2c4a5a7b472c:week:5
2025_05_TB_SEA,2726.0,2025,5,TB,SEA,pass,6.059582577261608,TB,SEA,archive:asset:302374075:sha256:14a594b86b207508b89a42755f624c241e6ceef516d859a4b6bd2c4a5a7b472c:week:5
2025_05_TB_SEA,2751.0,2025,5,TB,SEA,run,0.15287308354163542,TB,SEA,archive:asset:302374075:sha256:14a594b86b207508b89a42755f624c241e6ceef516d859a4b6bd2c4a5a7b472c:week:5
2025_05_TB_SEA,2784.0,2025,5,TB,SEA,run,0.6195537883322686,TB,SEA,archive:asset:302374075:sha256:14a594b86b207508b89a42755f624c241e6ceef516d859a4b6bd2c4a5a7b472c:week:5
2025_05_TB_SEA,2812.0,2025,5,TB,SEA,extra_point,0.06757300310763314,TB,SEA,archive:asset:302374075:sha256:14a594b86b207508b89a42755f624c241e6ceef516d859a4b6bd2c4a5a7b472c:week:5
2025_05_TB_SEA,2827.0,2025,5,SEA,TB,kickoff,1.5160887772217393,SEA,TB,archive:asset:302374075:sha256:14a594b86b207508b89a42755f624c241e6ceef516d859a4b6bd2c4a5a7b472c:week:5
2025_05_TB_SEA,2857.0,2025,5,SEA,TB,run,0.3792800137307495,SEA,TB,archive:asset:302374075:sha256:14a594b86b207508b89a42755f624c241e6ceef516d859a4b6bd2c4a5a7b472c:week:5
2025_05_TB_SEA,2879.0,2025,5,SEA,TB,,0.0,SEA,TB,archive:asset:302374075:sha256:14a594b86b207508b89a42755f624c241e6ceef516d859a4b6bd2c4a5a7b472c:week:5
2025_05_TB_SEA,2899.0,2025,5,SEA,TB,no_play,-1.2832014102023095,SEA,TB,archive:asset:302374075:sha256:14a594b86b207508b89a42755f624c241e6ceef516d859a4b6bd2c4a5a7b472c:week:5
2025_05_TB_SEA,2937.0,2025,5,SEA,TB,no_play,0.9414761387743056,SEA,TB,archive:asset:302374075:sha256:14a594b86b207508b89a42755f624c241e6ceef516d859a4b6bd2c4a5a7b472c:week:5
2025_05_TB_SEA,2975.0,2025,5,SEA,TB,run,-0.18076990148983896,SEA,TB,archive:asset:302374075:sha256:14a594b86b207508b89a42755f624c241e6ceef516d859a4b6bd2c4a5a7b472c:week:5
2025_05_TB_SEA,2997.0,2025,5,SEA,TB,run,0.9438158760312945,SEA,TB,archive:asset:302374075:sha256:14a594b86b207508b89a42755f624c241e6ceef516d859a4b6bd2c4a5a7b472c:week:5
2025_05_TB_SEA,3019.0,2025,5,SEA,TB,no_play,-0.8136574001982808,SEA,TB,archive:asset:302374075:sha256:14a594b86b207508b89a42755f624c241e6ceef516d859a4b6bd2c4a5a7b472c:week:5
2025_05_TB_SEA,3043.0,2025,5,SEA,TB,pass,-0.5858317406382412,SEA,TB,archive:asset:302374075:sha256:14a594b86b207508b89a42755f624c241e6ceef516d859a4b6bd2c4a5a7b472c:week:5
2025_05_TB_SEA,3068.0,2025,5,SEA,TB,pass,0.7540188500424847,SEA,TB,archive:asset:302374075:sha256:14a594b86b207508b89a42755f624c241e6ceef516d859a4b6bd2c4a5a7b472c:week:5
2025_05_TB_SEA,3093.0,2025,5,SEA,TB,pass,1.6625361799960956,SEA,TB,archive:asset:302374075:sha256:14a594b86b207508b89a42755f624c241e6ceef516d859a4b6bd2c4a5a7b472c:week:5
2025_05_TB_SEA,3123.0,2025,5,SEA,TB,pass,0.38123122637625784,SEA,TB,archive:asset:302374075:sha256:14a594b86b207508b89a42755f624c241e6ceef516d859a4b6bd2c4a5a7b472c:week:5
2025_05_TB_SEA,3158.0,2025,5,SEA,TB,run,-0.424588174035307,SEA,TB,archive:asset:302374075:sha256:14a594b86b207508b89a42755f624c241e6ceef516d859a4b6bd2c4a5a7b472c:week:5
2025_05_TB_SEA,3180.0,2025,5,SEA,TB,run,1.0479560257517733,SEA,TB,archive:asset:302374075:sha256:14a594b86b207508b89a42755f624c241e6ceef516d859a4b6bd2c4a5a7b472c:week:5
2025_05_TB_SEA,3202.0,2025,5,SEA,TB,pass,1.405593806412071,SEA,TB,archive:asset:302374075:sha256:14a594b86b207508b89a42755f624c241e6ceef516d859a4b6bd2c4a5a7b472c:week:5
2025_05_TB_SEA,3228.0,2025,5,SEA,TB,extra_point,0.06757300310763314,SEA,TB,archive:asset:302374075:sha256:14a594b86b207508b89a42755f624c241e6ceef516d859a4b6bd2c4a5a7b472c:week:5
2025_05_TB_SEA,3243.0,2025,5,TB,SEA,kickoff,0.3971128803677857,TB,SEA,archive:asset:302374075:sha256:14a594b86b207508b89a42755f624c241e6ceef516d859a4b6bd2c4a5a7b472c:week:5
2025_05_TB_SEA,3278.0,2025,5,TB,SEA,pass,1.1283055732492357,TB,SEA,archive:asset:302374075:sha256:14a594b86b207508b89a42755f624c241e6ceef516d859a4b6bd2c4a5a7b472c:week:5
2025_05_TB_SEA,3306.0,2025,5,TB,SEA,pass,0.8864593402249739,TB,SEA,archive:asset:302374075:sha256:14a594b86b207508b89a42755f624c241e6ceef516d859a4b6bd2c4a5a7b472c:week:5
2025_05_TB_SEA,3339.0,2025,5,TB,SEA,run,-0.2704738429747522,TB,SEA,archive:asset:302374075:sha256:14a594b86b207508b89a42755f624c241e6ceef516d859a4b6bd2c4a5a7b472c:week:5
2025_05_TB_SEA,3361.0,2025,5,TB,SEA,pass,-1.9310633527347818,TB,SEA,archive:asset:302374075:sha256:14a594b86b207508b89a42755f624c241e6ceef516d859a4b6bd2c4a5a7b472c:week:5
2025_05_TB_SEA,3391.0,2025,5,TB,SEA,pass,-1.4165968843735754,TB,SEA,archive:asset:302374075:sha256:14a594b86b207508b89a42755f624c241e6ceef516d859a4b6bd2c4a5a7b472c:week:5
2025_05_TB_SEA,3414.0,2025,5,TB,SEA,punt,0.5435287343570963,TB,SEA,archive:asset:302374075:sha256:14a594b86b207508b89a42755f624c241e6ceef516d859a4b6bd2c4a5a7b472c:week:5
2025_05_TB_SEA,3437.0,2025,5,SEA,TB,run,-0.27627312939148396,SEA,TB,archive:asset:302374075:sha256:14a594b86b207508b89a42755f624c241e6ceef516d859a4b6bd2c4a5a7b472c:week:5
2025_05_TB_SEA,3459.0,2025,5,SEA,TB,pass,0.7629626721609384,SEA,TB,archive:asset:302374075:sha256:14a594b86b207508b89a42755f624c241e6ceef516d859a4b6bd2c4a5a7b472c:week:5
2025_05_TB_SEA,3489.0,2025,5,SEA,TB,run,1.3990348973311484,SEA,TB,archive:asset:302374075:sha256:14a594b86b207508b89a42755f624c241e6ceef516d859a4b6bd2c4a5a7b472c:week:5
2025_05_TB_SEA,3516.0,2025,5,SEA,TB,pass,2.358533339574933,SEA,TB,archive:asset:302374075:sha256:14a594b86b207508b89a42755f624c241e6ceef516d859a4b6bd2c4a5a7b472c:week:5
2025_05_TB_SEA,3552.0,2025,5,SEA,TB,run,0.6030024735373445,SEA,TB,archive:asset:302374075:sha256:14a594b86b207508b89a42755f624c241e6ceef516d859a4b6bd2c4a5a7b472c:week:5
2025_05_TB_SEA,3574.0,2025,5,SEA,TB,run,-0.6349504399113357,SEA,TB,archive:asset:302374075:sha256:14a594b86b207508b89a42755f624c241e6ceef516d859a4b6bd2c4a5a7b472c:week:5
2025_05_TB_SEA,3596.0,2025,5,SEA,TB,pass,-1.2236591477994807,SEA,TB,archive:asset:302374075:sha256:14a594b86b207508b89a42755f624c241e6ceef516d859a4b6bd2c4a5a7b472c:week:5
2025_05_TB_SEA,3619.0,2025,5,SEA,TB,pass,4.439747104654089,SEA,TB,archive:asset:302374075:sha256:14a594b86b207508b89a42755f624c241e6ceef516d859a4b6bd2c4a5a7b472c:week:5
2025_05_TB_SEA,3645.0,2025,5,SEA,TB,extra_point,0.06757300310763314,SEA,TB,archive:asset:302374075:sha256:14a594b86b207508b89a42755f624c241e6ceef516d859a4b6bd2c4a5a7b472c:week:5
2025_05_TB_SEA,3660.0,2025,5,TB,SEA,kickoff,0.3732479877071455,TB,SEA,archive:asset:302374075:sha256:14a594b86b207508b89a42755f624c241e6ceef516d859a4b6bd2c4a5a7b472c:week:5
2025_05_TB_SEA,3683.0,2025,5,TB,SEA,pass,1.2895699805230834,TB,SEA,archive:asset:302374075:sha256:14a594b86b207508b89a42755f624c241e6ceef516d859a4b6bd2c4a5a7b472c:week:5
2025_05_TB_SEA,3708.0,2025,5,TB,SEA,pass,-0.4009711720282212,TB,SEA,archive:asset:302374075:sha256:14a594b86b207508b89a42755f624c241e6ceef516d859a4b6bd2c4a5a7b472c:week:5
2025_05_TB_SEA,3731.0,2025,5,TB,SEA,pass,2.086611288948916,TB,SEA,archive:asset:302374075:sha256:14a594b86b207508b89a42755f624c241e6ceef516d859a4b6bd2c4a5a7b472c:week:5
2025_05_TB_SEA,3759.0,2025,5,TB,SEA,pass,0.8004098853562027,TB,SEA,archive:asset:302374075:sha256:14a594b86b207508b89a42755f624c241e6ceef516d859a4b6bd2c4a5a7b472c:week:5
2025_05_TB_SEA,3791.0,2025,5,TB,SEA,pass,1.945506204443518,TB,SEA,archive:asset:302374075:sha256:14a594b86b207508b89a42755f624c241e6ceef516d859a4b6bd2c4a5a7b472c:week:5
2025_05_TB_SEA,3817.0,2025,5,TB,SEA,extra_point,0.06757300310763314,TB,SEA,archive:asset:302374075:sha256:14a594b86b207508b89a42755f624c241e6ceef516d859a4b6bd2c4a5a7b472c:week:5
2025_05_TB_SEA,3832.0,2025,5,SEA,TB,kickoff,-0.1770008911844343,SEA,TB,archive:asset:302374075:sha256:14a594b86b207508b89a42755f624c241e6ceef516d859a4b6bd2c4a5a7b472c:week:5
2025_05_TB_SEA,3855.0,2025,5,SEA,TB,pass,0.22492723318282515,SEA,TB,archive:asset:302374075:sha256:14a594b86b207508b89a42755f624c241e6ceef516d859a4b6bd2c4a5a7b472c:week:5
2025_05_TB_SEA,3885.0,2025,5,SEA,TB,pass,-3.8315716417855583,SEA,TB,archive:asset:302374075:sha256:14a594b86b207508b89a42755f624c241e6ceef516d859a4b6bd2c4a5a7b472c:week:5
2025_05_TB_SEA,3912.0,2025,5,TB,SEA,run,0.18027635442558676,TB,SEA,archive:asset:302374075:sha256:14a594b86b207508b89a42755f624c241e6ceef516d859a4b6bd2c4a5a7b472c:week:5
2025_05_TB_SEA,3946.0,2025,5,,,no_play,-0.0,,,archive:asset:302374075:sha256:14a594b86b207508b89a42755f624c241e6ceef516d859a4b6bd2c4a5a7b472c:week:5
2025_05_TB_SEA,3934.0,2025,5,TB,SEA,run,-0.6163075992371887,TB,SEA,archive:asset:302374075:sha256:14a594b86b207508b89a42755f624c241e6ceef516d859a4b6bd2c4a5a7b472c:week:5
2025_05_TB_SEA,3975.0,2025,5,,,no_play,-0.0,,,archive:asset:302374075:sha256:14a594b86b207508b89a42755f624c241e6ceef516d859a4b6bd2c4a5a7b472c:week:5
2025_05_TB_SEA,3963.0,2025,5,TB,SEA,run,0.22345612855860963,TB,SEA,archive:asset:302374075:sha256:14a594b86b207508b89a42755f624c241e6ceef516d859a4b6bd2c4a5a7b472c:week:5
2025_05_TB_SEA,4004.0,2025,5,,,no_play,-0.0,,,archive:asset:302374075:sha256:14a594b86b207508b89a42755f624c241e6ceef516d859a4b6bd2c4a5a7b472c:week:5
2025_05_TB_SEA,3992.0,2025,5,TB,SEA,qb_kneel,-0.11764674602233338,TB,SEA,archive:asset:302374075:sha256:14a594b86b207508b89a42755f624c241e6ceef516d859a4b6bd2c4a5a7b472c:week:5
2025_05_TB_SEA,4033.0,2025,5,,,no_play,-0.0,,,archive:asset:302374075:sha256:14a594b86b207508b89a42755f624c241e6ceef516d859a4b6bd2c4a5a7b472c:week:5
2025_05_TB_SEA,4021.0,2025,5,TB,SEA,field_goal,0.40759915873565244,TB,SEA,archive:asset:302374075:sha256:14a594b86b207508b89a42755f624c241e6ceef516d859a4b6bd2c4a5a7b472c:week:5
2025_05_TB_SEA,4048.0,2025,5,SEA,TB,,,SEA,TB,archive:asset:302374075:sha256:14a594b86b207508b89a42755f624c241e6ceef516d859a4b6bd2c4a5a7b472c:week:5
2025_05_TEN_ARI,1.0,2025,5,,,,0.0,,,archive:asset:302374075:sha256:14a594b86b207508b89a42755f624c241e6ceef516d859a4b6bd2c4a5a7b472c:week:5
2025_05_TEN_ARI,40.0,2025,5,ARI,TEN,kickoff,0.45533007313497365,ARI,TEN,archive:asset:302374075:sha256:14a594b86b207508b89a42755f624c241e6ceef516d859a4b6bd2c4a5a7b472c:week:5
2025_05_TEN_ARI,63.0,2025,5,ARI,TEN,run,0.34824095480144024,ARI,TEN,archive:asset:302374075:sha256:14a594b86b207508b89a42755f624c241e6ceef516d859a4b6bd2c4a5a7b472c:week:5
2025_05_TEN_ARI,85.0,2025,5,ARI,TEN,no_play,-0.8228573671076447,ARI,TEN,archive:asset:302374075:sha256:14a594b86b207508b89a42755f624c241e6ceef516d859a4b6bd2c4a5a7b472c:week:5
2025_05_TEN_ARI,109.0,2025,5,ARI,TEN,pass,1.2768284652847797,ARI,TEN,archive:asset:302374075:sha256:14a594b86b207508b89a42755f624c241e6ceef516d859a4b6bd2c4a5a7b472c:week:5
2025_05_TEN_ARI,134.0,2025,5,ARI,TEN,pass,0.7490276326425374,ARI,TEN,archive:asset:302374075:sha256:14a594b86b207508b89a42755f624c241e6ceef516d859a4b6bd2c4a5a7b472c:week:5
2025_05_TEN_ARI,159.0,2025,5,ARI,TEN,run,-1.0451292868237942,ARI,TEN,archive:asset:302374075:sha256:14a594b86b207508b89a42755f624c241e6ceef516d859a4b6bd2c4a5a7b472c:week:5
2025_05_TEN_ARI,181.0,2025,5,ARI,TEN,run,0.8174003737512976,ARI,TEN,archive:asset:302374075:sha256:14a594b86b207508b89a42755f624c241e6ceef516d859a4b6bd2c4a5a7b472c:week:5
2025_05_TEN_ARI,208.0,2025,5,ARI,TEN,pass,3.225637441209983,ARI,TEN,archive:asset:302374075:sha256:14a594b86b207508b89a42755f624c241e6ceef516d859a4b6bd2c4a5a7b472c:week:5
2025_05_TEN_ARI,250.0,2025,5,ARI,TEN,pass,-0.2047606537817046,ARI,TEN,archive:asset:302374075:sha256:14a594b86b207508b89a42755f624c241e6ceef516d859a4b6bd2c4a5a7b472c:week:5
2025_05_TEN_ARI,285.0,2025,5,ARI,TEN,no_play,-2.1418090909719467e-05,ARI,TEN,archive:asset:302374075:sha256:14a594b86b207508b89a42755f624c241e6ceef516d859a4b6bd2c4a5a7b472c:week:5
2025_05_TEN_ARI,320.0,2025,5,ARI,TEN,run,0.6073102442896925,ARI,TEN,archive:asset:302374075:sha256:14a594b86b207508b89a42755f624c241e6ceef516d859a4b6bd2c4a5a7b472c:week:5
2025_05_TEN_ARI,343.0,2025,5,ARI,TEN,extra_point,0.06857135097992784,ARI,TEN,archive:asset:302374075:sha256:14a594b86b207508b89a42755f624c241e6ceef516d859a4b6bd2c4a5a7b472c:week:5
2025_05_TEN_ARI,358.0,2025,5,TEN,ARI,kickoff,0.2768156141974032,TEN,ARI,archive:asset:302374075:sha256:14a594b86b207508b89a42755f624c241e6ceef516d859a4b6bd2c4a5a7b472c:week:5
2025_05_TEN_ARI,436.0,2025,5,TEN,ARI,run,0.8240499214734882,TEN,ARI,archive:asset:302374075:sha256:14a594b86b207508b89a42755f624c241e6ceef516d859a4b6bd2c4a5a7b472c:week:5
2025_05_TEN_ARI,460.0,2025,5,TEN,ARI,run,-0.6416922707576305,TEN,ARI,archive:asset:302374075:sha256:14a594b86b207508b89a42755f624c241e6ceef516d859a4b6bd2c4a5a7b472c:week:5
2025_05_TEN_ARI,482.0,2025,5,TEN,ARI,run,0.5465347601566464,TEN,ARI,archive:asset:302374075:sha256:14a594b86b207508b89a42755f624c241e6ceef516d859a4b6bd2c4a5a7b472c:week:5
2025_05_TEN_ARI,508.0,2025,5,TEN,ARI,run,-0.38675929559394717,TEN,ARI,archive:asset:302374075:sha256:14a594b86b207508b89a42755f624c241e6ceef516d859a4b6bd2c4a5a7b472c:week:5
2025_05_TEN_ARI,535.0,2025,5,TEN,ARI,pass,0.2500467069912702,TEN,ARI,archive:asset:302374075:sha256:14a594b86b207508b89a42755f624c241e6ceef516d859a4b6bd2c4a5a7b472c:week:5
2025_05_TEN_ARI,565.0,2025,5,TEN,ARI,run,1.0844265397172421,TEN,ARI,archive:asset:302374075:sha256:14a594b86b207508b89a42755f624c241e6ceef516d859a4b6bd2c4a5a7b472c:week:5
2025_05_TEN_ARI,587.0,2025,5,TEN,ARI,run,0.1816128034843132,TEN,ARI,archive:asset:302374075:sha256:14a594b86b207508b89a42755f624c241e6ceef516d859a4b6bd2c4a5a7b472c:week:5
2025_05_TEN_ARI,609.0,2025,5,TEN,ARI,run,1.0829768559196964,TEN,ARI,archive:asset:302374075:sha256:14a594b86b207508b89a42755f624c241e6ceef516d859a4b6bd2c4a5a7b472c:week:5
2025_05_TEN_ARI,633.0,2025,5,TEN,ARI,pass,-0.4337661585304886,TEN,ARI,archive:asset:302374075:sha256:14a594b86b207508b89a42755f624c241e6ceef516d859a4b6bd2c4a5a7b472c:week:5
2025_05_TEN_ARI,656.0,2025,5,TEN,ARI,run,-0.5393079844070598,TEN,ARI,archive:asset:302374075:sha256:14a594b86b207508b89a42755f624c241e6ceef516d859a4b6bd2c4a5a7b472c:week:5
2025_05_TEN_ARI,682.0,2025,5,TEN,ARI,pass,-1.1075155337407012,TEN,ARI,archive:asset:302374075:sha256:14a594b86b207508b89a42755f624c241e6ceef516d859a4b6bd2c4a5a7b472c:week:5
2025_05_TEN_ARI,705.0,2025,5,TEN,ARI,field_goal,0.8418787193317656,TEN,ARI,archive:asset:302374075:sha256:14a594b86b207508b89a42755f624c241e6ceef516d859a4b6bd2c4a5a7b472c:week:5
2025_05_TEN_ARI,725.0,2025,5,ARI,TEN,kickoff,0.5313487278763205,ARI,TEN,archive:asset:302374075:sha256:14a594b86b207508b89a42755f624c241e6ceef516d859a4b6bd2c4a5a7b472c:week:5
2025_05_TEN_ARI,749.0,2025,5,ARI,TEN,run,-0.2271989001892507,ARI,TEN,archive:asset:302374075:sha256:14a594b86b207508b89a42755f624c241e6ceef516d859a4b6bd2c4a5a7b472c:week:5
2025_05_TEN_ARI,771.0,2025,5,ARI,TEN,pass,1.6425873269326985,ARI,TEN,archive:asset:302374075:sha256:14a594b86b207508b89a42755f624c241e6ceef516d859a4b6bd2c4a5a7b472c:week:5
2025_05_TEN_ARI,801.0,2025,5,ARI,TEN,run,0.32969317852985114,ARI,TEN,archive:asset:302374075:sha256:14a594b86b207508b89a42755f624c241e6ceef516d859a4b6bd2c4a5a7b472c:week:5
2025_05_TEN_ARI,823.0,2025,5,ARI,TEN,pass,1.190836618130561,ARI,TEN,archive:asset:302374075:sha256:14a594b86b207508b89a42755f624c241e6ceef516d859a4b6bd2c4a5a7b472c:week:5
2025_05_TEN_ARI,848.0,2025,5,ARI,TEN,pass,-0.09904002281837165,ARI,TEN,archive:asset:302374075:sha256:14a594b86b207508b89a42755f624c241e6ceef516d859a4b6bd2c4a5a7b472c:week:5
2025_05_TEN_ARI,873.0,2025,5,ARI,TEN,run,-0.3305335385957733,ARI,TEN,archive:asset:302374075:sha256:14a594b86b207508b89a42755f624c241e6ceef516d859a4b6bd2c4a5a7b472c:week:5
2025_05_TEN_ARI,907.0,2025,5,,,no_play,0.0,,,archive:asset:302374075:sha256:14a594b86b207508b89a42755f624c241e6ceef516d859a4b6bd2c4a5a7b472c:week:5
2025_05_TEN_ARI,895.0,2025,5,ARI,TEN,run,2.439149991434533,ARI,TEN,archive:asset:302374075:sha256:14a594b86b207508b89a42755f624c241e6ceef516d859a4b6bd2c4a5a7b472c:week:5
2025_05_TEN_ARI,930.0,2025,5,ARI,TEN,extra_point,0.06857135097992784,ARI,TEN,archive:asset:302374075:sha256:14a594b86b207508b89a42755f624c241e6ceef516d859a4b6bd2c4a5a7b472c:week:5
2025_05_TEN_ARI,945.0,2025,5,TEN,ARI,kickoff,-0.7873320889193565,TEN,ARI,archive:asset:302374075:sha256:14a594b86b207508b89a42755f624c241e6ceef516d859a4b6bd2c4a5a7b472c:week:5
2025_05_TEN_ARI,986.0,2025,5,TEN,ARI,pass,1.5145435750018805,TEN,ARI,archive:asset:302374075:sha256:14a594b86b207508b89a42755f624c241e6ceef516d859a4b6bd2c4a5a7b472c:week:5
2025_05_TEN_ARI,1016.0,2025,5,TEN,ARI,,-0.0,TEN,ARI,archive:asset:302374075:sha256:14a594b86b207508b89a42755f624c241e6ceef516d859a4b6bd2c4a5a7b472c:week:5
2025_05_TEN_ARI,1042.0,2025,5,TEN,ARI,pass,-0.5052190858405083,TEN,ARI,archive:asset:302374075:sha256:14a594b86b207508b89a42755f624c241e6ceef516d859a4b6bd2c4a5a7b472c:week:5
2025_05_TEN_ARI,1065.0,2025,5,TEN,ARI,run,-1.0930173438973725,TEN,ARI,archive:asset:302374075:sha256:14a594b86b207508b89a42755f624c241e6ceef516d859a4b6bd2c4a5a7b472c:week:5
2025_05_TEN_ARI,1087.0,2025,5,TEN,ARI,pass,-1.2873245663940907,TEN,ARI,archive:asset:302374075:sha256:14a594b86b207508b89a42755f624c241e6ceef516d859a4b6bd2c4a5a7b472c:week:5
2025_05_TEN_ARI,1110.0,2025,5,TEN,ARI,punt,-0.34905990958213806,TEN,ARI,archive:asset:302374075:sha256:14a594b86b207508b89a42755f624c241e6ceef516d859a4b6bd2c4a5a7b472c:week:5
2025_05_TEN_ARI,1136.0,2025,5,ARI,TEN,run,0.34517856920138,ARI,TEN,archive:asset:302374075:sha256:14a594b86b207508b89a42755f624c241e6ceef516d859a4b6bd2c4a5a7b472c:week:5
2025_05_TEN_ARI,1165.0,2025,5,ARI,TEN,pass,-0.15140390442684293,ARI,TEN,archive:asset:302374075:sha256:14a594b86b207508b89a42755f624c241e6ceef516d859a4b6bd2c4a5a7b472c:week:5
2025_05_TEN_ARI,1190.0,2025,5,ARI,TEN,pass,-1.653112415689975,ARI,TEN,archive:asset:302374075:sha256:14a594b86b207508b89a42755f624c241e6ceef516d859a4b6bd2c4a5a7b472c:week:5
2025_05_TEN_ARI,1218.0,2025,5,ARI,TEN,punt,-1.1421806800644845,ARI,TEN,archive:asset:302374075:sha256:14a594b86b207508b89a42755f624c241e6ceef516d859a4b6bd2c4a5a7b472c:week:5
2025_05_TEN_ARI,1238.0,2025,5,TEN,ARI,run,-5.568779776454903,TEN,ARI,archive:asset:302374075:sha256:14a594b86b207508b89a42755f624c241e6ceef516d859a4b6bd2c4a5a7b472c:week:5
2025_05_TEN_ARI,1283.0,2025,5,ARI,TEN,pass,-0.09140616276999936,ARI,TEN,archive:asset:302374075:sha256:14a594b86b207508b89a42755f624c241e6ceef516d859a4b6bd2c4a5a7b472c:week:5
2025_05_TEN_ARI,1308.0,2025,5,ARI,TEN,pass,0.9849734471645206,ARI,TEN,archive:asset:302374075:sha256:14a594b86b207508b89a42755f624c241e6ceef516d859a4b6bd2c4a5a7b472c:week:5
2025_05_TEN_ARI,1343.0,2025,5,ARI,TEN,run,1.307782115705777,ARI,TEN,archive:asset:302374075:sha256:14a594b86b207508b89a42755f624c241e6ceef516d859a4b6bd2c4a5a7b472c:week:5
2025_05_TEN_ARI,1373.0,2025,5,ARI,TEN,run,0.5092912926338613,ARI,TEN,archive:asset:302374075:sha256:14a594b86b207508b89a42755f624c241e6ceef516d859a4b6bd2c4a5a7b472c:week:5
2025_05_TEN_ARI,1398.0,2025,5,ARI,TEN,extra_point,0.06857135097992784,ARI,TEN,archive:asset:302374075:sha256:14a594b86b207508b89a42755f624c241e6ceef516d859a4b6bd2c4a5a7b472c:week:5
2025_05_TEN_ARI,1413.0,2025,5,TEN,ARI,kickoff,2.376959903514944,TEN,ARI,archive:asset:302374075:sha256:14a594b86b207508b89a42755f624c241e6ceef516d859a4b6bd2c4a5a7b472c:week:5
2025_05_TEN_ARI,1474.0,2025,5,TEN,ARI,pass,-0.08488659781869501,TEN,ARI,archive:asset:302374075:sha256:14a594b86b207508b89a42755f624c241e6ceef516d859a4b6bd2c4a5a7b472c:week:5
2025_05_TEN_ARI,1504.0,2025,5,TEN,ARI,run,-0.3673722230596468,TEN,ARI,archive:asset:302374075:sha256:14a594b86b207508b89a42755f624c241e6ceef516d859a4b6bd2c4a5a7b472c:week:5
2025_05_TEN_ARI,1528.0,2025,5,TEN,ARI,pass,-1.7626827804485516,TEN,ARI,archive:asset:302374075:sha256:14a594b86b207508b89a42755f624c241e6ceef516d859a4b6bd2c4a5a7b472c:week:5
2025_05_TEN_ARI,1548.0,2025,5,TEN,ARI,field_goal,1.5218809921641083,TEN,ARI,archive:asset:302374075:sha256:14a594b86b207508b89a42755f624c241e6ceef516d859a4b6bd2c4a5a7b472c:week:5
2025_05_TEN_ARI,1568.0,2025,5,ARI,TEN,kickoff,-0.0014923454727977514,ARI,TEN,archive:asset:302374075:sha256:14a594b86b207508b89a42755f624c241e6ceef516d859a4b6bd2c4a5a7b472c:week:5
2025_05_TEN_ARI,1598.0,2025,5,ARI,TEN,run,-0.4150792551226914,ARI,TEN,archive:asset:302374075:sha256:14a594b86b207508b89a42755f624c241e6ceef516d859a4b6bd2c4a5a7b472c:week:5
2025_05_TEN_ARI,1634.0,2025,5,,,no_play,0.0,,,archive:asset:302374075:sha256:14a594b86b207508b89a42755f624c241e6ceef516d859a4b6bd2c4a5a7b472c:week:5
2025_05_TEN_ARI,1622.0,2025,5,ARI,TEN,pass,-0.14848603983409703,ARI,TEN,archive:asset:302374075:sha256:14a594b86b207508b89a42755f624c241e6ceef516d859a4b6bd2c4a5a7b472c:week:5
2025_05_TEN_ARI,1656.0,2025,5,ARI,TEN,no_play,-0.07385177863761783,ARI,TEN,archive:asset:302374075:sha256:14a594b86b207508b89a42755f624c241e6ceef516d859a4b6bd2c4a5a7b472c:week:5
2025_05_TEN_ARI,1689.0,2025,5,ARI,TEN,pass,1.1444658047985286,ARI,TEN,archive:asset:302374075:sha256:14a594b86b207508b89a42755f624c241e6ceef516d859a4b6bd2c4a5a7b472c:week:5
2025_05_TEN_ARI,1714.0,2025,5,ARI,TEN,pass,-0.5026476103812456,ARI,TEN,archive:asset:302374075:sha256:14a594b86b207508b89a42755f624c241e6ceef516d859a4b6bd2c4a5a7b472c:week:5
2025_05_TEN_ARI,1737.0,2025,5,ARI,TEN,pass,-0.6869462579488754,ARI,TEN,archive:asset:302374075:sha256:14a594b86b207508b89a42755f624c241e6ceef516d859a4b6bd2c4a5a7b472c:week:5
2025_05_TEN_ARI,1760.0,2025,5,ARI,TEN,pass,-1.8969452804885805,ARI,TEN,archive:asset:302374075:sha256:14a594b86b207508b89a42755f624c241e6ceef516d859a4b6bd2c4a5a7b472c:week:5
2025_05_TEN_ARI,1780.0,2025,5,ARI,TEN,no_play,-0.18154476024210453,ARI,TEN,archive:asset:302374075:sha256:14a594b86b207508b89a42755f624c241e6ceef516d859a4b6bd2c4a5a7b472c:week:5
2025_05_TEN_ARI,1811.0,2025,5,ARI,TEN,punt,1.3476966370362788,ARI,TEN,archive:asset:302374075:sha256:14a594b86b207508b89a42755f624c241e6ceef516d859a4b6bd2c4a5a7b472c:week:5
2025_05_TEN_ARI,1859.0,2025,5,TEN,ARI,pass,-0.4822529046796262,TEN,ARI,archive:asset:302374075:sha256:14a594b86b207508b89a42755f624c241e6ceef516d859a4b6bd2c4a5a7b472c:week:5
2025_05_TEN_ARI,1891.0,2025,5,TEN,ARI,no_play,0.8364252895116806,TEN,ARI,archive:asset:302374075:sha256:14a594b86b207508b89a42755f624c241e6ceef516d859a4b6bd2c4a5a7b472c:week:5
2025_05_TEN_ARI,1922.0,2025,5,TEN,ARI,run,0.25175144826062024,TEN,ARI,archive:asset:302374075:sha256:14a594b86b207508b89a42755f624c241e6ceef516d859a4b6bd2c4a5a7b472c:week:5
2025_05_TEN_ARI,1949.0,2025,5,TEN,ARI,pass,-0.6971349890809506,TEN,ARI,archive:asset:302374075:sha256:14a594b86b207508b89a42755f624c241e6ceef516d859a4b6bd2c4a5a7b472c:week:5
2025_05_TEN_ARI,1972.0,2025,5,TEN,ARI,pass,1.7051909762667492,TEN,ARI,archive:asset:302374075:sha256:14a594b86b207508b89a42755f624c241e6ceef516d859a4b6bd2c4a5a7b472c:week:5
2025_05_TEN_ARI,2002.0,2025,5,TEN,ARI,pass,-0.4664856158196926,TEN,ARI,archive:asset:302374075:sha256:14a594b86b207508b89a42755f624c241e6ceef516d859a4b6bd2c4a5a7b472c:week:5
2025_05_TEN_ARI,2039.0,2025,5,TEN,ARI,run,-0.16700345638673753,TEN,ARI,archive:asset:302374075:sha256:14a594b86b207508b89a42755f624c241e6ceef516d859a4b6bd2c4a5a7b472c:week:5
2025_05_TEN_ARI,2061.0,2025,5,TEN,ARI,pass,-1.2958831713767722,TEN,ARI,archive:asset:302374075:sha256:14a594b86b207508b89a42755f624c241e6ceef516d859a4b6bd2c4a5a7b472c:week:5
2025_05_TEN_ARI,2084.0,2025,5,TEN,ARI,punt,-0.2997048395918682,TEN,ARI,archive:asset:302374075:sha256:14a594b86b207508b89a42755f624c241e6ceef516d859a4b6bd2c4a5a7b472c:week:5
2025_05_TEN_ARI,2103.0,2025,5,ARI,TEN,run,-0.6233415121678263,ARI,TEN,archive:asset:302374075:sha256:14a594b86b207508b89a42755f624c241e6ceef516d859a4b6bd2c4a5a7b472c:week:5
2025_05_TEN_ARI,2132.0,2025,5,ARI,TEN,no_play,-0.48228347883559763,ARI,TEN,archive:asset:302374075:sha256:14a594b86b207508b89a42755f624c241e6ceef516d859a4b6bd2c4a5a7b472c:week:5
2025_05_TEN_ARI,2180.0,2025,5,ARI,TEN,pass,0.30101755214855075,ARI,TEN,archive:asset:302374075:sha256:14a594b86b207508b89a42755f624c241e6ceef516d859a4b6bd2c4a5a7b472c:week:5
2025_05_TEN_ARI,2210.0,2025,5,ARI,TEN,pass,-1.48088131158147,ARI,TEN,archive:asset:302374075:sha256:14a594b86b207508b89a42755f624c241e6ceef516d859a4b6bd2c4a5a7b472c:week:5
2025_05_TEN_ARI,2251.0,2025,5,ARI,TEN,punt,-0.7322554680285975,ARI,TEN,archive:asset:302374075:sha256:14a594b86b207508b89a42755f624c241e6ceef516d859a4b6bd2c4a5a7b472c:week:5
2025_05_TEN_ARI,2277.0,2025,5,TEN,ARI,pass,0.4357841744204052,TEN,ARI,archive:asset:302374075:sha256:14a594b86b207508b89a42755f624c241e6ceef516d859a4b6bd2c4a5a7b472c:week:5
2025_05_TEN_ARI,2302.0,2025,5,TEN,ARI,pass,-0.27295552229043096,TEN,ARI,archive:asset:302374075:sha256:14a594b86b207508b89a42755f624c241e6ceef516d859a4b6bd2c4a5a7b472c:week:5
2025_05_TEN_ARI,2337.0,2025,5,TEN,ARI,pass,-0.3558721997542307,TEN,ARI,archive:asset:302374075:sha256:14a594b86b207508b89a42755f624c241e6ceef516d859a4b6bd2c4a5a7b472c:week:5
2025_05_TEN_ARI,2360.0,2025,5,TEN,ARI,pass,-1.5822111031156965,TEN,ARI,archive:asset:302374075:sha256:14a594b86b207508b89a42755f624c241e6ceef516d859a4b6bd2c4a5a7b472c:week:5
2025_05_TEN_ARI,2383.0,2025,5,TEN,ARI,pass,-2.8073515494470485,TEN,ARI,archive:asset:302374075:sha256:14a594b86b207508b89a42755f624c241e6ceef516d859a4b6bd2c4a5a7b472c:week:5
2025_05_TEN_ARI,2403.0,2025,5,ARI,TEN,pass,-1.1731589299743064,ARI,TEN,archive:asset:302374075:sha256:14a594b86b207508b89a42755f624c241e6ceef516d859a4b6bd2c4a5a7b472c:week:5
2025_05_TEN_ARI,2423.0,2025,5,ARI,TEN,pass,-0.26904114964418113,ARI,TEN,archive:asset:302374075:sha256:14a594b86b207508b89a42755f624c241e6ceef516d859a4b6bd2c4a5a7b472c:week:5
2025_05_TEN_ARI,2497.0,2025,5,ARI,TEN,run,-0.1721929549239576,ARI,TEN,archive:asset:302374075:sha256:14a594b86b207508b89a42755f624c241e6ceef516d859a4b6bd2c4a5a7b472c:week:5
2025_05_TEN_ARI,2524.0,2025,5,ARI,TEN,punt,-0.5036327347625047,ARI,TEN,archive:asset:302374075:sha256:14a594b86b207508b89a42755f624c241e6ceef516d859a4b6bd2c4a5a7b472c:week:5
2025_05_TEN_ARI,2551.0,2025,5,TEN,ARI,qb_kneel,0.0,TEN,ARI,archive:asset:302374075:sha256:14a594b86b207508b89a42755f624c241e6ceef516d859a4b6bd2c4a5a7b472c:week:5
2025_05_TEN_ARI,2573.0,2025,5,,,,,,,archive:asset:302374075:sha256:14a594b86b207508b89a42755f624c241e6ceef516d859a4b6bd2c4a5a7b472c:week:5
2025_05_TEN_ARI,2596.0,2025,5,TEN,ARI,kickoff,0.10762684233486652,TEN,ARI,archive:asset:302374075:sha256:14a594b86b207508b89a42755f624c241e6ceef516d859a4b6bd2c4a5a7b472c:week:5
2025_05_TEN_ARI,2622.0,2025,5,TEN,ARI,run,-0.9428013190627098,TEN,ARI,archive:asset:302374075:sha256:14a594b86b207508b89a42755f624c241e6ceef516d859a4b6bd2c4a5a7b472c:week:5
2025_05_TEN_ARI,2646.0,2025,5,TEN,ARI,pass,-0.13265410624444485,TEN,ARI,archive:asset:302374075:sha256:14a594b86b207508b89a42755f624c241e6ceef516d859a4b6bd2c4a5a7b472c:week:5
2025_05_TEN_ARI,2671.0,2025,5,TEN,ARI,pass,-0.8011019662953913,TEN,ARI,archive:asset:302374075:sha256:14a594b86b207508b89a42755f624c241e6ceef516d859a4b6bd2c4a5a7b472c:week:5
2025_05_TEN_ARI,2696.0,2025,5,TEN,ARI,punt,-0.786907915957272,TEN,ARI,archive:asset:302374075:sha256:14a594b86b207508b89a42755f624c241e6ceef516d859a4b6bd2c4a5a7b472c:week:5
2025_05_TEN_ARI,2730.0,2025,5,ARI,TEN,run,-0.6322143846191466,ARI,TEN,archive:asset:302374075:sha256:14a594b86b207508b89a42755f624c241e6ceef516d859a4b6bd2c4a5a7b472c:week:5
2025_05_TEN_ARI,2761.0,2025,5,ARI,TEN,pass,-0.7133194706402719,ARI,TEN,archive:asset:302374075:sha256:14a594b86b207508b89a42755f624c241e6ceef516d859a4b6bd2c4a5a7b472c:week:5
2025_05_TEN_ARI,2786.0,2025,5,ARI,TEN,pass,2.60465543018654,ARI,TEN,archive:asset:302374075:sha256:14a594b86b207508b89a42755f624c241e6ceef516d859a4b6bd2c4a5a7b472c:week:5
2025_05_TEN_ARI,2811.0,2025,5,ARI,TEN,run,-0.5049548815004528,ARI,TEN,archive:asset:302374075:sha256:14a594b86b207508b89a42755f624c241e6ceef516d859a4b6bd2c4a5a7b472c:week:5
2025_05_TEN_ARI,2833.0,2025,5,ARI,TEN,pass,-0.06644644495099783,ARI,TEN,archive:asset:302374075:sha256:14a594b86b207508b89a42755f624c241e6ceef516d859a4b6bd2c4a5a7b472c:week:5
2025_05_TEN_ARI,2858.0,2025,5,ARI,TEN,run,1.5511330664157867,ARI,TEN,archive:asset:302374075:sha256:14a594b86b207508b89a42755f624c241e6ceef516d859a4b6bd2c4a5a7b472c:week:5
2025_05_TEN_ARI,2880.0,2025,5,ARI,TEN,run,-0.3478248626925051,ARI,TEN,archive:asset:302374075:sha256:14a594b86b207508b89a42755f624c241e6ceef516d859a4b6bd2c4a5a7b472c:week:5
2025_05_TEN_ARI,2902.0,2025,5,ARI,TEN,pass,0.02542956080287695,ARI,TEN,archive:asset:302374075:sha256:14a594b86b207508b89a42755f624c241e6ceef516d859a4b6bd2c4a5a7b472c:week:5
2025_05_TEN_ARI,2927.0,2025,5,ARI,TEN,pass,1.6007364040706307,ARI,TEN,archive:asset:302374075:sha256:14a594b86b207508b89a42755f624c241e6ceef516d859a4b6bd2c4a5a7b472c:week:5
2025_05_TEN_ARI,2952.0,2025,5,ARI,TEN,no_play,-0.7369609283050522,ARI,TEN,archive:asset:302374075:sha256:14a594b86b207508b89a42755f624c241e6ceef516d859a4b6bd2c4a5a7b472c:week:5
2025_05_TEN_ARI,2976.0,2025,5,ARI,TEN,run,-0.7168332148576155,ARI,TEN,archive:asset:302374075:sha256:14a594b86b207508b89a42755f624c241e6ceef516d859a4b6bd2c4a5a7b472c:week:5
2025_05_TEN_ARI,3011.0,2025,5,ARI,TEN,pass,-0.266149201313965,ARI,TEN,archive:asset:302374075:sha256:14a594b86b207508b89a42755f624c241e6ceef516d859a4b6bd2c4a5a7b472c:week:5
2025_05_TEN_ARI,3036.0,2025,5,ARI,TEN,pass,-0.0047484764363616705,ARI,TEN,archive:asset:302374075:sha256:14a594b86b207508b89a42755f624c241e6ceef516d859a4b6bd2c4a5a7b472c:week:5
2025_05_TEN_ARI,3061.0,2025,5,ARI,TEN,run,-4.473339853459038,ARI,TEN,archive:asset:302374075:sha256:14a594b86b207508b89a42755f624c241e6ceef516d859a4b6bd2c4a5a7b472c:week:5
2025_05_TEN_ARI,3088.0,2025,5,TEN,ARI,pass,-0.5855416343547404,TEN,ARI,archive:asset:302374075:sha256:14a594b86b207508b89a42755f624c241e6ceef516d859a4b6bd2c4a5a7b472c:week:5
2025_05_TEN_ARI,3118.0,2025,5,TEN,ARI,run,-0.24155702348798513,TEN,ARI,archive:asset:302374075:sha256:14a594b86b207508b89a42755f624c241e6ceef516d859a4b6bd2c4a5a7b472c:week:5
2025_05_TEN_ARI,3140.0,2025,5,TEN,ARI,pass,-0.7223336496390402,TEN,ARI,archive:asset:302374075:sha256:14a594b86b207508b89a42755f624c241e6ceef516d859a4b6bd2c4a5a7b472c:week:5
2025_05_TEN_ARI,3165.0,2025,5,TEN,ARI,punt,-0.39573478093370795,TEN,ARI,archive:asset:302374075:sha256:14a594b86b207508b89a42755f624c241e6ceef516d859a4b6bd2c4a5a7b472c:week:5
2025_05_TEN_ARI,3194.0,2025,5,ARI,TEN,run,-0.5819745962508023,ARI,TEN,archive:asset:302374075:sha256:14a594b86b207508b89a42755f624c241e6ceef516d859a4b6bd2c4a5a7b472c:week:5
2025_05_TEN_ARI,3235.0,2025,5,ARI,TEN,pass,-0.7791321533732116,ARI,TEN,archive:asset:302374075:sha256:14a594b86b207508b89a42755f624c241e6ceef516d859a4b6bd2c4a5a7b472c:week:5
2025_05_TEN_ARI,3273.0,2025,5,ARI,TEN,pass,-1.45824727229774,ARI,TEN,archive:asset:302374075:sha256:14a594b86b207508b89a42755f624c241e6ceef516d859a4b6bd2c4a5a7b472c:week:5
2025_05_TEN_ARI,3314.0,2025,5,ARI,TEN,punt,0.15789019991643727,ARI,TEN,archive:asset:302374075:sha256:14a594b86b207508b89a42755f624c241e6ceef516d859a4b6bd2c4a5a7b472c:week:5
2025_05_TEN_ARI,3348.0,2025,5,TEN,ARI,run,0.02790019498206675,TEN,ARI,archive:asset:302374075:sha256:14a594b86b207508b89a42755f624c241e6ceef516d859a4b6bd2c4a5a7b472c:week:5
2025_05_TEN_ARI,3375.0,2025,5,TEN,ARI,run,-0.6242488936986774,TEN,ARI,archive:asset:302374075:sha256:14a594b86b207508b89a42755f624c241e6ceef516d859a4b6bd2c4a5a7b472c:week:5
2025_05_TEN_ARI,3397.0,2025,5,TEN,ARI,pass,-1.696111744036898,TEN,ARI,archive:asset:302374075:sha256:14a594b86b207508b89a42755f624c241e6ceef516d859a4b6bd2c4a5a7b472c:week:5
2025_05_TEN_ARI,3436.0,2025,5,TEN,ARI,punt,0.3054325196426362,TEN,ARI,archive:asset:302374075:sha256:14a594b86b207508b89a42755f624c241e6ceef516d859a4b6bd2c4a5a7b472c:week:5
2025_05_TEN_ARI,3458.0,2025,5,ARI,TEN,run,-0.1526807057671249,ARI,TEN,archive:asset:302374075:sha256:14a594b86b207508b89a42755f624c241e6ceef516d859a4b6bd2c4a5a7b472c:week:5
2025_05_TEN_ARI,3480.0,2025,5,ARI,TEN,,0.0,ARI,TEN,archive:asset:302374075:sha256:14a594b86b207508b89a42755f624c241e6ceef516d859a4b6bd2c4a5a7b472c:week:5
2025_05_TEN_ARI,3500.0,2025,5,ARI,TEN,pass,-0.4457302165683359,ARI,TEN,archive:asset:302374075:sha256:14a594b86b207508b89a42755f624c241e6ceef516d859a4b6bd2c4a5a7b472c:week:5
2025_05_TEN_ARI,3529.0,2025,5,ARI,TEN,no_play,1.2768030525185168,ARI,TEN,archive:asset:302374075:sha256:14a594b86b207508b89a42755f624c241e6ceef516d859a4b6bd2c4a5a7b472c:week:5
2025_05_TEN_ARI,3563.0,2025,5,ARI,TEN,run,-0.06685651373118162,ARI,TEN,archive:asset:302374075:sha256:14a594b86b207508b89a42755f624c241e6ceef516d859a4b6bd2c4a5a7b472c:week:5
2025_05_TEN_ARI,3587.0,2025,5,ARI,TEN,pass,0.39803401893004775,ARI,TEN,archive:asset:302374075:sha256:14a594b86b207508b89a42755f624c241e6ceef516d859a4b6bd2c4a5a7b472c:week:5
2025_05_TEN_ARI,3612.0,2025,5,ARI,TEN,run,-2.003033576067537,ARI,TEN,archive:asset:302374075:sha256:14a594b86b207508b89a42755f624c241e6ceef516d859a4b6bd2c4a5a7b472c:week:5
2025_05_TEN_ARI,3678.0,2025,5,TEN,ARI,pass,0.8374839061871171,TEN,ARI,archive:asset:302374075:sha256:14a594b86b207508b89a42755f624c241e6ceef516d859a4b6bd2c4a5a7b472c:week:5
2025_05_TEN_ARI,3710.0,2025,5,TEN,ARI,pass,-0.5518777156248689,TEN,ARI,archive:asset:302374075:sha256:14a594b86b207508b89a42755f624c241e6ceef516d859a4b6bd2c4a5a7b472c:week:5
2025_05_TEN_ARI,3745.0,2025,5,TEN,ARI,pass,-0.7538352869451046,TEN,ARI,archive:asset:302374075:sha256:14a594b86b207508b89a42755f624c241e6ceef516d859a4b6bd2c4a5a7b472c:week:5
2025_05_TEN_ARI,3768.0,2025,5,TEN,ARI,pass,4.317314069601707,TEN,ARI,archive:asset:302374075:sha256:14a594b86b207508b89a42755f624c241e6ceef516d859a4b6bd2c4a5a7b472c:week:5
2025_05_TEN_ARI,3793.0,2025,5,TEN,ARI,pass,1.8223927317885682,TEN,ARI,archive:asset:302374075:sha256:14a594b86b207508b89a42755f624c241e6ceef516d859a4b6bd2c4a5a7b472c:week:5
2025_05_TEN_ARI,3823.0,2025,5,TEN,ARI,no_play,0.00032990536419674754,TEN,ARI,archive:asset:302374075:sha256:14a594b86b207508b89a42755f624c241e6ceef516d859a4b6bd2c4a5a7b472c:week:5
2025_05_TEN_ARI,3876.0,2025,5,TEN,ARI,run,0.5497730952338316,TEN,ARI,archive:asset:302374075:sha256:14a594b86b207508b89a42755f624c241e6ceef516d859a4b6bd2c4a5a7b472c:week:5
2025_05_TEN_ARI,3899.0,2025,5,TEN,ARI,extra_point,-0.9314286490200722,TEN,ARI,archive:asset:302374075:sha256:14a594b86b207508b89a42755f624c241e6ceef516d859a4b6bd2c4a5a7b472c:week:5
2025_05_TEN_ARI,3914.0,2025,5,ARI,TEN,kickoff,0.20432126661762595,ARI,TEN,archive:asset:302374075:sha256:14a594b86b207508b89a42755f624c241e6ceef516d859a4b6bd2c4a5a7b472c:week:5
2025_05_TEN_ARI,3961.0,2025,5,ARI,TEN,pass,-1.5658665616065264,ARI,TEN,archive:asset:302374075:sha256:14a594b86b207508b89a42755f624c241e6ceef516d859a4b6bd2c4a5a7b472c:week:5
2025_05_TEN_ARI,3981.0,2025,5,ARI,TEN,pass,0.26726088486611843,ARI,TEN,archive:asset:302374075:sha256:14a594b86b207508b89a42755f624c241e6ceef516d859a4b6bd2c4a5a7b472c:week:5
2025_05_TEN_ARI,4006.0,2025,5,ARI,TEN,pass,-1.342251074500382,ARI,TEN,archive:asset:302374075:sha256:14a594b86b207508b89a42755f624c241e6ceef516d859a4b6bd2c4a5a7b472c:week:5
2025_05_TEN_ARI,4029.0,2025,5,ARI,TEN,punt,0.18285112734884024,ARI,TEN,archive:asset:302374075:sha256:14a594b86b207508b89a42755f624c241e6ceef516d859a4b6bd2c4a5a7b472c:week:5
2025_05_TEN_ARI,4049.0,2025,5,TEN,ARI,pass,0.9508975823409855,TEN,ARI,archive:asset:302374075:sha256:14a594b86b207508b89a42755f624c241e6ceef516d859a4b6bd2c4a5a7b472c:week:5
2025_05_TEN_ARI,4074.0,2025,5,TEN,ARI,pass,0.40126843145117164,TEN,ARI,archive:asset:302374075:sha256:14a594b86b207508b89a42755f624c241e6ceef516d859a4b6bd2c4a5a7b472c:week:5
2025_05_TEN_ARI,4099.0,2025,5,TEN,ARI,pass,0.45936346147209406,TEN,ARI,archive:asset:302374075:sha256:14a594b86b207508b89a42755f624c241e6ceef516d859a4b6bd2c4a5a7b472c:week:5
2025_05_TEN_ARI,4124.0,2025,5,TEN,ARI,run,0.8906838377006352,TEN,ARI,archive:asset:302374075:sha256:14a594b86b207508b89a42755f624c241e6ceef516d859a4b6bd2c4a5a7b472c:week:5
2025_05_TEN_ARI,4146.0,2025,5,TEN,ARI,pass,0.6686587050789967,TEN,ARI,archive:asset:302374075:sha256:14a594b86b207508b89a42755f624c241e6ceef516d859a4b6bd2c4a5a7b472c:week:5
2025_05_TEN_ARI,4176.0,2025,5,TEN,ARI,pass,-0.3784914512070827,TEN,ARI,archive:asset:302374075:sha256:14a594b86b207508b89a42755f624c241e6ceef516d859a4b6bd2c4a5a7b472c:week:5
2025_05_TEN_ARI,4199.0,2025,5,TEN,ARI,pass,0.30568744253832847,TEN,ARI,archive:asset:302374075:sha256:14a594b86b207508b89a42755f624c241e6ceef516d859a4b6bd2c4a5a7b472c:week:5
2025_05_TEN_ARI,4224.0,2025,5,TEN,ARI,pass,2.9008356839767657,TEN,ARI,archive:asset:302374075:sha256:14a594b86b207508b89a42755f624c241e6ceef516d859a4b6bd2c4a5a7b472c:week:5
2025_05_TEN_ARI,4268.0,2025,5,TEN,ARI,extra_point,0.06857135097992784,TEN,ARI,archive:asset:302374075:sha256:14a594b86b207508b89a42755f624c241e6ceef516d859a4b6bd2c4a5a7b472c:week:5
2025_05_TEN_ARI,4283.0,2025,5,ARI,TEN,kickoff,-0.3138363102916628,ARI,TEN,archive:asset:302374075:sha256:14a594b86b207508b89a42755f624c241e6ceef516d859a4b6bd2c4a5a7b472c:week:5
2025_05_TEN_ARI,4308.0,2025,5,ARI,TEN,run,-0.5282428953796625,ARI,TEN,archive:asset:302374075:sha256:14a594b86b207508b89a42755f624c241e6ceef516d859a4b6bd2c4a5a7b472c:week:5
2025_05_TEN_ARI,4332.0,2025,5,ARI,TEN,pass,0.788134854985401,ARI,TEN,archive:asset:302374075:sha256:14a594b86b207508b89a42755f624c241e6ceef516d859a4b6bd2c4a5a7b472c:week:5
2025_05_TEN_ARI,4357.0,2025,5,ARI,TEN,run,0.6378912744112313,ARI,TEN,archive:asset:302374075:sha256:14a594b86b207508b89a42755f624c241e6ceef516d859a4b6bd2c4a5a7b472c:week:5
2025_05_TEN_ARI,4404.0,2025,5,,,no_play,0.0,,,archive:asset:302374075:sha256:14a594b86b207508b89a42755f624c241e6ceef516d859a4b6bd2c4a5a7b472c:week:5
2025_05_TEN_ARI,4392.0,2025,5,ARI,TEN,run,-0.6968524280237034,ARI,TEN,archive:asset:302374075:sha256:14a594b86b207508b89a42755f624c241e6ceef516d859a4b6bd2c4a5a7b472c:week:5
2025_05_TEN_ARI,4440.0,2025,5,,,no_play,0.0,,,archive:asset:302374075:sha256:14a594b86b207508b89a42755f624c241e6ceef516d859a4b6bd2c4a5a7b472c:week:5
2025_05_TEN_ARI,4422.0,2025,5,ARI,TEN,run,-0.4143425556831062,ARI,TEN,archive:asset:302374075:sha256:14a594b86b207508b89a42755f624c241e6ceef516d859a4b6bd2c4a5a7b472c:week:5
2025_05_TEN_ARI,4457.0,2025,5,ARI,TEN,run,-0.9133326248265803,ARI,TEN,archive:asset:302374075:sha256:14a594b86b207508b89a42755f624c241e6ceef516d859a4b6bd2c4a5a7b472c:week:5
2025_05_TEN_ARI,4479.0,2025,5,ARI,TEN,punt,-0.13848576543387026,ARI,TEN,archive:asset:302374075:sha256:14a594b86b207508b89a42755f624c241e6ceef516d859a4b6bd2c4a5a7b472c:week:5
2025_05_TEN_ARI,4506.0,2025,5,TEN,ARI,pass,-0.14344367431476712,TEN,ARI,archive:asset:302374075:sha256:14a594b86b207508b89a42755f624c241e6ceef516d859a4b6bd2c4a5a7b472c:week:5
2025_05_TEN_ARI,4536.0,2025,5,TEN,ARI,pass,0.023986796149984002,TEN,ARI,archive:asset:302374075:sha256:14a594b86b207508b89a42755f624c241e6ceef516d859a4b6bd2c4a5a7b472c:week:5
2025_05_TEN_ARI,4561.0,2025,5,TEN,ARI,pass,0.510073811863549,TEN,ARI,archive:asset:302374075:sha256:14a594b86b207508b89a42755f624c241e6ceef516d859a4b6bd2c4a5a7b472c:week:5
2025_05_TEN_ARI,4586.0,2025,5,TEN,ARI,pass,-0.2921761837787926,TEN,ARI,archive:asset:302374075:sha256:14a594b86b207508b89a42755f624c241e6ceef516d859a4b6bd2c4a5a7b472c:week:5
2025_05_TEN_ARI,4609.0,2025,5,TEN,ARI,pass,0.8803155731293373,TEN,ARI,archive:asset:302374075:sha256:14a594b86b207508b89a42755f624c241e6ceef516d859a4b6bd2c4a5a7b472c:week:5
2025_05_TEN_ARI,4634.0,2025,5,TEN,ARI,pass,2.8129841666668653,TEN,ARI,archive:asset:302374075:sha256:14a594b86b207508b89a42755f624c241e6ceef516d859a4b6bd2c4a5a7b472c:week:5
2025_05_TEN_ARI,4669.0,2025,5,TEN,ARI,run,1.0838637973647565,TEN,ARI,archive:asset:302374075:sha256:14a594b86b207508b89a42755f624c241e6ceef516d859a4b6bd2c4a5a7b472c:week:5
2025_05_TEN_ARI,4706.0,2025,5,,,no_play,-0.0,,,archive:asset:302374075:sha256:14a594b86b207508b89a42755f624c241e6ceef516d859a4b6bd2c4a5a7b472c:week:5
2025_05_TEN_ARI,4694.0,2025,5,TEN,ARI,qb_kneel,-1.1193179961992428,TEN,ARI,archive:asset:302374075:sha256:14a594b86b207508b89a42755f624c241e6ceef516d859a4b6bd2c4a5a7b472c:week:5
2025_05_TEN_ARI,4735.0,2025,5,,,no_play,-0.0,,,archive:asset:302374075:sha256:14a594b86b207508b89a42755f624c241e6ceef516d859a4b6bd2c4a5a7b472c:week:5
2025_05_TEN_ARI,4723.0,2025,5,TEN,ARI,qb_kneel,-1.2339989082538523,TEN,ARI,archive:asset:302374075:sha256:14a594b86b207508b89a42755f624c241e6ceef516d859a4b6bd2c4a5a7b472c:week:5
2025_05_TEN_ARI,4764.0,2025,5,,,no_play,-0.0,,,archive:asset:302374075:sha256:14a594b86b207508b89a42755f624c241e6ceef516d859a4b6bd2c4a5a7b472c:week:5
2025_05_TEN_ARI,4752.0,2025,5,TEN,ARI,qb_kneel,-0.2089490815693993,TEN,ARI,archive:asset:302374075:sha256:14a594b86b207508b89a42755f624c241e6ceef516d859a4b6bd2c4a5a7b472c:week:5
2025_05_TEN_ARI,4796.0,2025,5,,,no_play,-0.0,,,archive:asset:302374075:sha256:14a594b86b207508b89a42755f624c241e6ceef516d859a4b6bd2c4a5a7b472c:week:5
2025_05_TEN_ARI,4784.0,2025,5,TEN,ARI,field_goal,0.12602579020192062,TEN,ARI,archive:asset:302374075:sha256:14a594b86b207508b89a42755f624c241e6ceef516d859a4b6bd2c4a5a7b472c:week:5
2025_05_TEN_ARI,4811.0,2025,5,ARI,TEN,,,ARI,TEN,archive:asset:302374075:sha256:14a594b86b207508b89a42755f624c241e6ceef516d859a4b6bd2c4a5a7b472c:week:5
2025_05_WAS_LAC,1.0,2025,5,,,,0.0,,,archive:asset:302374075:sha256:14a594b86b207508b89a42755f624c241e6ceef516d859a4b6bd2c4a5a7b472c:week:5
2025_05_WAS_LAC,39.0,2025,5,LAC,WAS,no_play,0.0,LAC,WAS,archive:asset:302374075:sha256:14a594b86b207508b89a42755f624c241e6ceef516d859a4b6bd2c4a5a7b472c:week:5
2025_05_WAS_LAC,80.0,2025,5,LAC,WAS,kickoff,-0.30810424871742725,LAC,WAS,archive:asset:302374075:sha256:14a594b86b207508b89a42755f624c241e6ceef516d859a4b6bd2c4a5a7b472c:week:5
2025_05_WAS_LAC,104.0,2025,5,LAC,WAS,run,0.8261696696281433,LAC,WAS,archive:asset:302374075:sha256:14a594b86b207508b89a42755f624c241e6ceef516d859a4b6bd2c4a5a7b472c:week:5
2025_05_WAS_LAC,126.0,2025,5,LAC,WAS,run,-0.7637033979408443,LAC,WAS,archive:asset:302374075:sha256:14a594b86b207508b89a42755f624c241e6ceef516d859a4b6bd2c4a5a7b472c:week:5
2025_05_WAS_LAC,148.0,2025,5,LAC,WAS,run,3.1142354502808303,LAC,WAS,archive:asset:302374075:sha256:14a594b86b207508b89a42755f624c241e6ceef516d859a4b6bd2c4a5a7b472c:week:5
2025_05_WAS_LAC,170.0,2025,5,LAC,WAS,pass,0.596598660806194,LAC,WAS,archive:asset:302374075:sha256:14a594b86b207508b89a42755f624c241e6ceef516d859a4b6bd2c4a5a7b472c:week:5
2025_05_WAS_LAC,200.0,2025,5,LAC,WAS,no_play,-0.6455788485473022,LAC,WAS,archive:asset:302374075:sha256:14a594b86b207508b89a42755f624c241e6ceef516d859a4b6bd2c4a5a7b472c:week:5
2025_05_WAS_LAC,224.0,2025,5,LAC,WAS,pass,0.4094959031790495,LAC,WAS,archive:asset:302374075:sha256:14a594b86b207508b89a42755f624c241e6ceef516d859a4b6bd2c4a5a7b472c:week:5
2025_05_WAS_LAC,261.0,2025,5,,,no_play,0.0,,,archive:asset:302374075:sha256:14a594b86b207508b89a42755f624c241e6ceef516d859a4b6bd2c4a5a7b472c:week:5
2025_05_WAS_LAC,249.0,2025,5,LAC,WAS,run,-0.5527195635950193,LAC,WAS,archive:asset:302374075:sha256:14a594b86b207508b89a42755f624c241e6ceef516d859a4b6bd2c4a5a7b472c:week:5
2025_05_WAS_LAC,278.0,2025,5,LAC,WAS,pass,-1.5623278561979532,LAC,WAS,archive:asset:302374075:sha256:14a594b86b207508b89a42755f624c241e6ceef516d859a4b6bd2c4a5a7b472c:week:5
2025_05_WAS_LAC,301.0,2025,5,LAC,WAS,no_play,2.9563053302117623,LAC,WAS,archive:asset:302374075:sha256:14a594b86b207508b89a42755f624c241e6ceef516d859a4b6bd2c4a5a7b472c:week:5
2025_05_WAS_LAC,332.0,2025,5,LAC,WAS,run,0.21892254060367122,LAC,WAS,archive:asset:302374075:sha256:14a594b86b207508b89a42755f624c241e6ceef516d859a4b6bd2c4a5a7b472c:week:5
2025_05_WAS_LAC,354.0,2025,5,LAC,WAS,pass,0.8694223762722686,LAC,WAS,archive:asset:302374075:sha256:14a594b86b207508b89a42755f624c241e6ceef516d859a4b6bd2c4a5a7b472c:week:5
2025_05_WAS_LAC,380.0,2025,5,LAC,WAS,extra_point,0.05117156607063911,LAC,WAS,archive:asset:302374075:sha256:14a594b86b207508b89a42755f624c241e6ceef516d859a4b6bd2c4a5a7b472c:week:5
2025_05_WAS_LAC,395.0,2025,5,WAS,LAC,kickoff,1.017352000810206,WAS,LAC,archive:asset:302374075:sha256:14a594b86b207508b89a42755f624c241e6ceef516d859a4b6bd2c4a5a7b472c:week:5
2025_05_WAS_LAC,425.0,2025,5,WAS,LAC,pass,0.37995503516867757,WAS,LAC,archive:asset:302374075:sha256:14a594b86b207508b89a42755f624c241e6ceef516d859a4b6bd2c4a5a7b472c:week:5
2025_05_WAS_LAC,450.0,2025,5,WAS,LAC,run,-1.2458695070818067,WAS,LAC,archive:asset:302374075:sha256:14a594b86b207508b89a42755f624c241e6ceef516d859a4b6bd2c4a5a7b472c:week:5
2025_05_WAS_LAC,472.0,2025,5,WAS,LAC,pass,-1.7285521032754332,WAS,LAC,archive:asset:302374075:sha256:14a594b86b207508b89a42755f624c241e6ceef516d859a4b6bd2c4a5a7b472c:week:5
2025_05_WAS_LAC,495.0,2025,5,WAS,LAC,punt,-1.1296491909306496,WAS,LAC,archive:asset:302374075:sha256:14a594b86b207508b89a42755f624c241e6ceef516d859a4b6bd2c4a5a7b472c:week:5
2025_05_WAS_LAC,513.0,2025,5,LAC,WAS,pass,-0.3745123785920441,LAC,WAS,archive:asset:302374075:sha256:14a594b86b207508b89a42755f624c241e6ceef516d859a4b6bd2c4a5a7b472c:week:5
2025_05_WAS_LAC,545.0,2025,5,LAC,WAS,run,-0.8661260840017349,LAC,WAS,archive:asset:302374075:sha256:14a594b86b207508b89a42755f624c241e6ceef516d859a4b6bd2c4a5a7b472c:week:5
2025_05_WAS_LAC,567.0,2025,5,LAC,WAS,pass,3.21684494742658,LAC,WAS,archive:asset:302374075:sha256:14a594b86b207508b89a42755f624c241e6ceef516d859a4b6bd2c4a5a7b472c:week:5
2025_05_WAS_LAC,597.0,2025,5,LAC,WAS,run,-0.08036345115397125,LAC,WAS,archive:asset:302374075:sha256:14a594b86b207508b89a42755f624c241e6ceef516d859a4b6bd2c4a5a7b472c:week:5
2025_05_WAS_LAC,624.0,2025,5,LAC,WAS,pass,0.7318505150033161,LAC,WAS,archive:asset:302374075:sha256:14a594b86b207508b89a42755f624c241e6ceef516d859a4b6bd2c4a5a7b472c:week:5
2025_05_WAS_LAC,649.0,2025,5,LAC,WAS,run,0.7023975482443348,LAC,WAS,archive:asset:302374075:sha256:14a594b86b207508b89a42755f624c241e6ceef516d859a4b6bd2c4a5a7b472c:week:5
2025_05_WAS_LAC,671.0,2025,5,LAC,WAS,no_play,-0.6230268699582666,LAC,WAS,archive:asset:302374075:sha256:14a594b86b207508b89a42755f624c241e6ceef516d859a4b6bd2c4a5a7b472c:week:5
2025_05_WAS_LAC,725.0,2025,5,,,no_play,0.0,,,archive:asset:302374075:sha256:14a594b86b207508b89a42755f624c241e6ceef516d859a4b6bd2c4a5a7b472c:week:5
2025_05_WAS_LAC,704.0,2025,5,LAC,WAS,pass,-0.6903393068350852,LAC,WAS,archive:asset:302374075:sha256:14a594b86b207508b89a42755f624c241e6ceef516d859a4b6bd2c4a5a7b472c:week:5
2025_05_WAS_LAC,743.0,2025,5,LAC,WAS,pass,-2.2566138360096337,LAC,WAS,archive:asset:302374075:sha256:14a594b86b207508b89a42755f624c241e6ceef516d859a4b6bd2c4a5a7b472c:week:5
2025_05_WAS_LAC,763.0,2025,5,LAC,WAS,field_goal,1.994850221872908,LAC,WAS,archive:asset:302374075:sha256:14a594b86b207508b89a42755f624c241e6ceef516d859a4b6bd2c4a5a7b472c:week:5
2025_05_WAS_LAC,783.0,2025,5,WAS,LAC,kickoff,-0.8534900322556496,WAS,LAC,archive:asset:302374075:sha256:14a594b86b207508b89a42755f624c241e6ceef516d859a4b6bd2c4a5a7b472c:week:5
2025_05_WAS_LAC,824.0,2025,5,WAS,LAC,run,0.4670140044763684,WAS,LAC,archive:asset:302374075:sha256:14a594b86b207508b89a42755f624c241e6ceef516d859a4b6bd2c4a5a7b472c:week:5
2025_05_WAS_LAC,848.0,2025,5,WAS,LAC,run,0.8252799673937261,WAS,LAC,archive:asset:302374075:sha256:14a594b86b207508b89a42755f624c241e6ceef516d859a4b6bd2c4a5a7b472c:week:5
2025_05_WAS_LAC,870.0,2025,5,WAS,LAC,run,-0.5587501851841807,WAS,LAC,archive:asset:302374075:sha256:14a594b86b207508b89a42755f624c241e6ceef516d859a4b6bd2c4a5a7b472c:week:5
2025_05_WAS_LAC,892.0,2025,5,WAS,LAC,pass,-0.7329895088914782,WAS,LAC,archive:asset:302374075:sha256:14a594b86b207508b89a42755f624c241e6ceef516d859a4b6bd2c4a5a7b472c:week:5
2025_05_WAS_LAC,915.0,2025,5,WAS,LAC,run,-1.1443183314986527,WAS,LAC,archive:asset:302374075:sha256:14a594b86b207508b89a42755f624c241e6ceef516d859a4b6bd2c4a5a7b472c:week:5
2025_05_WAS_LAC,937.0,2025,5,WAS,LAC,punt,-0.28868698328733444,WAS,LAC,archive:asset:302374075:sha256:14a594b86b207508b89a42755f624c241e6ceef516d859a4b6bd2c4a5a7b472c:week:5
2025_05_WAS_LAC,957.0,2025,5,LAC,WAS,,0.0,LAC,WAS,archive:asset:302374075:sha256:14a594b86b207508b89a42755f624c241e6ceef516d859a4b6bd2c4a5a7b472c:week:5
2025_05_WAS_LAC,977.0,2025,5,LAC,WAS,run,-0.27510332968086004,LAC,WAS,archive:asset:302374075:sha256:14a594b86b207508b89a42755f624c241e6ceef516d859a4b6bd2c4a5a7b472c:week:5
2025_05_WAS_LAC,999.0,2025,5,LAC,WAS,pass,-0.13166042231023312,LAC,WAS,archive:asset:302374075:sha256:14a594b86b207508b89a42755f624c241e6ceef516d859a4b6bd2c4a5a7b472c:week:5
2025_05_WAS_LAC,1029.0,2025,5,LAC,WAS,run,1.1482414929196239,LAC,WAS,archive:asset:302374075:sha256:14a594b86b207508b89a42755f624c241e6ceef516d859a4b6bd2c4a5a7b472c:week:5
2025_05_WAS_LAC,1051.0,2025,5,LAC,WAS,pass,-0.18609594786539674,LAC,WAS,archive:asset:302374075:sha256:14a594b86b207508b89a42755f624c241e6ceef516d859a4b6bd2c4a5a7b472c:week:5
2025_05_WAS_LAC,1079.0,2025,5,LAC,WAS,pass,1.2014540231321007,LAC,WAS,archive:asset:302374075:sha256:14a594b86b207508b89a42755f624c241e6ceef516d859a4b6bd2c4a5a7b472c:week:5
2025_05_WAS_LAC,1109.0,2025,5,LAC,WAS,pass,-1.2826821284834296,LAC,WAS,archive:asset:302374075:sha256:14a594b86b207508b89a42755f624c241e6ceef516d859a4b6bd2c4a5a7b472c:week:5
2025_05_WAS_LAC,1129.0,2025,5,LAC,WAS,pass,0.9337258338928223,LAC,WAS,archive:asset:302374075:sha256:14a594b86b207508b89a42755f624c241e6ceef516d859a4b6bd2c4a5a7b472c:week:5
2025_05_WAS_LAC,1154.0,2025,5,LAC,WAS,run,1.1145406598225236,LAC,WAS,archive:asset:302374075:sha256:14a594b86b207508b89a42755f624c241e6ceef516d859a4b6bd2c4a5a7b472c:week:5
2025_05_WAS_LAC,1176.0,2025,5,LAC,WAS,run,-0.42751150764524937,LAC,WAS,archive:asset:302374075:sha256:14a594b86b207508b89a42755f624c241e6ceef516d859a4b6bd2c4a5a7b472c:week:5
2025_05_WAS_LAC,1198.0,2025,5,LAC,WAS,pass,-4.296562607400119,LAC,WAS,archive:asset:302374075:sha256:14a594b86b207508b89a42755f624c241e6ceef516d859a4b6bd2c4a5a7b472c:week:5
2025_05_WAS_LAC,1244.0,2025,5,WAS,LAC,run,-0.8066845440771431,WAS,LAC,archive:asset:302374075:sha256:14a594b86b207508b89a42755f624c241e6ceef516d859a4b6bd2c4a5a7b472c:week:5
2025_05_WAS_LAC,1280.0,2025,5,WAS,LAC,pass,-0.6606060978956521,WAS,LAC,archive:asset:302374075:sha256:14a594b86b207508b89a42755f624c241e6ceef516d859a4b6bd2c4a5a7b472c:week:5
2025_05_WAS_LAC,1303.0,2025,5,WAS,LAC,no_play,-0.5086890601087362,WAS,LAC,archive:asset:302374075:sha256:14a594b86b207508b89a42755f624c241e6ceef516d859a4b6bd2c4a5a7b472c:week:5
2025_05_WAS_LAC,1327.0,2025,5,WAS,LAC,pass,2.6313786124810576,WAS,LAC,archive:asset:302374075:sha256:14a594b86b207508b89a42755f624c241e6ceef516d859a4b6bd2c4a5a7b472c:week:5
2025_05_WAS_LAC,1352.0,2025,5,WAS,LAC,run,0.12039796821773052,WAS,LAC,archive:asset:302374075:sha256:14a594b86b207508b89a42755f624c241e6ceef516d859a4b6bd2c4a5a7b472c:week:5
2025_05_WAS_LAC,1374.0,2025,5,WAS,LAC,run,0.4928305570501834,WAS,LAC,archive:asset:302374075:sha256:14a594b86b207508b89a42755f624c241e6ceef516d859a4b6bd2c4a5a7b472c:week:5
2025_05_WAS_LAC,1398.0,2025,5,WAS,LAC,pass,0.29905252577736974,WAS,LAC,archive:asset:302374075:sha256:14a594b86b207508b89a42755f624c241e6ceef516d859a4b6bd2c4a5a7b472c:week:5
2025_05_WAS_LAC,1423.0,2025,5,WAS,LAC,pass,1.1774511970579624,WAS,LAC,archive:asset:302374075:sha256:14a594b86b207508b89a42755f624c241e6ceef516d859a4b6bd2c4a5a7b472c:week:5
2025_05_WAS_LAC,1448.0,2025,5,WAS,LAC,run,0.8544868442113511,WAS,LAC,archive:asset:302374075:sha256:14a594b86b207508b89a42755f624c241e6ceef516d859a4b6bd2c4a5a7b472c:week:5
2025_05_WAS_LAC,1472.0,2025,5,WAS,LAC,run,1.7733751698979177,WAS,LAC,archive:asset:302374075:sha256:14a594b86b207508b89a42755f624c241e6ceef516d859a4b6bd2c4a5a7b472c:week:5
2025_05_WAS_LAC,1495.0,2025,5,WAS,LAC,extra_point,0.05117156607063911,WAS,LAC,archive:asset:302374075:sha256:14a594b86b207508b89a42755f624c241e6ceef516d859a4b6bd2c4a5a7b472c:week:5
2025_05_WAS_LAC,1510.0,2025,5,LAC,WAS,kickoff,0.506993368268013,LAC,WAS,archive:asset:302374075:sha256:14a594b86b207508b89a42755f624c241e6ceef516d859a4b6bd2c4a5a7b472c:week:5
2025_05_WAS_LAC,1540.0,2025,5,LAC,WAS,run,-0.36566050141118467,LAC,WAS,archive:asset:302374075:sha256:14a594b86b207508b89a42755f624c241e6ceef516d859a4b6bd2c4a5a7b472c:week:5
2025_05_WAS_LAC,1562.0,2025,5,LAC,WAS,run,0.3323097829706967,LAC,WAS,archive:asset:302374075:sha256:14a594b86b207508b89a42755f624c241e6ceef516d859a4b6bd2c4a5a7b472c:week:5
2025_05_WAS_LAC,1591.0,2025,5,LAC,WAS,run,0.6370481849880889,LAC,WAS,archive:asset:302374075:sha256:14a594b86b207508b89a42755f624c241e6ceef516d859a4b6bd2c4a5a7b472c:week:5
2025_05_WAS_LAC,1613.0,2025,5,LAC,WAS,run,-0.33019684482133016,LAC,WAS,archive:asset:302374075:sha256:14a594b86b207508b89a42755f624c241e6ceef516d859a4b6bd2c4a5a7b472c:week:5
2025_05_WAS_LAC,1635.0,2025,5,LAC,WAS,pass,-1.125301898282487,LAC,WAS,archive:asset:302374075:sha256:14a594b86b207508b89a42755f624c241e6ceef516d859a4b6bd2c4a5a7b472c:week:5
2025_05_WAS_LAC,1727.0,2025,5,,,no_play,0.0,,,archive:asset:302374075:sha256:14a594b86b207508b89a42755f624c241e6ceef516d859a4b6bd2c4a5a7b472c:week:5
2025_05_WAS_LAC,1667.0,2025,5,LAC,WAS,pass,-0.7685457388870418,LAC,WAS,archive:asset:302374075:sha256:14a594b86b207508b89a42755f624c241e6ceef516d859a4b6bd2c4a5a7b472c:week:5
2025_05_WAS_LAC,1704.0,2025,5,,,no_play,0.0,,,archive:asset:302374075:sha256:14a594b86b207508b89a42755f624c241e6ceef516d859a4b6bd2c4a5a7b472c:week:5
2025_05_WAS_LAC,1692.0,2025,5,LAC,WAS,no_play,-0.3987498900387436,LAC,WAS,archive:asset:302374075:sha256:14a594b86b207508b89a42755f624c241e6ceef516d859a4b6bd2c4a5a7b472c:week:5
2025_05_WAS_LAC,1746.0,2025,5,LAC,WAS,punt,0.07558394758962095,LAC,WAS,archive:asset:302374075:sha256:14a594b86b207508b89a42755f624c241e6ceef516d859a4b6bd2c4a5a7b472c:week:5
2025_05_WAS_LAC,1767.0,2025,5,WAS,LAC,pass,-0.280712220701389,WAS,LAC,archive:asset:302374075:sha256:14a594b86b207508b89a42755f624c241e6ceef516d859a4b6bd2c4a5a7b472c:week:5
2025_05_WAS_LAC,1797.0,2025,5,WAS,LAC,pass,-0.4884365290636197,WAS,LAC,archive:asset:302374075:sha256:14a594b86b207508b89a42755f624c241e6ceef516d859a4b6bd2c4a5a7b472c:week:5
2025_05_WAS_LAC,1817.0,2025,5,WAS,LAC,pass,-0.5808060218696482,WAS,LAC,archive:asset:302374075:sha256:14a594b86b207508b89a42755f624c241e6ceef516d859a4b6bd2c4a5a7b472c:week:5
2025_05_WAS_LAC,1840.0,2025,5,WAS,LAC,no_play,1.4334935273509473,WAS,LAC,archive:asset:302374075:sha256:14a594b86b207508b89a42755f624c241e6ceef516d859a4b6bd2c4a5a7b472c:week:5
2025_05_WAS_LAC,1878.0,2025,5,WAS,LAC,pass,2.223906490718946,WAS,LAC,archive:asset:302374075:sha256:14a594b86b207508b89a42755f624c241e6ceef516d859a4b6bd2c4a5a7b472c:week:5
2025_05_WAS_LAC,1926.0,2025,5,,,no_play,-0.0,,,archive:asset:302374075:sha256:14a594b86b207508b89a42755f624c241e6ceef516d859a4b6bd2c4a5a7b472c:week:5
2025_05_WAS_LAC,1914.0,2025,5,WAS,LAC,pass,-0.31383040751097724,WAS,LAC,archive:asset:302374075:sha256:14a594b86b207508b89a42755f624c241e6ceef516d859a4b6bd2c4a5a7b472c:week:5
2025_05_WAS_LAC,1944.0,2025,5,WAS,LAC,pass,0.39283632824663073,WAS,LAC,archive:asset:302374075:sha256:14a594b86b207508b89a42755f624c241e6ceef516d859a4b6bd2c4a5a7b472c:week:5
2025_05_WAS_LAC,1969.0,2025,5,WAS,LAC,qb_spike,0.23732838390140287,WAS,LAC,archive:asset:302374075:sha256:14a594b86b207508b89a42755f624c241e6ceef516d859a4b6bd2c4a5a7b472c:week:5
2025_05_WAS_LAC,1992.0,2025,5,WAS,LAC,field_goal,0.0745309249569992,WAS,LAC,archive:asset:302374075:sha256:14a594b86b207508b89a42755f624c241e6ceef516d859a4b6bd2c4a5a7b472c:week:5
2025_05_WAS_LAC,2012.0,2025,5,LAC,WAS,kickoff,-0.083894511917606,LAC,WAS,archive:asset:302374075:sha256:14a594b86b207508b89a42755f624c241e6ceef516d859a4b6bd2c4a5a7b472c:week:5
2025_05_WAS_LAC,2029.0,2025,5,LAC,WAS,qb_kneel,0.0,LAC,WAS,archive:asset:302374075:sha256:14a594b86b207508b89a42755f624c241e6ceef516d859a4b6bd2c4a5a7b472c:week:5
2025_05_WAS_LAC,2051.0,2025,5,,,,,,,archive:asset:302374075:sha256:14a594b86b207508b89a42755f624c241e6ceef516d859a4b6bd2c4a5a7b472c:week:5
2025_05_WAS_LAC,2071.0,2025,5,WAS,LAC,kickoff,0.3328176038339734,WAS,LAC,archive:asset:302374075:sha256:14a594b86b207508b89a42755f624c241e6ceef516d859a4b6bd2c4a5a7b472c:week:5
2025_05_WAS_LAC,2099.0,2025,5,WAS,LAC,run,-0.5585846528410912,WAS,LAC,archive:asset:302374075:sha256:14a594b86b207508b89a42755f624c241e6ceef516d859a4b6bd2c4a5a7b472c:week:5
2025_05_WAS_LAC,2121.0,2025,5,WAS,LAC,run,0.7668622736819088,WAS,LAC,archive:asset:302374075:sha256:14a594b86b207508b89a42755f624c241e6ceef516d859a4b6bd2c4a5a7b472c:week:5
2025_05_WAS_LAC,2143.0,2025,5,WAS,LAC,no_play,0.7513839220628142,WAS,LAC,archive:asset:302374075:sha256:14a594b86b207508b89a42755f624c241e6ceef516d859a4b6bd2c4a5a7b472c:week:5
2025_05_WAS_LAC,2183.0,2025,5,WAS,LAC,pass,2.0525863162474707,WAS,LAC,archive:asset:302374075:sha256:14a594b86b207508b89a42755f624c241e6ceef516d859a4b6bd2c4a5a7b472c:week:5
2025_05_WAS_LAC,2224.0,2025,5,WAS,LAC,pass,0.7658987244358286,WAS,LAC,archive:asset:302374075:sha256:14a594b86b207508b89a42755f624c241e6ceef516d859a4b6bd2c4a5a7b472c:week:5
2025_05_WAS_LAC,2249.0,2025,5,WAS,LAC,run,-0.09849754709284753,WAS,LAC,archive:asset:302374075:sha256:14a594b86b207508b89a42755f624c241e6ceef516d859a4b6bd2c4a5a7b472c:week:5
2025_05_WAS_LAC,2271.0,2025,5,WAS,LAC,pass,0.7296590233454481,WAS,LAC,archive:asset:302374075:sha256:14a594b86b207508b89a42755f624c241e6ceef516d859a4b6bd2c4a5a7b472c:week:5
2025_05_WAS_LAC,2313.0,2025,5,,,no_play,-0.0,,,archive:asset:302374075:sha256:14a594b86b207508b89a42755f624c241e6ceef516d859a4b6bd2c4a5a7b472c:week:5
2025_05_WAS_LAC,2296.0,2025,5,WAS,LAC,run,1.2496229780372232,WAS,LAC,archive:asset:302374075:sha256:14a594b86b207508b89a42755f624c241e6ceef516d859a4b6bd2c4a5a7b472c:week:5
2025_05_WAS_LAC,2338.0,2025,5,WAS,LAC,extra_point,0.05117156607063911,WAS,LAC,archive:asset:302374075:sha256:14a594b86b207508b89a42755f624c241e6ceef516d859a4b6bd2c4a5a7b472c:week:5
2025_05_WAS_LAC,2353.0,2025,5,LAC,WAS,kickoff,0.12069685570895672,LAC,WAS,archive:asset:302374075:sha256:14a594b86b207508b89a42755f624c241e6ceef516d859a4b6bd2c4a5a7b472c:week:5
2025_05_WAS_LAC,2383.0,2025,5,LAC,WAS,pass,-1.6977072483859956,LAC,WAS,archive:asset:302374075:sha256:14a594b86b207508b89a42755f624c241e6ceef516d859a4b6bd2c4a5a7b472c:week:5
2025_05_WAS_LAC,2403.0,2025,5,LAC,WAS,no_play,-0.949531402438879,LAC,WAS,archive:asset:302374075:sha256:14a594b86b207508b89a42755f624c241e6ceef516d859a4b6bd2c4a5a7b472c:week:5
2025_05_WAS_LAC,2442.0,2025,5,LAC,WAS,no_play,-0.42590947076678276,LAC,WAS,archive:asset:302374075:sha256:14a594b86b207508b89a42755f624c241e6ceef516d859a4b6bd2c4a5a7b472c:week:5
2025_05_WAS_LAC,2478.0,2025,5,LAC,WAS,run,-0.35776108549907804,LAC,WAS,archive:asset:302374075:sha256:14a594b86b207508b89a42755f624c241e6ceef516d859a4b6bd2c4a5a7b472c:week:5
2025_05_WAS_LAC,2500.0,2025,5,LAC,WAS,pass,-0.6263996544294059,LAC,WAS,archive:asset:302374075:sha256:14a594b86b207508b89a42755f624c241e6ceef516d859a4b6bd2c4a5a7b472c:week:5
2025_05_WAS_LAC,2525.0,2025,5,LAC,WAS,punt,0.032582772662863135,LAC,WAS,archive:asset:302374075:sha256:14a594b86b207508b89a42755f624c241e6ceef516d859a4b6bd2c4a5a7b472c:week:5
2025_05_WAS_LAC,2545.0,2025,5,WAS,LAC,run,1.9565388354239985,WAS,LAC,archive:asset:302374075:sha256:14a594b86b207508b89a42755f624c241e6ceef516d859a4b6bd2c4a5a7b472c:week:5
2025_05_WAS_LAC,2581.0,2025,5,WAS,LAC,pass,-0.491647319518961,WAS,LAC,archive:asset:302374075:sha256:14a594b86b207508b89a42755f624c241e6ceef516d859a4b6bd2c4a5a7b472c:week:5
2025_05_WAS_LAC,2614.0,2025,5,WAS,LAC,pass,-0.7184895700775087,WAS,LAC,archive:asset:302374075:sha256:14a594b86b207508b89a42755f624c241e6ceef516d859a4b6bd2c4a5a7b472c:week:5
2025_05_WAS_LAC,2637.0,2025,5,WAS,LAC,pass,2.1469491162570193,WAS,LAC,archive:asset:302374075:sha256:14a594b86b207508b89a42755f624c241e6ceef516d859a4b6bd2c4a5a7b472c:week:5
2025_05_WAS_LAC,2662.0,2025,5,WAS,LAC,pass,0.09545217698905617,WAS,LAC,archive:asset:302374075:sha256:14a594b86b207508b89a42755f624c241e6ceef516d859a4b6bd2c4a5a7b472c:week:5
2025_05_WAS_LAC,2687.0,2025,5,WAS,LAC,pass,-0.7556602876866236,WAS,LAC,archive:asset:302374075:sha256:14a594b86b207508b89a42755f624c241e6ceef516d859a4b6bd2c4a5a7b472c:week:5
2025_05_WAS_LAC,2710.0,2025,5,WAS,LAC,no_play,-0.5886281888233498,WAS,LAC,archive:asset:302374075:sha256:14a594b86b207508b89a42755f624c241e6ceef516d859a4b6bd2c4a5a7b472c:week:5
2025_05_WAS_LAC,2734.0,2025,5,WAS,LAC,pass,-0.9118193604800888,WAS,LAC,archive:asset:302374075:sha256:14a594b86b207508b89a42755f624c241e6ceef516d859a4b6bd2c4a5a7b472c:week:5
2025_05_WAS_LAC,2757.0,2025,5,WAS,LAC,field_goal,0.3288029416281768,WAS,LAC,archive:asset:302374075:sha256:14a594b86b207508b89a42755f624c241e6ceef516d859a4b6bd2c4a5a7b472c:week:5
2025_05_WAS_LAC,2788.0,2025,5,LAC,WAS,kickoff,-0.27076863683760166,LAC,WAS,archive:asset:302374075:sha256:14a594b86b207508b89a42755f624c241e6ceef516d859a4b6bd2c4a5a7b472c:week:5
2025_05_WAS_LAC,2818.0,2025,5,LAC,WAS,run,-0.19888326153159142,LAC,WAS,archive:asset:302374075:sha256:14a594b86b207508b89a42755f624c241e6ceef516d859a4b6bd2c4a5a7b472c:week:5
2025_05_WAS_LAC,2840.0,2025,5,LAC,WAS,pass,-0.20466784294694662,LAC,WAS,archive:asset:302374075:sha256:14a594b86b207508b89a42755f624c241e6ceef516d859a4b6bd2c4a5a7b472c:week:5
2025_05_WAS_LAC,2865.0,2025,5,LAC,WAS,pass,1.1625406229868531,LAC,WAS,archive:asset:302374075:sha256:14a594b86b207508b89a42755f624c241e6ceef516d859a4b6bd2c4a5a7b472c:week:5
2025_05_WAS_LAC,2895.0,2025,5,LAC,WAS,run,1.0410375560168177,LAC,WAS,archive:asset:302374075:sha256:14a594b86b207508b89a42755f624c241e6ceef516d859a4b6bd2c4a5a7b472c:week:5
2025_05_WAS_LAC,2917.0,2025,5,LAC,WAS,pass,-0.5128374577034265,LAC,WAS,archive:asset:302374075:sha256:14a594b86b207508b89a42755f624c241e6ceef516d859a4b6bd2c4a5a7b472c:week:5
2025_05_WAS_LAC,2952.0,2025,5,LAC,WAS,pass,-1.5596375355962664,LAC,WAS,archive:asset:302374075:sha256:14a594b86b207508b89a42755f624c241e6ceef516d859a4b6bd2c4a5a7b472c:week:5
2025_05_WAS_LAC,2972.0,2025,5,LAC,WAS,pass,-0.2079966734163463,LAC,WAS,archive:asset:302374075:sha256:14a594b86b207508b89a42755f624c241e6ceef516d859a4b6bd2c4a5a7b472c:week:5
2025_05_WAS_LAC,2997.0,2025,5,LAC,WAS,pass,-2.928570929914713,LAC,WAS,archive:asset:302374075:sha256:14a594b86b207508b89a42755f624c241e6ceef516d859a4b6bd2c4a5a7b472c:week:5
2025_05_WAS_LAC,3020.0,2025,5,WAS,LAC,run,-0.8140293459873646,WAS,LAC,archive:asset:302374075:sha256:14a594b86b207508b89a42755f624c241e6ceef516d859a4b6bd2c4a5a7b472c:week:5
2025_05_WAS_LAC,3051.0,2025,5,WAS,LAC,pass,1.9823274502996355,WAS,LAC,archive:asset:302374075:sha256:14a594b86b207508b89a42755f624c241e6ceef516d859a4b6bd2c4a5a7b472c:week:5
2025_05_WAS_LAC,3076.0,2025,5,WAS,LAC,run,0.5585342566482723,WAS,LAC,archive:asset:302374075:sha256:14a594b86b207508b89a42755f624c241e6ceef516d859a4b6bd2c4a5a7b472c:week:5
2025_05_WAS_LAC,3100.0,2025,5,WAS,LAC,,-0.0,WAS,LAC,archive:asset:302374075:sha256:14a594b86b207508b89a42755f624c241e6ceef516d859a4b6bd2c4a5a7b472c:week:5
2025_05_WAS_LAC,3120.0,2025,5,WAS,LAC,run,-6.095122391358018,WAS,LAC,archive:asset:302374075:sha256:14a594b86b207508b89a42755f624c241e6ceef516d859a4b6bd2c4a5a7b472c:week:5
2025_05_WAS_LAC,3158.0,2025,5,LAC,WAS,run,-0.45824576378799975,LAC,WAS,archive:asset:302374075:sha256:14a594b86b207508b89a42755f624c241e6ceef516d859a4b6bd2c4a5a7b472c:week:5
2025_05_WAS_LAC,3180.0,2025,5,LAC,WAS,pass,-0.5794047343079001,LAC,WAS,archive:asset:302374075:sha256:14a594b86b207508b89a42755f624c241e6ceef516d859a4b6bd2c4a5a7b472c:week:5
2025_05_WAS_LAC,3208.0,2025,5,LAC,WAS,pass,1.7884167674928904,LAC,WAS,archive:asset:302374075:sha256:14a594b86b207508b89a42755f624c241e6ceef516d859a4b6bd2c4a5a7b472c:week:5
2025_05_WAS_LAC,3233.0,2025,5,LAC,WAS,run,-0.5512931442353874,LAC,WAS,archive:asset:302374075:sha256:14a594b86b207508b89a42755f624c241e6ceef516d859a4b6bd2c4a5a7b472c:week:5
2025_05_WAS_LAC,3255.0,2025,5,LAC,WAS,pass,-0.8439293976407498,LAC,WAS,archive:asset:302374075:sha256:14a594b86b207508b89a42755f624c241e6ceef516d859a4b6bd2c4a5a7b472c:week:5
2025_05_WAS_LAC,3278.0,2025,5,LAC,WAS,pass,1.9755967700621113,LAC,WAS,archive:asset:302374075:sha256:14a594b86b207508b89a42755f624c241e6ceef516d859a4b6bd2c4a5a7b472c:week:5
2025_05_WAS_LAC,3303.0,2025,5,LAC,WAS,run,-0.20893497497309,LAC,WAS,archive:asset:302374075:sha256:14a594b86b207508b89a42755f624c241e6ceef516d859a4b6bd2c4a5a7b472c:week:5
2025_05_WAS_LAC,3325.0,2025,5,LAC,WAS,pass,-0.5542223056545481,LAC,WAS,archive:asset:302374075:sha256:14a594b86b207508b89a42755f624c241e6ceef516d859a4b6bd2c4a5a7b472c:week:5
2025_05_WAS_LAC,3350.0,2025,5,LAC,WAS,pass,1.4630836124997586,LAC,WAS,archive:asset:302374075:sha256:14a594b86b207508b89a42755f624c241e6ceef516d859a4b6bd2c4a5a7b472c:week:5
2025_05_WAS_LAC,3375.0,2025,5,LAC,WAS,run,0.5272137314314023,LAC,WAS,archive:asset:302374075:sha256:14a594b86b207508b89a42755f624c241e6ceef516d859a4b6bd2c4a5a7b472c:week:5
2025_05_WAS_LAC,3397.0,2025,5,LAC,WAS,run,1.2140106311999261,LAC,WAS,archive:asset:302374075:sha256:14a594b86b207508b89a42755f624c241e6ceef516d859a4b6bd2c4a5a7b472c:week:5
2025_05_WAS_LAC,3419.0,2025,5,LAC,WAS,pass,-0.22961774305440485,LAC,WAS,archive:asset:302374075:sha256:14a594b86b207508b89a42755f624c241e6ceef516d859a4b6bd2c4a5a7b472c:week:5
2025_05_WAS_LAC,3442.0,2025,5,LAC,WAS,run,-1.6592417483916506,LAC,WAS,archive:asset:302374075:sha256:14a594b86b207508b89a42755f624c241e6ceef516d859a4b6bd2c4a5a7b472c:week:5
2025_05_WAS_LAC,3464.0,2025,5,LAC,WAS,pass,-3.75652202044148,LAC,WAS,archive:asset:302374075:sha256:14a594b86b207508b89a42755f624c241e6ceef516d859a4b6bd2c4a5a7b472c:week:5
2025_05_WAS_LAC,3491.0,2025,5,WAS,LAC,pass,1.0738515560515225,WAS,LAC,archive:asset:302374075:sha256:14a594b86b207508b89a42755f624c241e6ceef516d859a4b6bd2c4a5a7b472c:week:5
2025_05_WAS_LAC,3525.0,2025,5,WAS,LAC,run,0.5107373497448862,WAS,LAC,archive:asset:302374075:sha256:14a594b86b207508b89a42755f624c241e6ceef516d859a4b6bd2c4a5a7b472c:week:5
2025_05_WAS_LAC,3547.0,2025,5,WAS,LAC,run,0.6968957053031772,WAS,LAC,archive:asset:302374075:sha256:14a594b86b207508b89a42755f624c241e6ceef516d859a4b6bd2c4a5a7b472c:week:5
2025_05_WAS_LAC,3569.0,2025,5,WAS,LAC,no_play,-1.0469598174095154,WAS,LAC,archive:asset:302374075:sha256:14a594b86b207508b89a42755f624c241e6ceef516d859a4b6bd2c4a5a7b472c:week:5
2025_05_WAS_LAC,3595.0,2025,5,WAS,LAC,no_play,-1.1465916144661605,WAS,LAC,archive:asset:302374075:sha256:14a594b86b207508b89a42755f624c241e6ceef516d859a4b6bd2c4a5a7b472c:week:5
2025_05_WAS_LAC,3636.0,2025,5,WAS,LAC,run,2.5552946869283915,WAS,LAC,archive:asset:302374075:sha256:14a594b86b207508b89a42755f624c241e6ceef516d859a4b6bd2c4a5a7b472c:week:5
2025_05_WAS_LAC,3669.0,2025,5,WAS,LAC,run,-0.6228150628739968,WAS,LAC,archive:asset:302374075:sha256:14a594b86b207508b89a42755f624c241e6ceef516d859a4b6bd2c4a5a7b472c:week:5
2025_05_WAS_LAC,3691.0,2025,5,WAS,LAC,run,0.7888294069562107,WAS,LAC,archive:asset:302374075:sha256:14a594b86b207508b89a42755f624c241e6ceef516d859a4b6bd2c4a5a7b472c:week:5
2025_05_WAS_LAC,3713.0,2025,5,WAS,LAC,no_play,-1.126109569799155,WAS,LAC,archive:asset:302374075:sha256:14a594b86b207508b89a42755f624c241e6ceef516d859a4b6bd2c4a5a7b472c:week:5
2025_05_WAS_LAC,3762.0,2025,5,WAS,LAC,no_play,2.287644128606189,WAS,LAC,archive:asset:302374075:sha256:14a594b86b207508b89a42755f624c241e6ceef516d859a4b6bd2c4a5a7b472c:week:5
2025_05_WAS_LAC,3796.0,2025,5,WAS,LAC,run,1.1373284831643105,WAS,LAC,archive:asset:302374075:sha256:14a594b86b207508b89a42755f624c241e6ceef516d859a4b6bd2c4a5a7b472c:week:5
2025_05_WAS_LAC,3832.0,2025,5,,,no_play,-0.0,,,archive:asset:302374075:sha256:14a594b86b207508b89a42755f624c241e6ceef516d859a4b6bd2c4a5a7b472c:week:5
2025_05_WAS_LAC,3820.0,2025,5,WAS,LAC,pass,0.8091184878139757,WAS,LAC,archive:asset:302374075:sha256:14a594b86b207508b89a42755f624c241e6ceef516d859a4b6bd2c4a5a7b472c:week:5
2025_05_WAS_LAC,3864.0,2025,5,,,no_play,-0.0,,,archive:asset:302374075:sha256:14a594b86b207508b89a42755f624c241e6ceef516d859a4b6bd2c4a5a7b472c:week:5
2025_05_WAS_LAC,3852.0,2025,5,WAS,LAC,run,-0.6820585974492133,WAS,LAC,archive:asset:302374075:sha256:14a594b86b207508b89a42755f624c241e6ceef516d859a4b6bd2c4a5a7b472c:week:5
2025_05_WAS_LAC,3904.0,2025,5,,,no_play,-0.0,,,archive:asset:302374075:sha256:14a594b86b207508b89a42755f624c241e6ceef516d859a4b6bd2c4a5a7b472c:week:5
2025_05_WAS_LAC,3892.0,2025,5,WAS,LAC,run,-0.5623590598115698,WAS,LAC,archive:asset:302374075:sha256:14a594b86b207508b89a42755f624c241e6ceef516d859a4b6bd2c4a5a7b472c:week:5
2025_05_WAS_LAC,3939.0,2025,5,,,no_play,-0.0,,,archive:asset:302374075:sha256:14a594b86b207508b89a42755f624c241e6ceef516d859a4b6bd2c4a5a7b472c:week:5
2025_05_WAS_LAC,3923.0,2025,5,WAS,LAC,run,0.013959157280623913,WAS,LAC,archive:asset:302374075:sha256:14a594b86b207508b89a42755f624c241e6ceef516d859a4b6bd2c4a5a7b472c:week:5
2025_05_WAS_LAC,3956.0,2025,5,WAS,LAC,run,-1.5784951242385432,WAS,LAC,archive:asset:302374075:sha256:14a594b86b207508b89a42755f624c241e6ceef516d859a4b6bd2c4a5a7b472c:week:5
2025_05_WAS_LAC,3999.0,2025,5,,,no_play,-0.0,,,archive:asset:302374075:sha256:14a594b86b207508b89a42755f624c241e6ceef516d859a4b6bd2c4a5a7b472c:week:5
2025_05_WAS_LAC,3987.0,2025,5,WAS,LAC,pass,4.672184085124172,WAS,LAC,archive:asset:302374075:sha256:14a594b86b207508b89a42755f624c241e6ceef516d859a4b6bd2c4a5a7b472c:week:5
2025_05_WAS_LAC,4020.0,2025,5,WAS,LAC,extra_point,0.05117156607063911,WAS,LAC,archive:asset:302374075:sha256:14a594b86b207508b89a42755f624c241e6ceef516d859a4b6bd2c4a5a7b472c:week:5
2025_05_WAS_LAC,4035.0,2025,5,LAC,WAS,kickoff,0.16506287350784987,LAC,WAS,archive:asset:302374075:sha256:14a594b86b207508b89a42755f624c241e6ceef516d859a4b6bd2c4a5a7b472c:week:5
2025_05_WAS_LAC,4052.0,2025,5,LAC,WAS,pass,0.15882377012167126,LAC,WAS,archive:asset:302374075:sha256:14a594b86b207508b89a42755f624c241e6ceef516d859a4b6bd2c4a5a7b472c:week:5
2025_05_WAS_LAC,4077.0,2025,5,LAC,WAS,pass,0.6637244882294908,LAC,WAS,archive:asset:302374075:sha256:14a594b86b207508b89a42755f624c241e6ceef516d859a4b6bd2c4a5a7b472c:week:5
2025_05_WAS_LAC,4102.0,2025,5,LAC,WAS,pass,-0.8447619251674041,LAC,WAS,archive:asset:302374075:sha256:14a594b86b207508b89a42755f624c241e6ceef516d859a4b6bd2c4a5a7b472c:week:5
2025_05_WAS_LAC,4122.0,2025,5,LAC,WAS,qb_spike,-0.21024157159263268,LAC,WAS,archive:asset:302374075:sha256:14a594b86b207508b89a42755f624c241e6ceef516d859a4b6bd2c4a5a7b472c:week:5
2025_05_WAS_LAC,4145.0,2025,5,LAC,WAS,run,0.6094038735027425,LAC,WAS,archive:asset:302374075:sha256:14a594b86b207508b89a42755f624c241e6ceef516d859a4b6bd2c4a5a7b472c:week:5
2025_05_WAS_LAC,4172.0,2025,5,LAC,WAS,pass,-1.1884617891628295,LAC,WAS,archive:asset:302374075:sha256:14a594b86b207508b89a42755f624c241e6ceef516d859a4b6bd2c4a5a7b472c:week:5
2025_05_WAS_LAC,4197.0,2025,5,LAC,WAS,,,LAC,WAS,archive:asset:302374075:sha256:14a594b86b207508b89a42755f624c241e6ceef516d859a4b6bd2c4a5a7b472c:week:5
