benchmark_family,game_id,forecast_as_of,evidence_class,development_evidence_only,outcome_dataset_id,outcome_evidence_id,outcome_provenance_class,margin_observed,total_observed,margin_mass_3,margin_mass_7,margin_observed_is_3,margin_observed_is_7,margin_crps,margin_randomized_pit,margin_log_score,margin_mean,margin_absolute_error,margin_interval_50_lower,margin_interval_50_upper,margin_interval_50_covered,margin_interval_80_lower,margin_interval_80_upper,margin_interval_80_covered,margin_interval_90_lower,margin_interval_90_upper,margin_interval_90_covered,total_crps,total_randomized_pit,total_log_score,total_mean,total_absolute_error,total_interval_50_lower,total_interval_50_upper,total_interval_50_covered,total_interval_80_lower,total_interval_80_upper,total_interval_80_covered,total_interval_90_lower,total_interval_90_upper,total_interval_90_covered
league_mean_hfa_gaussian,2025_08_BUF_CAR,2025-10-21T16:00:00+00:00,retrospective_historical_source_replay,True,archive:asset:310570721:sha256:ab96f6641c891d46a73cd33baeb05b9ec5cd4e1dec5b03dccee343b1769070e7,https://api.github.com/repos/nflverse/nflverse-data-archives/releases/assets/310570721,historical_source_proven,-31,49,0.03803080370812595,0.0370395617726057,False,False,29.46204340247831,0.00037393642200168734,9.0669388820877,4.330659954169771,35.33065995416977,-3,11,False,-9,18,False,-13,21,False,4.464421420236919,0.6948029731684113,3.616960943061298,42.038511339182875,6.961488660817125,33,51,True,26,58,True,21,63,True
league_mean_hfa_gaussian,2025_08_CHI_BAL,2025-10-21T16:00:00+00:00,retrospective_historical_source_replay,True,archive:asset:310570721:sha256:ab96f6641c891d46a73cd33baeb05b9ec5cd4e1dec5b03dccee343b1769070e7,https://api.github.com/repos/nflverse/nflverse-data-archives/releases/assets/310570721,historical_source_proven,14,46,0.038694185131616154,0.03672580613871934,False,False,6.269035869589333,0.8477060390219187,3.7594464746546334,3.602138167192494,10.397861832807505,-3,11,False,-10,17,True,-13,21,True,3.436373035851042,0.6170930862798323,3.511056596951685,42.16801502497478,3.8319849750252217,34,51,True,26,59,True,21,63,True
league_mean_hfa_gaussian,2025_08_CLE_NE,2025-10-21T16:00:00+00:00,retrospective_historical_source_replay,True,archive:asset:310570721:sha256:ab96f6641c891d46a73cd33baeb05b9ec5cd4e1dec5b03dccee343b1769070e7,https://api.github.com/repos/nflverse/nflverse-data-archives/releases/assets/310570721,historical_source_proven,19,45,0.03815516838487265,0.03692113570055733,False,False,9.733891254060556,0.9263303741842526,4.285361074196721,4.111537368882214,14.888462631117786,-3,11,False,-9,17,False,-13,21,True,3.313080771279628,0.5915367683391791,3.492627915965949,41.61355453792733,3.386445462072672,33,50,True,25,58,True,21,62,True
league_mean_hfa_gaussian,2025_08_DAL_DEN,2025-10-21T16:00:00+00:00,retrospective_historical_source_replay,True,archive:asset:310570721:sha256:ab96f6641c891d46a73cd33baeb05b9ec5cd4e1dec5b03dccee343b1769070e7,https://api.github.com/repos/nflverse/nflverse-data-archives/releases/assets/310570721,historical_source_proven,20,68,0.03739969004278321,0.03443123628688649,False,False,11.862175979849642,0.9449183865968519,4.620324837824063,2.5706572572452036,17.429342742754798,-5,10,False,-11,16,False,-15,20,True,18.98312947401748,0.9770395599100283,5.519340911551439,41.9747582935367,26.025241706463298,33,51,False,26,58,False,21,63,False
league_mean_hfa_gaussian,2025_08_GB_PIT,2025-10-21T16:00:00+00:00,retrospective_historical_source_replay,True,archive:asset:310570721:sha256:ab96f6641c891d46a73cd33baeb05b9ec5cd4e1dec5b03dccee343b1769070e7,https://api.github.com/repos/nflverse/nflverse-data-archives/releases/assets/310570721,historical_source_proven,-10,60,0.037579695025378,0.03689753304475274,False,False,9.401183767691169,0.09020328712134199,4.225531362570641,4.536518673321262,14.536518673321261,-3,12,False,-9,18,False,-13,22,True,11.06442136794484,0.909414428831217,4.380017409061194,42.814897595794875,17.185102404205125,34,51,False,27,59,False,22,64,True
league_mean_hfa_gaussian,2025_08_MIA_ATL,2025-10-21T16:00:00+00:00,retrospective_historical_source_replay,True,archive:asset:310570721:sha256:ab96f6641c891d46a73cd33baeb05b9ec5cd4e1dec5b03dccee343b1769070e7,https://api.github.com/repos/nflverse/nflverse-data-archives/releases/assets/310570721,historical_source_proven,-24,44,0.03758134892316006,0.03530216524324015,False,False,21.138991410014732,0.00590855609810004,6.494542711729329,3.08571180538212,27.085711805382118,-4,10,False,-11,17,False,-14,20,False,2.9986911228495554,0.5619469260530695,3.4558109854400705,42.53342621189789,1.4665737881021101,34,51,True,26,59,True,22,63,True
league_mean_hfa_gaussian,2025_08_MIN_LAC,2025-10-21T16:00:00+00:00,retrospective_historical_source_replay,True,archive:asset:310570721:sha256:ab96f6641c891d46a73cd33baeb05b9ec5cd4e1dec5b03dccee343b1769070e7,https://api.github.com/repos/nflverse/nflverse-data-archives/releases/assets/310570721,historical_source_proven,27,47,0.03717781431031525,0.03610092573925405,False,False,17.034365954028722,0.9852815395489846,5.608007835941204,4.062294144700617,22.937705855299384,-3,11,False,-10,18,False,-14,22,False,3.512407616525496,0.6225630318744856,3.511660448008121,42.75467199323761,4.245328006762392,34,51,True,27,59,True,22,64,True
league_mean_hfa_gaussian,2025_08_NYG_PHI,2025-10-21T16:00:00+00:00,retrospective_historical_source_replay,True,archive:asset:310570721:sha256:ab96f6641c891d46a73cd33baeb05b9ec5cd4e1dec5b03dccee343b1769070e7,https://api.github.com/repos/nflverse/nflverse-data-archives/releases/assets/310570721,historical_source_proven,18,58,0.0382279050240697,0.035967586921309525,False,False,9.57338456075785,0.9199741797077909,4.256980165692778,3.277463424546978,14.722536575453022,-4,10,False,-10,17,False,-14,20,True,9.877385124150855,0.8844385673911559,4.228111084816827,42.26518977471629,15.73481022528371,34,51,False,26,59,True,21,63,True
league_mean_hfa_gaussian,2025_08_NYJ_CIN,2025-10-21T16:00:00+00:00,retrospective_historical_source_replay,True,archive:asset:310570721:sha256:ab96f6641c891d46a73cd33baeb05b9ec5cd4e1dec5b03dccee343b1769070e7,https://api.github.com/repos/nflverse/nflverse-data-archives/releases/assets/310570721,historical_source_proven,-1,77,0.03734266990913693,0.03488865935776564,False,False,3.1035069386019254,0.344210900340889,3.3595546821078357,3.076787892957351,4.076787892957351,-4,10,True,-11,17,True,-14,21,True,27.286090796024784,0.9965483102096024,7.150993623089719,42.60382309469035,34.39617690530965,34,51,False,26,59,False,22,63,False
league_mean_hfa_gaussian,2025_08_SF_HOU,2025-10-21T16:00:00+00:00,retrospective_historical_source_replay,True,archive:asset:310570721:sha256:ab96f6641c891d46a73cd33baeb05b9ec5cd4e1dec5b03dccee343b1769070e7,https://api.github.com/repos/nflverse/nflverse-data-archives/releases/assets/310570721,historical_source_proven,11,41,0.038464239851517645,0.03667029035035341,False,False,4.3603612578657245,0.7432772270511683,3.5026899020267397,3.7687087174369127,7.231291282563087,-3,11,True,-9,17,True,-13,21,True,3.0166913876615524,0.46543587695596655,3.462650234945656,42.43860023581367,1.4386002358136665,34,51,True,26,59,True,22,63,True
league_mean_hfa_gaussian,2025_08_TB_NO,2025-10-21T16:00:00+00:00,retrospective_historical_source_replay,True,archive:asset:310570721:sha256:ab96f6641c891d46a73cd33baeb05b9ec5cd4e1dec5b03dccee343b1769070e7,https://api.github.com/repos/nflverse/nflverse-data-archives/releases/assets/310570721,historical_source_proven,-20,26,0.03830639016494025,0.0366455319565272,False,False,17.885772715290912,0.01335709938182822,5.825156916043244,3.6592385790656214,23.659238579065622,-3,11,False,-10,17,False,-14,21,False,10.06167640915175,0.10409184291853181,4.248832851006235,41.96738776990284,15.967387769902842,33,51,False,26,58,True,21,63,True
league_mean_hfa_gaussian,2025_08_TEN_IND,2025-10-21T16:00:00+00:00,retrospective_historical_source_replay,True,archive:asset:310570721:sha256:ab96f6641c891d46a73cd33baeb05b9ec5cd4e1dec5b03dccee343b1769070e7,https://api.github.com/repos/nflverse/nflverse-data-archives/releases/assets/310570721,historical_source_proven,24,52,0.038498919752285365,0.03644720967682624,False,False,14.797211774795613,0.976483781901156,5.206098116193822,3.555257255888236,20.444742744111764,-3,11,False,-10,17,False,-13,21,False,5.908391354917249,0.7811751100586806,3.769988770445028,42.082712613228935,9.917287386771065,33,51,False,26,59,True,21,63,True
league_mean_hfa_gaussian,2025_08_WAS_KC,2025-10-21T16:00:00+00:00,retrospective_historical_source_replay,True,archive:asset:310570721:sha256:ab96f6641c891d46a73cd33baeb05b9ec5cd4e1dec5b03dccee343b1769070e7,https://api.github.com/repos/nflverse/nflverse-data-archives/releases/assets/310570721,historical_source_proven,21,35,0.03812314319585425,0.03594560566191163,False,False,12.099490544256527,0.95517738978551,4.682070136701765,3.4013783431441973,17.5986216568558,-4,10,False,-10,17,False,-14,21,True,4.801305936556993,0.2858621474940534,3.6535756463587226,42.71694622753825,7.716946227538251,34,51,True,26,59,True,22,64,True
league_mean_hfa_gaussian,2025_09_ARI_DAL,2025-10-28T16:00:00+00:00,retrospective_historical_source_replay,True,archive:asset:313354781:sha256:33e44a0c02934558ee79649b4de326a2b046169ba491a244da662f9f7eb6439a,https://api.github.com/repos/nflverse/nflverse-data-archives/releases/assets/313354781,historical_source_proven,-10,44,0.029288215446078736,0.02924139474712706,False,False,9.141963181493974,0.13553154298441214,4.133110380286865,4.923873951022285,14.923873951022285,-4,14,False,-12,22,True,-17,27,True,3.0806153616726313,0.49131723613656,3.4988104525595096,43.93247181322528,0.06752818677472305,35,53,True,27,61,True,22,66,True
league_mean_hfa_gaussian,2025_09_ATL_NE,2025-10-28T16:00:00+00:00,retrospective_historical_source_replay,True,archive:asset:313354781:sha256:33e44a0c02934558ee79649b4de326a2b046169ba491a244da662f9f7eb6439a,https://api.github.com/repos/nflverse/nflverse-data-archives/releases/assets/313354781,historical_source_proven,1,47,0.02936522204080083,0.02883126484502596,False,False,3.4524936616589357,0.41338652308137974,3.5515175339808294,4.154523839712823,3.154523839712823,-5,13,True,-13,21,True,-18,26,True,3.5475221835821142,0.622261430927404,3.544671600633836,43.07690510203292,3.9230948979670828,34,52,True,26,60,True,21,65,True
league_mean_hfa_gaussian,2025_09_BAL_MIA,2025-10-28T16:00:00+00:00,retrospective_historical_source_replay,True,archive:asset:313354781:sha256:33e44a0c02934558ee79649b4de326a2b046169ba491a244da662f9f7eb6439a,https://api.github.com/repos/nflverse/nflverse-data-archives/releases/assets/313354781,historical_source_proven,-22,34,0.02947721198385428,0.029266282033587165,False,False,19.337554769312604,0.02500383488377052,5.489445026451959,4.676618755732786,26.676618755732786,-4,14,False,-13,22,False,-17,27,False,6.146801940577465,0.22091597859860973,3.804074316314391,44.321199353799514,10.321199353799514,35,53,False,27,61,True,23,66,True
league_mean_hfa_gaussian,2025_09_CAR_GB,2025-10-28T16:00:00+00:00,retrospective_historical_source_replay,True,archive:asset:313354781:sha256:33e44a0c02934558ee79649b4de326a2b046169ba491a244da662f9f7eb6439a,https://api.github.com/repos/nflverse/nflverse-data-archives/releases/assets/313354781,historical_source_proven,-3,29,0.029140028753580516,0.029309007738407833,False,False,5.111009250724639,0.2659063442882696,3.708939739330119,5.267740206037155,8.267740206037155,-4,14,True,-12,23,True,-17,27,True,8.676302975267266,0.1343069935970632,4.081574669613698,43.24197469892457,14.241974698924572,34,52,False,26,60,True,21,65,True
league_mean_hfa_gaussian,2025_09_CHI_CIN,2025-10-28T16:00:00+00:00,retrospective_historical_source_replay,True,archive:asset:313354781:sha256:33e44a0c02934558ee79649b4de326a2b046169ba491a244da662f9f7eb6439a,https://api.github.com/repos/nflverse/nflverse-data-archives/releases/assets/313354781,historical_source_proven,-5,89,0.02929811998877202,0.02902262607042727,False,False,5.757480981492111,0.23827036192240456,3.773853834254426,4.583284739325151,9.583284739325151,-5,14,True,-13,22,True,-18,27,True,38.353627250029206,0.9997392442735084,9.49408535108596,43.19645686683425,45.80354313316575,34,52,False,26,60,False,21,65,False
league_mean_hfa_gaussian,2025_09_DEN_HOU,2025-10-28T16:00:00+00:00,retrospective_historical_source_replay,True,archive:asset:313354781:sha256:33e44a0c02934558ee79649b4de326a2b046169ba491a244da662f9f7eb6439a,https://api.github.com/repos/nflverse/nflverse-data-archives/releases/assets/313354781,historical_source_proven,-3,33,0.029250173568758975,0.02886544097880006,False,False,4.736688636456713,0.2989245816968151,3.674997084174402,4.39421171810959,7.39421171810959,-5,14,True,-13,22,True,-18,27,True,6.439268173590923,0.21203014245906568,3.838009159291762,43.828640937492494,10.828640937492494,35,53,False,27,61,True,22,66,True
league_mean_hfa_gaussian,2025_09_IND_PIT,2025-10-28T16:00:00+00:00,retrospective_historical_source_replay,True,archive:asset:313354781:sha256:33e44a0c02934558ee79649b4de326a2b046169ba491a244da662f9f7eb6439a,https://api.github.com/repos/nflverse/nflverse-data-archives/releases/assets/313354781,historical_source_proven,7,47,0.0291034598636134,0.02884916683034533,False,True,3.3482073974633733,0.573083711956281,3.545674165809159,4.5867980694311115,2.4132019305688885,-5,14,True,-13,22,True,-18,27,True,3.303209560724121,0.5807161892950466,3.5243949758015427,44.39584985242973,2.604150147570273,35,53,True,27,61,True,23,66,True
league_mean_hfa_gaussian,2025_09_JAX_LV,2025-10-28T16:00:00+00:00,retrospective_historical_source_replay,True,archive:asset:313354781:sha256:33e44a0c02934558ee79649b4de326a2b046169ba491a244da662f9f7eb6439a,https://api.github.com/repos/nflverse/nflverse-data-archives/releases/assets/313354781,historical_source_proven,-1,59,0.029287584681763512,0.029096381214296252,False,False,4.10182075344448,0.3293444496651733,3.6116423535968556,4.7055410339523736,5.7055410339523736,-4,14,True,-13,22,True,-18,27,True,9.945877806931598,0.8841292071942036,4.227832888380471,43.06194553659574,15.938054463404256,34,52,False,26,60,True,21,65,True
league_mean_hfa_gaussian,2025_09_KC_BUF,2025-10-28T16:00:00+00:00,retrospective_historical_source_replay,True,archive:asset:313354781:sha256:33e44a0c02934558ee79649b4de326a2b046169ba491a244da662f9f7eb6439a,https://api.github.com/repos/nflverse/nflverse-data-archives/releases/assets/313354781,historical_source_proven,7,49,0.029296331170192313,0.028952961985571846,False,True,3.347390005083297,0.5713826542912844,3.5420827663601577,4.491434679351642,2.5085653206483576,-5,14,True,-13,22,True,-18,27,True,4.172719977204734,0.6639140401252407,3.6055880498165567,42.95191696317566,6.0480830368243375,34,52,True,26,60,True,21,65,True
league_mean_hfa_gaussian,2025_09_LAC_TEN,2025-10-28T16:00:00+00:00,retrospective_historical_source_replay,True,archive:asset:313354781:sha256:33e44a0c02934558ee79649b4de326a2b046169ba491a244da662f9f7eb6439a,https://api.github.com/repos/nflverse/nflverse-data-archives/releases/assets/313354781,historical_source_proven,-7,47,0.029317582643768436,0.028969866229583974,False,False,6.813813102076925,0.20799919851650323,3.8821473150430177,4.455697425345068,11.455697425345068,-5,14,False,-13,22,True,-18,27,True,3.3830181845777436,0.5750355353790195,3.537721278865837,44.06060395216081,2.939396047839189,35,53,True,27,61,True,22,66,True
league_mean_hfa_gaussian,2025_09_MIN_DET,2025-10-28T16:00:00+00:00,retrospective_historical_source_replay,True,archive:asset:313354781:sha256:33e44a0c02934558ee79649b4de326a2b046169ba491a244da662f9f7eb6439a,https://api.github.com/repos/nflverse/nflverse-data-archives/releases/assets/313354781,historical_source_proven,-3,51,0.029115766655746944,0.02900726083841232,False,False,4.9243146838854726,0.2938445927648034,3.693654946903749,4.832219127992708,7.832219127992708,-4,14,True,-13,22,True,-17,27,True,4.76699893966287,0.7232650562949284,3.664722166090769,43.43869431286389,7.561305687136112,35,52,True,26,60,True,22,65,True
league_mean_hfa_gaussian,2025_09_NO_LA,2025-10-28T16:00:00+00:00,retrospective_historical_source_replay,True,archive:asset:313354781:sha256:33e44a0c02934558ee79649b4de326a2b046169ba491a244da662f9f7eb6439a,https://api.github.com/repos/nflverse/nflverse-data-archives/releases/assets/313354781,historical_source_proven,24,44,0.029189113215290885,0.02917274813499049,False,False,12.362945372396723,0.9169196568600235,4.512171401749832,4.988493601168466,19.011506398831536,-4,14,False,-12,22,False,-17,27,True,3.0931372615477515,0.49546915674105346,3.502906192640021,44.008442538268284,0.008442538268283784,35,53,True,27,61,True,22,66,True
league_mean_hfa_gaussian,2025_09_SEA_WAS,2025-10-28T16:00:00+00:00,retrospective_historical_source_replay,True,archive:asset:313354781:sha256:33e44a0c02934558ee79649b4de326a2b046169ba491a244da662f9f7eb6439a,https://api.github.com/repos/nflverse/nflverse-data-archives/releases/assets/313354781,historical_source_proven,-24,52,0.029332079096301034,0.02899600316040829,False,False,21.01352406347338,0.016860311600645175,5.7395191798806895,4.467356570778007,28.46735657077801,-5,14,False,-13,22,False,-18,27,False,4.995763994676379,0.7308121628134499,3.6897190237495,43.939295846266106,8.060704153733894,35,53,True,27,61,True,22,66,True
league_mean_hfa_gaussian,2025_09_SF_NYG,2025-10-28T16:00:00+00:00,retrospective_historical_source_replay,True,archive:asset:313354781:sha256:33e44a0c02934558ee79649b4de326a2b046169ba491a244da662f9f7eb6439a,https://api.github.com/repos/nflverse/nflverse-data-archives/releases/assets/313354781,historical_source_proven,-10,58,0.029491517273643242,0.029159273348986048,False,False,8.829353463150728,0.1329477218805334,4.098059678861541,4.486944776882231,14.48694477688223,-5,14,False,-13,22,True,-18,27,True,8.720186546788899,0.8587122120813424,4.085618202962811,43.698851409367464,14.301148590632536,35,53,False,27,61,True,22,65,True
league_mean_hfa_gaussian,2025_10_ARI_SEA,2025-11-04T16:00:00+00:00,retrospective_historical_source_replay,True,archive:asset:316009177:sha256:73f6bce17fa6876ead1ee07522afdd4a3627fc218fc543b22de97ec97b335905,https://api.github.com/repos/nflverse/nflverse-data-archives/releases/assets/316009177,historical_source_proven,22,66,0.025531410898360696,0.02506464359236782,False,False,11.216017470505527,0.880602826812625,4.341181359752632,3.872045105670119,18.127954894329882,-7,14,False,-16,24,True,-22,30,True,13.256120924776834,0.9271687282882185,4.609378252514223,45.83450174262975,20.165498257370253,37,55,False,28,64,False,23,69,True
league_mean_hfa_gaussian,2025_10_ATL_IND,2025-11-04T16:00:00+00:00,retrospective_historical_source_replay,True,archive:asset:316009177:sha256:73f6bce17fa6876ead1ee07522afdd4a3627fc218fc543b22de97ec97b335905,https://api.github.com/repos/nflverse/nflverse-data-archives/releases/assets/316009177,historical_source_proven,6,56,0.025388701307514472,0.023340217253160267,False,False,4.520689890490038,0.6544248444476239,3.730236293305632,3.3306690738754696e-16,6.0,-10,10,True,-20,20,True,-25,25,True,6.311413350992675,0.7777178897191912,3.8363240442125006,45.41394544596115,10.586054554038853,36,55,False,28,63,True,23,68,True
league_mean_hfa_gaussian,2025_10_BAL_MIN,2025-11-04T16:00:00+00:00,retrospective_historical_source_replay,True,archive:asset:316009177:sha256:73f6bce17fa6876ead1ee07522afdd4a3627fc218fc543b22de97ec97b335905,https://api.github.com/repos/nflverse/nflverse-data-archives/releases/assets/316009177,historical_source_proven,-8,46,0.025552634524040718,0.0253216545559396,False,False,7.408622046310329,0.2140834645818972,3.983414812181439,4.447685914649448,12.447685914649448,-6,15,False,-15,24,True,-21,30,True,3.21487506204236,0.5184524597599675,3.540963394355005,45.731279160266084,0.26872083973391625,36,55,True,28,63,True,23,68,True
league_mean_hfa_gaussian,2025_10_BUF_MIA,2025-11-04T16:00:00+00:00,retrospective_historical_source_replay,True,archive:asset:316009177:sha256:73f6bce17fa6876ead1ee07522afdd4a3627fc218fc543b22de97ec97b335905,https://api.github.com/repos/nflverse/nflverse-data-archives/releases/assets/316009177,historical_source_proven,17,43,0.025534166955338555,0.02526247231169121,False,False,7.522308008703499,0.7948411537401137,3.994056110267667,4.3571747269219925,12.642825273078007,-6,15,False,-16,24,True,-21,30,True,3.3358986648083135,0.4517108417152847,3.551857256208729,45.068663379577586,2.068663379577586,36,54,True,27,63,True,22,68,True
league_mean_hfa_gaussian,2025_10_CLE_NYJ,2025-11-04T16:00:00+00:00,retrospective_historical_source_replay,True,archive:asset:316009177:sha256:73f6bce17fa6876ead1ee07522afdd4a3627fc218fc543b22de97ec97b335905,https://api.github.com/repos/nflverse/nflverse-data-archives/releases/assets/316009177,historical_source_proven,7,47,0.025486129899177867,0.02525171933019088,False,True,3.808029654205064,0.5739785276805803,3.6788610332941554,4.431278203605076,2.5687217963949243,-6,15,True,-16,24,True,-21,30,True,3.2769593184009027,0.5445759407767595,3.5456802622180534,45.462945844020226,1.5370541559797744,36,55,True,28,63,True,23,68,True
league_mean_hfa_gaussian,2025_10_DET_WAS,2025-11-04T16:00:00+00:00,retrospective_historical_source_replay,True,archive:asset:316009177:sha256:73f6bce17fa6876ead1ee07522afdd4a3627fc218fc543b22de97ec97b335905,https://api.github.com/repos/nflverse/nflverse-data-archives/releases/assets/316009177,historical_source_proven,-22,66,0.025624548300110128,0.025298183541778596,False,False,18.058689051515294,0.04499874435214083,5.0896310830455676,4.233864627719577,26.233864627719576,-6,15,False,-16,24,False,-21,30,False,13.398004535332381,0.9316499527929203,4.6293723080099785,45.68716127957649,20.312838720423507,36,55,False,28,63,False,23,68,True
league_mean_hfa_gaussian,2025_10_JAX_HOU,2025-11-04T16:00:00+00:00,retrospective_historical_source_replay,True,archive:asset:316009177:sha256:73f6bce17fa6876ead1ee07522afdd4a3627fc218fc543b22de97ec97b335905,https://api.github.com/repos/nflverse/nflverse-data-archives/releases/assets/316009177,historical_source_proven,7,65,0.0254703990518097,0.025264338272456666,False,True,3.798841529538044,0.5680112737537155,3.6783614320533964,4.5127371933743525,2.4872628066256475,-6,15,True,-15,24,True,-21,30,True,12.92147928731221,0.9223562265938683,4.570403626064544,45.24329623679046,19.756703763209543,36,55,False,28,63,False,23,68,True
league_mean_hfa_gaussian,2025_10_LA_SF,2025-11-04T16:00:00+00:00,retrospective_historical_source_replay,True,archive:asset:316009177:sha256:73f6bce17fa6876ead1ee07522afdd4a3627fc218fc543b22de97ec97b335905,https://api.github.com/repos/nflverse/nflverse-data-archives/releases/assets/316009177,historical_source_proven,-16,68,0.025349546928740696,0.025369973191547435,False,False,13.526140408997126,0.08997894719368027,4.576462466080186,5.050940088795189,21.050940088795187,-5,16,False,-15,25,False,-21,31,True,15.128047557892959,0.9467157267711358,4.853954111514067,45.73241908382601,22.26758091617399,36,55,False,28,63,False,23,68,True
league_mean_hfa_gaussian,2025_10_LV_DEN,2025-11-04T16:00:00+00:00,retrospective_historical_source_replay,True,archive:asset:316009177:sha256:73f6bce17fa6876ead1ee07522afdd4a3627fc218fc543b22de97ec97b335905,https://api.github.com/repos/nflverse/nflverse-data-archives/releases/assets/316009177,historical_source_proven,3,17,0.02555736330928926,0.025242106588091007,True,False,3.673463238119199,0.48024837264012366,3.666829811707409,4.251053788411211,1.2510537884112107,-6,15,True,-16,24,True,-21,30,True,21.483429736406762,0.016593686152691408,5.769725573561421,46.08392067875816,29.08392067875816,37,55,False,28,64,False,23,69,False
league_mean_hfa_gaussian,2025_10_NE_TB,2025-11-04T16:00:00+00:00,retrospective_historical_source_replay,True,archive:asset:316009177:sha256:73f6bce17fa6876ead1ee07522afdd4a3627fc218fc543b22de97ec97b335905,https://api.github.com/repos/nflverse/nflverse-data-archives/releases/assets/316009177,historical_source_proven,-5,51,0.025584280290531503,0.025286221013444243,False,False,5.781796958750816,0.2733054961647359,3.8411140233787626,4.2901381697547105,9.29013816975471,-6,15,True,-16,24,True,-21,30,True,4.050026005222461,0.6603857044904312,3.620987521427757,45.6307279125931,5.369272087406898,36,55,True,28,63,True,23,68,True
league_mean_hfa_gaussian,2025_10_NO_CAR,2025-11-04T16:00:00+00:00,retrospective_historical_source_replay,True,archive:asset:316009177:sha256:73f6bce17fa6876ead1ee07522afdd4a3627fc218fc543b22de97ec97b335905,https://api.github.com/repos/nflverse/nflverse-data-archives/releases/assets/316009177,historical_source_proven,-10,24,0.025522968760630538,0.025466856206239452,False,False,8.907643714096436,0.16874538379289433,4.119808674170189,4.862609041904813,14.862609041904813,-6,15,False,-15,25,True,-21,30,True,14.454477571255788,0.05685766456724341,4.764499619591141,45.51734953480627,21.51734953480627,36,55,False,28,63,False,23,68,True
league_mean_hfa_gaussian,2025_10_NYG_CHI,2025-11-04T16:00:00+00:00,retrospective_historical_source_replay,True,archive:asset:316009177:sha256:73f6bce17fa6876ead1ee07522afdd4a3627fc218fc543b22de97ec97b335905,https://api.github.com/repos/nflverse/nflverse-data-archives/releases/assets/316009177,historical_source_proven,4,44,0.025566644343903655,0.025227661293327985,False,False,3.6340420120799095,0.4880806074340795,3.6636070438475556,4.190900458473279,0.19090045847327897,-6,15,True,-16,24,True,-21,30,True,3.285078705332733,0.4643326096766514,3.5496923168720205,45.46145027997979,1.4614502799797933,36,55,True,28,63,True,23,68,True
league_mean_hfa_gaussian,2025_10_PHI_GB,2025-11-04T16:00:00+00:00,retrospective_historical_source_replay,True,archive:asset:316009177:sha256:73f6bce17fa6876ead1ee07522afdd4a3627fc218fc543b22de97ec97b335905,https://api.github.com/repos/nflverse/nflverse-data-archives/releases/assets/316009177,historical_source_proven,-3,17,0.025498822398303422,0.025269797098191327,False,False,5.0319899489546005,0.32016578499116616,3.779196240151215,4.444736938637648,7.444736938637648,-6,15,True,-16,24,True,-21,30,True,20.932045229598863,0.018582304644225438,5.685688838582085,45.505045326311944,28.505045326311944,36,55,False,28,63,False,23,68,False
league_mean_hfa_gaussian,2025_10_PIT_LAC,2025-11-04T16:00:00+00:00,retrospective_historical_source_replay,True,archive:asset:316009177:sha256:73f6bce17fa6876ead1ee07522afdd4a3627fc218fc543b22de97ec97b335905,https://api.github.com/repos/nflverse/nflverse-data-archives/releases/assets/316009177,historical_source_proven,15,35,0.025603648228815112,0.025315314471442973,False,False,6.448592725875114,0.7503938707696822,3.898139312379093,4.31651306892841,10.68348693107159,-6,15,True,-16,24,True,-21,30,True,6.324091233318131,0.2210991843135516,3.8380033358010324,45.60958880041986,10.609588800419857,36,55,False,28,63,True,23,68,True
league_mean_hfa_gaussian,2025_11_BAL_CLE,2025-11-11T16:00:00+00:00,retrospective_historical_source_replay,True,archive:asset:318837553:sha256:0c3cc4cb9fdff4d1991c25a9edfa6e77fcff0f0c395d55981f1791da85cd5d5a,https://api.github.com/repos/nflverse/nflverse-data-archives/releases/assets/318837553,historical_source_proven,-7,39,0.026185089565041342,0.025256244724994548,False,False,6.0377028307644975,0.2658319748219323,3.8538060613689407,2.896819375924366,9.896819375924366,-7,13,True,-17,22,True,-22,28,True,4.859163545749947,0.30082781164004796,3.7079139985490652,46.52597826072633,7.525978260726333,37,56,True,28,65,True,23,70,True
league_mean_hfa_gaussian,2025_11_CAR_ATL,2025-11-11T16:00:00+00:00,retrospective_historical_source_replay,True,archive:asset:318837553:sha256:0c3cc4cb9fdff4d1991c25a9edfa6e77fcff0f0c395d55981f1791da85cd5d5a,https://api.github.com/repos/nflverse/nflverse-data-archives/releases/assets/318837553,historical_source_proven,-3,57,0.026222948995220208,0.02526210891386893,False,False,4.43674103391997,0.33975199377647586,3.7147565958908424,2.8427402309171965,5.8427402309171965,-7,13,True,-17,22,True,-22,28,True,6.579724695787279,0.7853922925831198,3.87287691169415,45.955920854762724,11.044079145237276,36,55,False,28,64,True,23,69,True
league_mean_hfa_gaussian,2025_11_CHI_MIN,2025-11-11T16:00:00+00:00,retrospective_historical_source_replay,True,archive:asset:318837553:sha256:0c3cc4cb9fdff4d1991c25a9edfa6e77fcff0f0c395d55981f1791da85cd5d5a,https://api.github.com/repos/nflverse/nflverse-data-archives/releases/assets/318837553,historical_source_proven,-2,36,0.026251171484945213,0.025338524067326285,False,False,4.188351389753693,0.38317863667721414,3.693233971910038,2.957686794867667,4.9576867948676675,-7,13,True,-17,22,True,-22,28,True,6.069965422428211,0.23558107103404113,3.823680748991102,46.1105437547502,10.110543754750204,37,56,False,28,64,True,23,69,True
league_mean_hfa_gaussian,2025_11_CIN_PIT,2025-11-11T16:00:00+00:00,retrospective_historical_source_replay,True,archive:asset:318837553:sha256:0c3cc4cb9fdff4d1991c25a9edfa6e77fcff0f0c395d55981f1791da85cd5d5a,https://api.github.com/repos/nflverse/nflverse-data-archives/releases/assets/318837553,historical_source_proven,22,46,0.026180352311302557,0.025314920265752106,False,False,11.911283985762282,0.8974933017266332,4.415790727479717,3.0559097812571387,18.94409021874286,-7,13,False,-16,23,True,-22,28,True,3.2977452369942384,0.5079648257942178,3.5667578939107734,46.11952930086504,0.11952930086503954,37,56,True,28,64,True,23,69,True
league_mean_hfa_gaussian,2025_11_DAL_LV,2025-11-11T16:00:00+00:00,retrospective_historical_source_replay,True,archive:asset:318837553:sha256:0c3cc4cb9fdff4d1991c25a9edfa6e77fcff0f0c395d55981f1791da85cd5d5a,https://api.github.com/repos/nflverse/nflverse-data-archives/releases/assets/318837553,historical_source_proven,-17,49,0.02623793895856802,0.025279940200333195,False,False,12.64052332684517,0.09281126451516326,4.492818413894906,2.8509795282621715,19.850979528262172,-7,13,False,-17,22,True,-22,28,True,3.469391210547916,0.5645727818134494,3.5827208326803524,46.55210573786299,2.4478942621370123,37,56,True,28,65,True,23,70,True
league_mean_hfa_gaussian,2025_11_DET_PHI,2025-11-11T16:00:00+00:00,retrospective_historical_source_replay,True,archive:asset:318837553:sha256:0c3cc4cb9fdff4d1991c25a9edfa6e77fcff0f0c395d55981f1791da85cd5d5a,https://api.github.com/repos/nflverse/nflverse-data-archives/releases/assets/318837553,historical_source_proven,7,25,0.026226125289053992,0.025137602598366726,False,True,4.0669015015508485,0.6081084250248809,3.6833904424052024,2.5479544428217826,4.452045557178217,-8,13,True,-17,22,True,-22,28,True,14.637962191798083,0.060762556153023735,4.765012007116105,46.86661685198787,21.86661685198787,37,56,False,29,65,False,24,70,True
league_mean_hfa_gaussian,2025_11_GB_NYG,2025-11-11T16:00:00+00:00,retrospective_historical_source_replay,True,archive:asset:318837553:sha256:0c3cc4cb9fdff4d1991c25a9edfa6e77fcff0f0c395d55981f1791da85cd5d5a,https://api.github.com/repos/nflverse/nflverse-data-archives/releases/assets/318837553,historical_source_proven,-7,47,0.026242825735212638,0.025270538468770032,False,False,5.995215875024822,0.26316412286608065,3.8489081730109507,2.8158952180346275,9.815895218034628,-7,13,True,-17,22,True,-22,28,True,3.3130363634184494,0.5207864771549628,3.5701723290847887,46.537562468557226,0.4624375314427738,37,56,True,28,65,True,23,70,True
league_mean_hfa_gaussian,2025_11_HOU_TEN,2025-11-11T16:00:00+00:00,retrospective_historical_source_replay,True,archive:asset:318837553:sha256:0c3cc4cb9fdff4d1991c25a9edfa6e77fcff0f0c395d55981f1791da85cd5d5a,https://api.github.com/repos/nflverse/nflverse-data-archives/releases/assets/318837553,historical_source_proven,-3,29,0.026227831864469642,0.02522864247124257,False,False,4.410053021958419,0.34199095562402315,3.712369406523105,2.7547249103658555,5.754724910365855,-8,13,True,-17,22,True,-22,28,True,10.895739879993645,0.11517505994388597,4.323466743708831,46.37742291651231,17.37742291651231,37,56,False,28,64,True,23,70,True
league_mean_hfa_gaussian,2025_11_KC_DEN,2025-11-11T16:00:00+00:00,retrospective_historical_source_replay,True,archive:asset:318837553:sha256:0c3cc4cb9fdff4d1991c25a9edfa6e77fcff0f0c395d55981f1791da85cd5d5a,https://api.github.com/repos/nflverse/nflverse-data-archives/releases/assets/318837553,historical_source_proven,3,41,0.02618197033239361,0.025284742538794647,True,False,3.5580399233208273,0.4893889621407095,3.6426842603547467,2.9731627604025244,0.026837239597475637,-7,13,True,-17,22,True,-22,28,True,4.023799055297273,0.3691439152737774,3.6299316728611197,46.12540963592552,5.1254096359255215,37,56,True,28,64,True,23,69,True
league_mean_hfa_gaussian,2025_11_LAC_JAX,2025-11-11T16:00:00+00:00,retrospective_historical_source_replay,True,archive:asset:318837553:sha256:0c3cc4cb9fdff4d1991c25a9edfa6e77fcff0f0c395d55981f1791da85cd5d5a,https://api.github.com/repos/nflverse/nflverse-data-archives/releases/assets/318837553,historical_source_proven,29,41,0.026263219803199733,0.025196216344821387,False,False,18.330195195628942,0.9586937805594948,5.149470620573394,2.609196767568302,26.390803232431697,-8,13,False,-17,22,False,-22,28,False,4.109138979077038,0.34026535615159975,3.6399228843856757,46.388226623003845,5.388226623003845,37,56,True,28,64,True,23,70,True
league_mean_hfa_gaussian,2025_11_NYJ_NE,2025-11-11T16:00:00+00:00,retrospective_historical_source_replay,True,archive:asset:318837553:sha256:0c3cc4cb9fdff4d1991c25a9edfa6e77fcff0f0c395d55981f1791da85cd5d5a,https://api.github.com/repos/nflverse/nflverse-data-archives/releases/assets/318837553,historical_source_proven,13,41,0.026173226765431046,0.02521703799373487,False,False,6.170040767043811,0.7373819432651408,3.8652580941955548,2.829170397034045,10.170829602965956,-7,13,True,-17,22,True,-22,28,True,4.127651630016275,0.3402884538146164,3.6417171673090007,46.4474373069784,5.447437306978401,37,56,True,28,65,True,23,70,True
league_mean_hfa_gaussian,2025_11_SEA_LA,2025-11-11T16:00:00+00:00,retrospective_historical_source_replay,True,archive:asset:318837553:sha256:0c3cc4cb9fdff4d1991c25a9edfa6e77fcff0f0c395d55981f1791da85cd5d5a,https://api.github.com/repos/nflverse/nflverse-data-archives/releases/assets/318837553,historical_source_proven,2,40,0.02621683945899328,0.025139585400767217,False,False,3.5604513240597626,0.47229782846999985,3.641668867744772,2.5698407748198315,0.5698407748198315,-8,13,True,-17,22,True,-22,28,True,4.577104054155285,0.326132195711732,3.681651034873733,46.801558390280796,6.801558390280796,37,56,True,29,65,True,24,70,True
league_mean_hfa_gaussian,2025_11_SF_ARI,2025-11-11T16:00:00+00:00,retrospective_historical_source_replay,True,archive:asset:318837553:sha256:0c3cc4cb9fdff4d1991c25a9edfa6e77fcff0f0c395d55981f1791da85cd5d5a,https://api.github.com/repos/nflverse/nflverse-data-archives/releases/assets/318837553,historical_source_proven,-19,63,0.026238237701560363,0.025195554227822825,False,False,14.133500818546693,0.07807334581958228,4.654993089391917,2.6529542020605534,21.652954202060553,-8,13,False,-17,22,False,-22,28,True,10.620566488428336,0.8823489274393366,4.293101557474364,45.97964228294637,17.020357717053628,36,56,False,28,64,True,23,69,True
league_mean_hfa_gaussian,2025_11_TB_BUF,2025-11-11T16:00:00+00:00,retrospective_historical_source_replay,True,archive:asset:318837553:sha256:0c3cc4cb9fdff4d1991c25a9edfa6e77fcff0f0c395d55981f1791da85cd5d5a,https://api.github.com/repos/nflverse/nflverse-data-archives/releases/assets/318837553,historical_source_proven,12,76,0.026184837682515782,0.025349563076099035,False,False,5.566406420422414,0.7107611416859239,3.812443296615896,3.121005467506836,8.878994532493163,-7,13,True,-16,23,True,-22,28,True,21.93123883341298,0.9824942143574019,5.782178432960066,46.28818748736274,29.71181251263726,37,56,False,28,64,False,23,69,False
league_mean_hfa_gaussian,2025_11_WAS_MIA,2025-11-11T16:00:00+00:00,retrospective_historical_source_replay,True,archive:asset:318837553:sha256:0c3cc4cb9fdff4d1991c25a9edfa6e77fcff0f0c395d55981f1791da85cd5d5a,https://api.github.com/repos/nflverse/nflverse-data-archives/releases/assets/318837553,historical_source_proven,3,29,0.025898490320810486,0.023724446076734296,True,False,3.7637250135882336,0.5758456866513076,3.6535706007472974,0.0,3.0,-10,10,True,-19,19,True,-25,25,True,10.853853566295713,0.10521242065874699,4.319439348909486,46.31374852510126,17.31374852510126,37,56,False,28,64,True,23,69,True
league_mean_hfa_gaussian,2025_12_ATL_NO,2025-11-18T16:00:00+00:00,retrospective_historical_source_replay,True,archive:asset:321531075:sha256:329873c6f615a0c3aecac8b59a323c695af8c33435b396f2ef1c2b1c24977a22,https://api.github.com/repos/nflverse/nflverse-data-archives/releases/assets/321531075,historical_source_proven,-14,34,0.026933329291537356,0.025443967187988026,False,False,9.685581780605558,0.13785792321934892,4.190707668037541,1.8949317107006587,15.894931710700659,-8,12,False,-17,21,True,-22,26,True,7.352296468803724,0.20577941546014994,3.961066746879916,46.36143226115263,12.361432261152629,36,56,False,27,65,True,22,71,True
league_mean_hfa_gaussian,2025_12_BUF_HOU,2025-11-18T16:00:00+00:00,retrospective_historical_source_replay,True,archive:asset:321531075:sha256:329873c6f615a0c3aecac8b59a323c695af8c33435b396f2ef1c2b1c24977a22,https://api.github.com/repos/nflverse/nflverse-data-archives/releases/assets/321531075,historical_source_proven,4,42,0.026988436023447582,0.02584900692068426,False,False,3.500132010930948,0.5240285285088003,3.61626213770162,2.6446211085303633,1.3553788914696367,-7,13,True,-16,22,True,-22,27,True,4.029354759533277,0.3831396035007758,3.6593339903456683,46.68739442930635,4.687394429306352,37,57,True,28,66,True,22,71,True
league_mean_hfa_gaussian,2025_12_CAR_SF,2025-11-18T16:00:00+00:00,retrospective_historical_source_replay,True,archive:asset:321531075:sha256:329873c6f615a0c3aecac8b59a323c695af8c33435b396f2ef1c2b1c24977a22,https://api.github.com/repos/nflverse/nflverse-data-archives/releases/assets/321531075,historical_source_proven,11,29,0.02693768422633147,0.025386649518635007,False,False,5.676556730038167,0.7432359050611681,3.806283366898521,1.7726805629010731,9.227319437098927,-8,12,True,-17,21,True,-22,26,True,10.839595197788766,0.12383419901300781,4.309715042661725,46.45245213419471,17.452452134194708,36,56,False,28,65,True,22,71,True
league_mean_hfa_gaussian,2025_12_CLE_LV,2025-11-18T16:00:00+00:00,retrospective_historical_source_replay,True,archive:asset:321531075:sha256:329873c6f615a0c3aecac8b59a323c695af8c33435b396f2ef1c2b1c24977a22,https://api.github.com/repos/nflverse/nflverse-data-archives/releases/assets/321531075,historical_source_proven,-14,34,0.026939967245904084,0.02531250942169505,False,False,9.486407522290282,0.13906059730780435,4.170466179920752,1.611814453434084,15.611814453434084,-8,12,False,-17,21,True,-23,26,True,7.43116532455039,0.20439241148366924,3.9689677400265166,46.492712881597164,12.492712881597164,37,56,False,28,65,True,22,71,True
league_mean_hfa_gaussian,2025_12_IND_KC,2025-11-18T16:00:00+00:00,retrospective_historical_source_replay,True,archive:asset:321531075:sha256:329873c6f615a0c3aecac8b59a323c695af8c33435b396f2ef1c2b1c24977a22,https://api.github.com/repos/nflverse/nflverse-data-archives/releases/assets/321531075,historical_source_proven,3,43,0.026954644789441873,0.025611850014509274,True,False,3.4679320302757928,0.5266837246265405,3.6135996480751147,2.205499228857263,0.794500771142737,-8,12,True,-17,21,True,-22,27,True,3.797361360094179,0.39208359798711706,3.6410734425984006,46.60543995292069,3.6054399529206904,37,57,True,28,66,True,22,71,True
league_mean_hfa_gaussian,2025_12_JAX_ARI,2025-11-18T16:00:00+00:00,retrospective_historical_source_replay,True,archive:asset:321531075:sha256:329873c6f615a0c3aecac8b59a323c695af8c33435b396f2ef1c2b1c24977a22,https://api.github.com/repos/nflverse/nflverse-data-archives/releases/assets/321531075,historical_source_proven,-3,51,0.026985607082206764,0.02569787144366731,False,False,4.208381902023634,0.35010944361043866,3.676652665991107,2.3307821459486906,5.330782145948691,-8,12,True,-17,21,True,-22,27,True,4.036384857437995,0.6215683394890129,3.6616083316790644,46.31356780894906,4.68643219105094,36,56,True,27,65,True,22,71,True
league_mean_hfa_gaussian,2025_12_MIN_GB,2025-11-18T16:00:00+00:00,retrospective_historical_source_replay,True,archive:asset:321531075:sha256:329873c6f615a0c3aecac8b59a323c695af8c33435b396f2ef1c2b1c24977a22,https://api.github.com/repos/nflverse/nflverse-data-archives/releases/assets/321531075,historical_source_proven,17,29,0.02699662266846181,0.025750635123370613,False,False,8.766773018838501,0.8370872366122517,4.098532911658474,2.421086078546341,14.578913921453658,-8,12,False,-16,21,True,-22,27,True,10.511695420599676,0.1276212603273905,4.274939045242709,46.030531087437254,17.030531087437254,36,56,False,27,65,True,22,70,True
league_mean_hfa_gaussian,2025_12_NE_CIN,2025-11-18T16:00:00+00:00,retrospective_historical_source_replay,True,archive:asset:321531075:sha256:329873c6f615a0c3aecac8b59a323c695af8c33435b396f2ef1c2b1c24977a22,https://api.github.com/repos/nflverse/nflverse-data-archives/releases/assets/321531075,historical_source_proven,-6,46,0.026964193520770174,0.02571960638955617,False,False,5.3145602097546005,0.28742852018680504,3.7745686382456713,2.4171094643622606,8.41710946436226,-8,12,True,-17,21,True,-22,27,True,3.448702782609766,0.49034349880062866,3.6103403767463833,46.460665010517346,0.46066501051734576,37,56,True,28,65,True,22,71,True
league_mean_hfa_gaussian,2025_12_NYG_DET,2025-11-18T16:00:00+00:00,retrospective_historical_source_replay,True,archive:asset:321531075:sha256:329873c6f615a0c3aecac8b59a323c695af8c33435b396f2ef1c2b1c24977a22,https://api.github.com/repos/nflverse/nflverse-data-archives/releases/assets/321531075,historical_source_proven,7,61,0.026968932684542368,0.025504742874761455,False,True,4.125599241107112,0.6269035893590202,3.668890849024014,1.9610911138088287,5.038908886191171,-8,12,True,-17,21,True,-22,26,True,9.069609251541324,0.8534370991977489,4.1284999551778245,45.98181082363695,15.018189176363052,36,56,False,27,65,True,22,70,True
league_mean_hfa_gaussian,2025_12_NYJ_BAL,2025-11-18T16:00:00+00:00,retrospective_historical_source_replay,True,archive:asset:321531075:sha256:329873c6f615a0c3aecac8b59a323c695af8c33435b396f2ef1c2b1c24977a22,https://api.github.com/repos/nflverse/nflverse-data-archives/releases/assets/321531075,historical_source_proven,13,33,0.02693724729303748,0.025671440574062787,False,False,6.382307078133476,0.7720768272288807,3.871633779172982,2.360388035405642,10.639611964594359,-8,12,False,-17,21,True,-22,27,True,8.198810328102493,0.17173130411563547,4.042343769866249,46.71751756531393,13.717517565313933,37,57,False,28,66,True,23,71,True
league_mean_hfa_gaussian,2025_12_PHI_DAL,2025-11-18T16:00:00+00:00,retrospective_historical_source_replay,True,archive:asset:321531075:sha256:329873c6f615a0c3aecac8b59a323c695af8c33435b396f2ef1c2b1c24977a22,https://api.github.com/repos/nflverse/nflverse-data-archives/releases/assets/321531075,historical_source_proven,3,45,0.026983470647308216,0.025531496070864468,True,False,3.4716709008921365,0.5381296688686169,3.6125307986955155,1.9902872019868698,1.0097127980131302,-8,12,True,-17,21,True,-22,26,True,3.5098447055824833,0.46665121230853857,3.616177925063576,46.536628912942774,1.5366289129427741,37,56,True,28,65,True,22,71,True
league_mean_hfa_gaussian,2025_12_PIT_CHI,2025-11-18T16:00:00+00:00,retrospective_historical_source_replay,True,archive:asset:321531075:sha256:329873c6f615a0c3aecac8b59a323c695af8c33435b396f2ef1c2b1c24977a22,https://api.github.com/repos/nflverse/nflverse-data-archives/releases/assets/321531075,historical_source_proven,3,59,0.026958866787867686,0.02575890271225112,True,False,3.459871487696173,0.5084089097221299,3.613443026912407,2.51296322392615,0.4870367760738499,-7,12,True,-16,21,True,-22,27,True,7.897181628412629,0.8211336453482847,4.013746915655382,45.74962278633089,13.250377213669111,36,56,False,27,65,True,21,70,True
league_mean_hfa_gaussian,2025_12_SEA_TEN,2025-11-18T16:00:00+00:00,retrospective_historical_source_replay,True,archive:asset:321531075:sha256:329873c6f615a0c3aecac8b59a323c695af8c33435b396f2ef1c2b1c24977a22,https://api.github.com/repos/nflverse/nflverse-data-archives/releases/assets/321531075,historical_source_proven,-6,54,0.026963066217333242,0.02573639721519605,False,False,5.332276151991298,0.28717802142822496,3.7761151031714286,2.459000450642989,8.45900045064299,-8,12,True,-16,21,True,-22,27,True,4.9006374125229275,0.694450895295977,3.736577085652031,46.58694705744184,7.41305294255816,37,57,True,28,65,True,22,71,True
league_mean_hfa_gaussian,2025_12_TB_LA,2025-11-18T16:00:00+00:00,retrospective_historical_source_replay,True,archive:asset:321531075:sha256:329873c6f615a0c3aecac8b59a323c695af8c33435b396f2ef1c2b1c24977a22,https://api.github.com/repos/nflverse/nflverse-data-archives/releases/assets/321531075,historical_source_proven,27,41,0.02696621053007897,0.025754340523757246,False,False,16.778178219594178,0.950330355485053,4.98795699851042,2.477139229674885,24.522860770325114,-7,12,False,-16,21,False,-22,27,True,4.1416335352626845,0.3528004224274619,3.670286334559184,46.09848498687225,5.098484986872251,36,56,True,27,65,True,22,70,True
league_mean_hfa_gaussian,2025_13_ARI_TB,2025-11-25T16:00:00+00:00,retrospective_historical_source_replay,True,archive:asset:324362504:sha256:899a366f22db4cb561fb4d88d209476a769ea9bee0cd8beab34020389fba5016,https://api.github.com/repos/nflverse/nflverse-data-archives/releases/assets/324362504,historical_source_proven,3,37,0.027567318267533447,0.026059422343470806,True,False,3.395806332269454,0.5370446173525075,3.591124328625467,2.071244190210629,0.9287558097893709,-8,12,True,-16,21,True,-22,26,True,5.596813915097964,0.2747931112520363,3.7917224649418295,46.09977993989078,9.09977993989078,36,56,True,27,65,True,22,70,True
league_mean_hfa_gaussian,2025_13_ATL_NYJ,2025-11-25T16:00:00+00:00,retrospective_historical_source_replay,True,archive:asset:324362504:sha256:899a366f22db4cb561fb4d88d209476a769ea9bee0cd8beab34020389fba5016,https://api.github.com/repos/nflverse/nflverse-data-archives/releases/assets/324362504,historical_source_proven,3,51,0.02763577681648266,0.026281517344040717,True,False,3.3779326973638337,0.518310697304612,3.5886440842138367,2.386499735344974,0.613500264655026,-7,12,True,-16,21,True,-21,26,True,4.190109711031537,0.6490266613451203,3.664312295835112,45.57492309874447,5.4250769012555295,36,55,True,27,64,True,22,69,True
league_mean_hfa_gaussian,2025_13_BUF_PIT,2025-11-25T16:00:00+00:00,retrospective_historical_source_replay,True,archive:asset:324362504:sha256:899a366f22db4cb561fb4d88d209476a769ea9bee0cd8beab34020389fba5016,https://api.github.com/repos/nflverse/nflverse-data-archives/releases/assets/324362504,historical_source_proven,-19,33,0.027630048709318067,0.026355500277850163,False,False,14.257937180059148,0.07049437144133827,4.702205360564671,2.5392236365792575,21.53922363657926,-7,12,False,-16,21,False,-21,26,True,7.807923502548043,0.17437056629900402,4.000856938452026,46.09412784780684,13.094127847806838,36,56,False,28,65,True,22,70,True
league_mean_hfa_gaussian,2025_13_CHI_PHI,2025-11-25T16:00:00+00:00,retrospective_historical_source_replay,True,archive:asset:324362504:sha256:899a366f22db4cb561fb4d88d209476a769ea9bee0cd8beab34020389fba5016,https://api.github.com/repos/nflverse/nflverse-data-archives/releases/assets/324362504,historical_source_proven,-9,39,0.02762078677119406,0.02625394288184768,False,False,6.763853792189646,0.2100140473807778,3.8980117215506525,2.3583723441558755,11.358372344155875,-7,12,False,-16,21,True,-21,26,True,4.52089521451021,0.31792952355875953,3.694305341665782,45.45892748605737,6.4589274860573695,36,55,True,27,64,True,22,69,True
league_mean_hfa_gaussian,2025_13_CIN_BAL,2025-11-25T16:00:00+00:00,retrospective_historical_source_replay,True,archive:asset:324362504:sha256:899a366f22db4cb561fb4d88d209476a769ea9bee0cd8beab34020389fba5016,https://api.github.com/repos/nflverse/nflverse-data-archives/releases/assets/324362504,historical_source_proven,-18,46,0.02758139599239784,0.026193451648426125,False,False,13.200519562051369,0.08489286450666347,4.5770742280902255,2.3045848252566117,20.30458482525661,-7,12,False,-16,21,False,-21,26,True,3.3953507350548824,0.5149107188898865,3.5940763304781194,45.42704678234672,0.5729532176532786,36,55,True,27,64,True,22,69,True
league_mean_hfa_gaussian,2025_13_DEN_WAS,2025-11-25T16:00:00+00:00,retrospective_historical_source_replay,True,archive:asset:324362504:sha256:899a366f22db4cb561fb4d88d209476a769ea9bee0cd8beab34020389fba5016,https://api.github.com/repos/nflverse/nflverse-data-archives/releases/assets/324362504,historical_source_proven,-1,53,0.02764186108907879,0.026520279925267287,False,False,3.775572911453082,0.3919523690529869,3.6238228362850946,2.842374426686926,3.842374426686926,-7,13,True,-16,21,True,-21,27,True,4.8845671765381145,0.7027694786529924,3.726641855580963,45.550462968872274,7.449537031127726,36,55,True,27,64,True,22,69,True
league_mean_hfa_gaussian,2025_13_GB_DET,2025-11-25T16:00:00+00:00,retrospective_historical_source_replay,True,archive:asset:324362504:sha256:899a366f22db4cb561fb4d88d209476a769ea9bee0cd8beab34020389fba5016,https://api.github.com/repos/nflverse/nflverse-data-archives/releases/assets/324362504,historical_source_proven,-7,55,0.027598498312080166,0.026236542892813963,False,False,5.711505634584366,0.25829394333489086,3.799116002090906,2.358924992544388,9.358924992544388,-7,12,True,-16,21,True,-21,26,True,5.4959840377154565,0.7307197775447501,3.7816006470748604,46.11176474311158,8.888235256888422,36,56,True,28,65,True,22,70,True
league_mean_hfa_gaussian,2025_13_HOU_IND,2025-11-25T16:00:00+00:00,retrospective_historical_source_replay,True,archive:asset:324362504:sha256:899a366f22db4cb561fb4d88d209476a769ea9bee0cd8beab34020389fba5016,https://api.github.com/repos/nflverse/nflverse-data-archives/releases/assets/324362504,historical_source_proven,-4,36,0.02761685051632068,0.026171836036362528,False,False,4.4176169246851495,0.3451305975370002,3.68034390236081,2.2079265806777224,6.207926580677722,-8,12,True,-16,21,True,-22,26,True,5.707223771708381,0.26287976089536624,3.8014330941078875,45.33579082683934,9.335790826839343,36,55,True,27,64,True,21,69,True
league_mean_hfa_gaussian,2025_13_JAX_TEN,2025-11-25T16:00:00+00:00,retrospective_historical_source_replay,True,archive:asset:324362504:sha256:899a366f22db4cb561fb4d88d209476a769ea9bee0cd8beab34020389fba5016,https://api.github.com/repos/nflverse/nflverse-data-archives/releases/assets/324362504,historical_source_proven,-22,28,0.02754954678933197,0.02622871734893939,False,False,16.810541111466705,0.04502715083598904,5.016177815988749,2.429179952305826,24.429179952305827,-7,12,False,-16,21,False,-21,26,False,11.557365880017365,0.10258216504449628,4.3900584056720025,46.315291690622914,18.315291690622914,37,56,False,28,65,True,22,70,True
league_mean_hfa_gaussian,2025_13_KC_DAL,2025-11-25T16:00:00+00:00,retrospective_historical_source_replay,True,archive:asset:324362504:sha256:899a366f22db4cb561fb4d88d209476a769ea9bee0cd8beab34020389fba5016,https://api.github.com/repos/nflverse/nflverse-data-archives/releases/assets/324362504,historical_source_proven,3,59,0.027635244450471497,0.02628462086758332,True,False,3.377716249810611,0.5201953488687218,3.588663348052245,2.3986979882796415,0.6013020117203585,-7,12,True,-16,21,True,-21,26,True,7.840972984143326,0.8157876304926754,4.004226518350301,45.85350266786455,13.146497332135453,36,56,False,27,64,True,22,70,True
league_mean_hfa_gaussian,2025_13_LA_CAR,2025-11-25T16:00:00+00:00,retrospective_historical_source_replay,True,archive:asset:324362504:sha256:899a366f22db4cb561fb4d88d209476a769ea9bee0cd8beab34020389fba5016,https://api.github.com/repos/nflverse/nflverse-data-archives/releases/assets/324362504,historical_source_proven,3,59,0.02758782157231765,0.02637023307821751,True,False,3.3788568325354045,0.5101252339939967,3.5903808510170996,2.6537427894376977,0.3462572105623023,-7,12,True,-16,21,True,-21,26,True,7.75371913382068,0.8180201732655927,3.9954900597595127,45.99288620166416,13.007113798335837,36,56,False,27,65,True,22,70,True
league_mean_hfa_gaussian,2025_13_LV_LAC,2025-11-25T16:00:00+00:00,retrospective_historical_source_replay,True,archive:asset:324362504:sha256:899a366f22db4cb561fb4d88d209476a769ea9bee0cd8beab34020389fba5016,https://api.github.com/repos/nflverse/nflverse-data-archives/releases/assets/324362504,historical_source_proven,17,45,0.027575303719254762,0.026118496641619138,False,False,8.967299369289053,0.8461699835648409,4.116357723187111,2.1689364483153413,14.83106355168466,-8,12,False,-16,21,True,-22,26,True,3.4099002461743027,0.48574492301832856,3.5970767787048996,45.743509351240405,0.7435093512404052,36,56,True,27,64,True,22,70,True
league_mean_hfa_gaussian,2025_13_MIN_SEA,2025-11-25T16:00:00+00:00,retrospective_historical_source_replay,True,archive:asset:324362504:sha256:899a366f22db4cb561fb4d88d209476a769ea9bee0cd8beab34020389fba5016,https://api.github.com/repos/nflverse/nflverse-data-archives/releases/assets/324362504,historical_source_proven,26,26,0.027579743655694267,0.026093191098659374,False,False,16.333546473751113,0.9543841805948846,4.9577284866697955,2.110275393986374,23.889724606013626,-8,12,False,-16,21,False,-22,26,True,12.711082299104369,0.09206650728514028,4.518302902141661,45.74259105585831,19.742591055858313,36,56,False,27,64,False,22,70,True
league_mean_hfa_gaussian,2025_13_NO_MIA,2025-11-25T16:00:00+00:00,retrospective_historical_source_replay,True,archive:asset:324362504:sha256:899a366f22db4cb561fb4d88d209476a769ea9bee0cd8beab34020389fba5016,https://api.github.com/repos/nflverse/nflverse-data-archives/releases/assets/324362504,historical_source_proven,4,38,0.027525716722547333,0.026228090133772808,False,False,3.4460694568026096,0.5307735966915373,3.597557725156815,2.4739933652658768,1.5260066347341232,-7,12,True,-16,21,True,-21,26,True,4.934785406512569,0.30723193906246465,3.7313505361682866,45.575987482405495,7.575987482405495,36,55,True,27,64,True,22,69,True
league_mean_hfa_gaussian,2025_13_NYG_NE,2025-11-25T16:00:00+00:00,retrospective_historical_source_replay,True,archive:asset:324362504:sha256:899a366f22db4cb561fb4d88d209476a769ea9bee0cd8beab34020389fba5016,https://api.github.com/repos/nflverse/nflverse-data-archives/releases/assets/324362504,historical_source_proven,18,48,0.027635890684259923,0.026400711927277443,False,False,9.352952502412418,0.854928127781162,4.156143008172416,2.624841541659185,15.375158458340815,-7,12,False,-16,21,True,-21,26,True,3.5576124600933072,0.5680222119566896,3.6095530370593267,45.550962724629265,2.449037275370735,36,55,True,27,64,True,22,69,True
league_mean_hfa_gaussian,2025_13_SF_CLE,2025-11-25T16:00:00+00:00,retrospective_historical_source_replay,True,archive:asset:324362504:sha256:899a366f22db4cb561fb4d88d209476a769ea9bee0cd8beab34020389fba5016,https://api.github.com/repos/nflverse/nflverse-data-archives/releases/assets/324362504,historical_source_proven,-18,34,0.02765133276148407,0.026535440912194175,False,False,13.676448882368929,0.0698900699369344,4.633346219724641,2.861287277221722,20.86128727722172,-7,13,False,-16,21,False,-21,27,True,6.834139931873407,0.2240624101073672,3.906944662806695,45.47810195739388,11.478101957393882,36,55,False,27,64,True,22,69,True
league_mean_hfa_gaussian,2025_14_CHI_GB,2025-12-02T16:00:00+00:00,retrospective_historical_source_replay,True,archive:asset:332861918:sha256:493dc1dc5a36242e6329e6c421f09447e5938c1681ffda92ad61165c0f8b512f,https://api.github.com/repos/nflverse/nflverse-data-archives/releases/assets/332861918,historical_source_proven,7,49,0.028390707869899723,0.026885514673019584,False,True,3.8947008745525173,0.6399014868423899,3.6161676254029085,2.3173712611948813,4.682628738805119,-7,12,True,-16,20,True,-21,25,True,3.7086557225500094,0.6208617334515165,3.6000042748804186,45.1052243373682,3.894775662631801,36,55,True,27,63,True,22,68,True
league_mean_hfa_gaussian,2025_14_CIN_BUF,2025-12-02T16:00:00+00:00,retrospective_historical_source_replay,True,archive:asset:332861918:sha256:493dc1dc5a36242e6329e6c421f09447e5938c1681ffda92ad61165c0f8b512f,https://api.github.com/repos/nflverse/nflverse-data-archives/releases/assets/332861918,historical_source_proven,5,73,0.02846079692106973,0.0271046428748003,False,False,3.4342989748499733,0.5571521761284901,3.5734527057265204,2.606433323666087,2.393566676333913,-7,12,True,-15,21,True,-20,26,True,19.722501237263753,0.9735695610534398,5.457288625469444,45.61673342021886,27.383266579781143,36,55,False,28,64,False,22,69,False
league_mean_hfa_gaussian,2025_14_DAL_DET,2025-12-02T16:00:00+00:00,retrospective_historical_source_replay,True,archive:asset:332861918:sha256:493dc1dc5a36242e6329e6c421f09447e5938c1681ffda92ad61165c0f8b512f,https://api.github.com/repos/nflverse/nflverse-data-archives/releases/assets/332861918,historical_source_proven,14,74,0.028483719202807734,0.027188042251833577,False,False,6.712544306103679,0.7891785704230638,3.8827789581618886,2.718768357634608,11.281231642365391,-7,12,False,-15,21,True,-20,26,True,20.856291404511055,0.978810853975184,5.627886894183057,45.434861781968294,28.565138218031706,36,55,False,27,63,False,22,69,False
league_mean_hfa_gaussian,2025_14_DEN_LV,2025-12-02T16:00:00+00:00,retrospective_historical_source_replay,True,archive:asset:332861918:sha256:493dc1dc5a36242e6329e6c421f09447e5938c1681ffda92ad61165c0f8b512f,https://api.github.com/repos/nflverse/nflverse-data-archives/releases/assets/332861918,historical_source_proven,-7,41,0.028491898794387016,0.027237170205420158,False,False,5.896576449195306,0.24977727936611943,3.8026645540087545,2.793638006045565,9.793638006045565,-7,12,True,-15,21,True,-20,26,True,3.771541008044652,0.3871869972946993,3.606636804199551,45.15622000392117,4.15622000392117,36,55,True,27,63,True,22,68,True
league_mean_hfa_gaussian,2025_14_HOU_KC,2025-12-02T16:00:00+00:00,retrospective_historical_source_replay,True,archive:asset:332861918:sha256:493dc1dc5a36242e6329e6c421f09447e5938c1681ffda92ad61165c0f8b512f,https://api.github.com/repos/nflverse/nflverse-data-archives/releases/assets/332861918,historical_source_proven,-10,30,0.028373770527548192,0.026812617075584133,False,False,7.268939938903802,0.19959466924545238,3.9390749215426637,2.2122642206968393,12.21226422069684,-7,12,False,-16,20,True,-21,25,True,9.51799769677758,0.1272334842630525,4.173332065739197,45.54107642779576,15.541076427795758,36,55,False,28,64,True,22,69,True
league_mean_hfa_gaussian,2025_14_IND_JAX,2025-12-02T16:00:00+00:00,retrospective_historical_source_replay,True,archive:asset:332861918:sha256:493dc1dc5a36242e6329e6c421f09447e5938c1681ffda92ad61165c0f8b512f,https://api.github.com/repos/nflverse/nflverse-data-archives/releases/assets/332861918,historical_source_proven,17,55,0.028450965938341954,0.027086088171607514,False,False,8.716251292212858,0.8437091980964165,4.087914571169593,2.5877785897663204,14.41222141023368,-7,12,False,-15,21,True,-20,26,True,5.761857557495062,0.742947260471037,3.791380667590662,45.478155324618584,9.521844675381416,36,55,True,27,63,True,22,69,True
league_mean_hfa_gaussian,2025_14_LA_ARI,2025-12-02T16:00:00+00:00,retrospective_historical_source_replay,True,archive:asset:332861918:sha256:493dc1dc5a36242e6329e6c421f09447e5938c1681ffda92ad61165c0f8b512f,https://api.github.com/repos/nflverse/nflverse-data-archives/releases/assets/332861918,historical_source_proven,-28,62,0.028471011263189294,0.027167681443308722,False,False,22.93706916584064,0.01526298523286217,5.959548201257966,2.69914351605786,30.69914351605786,-7,12,False,-15,21,False,-20,26,False,10.018357550153974,0.8807380388251237,4.227504668353257,45.7828953609575,16.217104639042503,36,55,False,28,64,True,23,69,True
league_mean_hfa_gaussian,2025_14_MIA_NYJ,2025-12-02T16:00:00+00:00,retrospective_historical_source_replay,True,archive:asset:332861918:sha256:493dc1dc5a36242e6329e6c421f09447e5938c1681ffda92ad61165c0f8b512f,https://api.github.com/repos/nflverse/nflverse-data-archives/releases/assets/332861918,historical_source_proven,-24,44,0.028424536482892115,0.026948624126577392,False,False,18.795944445383718,0.030821752083345044,5.329504098477075,2.380646026061312,26.380646026061314,-7,12,False,-16,20,False,-21,25,False,3.3599275739918477,0.4461478037742679,3.570150894205262,45.60133720608789,1.6013372060878908,36,55,True,28,64,True,22,69,True
league_mean_hfa_gaussian,2025_14_NO_TB,2025-12-02T16:00:00+00:00,retrospective_historical_source_replay,True,archive:asset:332861918:sha256:493dc1dc5a36242e6329e6c421f09447e5938c1681ffda92ad61165c0f8b512f,https://api.github.com/repos/nflverse/nflverse-data-archives/releases/assets/332861918,historical_source_proven,-4,44,0.02842806517142571,0.027011575452564718,False,False,4.450826265911713,0.3279557096752332,3.666684706008308,2.4866108143915144,6.486610814391515,-7,12,True,-15,20,True,-21,26,True,3.3277610724167195,0.46817554836317976,3.5665634613290917,45.24241883916596,1.242418839165957,36,55,True,27,63,True,22,68,True
league_mean_hfa_gaussian,2025_14_PHI_LAC,2025-12-02T16:00:00+00:00,retrospective_historical_source_replay,True,archive:asset:332861918:sha256:493dc1dc5a36242e6329e6c421f09447e5938c1681ffda92ad61165c0f8b512f,https://api.github.com/repos/nflverse/nflverse-data-archives/releases/assets/332861918,historical_source_proven,3,41,0.028411268468841677,0.02700097376819799,True,False,3.2836490626529407,0.5211489653149459,3.5609694354382935,2.489468030701164,0.5105319692988362,-7,12,True,-15,20,True,-21,26,True,3.747114783362778,0.384886160070113,3.6040684034530144,45.05652948463266,4.056529484632662,36,55,True,27,63,True,22,68,True
league_mean_hfa_gaussian,2025_14_PIT_BAL,2025-12-02T16:00:00+00:00,retrospective_historical_source_replay,True,archive:asset:332861918:sha256:493dc1dc5a36242e6329e6c421f09447e5938c1681ffda92ad61165c0f8b512f,https://api.github.com/repos/nflverse/nflverse-data-archives/releases/assets/332861918,historical_source_proven,-5,49,0.028484752733242524,0.027067567545824844,False,False,4.834568048509729,0.30049848700040604,3.701337297220115,2.5000094141929234,7.500009414192924,-7,12,True,-15,20,True,-21,26,True,3.706316585056834,0.6213715800865803,3.600145206446311,45.12233725508118,3.8776627449188226,36,55,True,27,63,True,22,68,True
league_mean_hfa_gaussian,2025_14_SEA_ATL,2025-12-02T16:00:00+00:00,retrospective_historical_source_replay,True,archive:asset:332861918:sha256:493dc1dc5a36242e6329e6c421f09447e5938c1681ffda92ad61165c0f8b512f,https://api.github.com/repos/nflverse/nflverse-data-archives/releases/assets/332861918,historical_source_proven,-28,46,0.028463535921983918,0.027087317776592235,False,False,22.810864050700516,0.015846122445635925,5.939535427002855,2.5694678229506414,30.569467822950642,-7,12,False,-15,21,False,-20,26,False,3.2998756679806083,0.5292318356692621,3.5651218258479855,45.37512470924924,0.624875290750758,36,55,True,27,63,True,22,69,True
league_mean_hfa_gaussian,2025_14_TEN_CLE,2025-12-02T16:00:00+00:00,retrospective_historical_source_replay,True,archive:asset:332861918:sha256:493dc1dc5a36242e6329e6c421f09447e5938c1681ffda92ad61165c0f8b512f,https://api.github.com/repos/nflverse/nflverse-data-archives/releases/assets/332861918,historical_source_proven,-2,60,0.02850076912509919,0.027181312994799645,False,False,3.886136148040826,0.3568673989856709,3.613467722566018,2.680318789612566,4.680318789612566,-7,12,True,-15,21,True,-20,26,True,9.113006575258613,0.8599542800480187,4.130018884547547,45.01546902905768,14.984530970942323,36,55,False,27,63,True,22,68,True
league_mean_hfa_gaussian,2025_14_WAS_MIN,2025-12-02T16:00:00+00:00,retrospective_historical_source_replay,True,archive:asset:332861918:sha256:493dc1dc5a36242e6329e6c421f09447e5938c1681ffda92ad61165c0f8b512f,https://api.github.com/repos/nflverse/nflverse-data-archives/releases/assets/332861918,historical_source_proven,31,31,0.02841799337150025,0.027280280835610515,False,False,20.336085412945128,0.9756729769054344,5.551894045511963,2.985907516036119,28.014092483963882,-6,12,False,-15,21,False,-20,26,False,8.831239270818763,0.14636768117452342,4.100369550793115,45.58491821879784,14.584918218797839,36,55,False,28,64,True,22,69,True
league_mean_hfa_gaussian,2025_15_ARI_HOU,2025-12-09T16:00:00+00:00,retrospective_historical_source_replay,True,archive:asset:332861918:sha256:493dc1dc5a36242e6329e6c421f09447e5938c1681ffda92ad61165c0f8b512f,https://api.github.com/repos/nflverse/nflverse-data-archives/releases/assets/332861918,historical_source_proven,20,60,0.02835004633856475,0.026698112720594525,False,False,11.374060442131228,0.8999254776587982,4.378969903993048,2.0403127370483967,17.959687262951604,-7,12,False,-16,20,True,-21,25,True,9.119838820091939,0.8682398719041202,4.130380875478315,45.07618218368282,14.923817816317182,36,54,False,28,63,True,23,68,True
league_mean_hfa_gaussian,2025_15_ATL_TB,2025-12-09T16:00:00+00:00,retrospective_historical_source_replay,True,archive:asset:332861918:sha256:493dc1dc5a36242e6329e6c421f09447e5938c1681ffda92ad61165c0f8b512f,https://api.github.com/repos/nflverse/nflverse-data-archives/releases/assets/332861918,historical_source_proven,-1,57,0.028364728340162237,0.026739251534960706,False,False,3.547960958188817,0.42349041155592215,3.5848152697098934,2.0933507599729655,3.0933507599729655,-7,12,True,-16,20,True,-21,25,True,7.098841073265762,0.8062390964551419,3.9144162552631756,45.07544658218183,11.924553417818167,36,54,False,28,63,True,23,68,True
league_mean_hfa_gaussian,2025_15_BAL_CIN,2025-12-09T16:00:00+00:00,retrospective_historical_source_replay,True,archive:asset:332861918:sha256:493dc1dc5a36242e6329e6c421f09447e5938c1681ffda92ad61165c0f8b512f,https://api.github.com/repos/nflverse/nflverse-data-archives/releases/assets/332861918,historical_source_proven,-24,24,0.028374178691589202,0.02673247871779716,False,False,18.49920152581095,0.03363102551877075,5.286418190019822,2.0678840027434933,26.067884002743494,-7,12,False,-16,20,False,-21,25,False,13.92190426775317,0.06308177027132793,4.701521749315609,44.87806961169113,20.87806961169113,36,54,False,27,62,False,22,67,True
league_mean_hfa_gaussian,2025_15_BUF_NE,2025-12-09T16:00:00+00:00,retrospective_historical_source_replay,True,archive:asset:332861918:sha256:493dc1dc5a36242e6329e6c421f09447e5938c1681ffda92ad61165c0f8b512f,https://api.github.com/repos/nflverse/nflverse-data-archives/releases/assets/332861918,historical_source_proven,-4,66,0.028338763026439673,0.02665921111448155,False,False,4.2826512090867315,0.32196429538506965,3.651885802128637,1.9893051874095637,5.989305187409563,-7,11,True,-16,20,True,-21,25,True,13.913569830570548,0.9395223585342547,4.700815444664322,45.133853446639364,20.866146553360636,36,54,False,28,63,False,23,68,True
league_mean_hfa_gaussian,2025_15_CAR_NO,2025-12-09T16:00:00+00:00,retrospective_historical_source_replay,True,archive:asset:332861918:sha256:493dc1dc5a36242e6329e6c421f09447e5938c1681ffda92ad61165c0f8b512f,https://api.github.com/repos/nflverse/nflverse-data-archives/releases/assets/332861918,historical_source_proven,3,37,0.028237434316570553,0.026401816177493487,True,False,3.333885819453392,0.536840846269736,3.56710672329712,1.6726703101464502,1.3273296898535498,-8,11,True,-16,20,True,-21,25,True,4.924328889931223,0.2782380783421869,3.697303936425352,44.80710906803376,7.8071090680337605,36,54,True,27,62,True,22,67,True
league_mean_hfa_gaussian,2025_15_CLE_CHI,2025-12-09T16:00:00+00:00,retrospective_historical_source_replay,True,archive:asset:332861918:sha256:493dc1dc5a36242e6329e6c421f09447e5938c1681ffda92ad61165c0f8b512f,https://api.github.com/repos/nflverse/nflverse-data-archives/releases/assets/332861918,historical_source_proven,28,34,0.028432981224725373,0.027004154930782898,False,False,18.004601100890692,0.963709090186057,5.2179048150782625,2.4651272524942316,25.53487274750577,-7,12,False,-15,20,False,-21,26,False,6.640704683994248,0.20790761054322557,3.8674163920738516,45.164868046518556,11.164868046518556,36,54,False,28,63,True,23,68,True
league_mean_hfa_gaussian,2025_15_DET_LA,2025-12-09T16:00:00+00:00,retrospective_historical_source_replay,True,archive:asset:332861918:sha256:493dc1dc5a36242e6329e6c421f09447e5938c1681ffda92ad61165c0f8b512f,https://api.github.com/repos/nflverse/nflverse-data-archives/releases/assets/332861918,historical_source_proven,7,75,0.028369794775641832,0.026692499206353193,False,True,3.978455197735667,0.6439387401225491,3.6233726816447684,2.000647795382926,4.9993522046170735,-7,11,True,-16,20,True,-21,25,True,22.643253352002663,0.9877084505548208,5.9800567614718245,44.78044833586146,30.219551664138542,36,54,False,27,62,False,22,67,False
league_mean_hfa_gaussian,2025_15_GB_DEN,2025-12-09T16:00:00+00:00,retrospective_historical_source_replay,True,archive:asset:332861918:sha256:493dc1dc5a36242e6329e6c421f09447e5938c1681ffda92ad61165c0f8b512f,https://api.github.com/repos/nflverse/nflverse-data-archives/releases/assets/332861918,historical_source_proven,8,60,0.028309547878342944,0.026600951869528378,False,False,4.312705402276735,0.6765491945024212,3.655035234447049,1.924517062053949,6.075482937946051,-8,11,True,-16,20,True,-21,25,True,9.446815426104681,0.8727351654185022,4.166447427044622,44.62699804338084,15.373001956619163,35,54,False,27,62,True,22,67,True
league_mean_hfa_gaussian,2025_15_IND_SEA,2025-12-09T16:00:00+00:00,retrospective_historical_source_replay,True,archive:asset:332861918:sha256:493dc1dc5a36242e6329e6c421f09447e5938c1681ffda92ad61165c0f8b512f,https://api.github.com/repos/nflverse/nflverse-data-archives/releases/assets/332861918,historical_source_proven,2,34,0.028225765604065423,0.02626441381113176,False,False,3.2884549533466414,0.5185256978947439,3.5621819406457234,1.450900215174534,0.549099784825466,-8,11,True,-17,19,True,-22,25,True,6.552811484314411,0.2026554661434278,3.8581930267634186,45.01403236960891,11.014032369608913,36,54,False,28,63,True,23,67,True
league_mean_hfa_gaussian,2025_15_LAC_KC,2025-12-09T16:00:00+00:00,retrospective_historical_source_replay,True,archive:asset:332861918:sha256:493dc1dc5a36242e6329e6c421f09447e5938c1681ffda92ad61165c0f8b512f,https://api.github.com/repos/nflverse/nflverse-data-archives/releases/assets/332861918,historical_source_proven,-3,29,0.028333092912452673,0.026685950257435365,False,False,3.9960065129561806,0.36574451315511913,3.625900871247168,2.048763827099155,5.048763827099155,-7,12,True,-16,20,True,-21,25,True,9.722286870408867,0.12088555646095912,4.197473481280083,44.739525752798976,15.739525752798976,36,54,False,27,62,True,22,67,True
league_mean_hfa_gaussian,2025_15_LV_PHI,2025-12-09T16:00:00+00:00,retrospective_historical_source_replay,True,archive:asset:332861918:sha256:493dc1dc5a36242e6329e6c421f09447e5938c1681ffda92ad61165c0f8b512f,https://api.github.com/repos/nflverse/nflverse-data-archives/releases/assets/332861918,historical_source_proven,31,31,0.028349292846993834,0.026668139036360894,False,False,21.29275446160986,0.9805341419864109,5.696795474576827,1.9882423005073488,29.01175769949265,-7,11,False,-16,20,False,-21,25,False,8.59785600420818,0.15639152856638813,4.073187464157248,45.19097165285707,14.190971652857073,36,54,False,28,63,True,23,68,True
league_mean_hfa_gaussian,2025_15_MIA_PIT,2025-12-09T16:00:00+00:00,retrospective_historical_source_replay,True,archive:asset:332861918:sha256:493dc1dc5a36242e6329e6c421f09447e5938c1681ffda92ad61165c0f8b512f,https://api.github.com/repos/nflverse/nflverse-data-archives/releases/assets/332861918,historical_source_proven,13,43,0.028379602012451266,0.026964365535081636,False,False,6.2855661858254495,0.7765660489678634,3.841972213412164,2.4796734093140786,10.520326590685922,-7,12,False,-16,20,True,-21,26,True,3.2825233046751823,0.4405809755430631,3.5416193464911467,44.80470062295111,1.8047006229511098,36,54,True,27,62,True,22,67,True
league_mean_hfa_gaussian,2025_15_MIN_DAL,2025-12-09T16:00:00+00:00,retrospective_historical_source_replay,True,archive:asset:332861918:sha256:493dc1dc5a36242e6329e6c421f09447e5938c1681ffda92ad61165c0f8b512f,https://api.github.com/repos/nflverse/nflverse-data-archives/releases/assets/332861918,historical_source_proven,-8,60,0.02835261351000229,0.026682740486857703,False,False,6.011983021494934,0.24261127540222277,3.814883870075547,2.011817887220153,10.011817887220154,-7,11,False,-16,20,True,-21,25,True,9.296828550007268,0.8645422959888668,4.150012881149354,44.83563185186628,15.164368148133718,36,54,False,27,62,True,22,67,True
league_mean_hfa_gaussian,2025_15_NYJ_JAX,2025-12-09T16:00:00+00:00,retrospective_historical_source_replay,True,archive:asset:332861918:sha256:493dc1dc5a36242e6329e6c421f09447e5938c1681ffda92ad61165c0f8b512f,https://api.github.com/repos/nflverse/nflverse-data-archives/releases/assets/332861918,historical_source_proven,28,68,0.028352729759038464,0.02661880365370206,False,False,18.535771055481078,0.9701370050768097,5.29186255698243,1.8937591419227537,26.106240858077246,-8,11,False,-16,20,False,-21,25,False,15.98357351320606,0.9543068230754259,4.975389668341245,44.81857662458554,23.18142337541446,36,54,False,27,62,False,22,67,False
league_mean_hfa_gaussian,2025_15_TEN_SF,2025-12-09T16:00:00+00:00,retrospective_historical_source_replay,True,archive:asset:332861918:sha256:493dc1dc5a36242e6329e6c421f09447e5938c1681ffda92ad61165c0f8b512f,https://api.github.com/repos/nflverse/nflverse-data-archives/releases/assets/332861918,historical_source_proven,13,61,0.028337100647775393,0.026748005429164556,False,False,6.467389932014969,0.7834240801768613,3.8597834505097004,2.1502279413101384,10.849772058689862,-7,12,False,-16,20,True,-21,25,True,9.997803205109708,0.8792814678865815,4.228528641140195,44.89583069410095,16.10416930589905,36,54,False,27,62,True,22,67,True
league_mean_hfa_gaussian,2025_15_WAS_NYG,2025-12-09T16:00:00+00:00,retrospective_historical_source_replay,True,archive:asset:332861918:sha256:493dc1dc5a36242e6329e6c421f09447e5938c1681ffda92ad61165c0f8b512f,https://api.github.com/repos/nflverse/nflverse-data-archives/releases/assets/332861918,historical_source_proven,-8,50,0.028358300530382463,0.026687627374131107,False,False,6.011533916175813,0.22841771049249435,3.8147996108071522,2.010847208080736,10.010847208080737,-7,11,False,-16,20,True,-21,25,True,3.9621866129762706,0.6342226473275969,3.6051134979248145,44.82474640145614,5.175253598543861,36,54,True,27,62,True,22,67,True
league_mean_hfa_gaussian,2025_16_ATL_ARI,2025-12-16T16:00:00+00:00,retrospective_historical_source_replay,True,archive:asset:332861918:sha256:493dc1dc5a36242e6329e6c421f09447e5938c1681ffda92ad61165c0f8b512f,https://api.github.com/repos/nflverse/nflverse-data-archives/releases/assets/332861918,historical_source_proven,-7,45,0.02834217860431909,0.026696202410017356,False,False,5.5281622919521425,0.253637458423365,3.7687358969314304,2.047219246276366,9.047219246276367,-7,12,True,-16,20,True,-21,25,True,3.1875068584826374,0.526384668419271,3.5313645400705242,44.51287526795518,0.4871247320448191,35,54,True,27,62,True,22,67,True
league_mean_hfa_gaussian,2025_16_BUF_CLE,2025-12-16T16:00:00+00:00,retrospective_historical_source_replay,True,archive:asset:332861918:sha256:493dc1dc5a36242e6329e6c421f09447e5938c1681ffda92ad61165c0f8b512f,https://api.github.com/repos/nflverse/nflverse-data-archives/releases/assets/332861918,historical_source_proven,-3,43,0.028391176209196733,0.02685347241263003,False,False,4.053538188060069,0.35398607696173306,3.6305142440365796,2.2581066253633497,5.25810662536335,-7,12,True,-16,20,True,-21,25,True,3.249166954945914,0.4642246810038203,3.537298810579283,44.518155851322874,1.5181558513228737,35,54,True,27,62,True,22,67,True
league_mean_hfa_gaussian,2025_16_CIN_MIA,2025-12-16T16:00:00+00:00,retrospective_historical_source_replay,True,archive:asset:332861918:sha256:493dc1dc5a36242e6329e6c421f09447e5938c1681ffda92ad61165c0f8b512f,https://api.github.com/repos/nflverse/nflverse-data-archives/releases/assets/332861918,historical_source_proven,-24,66,0.028352584792697866,0.026699418672061936,False,False,18.468309915032084,0.03173957220251131,5.280967444879879,2.038707972959599,26.0387079729596,-7,12,False,-16,20,False,-21,25,False,14.305391691915606,0.9427383022954782,4.749147690204249,44.67428263403301,21.325717365966987,35,54,False,27,62,False,22,67,True
league_mean_hfa_gaussian,2025_16_GB_CHI,2025-12-16T16:00:00+00:00,retrospective_historical_source_replay,True,archive:asset:332861918:sha256:493dc1dc5a36242e6329e6c421f09447e5938c1681ffda92ad61165c0f8b512f,https://api.github.com/repos/nflverse/nflverse-data-archives/releases/assets/332861918,historical_source_proven,6,38,0.02835934302776888,0.026586826885694914,False,False,3.76439588107991,0.6273980311034474,3.6035717033783783,1.830552576825991,4.1694474231740095,-8,11,True,-16,20,True,-21,25,True,4.547463733387307,0.3196138350685534,3.6608903699596316,44.88786709141197,6.8878670914119695,36,54,True,27,62,True,22,67,True
league_mean_hfa_gaussian,2025_16_JAX_DEN,2025-12-16T16:00:00+00:00,retrospective_historical_source_replay,True,archive:asset:332861918:sha256:493dc1dc5a36242e6329e6c421f09447e5938c1681ffda92ad61165c0f8b512f,https://api.github.com/repos/nflverse/nflverse-data-archives/releases/assets/332861918,historical_source_proven,-14,54,0.028294584479472085,0.026554697952032913,False,False,9.757583468410473,0.13202573516381352,4.199131650477204,1.866836397089242,15.866836397089243,-8,11,False,-16,20,True,-21,25,True,5.404365170136126,0.7397796109331135,3.7426201732706574,45.13693760233424,8.863062397665757,36,54,True,28,63,True,23,68,True
league_mean_hfa_gaussian,2025_16_KC_TEN,2025-12-16T16:00:00+00:00,retrospective_historical_source_replay,True,archive:asset:332861918:sha256:493dc1dc5a36242e6329e6c421f09447e5938c1681ffda92ad61165c0f8b512f,https://api.github.com/repos/nflverse/nflverse-data-archives/releases/assets/332861918,historical_source_proven,17,35,0.028324004667421132,0.02669372500259848,False,False,9.07583689353082,0.8546777457183964,4.125965951100414,2.0706537370224893,14.92934626297751,-7,12,False,-16,20,True,-21,25,True,5.949008491058814,0.22831143964394818,3.797498304485789,44.92821484757229,9.928214847572292,36,54,False,27,62,True,22,67,True
league_mean_hfa_gaussian,2025_16_LAC_DAL,2025-12-16T16:00:00+00:00,retrospective_historical_source_replay,True,archive:asset:332861918:sha256:493dc1dc5a36242e6329e6c421f09447e5938c1681ffda92ad61165c0f8b512f,https://api.github.com/repos/nflverse/nflverse-data-archives/releases/assets/332861918,historical_source_proven,-17,51,0.02835812635869306,0.02666222462435841,False,False,12.191569939755073,0.0933490959670236,4.473687330241484,1.9635145476596265,18.963514547659628,-7,11,False,-16,20,False,-21,25,True,4.242446114806365,0.679990792374795,3.6318485568199357,44.94989465881885,6.050105341181151,36,54,True,27,62,True,22,67,True
league_mean_hfa_gaussian,2025_16_LA_SEA,2025-12-16T16:00:00+00:00,retrospective_historical_source_replay,True,archive:asset:332861918:sha256:493dc1dc5a36242e6329e6c421f09447e5938c1681ffda92ad61165c0f8b512f,https://api.github.com/repos/nflverse/nflverse-data-archives/releases/assets/332861918,historical_source_proven,1,75,0.028386297831727414,0.026774761973775707,False,False,3.310998432132987,0.4754312952489818,3.5631197812539956,2.1272622332723605,1.1272622332723605,-7,12,True,-16,20,True,-21,25,True,22.585079731500745,0.9858445749185539,5.976372593165967,44.85373253658143,30.146267463418567,36,54,False,27,62,False,22,67,False
league_mean_hfa_gaussian,2025_16_LV_HOU,2025-12-16T16:00:00+00:00,retrospective_historical_source_replay,True,archive:asset:332861918:sha256:493dc1dc5a36242e6329e6c421f09447e5938c1681ffda92ad61165c0f8b512f,https://api.github.com/repos/nflverse/nflverse-data-archives/releases/assets/332861918,historical_source_proven,2,44,0.028310759708878197,0.026518120971411263,False,False,3.279014433910696,0.4932061326022867,3.560846149436569,1.7755476503753833,0.2244523496246167,-8,11,True,-16,20,True,-21,25,True,3.2241338123302383,0.4699296872679599,3.5368019093452996,45.0819638320895,1.0819638320894995,36,54,True,28,63,True,23,68,True
league_mean_hfa_gaussian,2025_16_MIN_NYG,2025-12-16T16:00:00+00:00,retrospective_historical_source_replay,True,archive:asset:332861918:sha256:493dc1dc5a36242e6329e6c421f09447e5938c1681ffda92ad61165c0f8b512f,https://api.github.com/repos/nflverse/nflverse-data-archives/releases/assets/332861918,historical_source_proven,-3,29,0.0283734078847665,0.02673059567299929,False,False,3.9978945060900815,0.35130374161702743,3.625260529415749,2.0670220086799422,5.067022008679942,-7,12,True,-16,20,True,-21,25,True,10.017655980130506,0.12141514954792851,4.230909408279764,45.129686646941764,16.129686646941764,36,54,False,28,63,True,23,68,True
league_mean_hfa_gaussian,2025_16_NE_BAL,2025-12-16T16:00:00+00:00,retrospective_historical_source_replay,True,archive:asset:332861918:sha256:493dc1dc5a36242e6329e6c421f09447e5938c1681ffda92ad61165c0f8b512f,https://api.github.com/repos/nflverse/nflverse-data-archives/releases/assets/332861918,historical_source_proven,-4,52,0.028387763851122516,0.026702874808994137,False,False,4.280680885978892,0.3232264931737883,3.650665329405503,1.9953301753142418,5.995330175314242,-7,11,True,-16,20,True,-21,25,True,4.6538393969425265,0.697204090596913,3.670312017328227,44.83542773627919,7.164572263720807,36,54,True,27,62,True,22,67,True
league_mean_hfa_gaussian,2025_16_NYJ_NO,2025-12-16T16:00:00+00:00,retrospective_historical_source_replay,True,archive:asset:332861918:sha256:493dc1dc5a36242e6329e6c421f09447e5938c1681ffda92ad61165c0f8b512f,https://api.github.com/repos/nflverse/nflverse-data-archives/releases/assets/332861918,historical_source_proven,23,35,0.028318990154625245,0.0265619480150584,False,False,14.044938654100097,0.9358413574115746,4.6961261018965335,1.8444601421956637,21.155539857804335,-8,11,False,-16,20,False,-21,25,True,6.08109543174689,0.22640753910752937,3.8105567886263505,45.174177816290154,10.174177816290154,36,54,False,28,63,True,23,68,True
league_mean_hfa_gaussian,2025_16_PHI_WAS,2025-12-16T16:00:00+00:00,retrospective_historical_source_replay,True,archive:asset:332861918:sha256:493dc1dc5a36242e6329e6c421f09447e5938c1681ffda92ad61165c0f8b512f,https://api.github.com/repos/nflverse/nflverse-data-archives/releases/assets/332861918,historical_source_proven,-11,47,0.02828289586167465,0.026541710554079168,False,False,7.6739337794005404,0.18255006711475988,3.980531362026392,1.857261503512719,12.857261503512719,-8,11,False,-16,20,True,-21,25,True,3.322922883765255,0.5581200816191646,3.5445323196510845,44.816757439800725,2.1832425601992753,36,54,True,27,62,True,22,67,True
league_mean_hfa_gaussian,2025_16_PIT_DET,2025-12-16T16:00:00+00:00,retrospective_historical_source_replay,True,archive:asset:332861918:sha256:493dc1dc5a36242e6329e6c421f09447e5938c1681ffda92ad61165c0f8b512f,https://api.github.com/repos/nflverse/nflverse-data-archives/releases/assets/332861918,historical_source_proven,-5,53,0.028292616761309786,0.026463668209549596,False,False,4.532004877199663,0.3151238015801323,3.6749715516914976,1.702951342964435,6.702951342964435,-8,11,True,-16,20,True,-21,25,True,4.980595382808909,0.7294454044687448,3.702095576022542,45.05944187897482,7.940558121025177,36,54,True,28,63,True,23,68,True
league_mean_hfa_gaussian,2025_16_SF_IND,2025-12-16T16:00:00+00:00,retrospective_historical_source_replay,True,archive:asset:332861918:sha256:493dc1dc5a36242e6329e6c421f09447e5938c1681ffda92ad61165c0f8b512f,https://api.github.com/repos/nflverse/nflverse-data-archives/releases/assets/332861918,historical_source_proven,-21,75,0.028386219486058795,0.02681235710754104,False,False,15.851703836757284,0.05205371554230677,4.926312787022854,2.1921931622549664,23.192193162254966,-7,12,False,-16,20,False,-21,25,True,22.479369778606838,0.9867236404931697,5.950255963990223,44.94245131753213,30.057548682467868,36,54,False,27,62,False,22,67,False
league_mean_hfa_gaussian,2025_16_TB_CAR,2025-12-16T16:00:00+00:00,retrospective_historical_source_replay,True,archive:asset:332861918:sha256:493dc1dc5a36242e6329e6c421f09447e5938c1681ffda92ad61165c0f8b512f,https://api.github.com/repos/nflverse/nflverse-data-archives/releases/assets/332861918,historical_source_proven,3,43,0.02841897993244602,0.026860905059770124,True,False,3.2893927029227825,0.5182169935620379,3.5606980495524807,2.2317345953481977,0.7682654046518023,-7,12,True,-16,20,True,-21,25,True,3.282735175301398,0.45450253968122956,3.541930184899462,44.794571218008976,1.7945712180089757,36,54,True,27,62,True,22,67,True
league_mean_hfa_gaussian,2025_17_ARI_CIN,2025-12-23T16:00:00+00:00,retrospective_historical_source_replay,True,archive:asset:335211517:sha256:7e8045a638a2bfb41769bb824ea689c7009321227082d44307f341752e6d7fce,https://api.github.com/repos/nflverse/nflverse-data-archives/releases/assets/335211517,historical_source_proven,23,51,0.02832647606265226,0.02649744066374471,False,False,14.160491682971939,0.935892013216697,4.711211334139896,1.7165405157609515,21.28345948423905,-8,11,False,-16,20,False,-21,25,True,4.34275908342666,0.6709632923397201,3.6395748191532467,44.64552240125667,6.35447759874333,35,54,True,27,62,True,22,67,True
league_mean_hfa_gaussian,2025_17_BAL_GB,2025-12-23T16:00:00+00:00,retrospective_historical_source_replay,True,archive:asset:335211517:sha256:7e8045a638a2bfb41769bb824ea689c7009321227082d44307f341752e6d7fce,https://api.github.com/repos/nflverse/nflverse-data-archives/releases/assets/335211517,historical_source_proven,-17,65,0.028391715219906022,0.026806667551442898,False,False,12.367352965166088,0.09096639770284132,4.494319432349129,2.1761678969262843,19.176167896926284,-7,12,False,-16,20,False,-21,25,True,12.89632990813609,0.9225425064812441,4.571220980095477,45.30345442634567,19.696545573654333,36,55,False,28,63,False,23,68,True
league_mean_hfa_gaussian,2025_17_CHI_SF,2025-12-23T16:00:00+00:00,retrospective_historical_source_replay,True,archive:asset:335211517:sha256:7e8045a638a2bfb41769bb824ea689c7009321227082d44307f341752e6d7fce,https://api.github.com/repos/nflverse/nflverse-data-archives/releases/assets/335211517,historical_source_proven,4,80,0.028284349613222348,0.0265805025364928,False,False,3.4052944956718028,0.5592011634715647,3.573395376672639,1.926666353292045,2.073333646707955,-8,11,True,-16,20,True,-21,25,True,27.18771372347141,0.9950635157808266,6.780219945367708,45.14145191862376,34.85854808137624,36,54,False,28,63,False,23,68,False
league_mean_hfa_gaussian,2025_17_DAL_WAS,2025-12-23T16:00:00+00:00,retrospective_historical_source_replay,True,archive:asset:335211517:sha256:7e8045a638a2bfb41769bb824ea689c7009321227082d44307f341752e6d7fce,https://api.github.com/repos/nflverse/nflverse-data-archives/releases/assets/335211517,historical_source_proven,-7,53,0.02837596834935907,0.026750961826598307,False,False,5.551665494041275,0.2624493979175626,3.770397174282594,2.099706150292451,9.099706150292452,-7,12,True,-16,20,True,-21,25,True,4.805185641212729,0.7203723684406869,3.685154822735803,45.46873612442822,7.531263875571781,36,55,True,28,63,True,23,68,True
league_mean_hfa_gaussian,2025_17_DEN_KC,2025-12-23T16:00:00+00:00,retrospective_historical_source_replay,True,archive:asset:335211517:sha256:7e8045a638a2bfb41769bb824ea689c7009321227082d44307f341752e6d7fce,https://api.github.com/repos/nflverse/nflverse-data-archives/releases/assets/335211517,historical_source_proven,-7,33,0.028323872283461782,0.026549026127686615,False,False,5.415133836855393,0.2751297397476608,3.757634663957365,1.8113911960523565,8.811391196052357,-8,11,True,-16,20,True,-21,25,True,7.0518776736275335,0.19188269716388542,3.909513632914939,44.84922622407355,11.849226224073547,36,54,False,27,62,True,22,67,True
league_mean_hfa_gaussian,2025_17_DET_MIN,2025-12-23T16:00:00+00:00,retrospective_historical_source_replay,True,archive:asset:335211517:sha256:7e8045a638a2bfb41769bb824ea689c7009321227082d44307f341752e6d7fce,https://api.github.com/repos/nflverse/nflverse-data-archives/releases/assets/335211517,historical_source_proven,13,33,0.028355886142189646,0.02671631064074831,False,False,6.515453349870087,0.7809277518783869,3.864073339374322,2.0636031523580165,10.936396847641983,-7,12,False,-16,20,True,-21,25,True,7.017271054579282,0.19595482388557922,3.905485589585548,44.791305672842874,11.791305672842874,36,54,False,27,62,True,22,67,True
league_mean_hfa_gaussian,2025_17_HOU_LAC,2025-12-23T16:00:00+00:00,retrospective_historical_source_replay,True,archive:asset:335211517:sha256:7e8045a638a2bfb41769bb824ea689c7009321227082d44307f341752e6d7fce,https://api.github.com/repos/nflverse/nflverse-data-archives/releases/assets/335211517,historical_source_proven,-4,36,0.028320208796221658,0.026853020277843864,False,False,4.41610168507933,0.33339548515840656,3.6654868259823026,2.36743416368378,6.367434163683781,-7,12,True,-16,20,True,-21,26,True,5.420527624193081,0.2515907006664702,3.7444458706401633,44.89487310217143,8.894873102171431,36,54,True,27,62,True,22,67,True
league_mean_hfa_gaussian,2025_17_JAX_IND,2025-12-23T16:00:00+00:00,retrospective_historical_source_replay,True,archive:asset:335211517:sha256:7e8045a638a2bfb41769bb824ea689c7009321227082d44307f341752e6d7fce,https://api.github.com/repos/nflverse/nflverse-data-archives/releases/assets/335211517,historical_source_proven,-6,40,0.028357234133403075,0.026798072556744934,False,False,5.142896839686644,0.2813029214021805,3.7321432853675267,2.2128892425417845,8.212889242541785,-7,12,True,-16,20,True,-21,25,True,3.8677231839304644,0.3487539618259307,3.596049279879256,44.84782907687036,4.847829076870362,36,54,True,27,62,True,22,67,True
league_mean_hfa_gaussian,2025_17_LA_ATL,2025-12-23T16:00:00+00:00,retrospective_historical_source_replay,True,archive:asset:335211517:sha256:7e8045a638a2bfb41769bb824ea689c7009321227082d44307f341752e6d7fce,https://api.github.com/repos/nflverse/nflverse-data-archives/releases/assets/335211517,historical_source_proven,3,51,0.028329034689603905,0.026628449474443983,True,False,3.3102124564361026,0.5208779336365834,3.5638680395076032,1.946296938322552,1.053703061677448,-8,11,True,-16,20,True,-21,25,True,4.206175290527666,0.6571822468261445,3.6275173799629843,45.046696443974284,5.953303556025716,36,54,True,28,63,True,23,67,True
league_mean_hfa_gaussian,2025_17_NE_NYJ,2025-12-23T16:00:00+00:00,retrospective_historical_source_replay,True,archive:asset:335211517:sha256:7e8045a638a2bfb41769bb824ea689c7009321227082d44307f341752e6d7fce,https://api.github.com/repos/nflverse/nflverse-data-archives/releases/assets/335211517,historical_source_proven,-32,52,0.0283802692500007,0.026847519520338037,False,False,26.41783963108614,0.00698847710738225,6.5411564403573434,2.2691583255604595,34.26915832556046,-7,12,False,-16,20,False,-21,25,False,4.545067276379306,0.6855229895791874,3.65984334474548,45.111781421780975,6.888218578219025,36,54,True,28,63,True,23,68,True
league_mean_hfa_gaussian,2025_17_NO_TEN,2025-12-23T16:00:00+00:00,retrospective_historical_source_replay,True,archive:asset:335211517:sha256:7e8045a638a2bfb41769bb824ea689c7009321227082d44307f341752e6d7fce,https://api.github.com/repos/nflverse/nflverse-data-archives/releases/assets/335211517,historical_source_proven,-8,60,0.028288733037012403,0.026492249683557456,False,False,5.883436617360746,0.2510622366258506,3.802903040914843,1.7619167815406596,9.76191678154066,-8,11,True,-16,20,True,-21,25,True,9.382105656343114,0.8662076850815028,4.159461199914892,44.72191014815944,15.278089851840562,36,54,False,27,62,True,22,67,True
league_mean_hfa_gaussian,2025_17_NYG_LV,2025-12-23T16:00:00+00:00,retrospective_historical_source_replay,True,archive:asset:335211517:sha256:7e8045a638a2bfb41769bb824ea689c7009321227082d44307f341752e6d7fce,https://api.github.com/repos/nflverse/nflverse-data-archives/releases/assets/335211517,historical_source_proven,-24,44,0.028399481382458514,0.02679480822959801,False,False,18.572360574967906,0.029199014746177657,5.297701919390946,2.1424871645612558,26.142487164561256,-7,12,False,-16,20,False,-21,25,False,3.2184322399423304,0.4603567046476651,3.536117896382511,45.00047580240532,1.0004758024053189,36,54,True,27,63,True,23,67,True
league_mean_hfa_gaussian,2025_17_PHI_BUF,2025-12-23T16:00:00+00:00,retrospective_historical_source_replay,True,archive:asset:335211517:sha256:7e8045a638a2bfb41769bb824ea689c7009321227082d44307f341752e6d7fce,https://api.github.com/repos/nflverse/nflverse-data-archives/releases/assets/335211517,historical_source_proven,-1,25,0.028385138089503825,0.026792230790849803,False,False,3.5578938051382254,0.42227749433435613,3.585427734694042,2.1566700038174442,3.1566700038174442,-7,12,True,-16,20,True,-21,25,True,13.162043726640812,0.07038319696204029,4.605533094119124,44.99839521928119,19.998395219281193,36,54,False,27,62,False,23,67,True
league_mean_hfa_gaussian,2025_17_PIT_CLE,2025-12-23T16:00:00+00:00,retrospective_historical_source_replay,True,archive:asset:335211517:sha256:7e8045a638a2bfb41769bb824ea689c7009321227082d44307f341752e6d7fce,https://api.github.com/repos/nflverse/nflverse-data-archives/releases/assets/335211517,historical_source_proven,7,19,0.028339679518915695,0.026838596744578558,False,True,3.902136840940205,0.6389862289447757,3.61791425048914,2.305601183709669,4.694398816290331,-7,12,True,-16,20,True,-21,25,True,18.226312135372968,0.029340259560918253,5.29262437812119,44.603215688186054,25.603215688186054,35,54,False,27,62,False,22,67,False
league_mean_hfa_gaussian,2025_17_SEA_CAR,2025-12-23T16:00:00+00:00,retrospective_historical_source_replay,True,archive:asset:335211517:sha256:7e8045a638a2bfb41769bb824ea689c7009321227082d44307f341752e6d7fce,https://api.github.com/repos/nflverse/nflverse-data-archives/releases/assets/335211517,historical_source_proven,-17,37,0.028302133284222264,0.026622238477907345,False,False,12.193657840679428,0.08627640772343997,4.473077779052854,1.9745567867755929,18.974556786775594,-8,11,False,-16,20,False,-21,25,True,4.941923441054971,0.2904487372535085,3.6986525105918355,44.849317712052766,7.849317712052766,36,54,True,27,62,True,22,67,True
league_mean_hfa_gaussian,2025_17_TB_MIA,2025-12-23T16:00:00+00:00,retrospective_historical_source_replay,True,archive:asset:335211517:sha256:7e8045a638a2bfb41769bb824ea689c7009321227082d44307f341752e6d7fce,https://api.github.com/repos/nflverse/nflverse-data-archives/releases/assets/335211517,historical_source_proven,3,37,0.028354476389341743,0.026685959930941916,True,False,3.30454861945411,0.5205076012389257,3.5629703639415693,2.013026300310507,0.9869736996894929,-7,11,True,-16,20,True,-21,25,True,5.250891083087105,0.27675305310581283,3.7294590553815974,45.53149911386902,8.531499113869017,36,55,True,28,63,True,23,68,True
league_mean_hfa_gaussian,2025_18_ARI_LA,2025-12-30T16:00:00+00:00,retrospective_historical_source_replay,True,archive:asset:337932927:sha256:157c82dd3b6a18032e36f7ec2554360d1174928f75918995b242bbff0c432fac,https://api.github.com/repos/nflverse/nflverse-data-archives/releases/assets/337932927,historical_source_proven,17,57,0.027489455689248987,0.025546714058010123,False,False,9.660418361458722,0.8652576968728086,4.188021582687334,1.2025341053220862,15.797465894677913,-9,11,False,-17,20,True,-22,25,True,6.35779872660391,0.7692182409656793,3.845798249062406,46.34016201341418,10.65983798658582,37,56,False,28,64,True,23,69,True
league_mean_hfa_gaussian,2025_18_BAL_PIT,2025-12-30T16:00:00+00:00,retrospective_historical_source_replay,True,archive:asset:337932927:sha256:157c82dd3b6a18032e36f7ec2554360d1174928f75918995b242bbff0c432fac,https://api.github.com/repos/nflverse/nflverse-data-archives/releases/assets/337932927,historical_source_proven,2,50,0.027452294440428737,0.02551997399028516,False,False,3.3845234536680104,0.5265905953349368,3.589082800843443,1.201733314553278,0.798266685446722,-9,11,True,-17,20,True,-23,25,True,3.5910304736174723,0.599064615107135,3.5849910214441167,46.583678228458695,3.4163217715413055,37,56,True,29,64,True,24,70,True
league_mean_hfa_gaussian,2025_18_CAR_TB,2025-12-30T16:00:00+00:00,retrospective_historical_source_replay,True,archive:asset:337932927:sha256:157c82dd3b6a18032e36f7ec2554360d1174928f75918995b242bbff0c432fac,https://api.github.com/repos/nflverse/nflverse-data-archives/releases/assets/337932927,historical_source_proven,2,30,0.027428735388452696,0.025430594843579235,False,False,3.3895818162032763,0.5223947448391872,3.5892852583188195,1.072062559632309,0.927937440367691,-9,11,True,-17,20,True,-23,25,True,10.624877339064515,0.11440424715452543,4.295527810953824,46.99141888075569,16.99141888075569,38,56,False,29,65,True,24,70,True
league_mean_hfa_gaussian,2025_18_CLE_CIN,2025-12-30T16:00:00+00:00,retrospective_historical_source_replay,True,archive:asset:337932927:sha256:157c82dd3b6a18032e36f7ec2554360d1174928f75918995b242bbff0c432fac,https://api.github.com/repos/nflverse/nflverse-data-archives/releases/assets/337932927,historical_source_proven,-2,38,0.027493082164734672,0.02562195448342952,False,False,3.6730769937404,0.39764207072708246,3.613999313894899,1.3403602909275438,3.340360290927544,-8,11,True,-17,20,True,-22,25,True,5.324934279036931,0.26974144919109927,3.7452172274362834,46.64049335859055,8.640493358590547,37,56,True,29,64,True,24,70,True
league_mean_hfa_gaussian,2025_18_DAL_NYG,2025-12-30T16:00:00+00:00,retrospective_historical_source_replay,True,archive:asset:337932927:sha256:157c82dd3b6a18032e36f7ec2554360d1174928f75918995b242bbff0c432fac,https://api.github.com/repos/nflverse/nflverse-data-archives/releases/assets/337932927,historical_source_proven,17,51,0.027500700811780576,0.025625137391000585,False,False,9.565262731503068,0.8688108008533764,4.177945144496748,1.3309889405443958,15.669011059455604,-8,11,False,-17,20,True,-22,25,True,3.779098313674515,0.6077445997052632,3.6013218122832007,46.705082836922486,4.294917163077514,37,56,True,29,65,True,24,70,True
league_mean_hfa_gaussian,2025_18_DET_CHI,2025-12-30T16:00:00+00:00,retrospective_historical_source_replay,True,archive:asset:337932927:sha256:157c82dd3b6a18032e36f7ec2554360d1174928f75918995b242bbff0c432fac,https://api.github.com/repos/nflverse/nflverse-data-archives/releases/assets/337932927,historical_source_proven,-3,35,0.027483685842282224,0.02562583046590483,False,False,3.8893810167769596,0.3868247504305082,3.6334093043799958,1.359157915461683,4.359157915461683,-8,11,True,-17,20,True,-22,25,True,6.941691846521634,0.20141500814610006,3.9043270809802646,46.67070993328786,11.67070993328786,37,56,False,29,65,True,24,70,True
league_mean_hfa_gaussian,2025_18_GB_MIN,2025-12-30T16:00:00+00:00,retrospective_historical_source_replay,True,archive:asset:337932927:sha256:157c82dd3b6a18032e36f7ec2554360d1174928f75918995b242bbff0c432fac,https://api.github.com/repos/nflverse/nflverse-data-archives/releases/assets/337932927,historical_source_proven,13,19,0.027540612302650147,0.02568159207983256,False,False,6.913678679230075,0.797907388704896,3.911604464189823,1.380049556160897,11.619950443839103,-8,11,False,-17,20,True,-22,25,True,19.970328975943993,0.022990610781312714,5.509395257217089,46.59065612264854,27.59065612264854,37,56,False,29,64,False,24,70,False
league_mean_hfa_gaussian,2025_18_IND_HOU,2025-12-30T16:00:00+00:00,retrospective_historical_source_replay,True,archive:asset:337932927:sha256:157c82dd3b6a18032e36f7ec2554360d1174928f75918995b242bbff0c432fac,https://api.github.com/repos/nflverse/nflverse-data-archives/releases/assets/337932927,historical_source_proven,8,68,0.02756626838789966,0.025830870609630407,False,False,4.4710088081405805,0.6589158512675592,3.6844857364512587,1.6268532472627464,6.373146752737254,-8,11,True,-17,20,True,-22,25,True,14.108400455440098,0.9309180539134659,4.707117707731284,46.79169904354235,21.20830095645765,37,56,False,29,65,False,24,70,True
league_mean_hfa_gaussian,2025_18_KC_LV,2025-12-30T16:00:00+00:00,retrospective_historical_source_replay,True,archive:asset:337932927:sha256:157c82dd3b6a18032e36f7ec2554360d1174928f75918995b242bbff0c432fac,https://api.github.com/repos/nflverse/nflverse-data-archives/releases/assets/337932927,historical_source_proven,2,26,0.0274579402899785,0.025481662489645784,False,False,3.3849470491628777,0.5221780560033785,3.5884706087291987,1.1259504795610953,0.8740495204389047,-9,11,True,-17,20,True,-23,25,True,13.467001588790136,0.06824837351421284,4.628823396028567,46.45934507125918,20.45934507125918,37,56,False,29,64,False,23,69,True
league_mean_hfa_gaussian,2025_18_LAC_DEN,2025-12-30T16:00:00+00:00,retrospective_historical_source_replay,True,archive:asset:337932927:sha256:157c82dd3b6a18032e36f7ec2554360d1174928f75918995b242bbff0c432fac,https://api.github.com/repos/nflverse/nflverse-data-archives/releases/assets/337932927,historical_source_proven,16,22,0.027507694388461457,0.025620119414268006,False,False,8.870675914370944,0.8469555148157378,4.1062771217429885,1.3136878488671218,14.686312151132878,-8,11,False,-17,20,True,-22,25,True,17.115529063742436,0.03886190474874554,5.100322518034226,46.552507554411406,24.552507554411406,37,56,False,29,64,False,24,70,False
league_mean_hfa_gaussian,2025_18_MIA_NE,2025-12-30T16:00:00+00:00,retrospective_historical_source_replay,True,archive:asset:337932927:sha256:157c82dd3b6a18032e36f7ec2554360d1174928f75918995b242bbff0c432fac,https://api.github.com/repos/nflverse/nflverse-data-archives/releases/assets/337932927,historical_source_proven,28,48,0.02743598465895547,0.025439592086442198,False,False,19.13844624709059,0.9681862616402875,5.331838968792045,1.0774019062776534,26.922598093722346,-9,11,False,-17,20,False,-23,25,False,3.3415275385802863,0.5571055570333799,3.562162892847101,46.286182596412345,1.7138174035876546,37,56,True,28,64,True,23,69,True
league_mean_hfa_gaussian,2025_18_NO_ATL,2025-12-30T16:00:00+00:00,retrospective_historical_source_replay,True,archive:asset:337932927:sha256:157c82dd3b6a18032e36f7ec2554360d1174928f75918995b242bbff0c432fac,https://api.github.com/repos/nflverse/nflverse-data-archives/releases/assets/337932927,historical_source_proven,2,36,0.02746075297480588,0.025514554148188817,False,False,3.383756068350486,0.5113499980568785,3.5886561301959516,1.1802912475050549,0.8197087524949451,-9,11,True,-17,20,True,-23,25,True,6.375359775630576,0.21181917109642134,3.8487931216511106,46.68996625047296,10.689966250472963,37,56,False,29,65,True,24,70,True
league_mean_hfa_gaussian,2025_18_NYJ_BUF,2025-12-30T16:00:00+00:00,retrospective_historical_source_replay,True,archive:asset:337932927:sha256:157c82dd3b6a18032e36f7ec2554360d1174928f75918995b242bbff0c432fac,https://api.github.com/repos/nflverse/nflverse-data-archives/releases/assets/337932927,historical_source_proven,27,43,0.02752609616499535,0.025657676992911993,False,False,17.951356483359504,0.9609902392634764,5.171875591557913,1.3568225145154886,25.64317748548451,-8,11,False,-17,20,False,-22,25,False,3.6210783009734246,0.39121796324589725,3.5877506975666753,46.567824980881966,3.5678249808819658,37,56,True,29,64,True,24,70,True
league_mean_hfa_gaussian,2025_18_SEA_SF,2025-12-30T16:00:00+00:00,retrospective_historical_source_replay,True,archive:asset:337932927:sha256:157c82dd3b6a18032e36f7ec2554360d1174928f75918995b242bbff0c432fac,https://api.github.com/repos/nflverse/nflverse-data-archives/releases/assets/337932927,historical_source_proven,-10,16,0.027544253789968276,0.025691229399179893,False,False,6.78357624831305,0.21083839866123255,3.8989903082589366,1.394719445453057,11.394719445453056,-8,11,False,-17,20,True,-22,25,True,22.930797545748682,0.013569510739925473,5.967280361873004,46.67132333967176,30.67132333967176,37,56,False,29,65,False,24,70,False
league_mean_hfa_gaussian,2025_18_TEN_JAX,2025-12-30T16:00:00+00:00,retrospective_historical_source_replay,True,archive:asset:337932927:sha256:157c82dd3b6a18032e36f7ec2554360d1174928f75918995b242bbff0c432fac,https://api.github.com/repos/nflverse/nflverse-data-archives/releases/assets/337932927,historical_source_proven,34,48,0.027573547839292778,0.0259104033156643,False,False,24.230076594102403,0.9863143987340163,6.087699437195893,1.7649712832648254,32.23502871673517,-8,11,False,-17,20,False,-22,25,False,3.340353714000578,0.5434848367630258,3.561500809705584,46.27238732142434,1.7276126785756603,37,56,True,28,64,True,23,69,True
league_mean_hfa_gaussian,2025_18_WAS_PHI,2025-12-30T16:00:00+00:00,retrospective_historical_source_replay,True,archive:asset:337932927:sha256:157c82dd3b6a18032e36f7ec2554360d1174928f75918995b242bbff0c432fac,https://api.github.com/repos/nflverse/nflverse-data-archives/releases/assets/337932927,historical_source_proven,-7,41,0.027393632683465508,0.025337774916037836,False,False,5.071536794402662,0.295799833480563,3.7392216320435243,0.9476229890427527,7.9476229890427526,-9,11,True,-18,19,True,-23,25,True,4.086057594820363,0.33631736538435525,3.630446969533506,46.40849859807898,5.408498598078978,37,56,True,29,64,True,23,69,True
structural_gaussian_map_laplace,2025_08_BUF_CAR,2025-10-21T16:00:00+00:00,retrospective_historical_source_replay,True,archive:asset:310570721:sha256:ab96f6641c891d46a73cd33baeb05b9ec5cd4e1dec5b03dccee343b1769070e7,https://api.github.com/repos/nflverse/nflverse-data-archives/releases/assets/310570721,historical_source_proven,-31,49,0.034028163939701206,0.017917561482792888,False,False,23.402344884602122,0.002243623582797716,7.973105624220753,-2.827217965108175,28.172782034891824,-8,2,False,-13,8,False,-16,12,False,4.045373148455267,0.6956590140196933,3.5444629651036137,42.898176788012066,6.101823211987934,35,51,True,28,58,True,23,63,True
structural_gaussian_map_laplace,2025_08_CHI_BAL,2025-10-21T16:00:00+00:00,retrospective_historical_source_replay,True,archive:asset:310570721:sha256:ab96f6641c891d46a73cd33baeb05b9ec5cd4e1dec5b03dccee343b1769070e7,https://api.github.com/repos/nflverse/nflverse-data-archives/releases/assets/310570721,historical_source_proven,14,46,0.035946065758780676,0.021483374007414846,False,False,11.439694704106083,0.9482874437618942,4.987994605127254,-1.575417206381978,15.575417206381978,-7,3,False,-12,9,False,-15,14,True,2.931758272252428,0.5780956041387243,3.3869266774699773,43.868393375373486,2.1316066246265137,36,51,True,29,59,True,24,65,True
structural_gaussian_map_laplace,2025_08_CLE_NE,2025-10-21T16:00:00+00:00,retrospective_historical_source_replay,True,archive:asset:310570721:sha256:ab96f6641c891d46a73cd33baeb05b9ec5cd4e1dec5b03dccee343b1769070e7,https://api.github.com/repos/nflverse/nflverse-data-archives/releases/assets/310570721,historical_source_proven,19,45,0.037304606118284456,0.022006927359760176,False,False,16.369407656502702,0.9793653386341851,5.921421805531993,-1.8339160815640705,20.83391608156407,-7,3,False,-12,9,False,-16,13,False,3.403821641678807,0.6411925271221387,3.417122892956573,40.2434150087083,4.756584991291703,33,48,True,24,55,True,19,60,True
structural_gaussian_map_laplace,2025_08_DAL_DEN,2025-10-21T16:00:00+00:00,retrospective_historical_source_replay,True,archive:asset:310570721:sha256:ab96f6641c891d46a73cd33baeb05b9ec5cd4e1dec5b03dccee343b1769070e7,https://api.github.com/repos/nflverse/nflverse-data-archives/releases/assets/310570721,historical_source_proven,20,68,0.043899395078893955,0.03087479865344933,False,False,14.299876028810687,0.9693766839632308,5.3706906280803794,1.0576589089203603,18.94234109107964,-5,6,False,-10,13,False,-13,17,False,18.21301230597575,0.9762700943289787,5.586027229340384,43.199851087827085,24.800148912172915,35,51,False,28,59,False,23,63,False
structural_gaussian_map_laplace,2025_08_GB_PIT,2025-10-21T16:00:00+00:00,retrospective_historical_source_replay,True,archive:asset:310570721:sha256:ab96f6641c891d46a73cd33baeb05b9ec5cd4e1dec5b03dccee343b1769070e7,https://api.github.com/repos/nflverse/nflverse-data-archives/releases/assets/310570721,historical_source_proven,-10,60,0.027618719000295,0.014676606305396134,False,False,3.391536984905148,0.24743395331120344,3.2055936204609305,-3.882528672865131,6.117471327134869,-9,1,False,-14,7,True,-17,11,True,10.600743595380623,0.9191805749865188,4.461776904377038,43.897388821989196,16.102611178010804,36,51,False,29,59,False,25,64,True
structural_gaussian_map_laplace,2025_08_MIA_ATL,2025-10-21T16:00:00+00:00,retrospective_historical_source_replay,True,archive:asset:310570721:sha256:ab96f6641c891d46a73cd33baeb05b9ec5cd4e1dec5b03dccee343b1769070e7,https://api.github.com/repos/nflverse/nflverse-data-archives/releases/assets/310570721,historical_source_proven,-24,44,0.04091161096643925,0.027756732883762902,False,False,18.937653607088592,0.004991291423764684,7.184042789728141,-0.016979419311502597,23.983020580688496,-6,5,False,-11,11,False,-13,16,False,2.7847428125731657,0.518266430175244,3.3515497115487216,43.18371782076552,0.8162821792344772,35,51,True,27,59,True,22,64,True
structural_gaussian_map_laplace,2025_08_MIN_LAC,2025-10-21T16:00:00+00:00,retrospective_historical_source_replay,True,archive:asset:310570721:sha256:ab96f6641c891d46a73cd33baeb05b9ec5cd4e1dec5b03dccee343b1769070e7,https://api.github.com/repos/nflverse/nflverse-data-archives/releases/assets/310570721,historical_source_proven,27,47,0.035393125727617325,0.023523709273064908,False,False,24.082106797440094,0.9925166773250527,7.045483931273484,-1.9685247612909265,28.968524761290926,-8,3,False,-12,9,False,-15,13,False,4.440375203440471,0.7199459823969895,3.610632486854012,40.00176567462559,6.998234325374412,32,48,True,25,56,True,19,61,True
structural_gaussian_map_laplace,2025_08_NYG_PHI,2025-10-21T16:00:00+00:00,retrospective_historical_source_replay,True,archive:asset:310570721:sha256:ab96f6641c891d46a73cd33baeb05b9ec5cd4e1dec5b03dccee343b1769070e7,https://api.github.com/repos/nflverse/nflverse-data-archives/releases/assets/310570721,historical_source_proven,18,58,0.03900345892080237,0.024941471250408576,False,False,14.310665415175489,0.9710177945733497,5.424688197550391,-0.6260724368435735,18.62607243684357,-6,4,False,-10,10,False,-13,14,False,11.989122186479289,0.920729864817483,4.605534675366028,39.81782091825866,18.18217908174134,32,48,False,24,56,False,19,61,True
structural_gaussian_map_laplace,2025_08_NYJ_CIN,2025-10-21T16:00:00+00:00,retrospective_historical_source_replay,True,archive:asset:310570721:sha256:ab96f6641c891d46a73cd33baeb05b9ec5cd4e1dec5b03dccee343b1769070e7,https://api.github.com/repos/nflverse/nflverse-data-archives/releases/assets/310570721,historical_source_proven,-1,77,0.04042166338134601,0.023599105028978218,False,False,1.914197191479816,0.5587355994384706,2.980171259321363,-1.7280363458822432,0.7280363458822432,-7,3,True,-12,9,True,-15,13,True,27.741202909006557,0.9945657553757943,7.043881255047572,42.23212612132714,34.76787387867286,34,50,False,26,58,False,21,63,False
structural_gaussian_map_laplace,2025_08_SF_HOU,2025-10-21T16:00:00+00:00,retrospective_historical_source_replay,True,archive:asset:310570721:sha256:ab96f6641c891d46a73cd33baeb05b9ec5cd4e1dec5b03dccee343b1769070e7,https://api.github.com/repos/nflverse/nflverse-data-archives/releases/assets/310570721,historical_source_proven,11,41,0.04015560373548677,0.023226183623214935,False,False,8.433598464638987,0.9209744811737143,4.374211405723191,-1.2006712615155517,12.200671261515552,-7,4,False,-11,10,False,-14,14,True,2.8618251281475833,0.4667373740800699,3.404531459228494,41.60950866641742,0.609508666417419,33,50,True,26,58,True,21,63,True
structural_gaussian_map_laplace,2025_08_TB_NO,2025-10-21T16:00:00+00:00,retrospective_historical_source_replay,True,archive:asset:310570721:sha256:ab96f6641c891d46a73cd33baeb05b9ec5cd4e1dec5b03dccee343b1769070e7,https://api.github.com/repos/nflverse/nflverse-data-archives/releases/assets/310570721,historical_source_proven,-20,26,0.032230019715189795,0.019788285359741642,False,False,12.80059255438858,0.017478226678867403,5.552947145279257,-2.5738858392916564,17.426114160708345,-8,2,False,-12,8,False,-15,12,False,11.45009152932174,0.07480977922231949,4.564399733778876,43.33645389637416,17.33645389637416,36,51,False,28,58,False,23,63,True
structural_gaussian_map_laplace,2025_08_TEN_IND,2025-10-21T16:00:00+00:00,retrospective_historical_source_replay,True,archive:asset:310570721:sha256:ab96f6641c891d46a73cd33baeb05b9ec5cd4e1dec5b03dccee343b1769070e7,https://api.github.com/repos/nflverse/nflverse-data-archives/releases/assets/310570721,historical_source_proven,24,52,0.044735011955514326,0.02757925662317262,False,False,18.819393389048166,0.9774977632244813,6.027805699435548,0.23110009126590325,23.768899908734095,-6,5,False,-11,12,False,-14,17,False,5.610346020824172,0.7985280787174815,3.7469086675263763,42.678883603397814,9.321116396602186,35,50,False,27,58,True,23,63,True
structural_gaussian_map_laplace,2025_08_WAS_KC,2025-10-21T16:00:00+00:00,retrospective_historical_source_replay,True,archive:asset:310570721:sha256:ab96f6641c891d46a73cd33baeb05b9ec5cd4e1dec5b03dccee343b1769070e7,https://api.github.com/repos/nflverse/nflverse-data-archives/releases/assets/310570721,historical_source_proven,21,35,0.04064225956436085,0.023746055243421327,False,False,17.698993581026503,0.9862767706819778,6.049148081983349,-1.3801452710200912,22.38014527102009,-7,4,False,-12,9,False,-15,14,False,6.998957017728053,0.1668159904472887,3.8732984434323634,46.85829437690617,11.858294376906173,38,55,False,31,63,True,26,68,True
structural_gaussian_map_laplace,2025_09_ARI_DAL,2025-10-28T16:00:00+00:00,retrospective_historical_source_replay,True,archive:asset:313354781:sha256:33e44a0c02934558ee79649b4de326a2b046169ba491a244da662f9f7eb6439a,https://api.github.com/repos/nflverse/nflverse-data-archives/releases/assets/313354781,historical_source_proven,-10,44,0.030951828056226427,0.03305536986099178,False,False,11.314529108405743,0.08631485256082995,4.517203292649561,7.326415375489354,17.326415375489354,-1,16,False,-9,24,False,-14,29,True,3.384226970648097,0.39520007270883883,3.528618820212937,46.97794751617573,2.977947516175732,38,56,True,30,64,True,25,69,True
structural_gaussian_map_laplace,2025_09_ATL_NE,2025-10-28T16:00:00+00:00,retrospective_historical_source_replay,True,archive:asset:313354781:sha256:33e44a0c02934558ee79649b4de326a2b046169ba491a244da662f9f7eb6439a,https://api.github.com/repos/nflverse/nflverse-data-archives/releases/assets/313354781,historical_source_proven,1,47,0.029224260437610117,0.02962654617294469,False,False,3.6147584309453897,0.3679669792118911,3.5671925640984887,4.881744734186324,3.8817447341863236,-4,14,True,-12,22,True,-17,26,True,3.2942314260312635,0.5766627999906396,3.522735366509969,44.65724255749012,2.3427574425098783,36,54,True,27,62,True,22,67,True
structural_gaussian_map_laplace,2025_09_BAL_MIA,2025-10-28T16:00:00+00:00,retrospective_historical_source_replay,True,archive:asset:313354781:sha256:33e44a0c02934558ee79649b4de326a2b046169ba491a244da662f9f7eb6439a,https://api.github.com/repos/nflverse/nflverse-data-archives/releases/assets/313354781,historical_source_proven,-22,34,0.03350155424062451,0.031441807825426715,False,False,18.894485499898302,0.023434294006646737,5.671914233549693,3.7544941621738177,25.754494162173817,-5,12,False,-12,20,False,-17,25,False,7.7464937777673715,0.17454001547952802,3.9900052962003123,47.00506755773591,13.005067557735913,38,56,False,30,65,True,24,70,True
structural_gaussian_map_laplace,2025_09_CAR_GB,2025-10-28T16:00:00+00:00,retrospective_historical_source_replay,True,archive:asset:313354781:sha256:33e44a0c02934558ee79649b4de326a2b046169ba491a244da662f9f7eb6439a,https://api.github.com/repos/nflverse/nflverse-data-archives/releases/assets/313354781,historical_source_proven,-3,29,0.024784149866873217,0.027970983336681743,False,False,8.13965814216213,0.1667210127573165,4.059731742968451,10.44277955477891,13.44277955477891,1,20,False,-8,29,True,-14,34,True,9.81658726857323,0.12615373595812454,4.236702342915823,44.73205856948351,15.732058569483513,36,54,False,28,62,True,22,67,True
structural_gaussian_map_laplace,2025_09_CHI_CIN,2025-10-28T16:00:00+00:00,retrospective_historical_source_replay,True,archive:asset:313354781:sha256:33e44a0c02934558ee79649b4de326a2b046169ba491a244da662f9f7eb6439a,https://api.github.com/repos/nflverse/nflverse-data-archives/releases/assets/313354781,historical_source_proven,-5,89,0.028945849800987467,0.025665264358031403,False,False,3.9867815798501836,0.35989038405543855,3.599658728149217,0.0969928731934343,5.096992873193434,-9,9,True,-18,18,True,-24,23,True,34.49917325523752,0.9979744847952606,7.870173908055387,46.65595675886409,42.34404324113591,37,56,False,29,64,False,24,70,False
structural_gaussian_map_laplace,2025_09_DEN_HOU,2025-10-28T16:00:00+00:00,retrospective_historical_source_replay,True,archive:asset:313354781:sha256:33e44a0c02934558ee79649b4de326a2b046169ba491a244da662f9f7eb6439a,https://api.github.com/repos/nflverse/nflverse-data-archives/releases/assets/313354781,historical_source_proven,-3,33,0.030598433828615657,0.028834070192172656,False,False,4.210178537393337,0.3143386529397504,3.5974349912074883,3.2722761315571454,6.272276131557145,-6,12,True,-14,20,True,-19,26,True,4.623068729514659,0.305027001930545,3.676368010951667,40.02300348826177,7.023003488261772,31,49,True,22,58,True,17,63,True
structural_gaussian_map_laplace,2025_09_IND_PIT,2025-10-28T16:00:00+00:00,retrospective_historical_source_replay,True,archive:asset:313354781:sha256:33e44a0c02934558ee79649b4de326a2b046169ba491a244da662f9f7eb6439a,https://api.github.com/repos/nflverse/nflverse-data-archives/releases/assets/313354781,historical_source_proven,7,47,0.029438745363009722,0.026062278090666857,False,True,4.726504713195682,0.7072150447652815,3.647266293966153,-0.43134713029342875,7.431347130293429,-10,9,True,-18,17,True,-23,23,True,3.4757214804347787,0.4279776571346725,3.5782772566020413,49.45630581138919,2.4563058113891927,40,59,True,31,68,True,26,73,True
structural_gaussian_map_laplace,2025_09_JAX_LV,2025-10-28T16:00:00+00:00,retrospective_historical_source_replay,True,archive:asset:313354781:sha256:33e44a0c02934558ee79649b4de326a2b046169ba491a244da662f9f7eb6439a,https://api.github.com/repos/nflverse/nflverse-data-archives/releases/assets/313354781,historical_source_proven,-1,59,0.03198935838834294,0.030170250602188253,False,False,3.2640313060455592,0.4089671613099258,3.5050022068928235,1.579309944677536,2.579309944677536,-7,10,True,-16,18,True,-21,23,True,13.27681280034868,0.9182817198731197,4.642340765061223,38.75614348696186,20.24385651303814,29,48,False,21,57,False,15,62,True
structural_gaussian_map_laplace,2025_09_KC_BUF,2025-10-28T16:00:00+00:00,retrospective_historical_source_replay,True,archive:asset:313354781:sha256:33e44a0c02934558ee79649b4de326a2b046169ba491a244da662f9f7eb6439a,https://api.github.com/repos/nflverse/nflverse-data-archives/releases/assets/313354781,historical_source_proven,7,49,0.030078976219217957,0.02743721929564702,False,True,3.944083912981372,0.6649336999507928,3.5958548188816497,1.8514490668550911,5.148550933144909,-7,11,True,-15,19,True,-19,24,True,3.3162038548645483,0.552674172433391,3.541708892234296,46.88112422177984,2.1188757782201577,38,56,True,29,64,True,24,69,True
structural_gaussian_map_laplace,2025_09_LAC_TEN,2025-10-28T16:00:00+00:00,retrospective_historical_source_replay,True,archive:asset:313354781:sha256:33e44a0c02934558ee79649b4de326a2b046169ba491a244da662f9f7eb6439a,https://api.github.com/repos/nflverse/nflverse-data-archives/releases/assets/313354781,historical_source_proven,-7,47,0.031027599377138726,0.027397047865377777,False,False,4.746120295545531,0.2753922832491265,3.657900050396888,0.5214056300750242,7.521405630075024,-8,9,True,-16,17,True,-21,22,True,3.766854040657112,0.6267282472608511,3.565568375879261,42.265355468599964,4.734644531400036,33,51,True,25,59,True,20,64,True
structural_gaussian_map_laplace,2025_09_MIN_DET,2025-10-28T16:00:00+00:00,retrospective_historical_source_replay,True,archive:asset:313354781:sha256:33e44a0c02934558ee79649b4de326a2b046169ba491a244da662f9f7eb6439a,https://api.github.com/repos/nflverse/nflverse-data-archives/releases/assets/313354781,historical_source_proven,-3,51,0.029214846906923886,0.033147480592026435,False,False,6.553107259690601,0.20144619375117181,3.9272714946334046,7.53783165265254,10.537831652652539,0,16,False,-9,23,True,-15,28,True,5.8990815359801445,0.7536137569041972,3.800865078062332,41.233337751641415,9.766662248358585,32,50,False,24,59,True,18,64,True
structural_gaussian_map_laplace,2025_09_NO_LA,2025-10-28T16:00:00+00:00,retrospective_historical_source_replay,True,archive:asset:313354781:sha256:33e44a0c02934558ee79649b4de326a2b046169ba491a244da662f9f7eb6439a,https://api.github.com/repos/nflverse/nflverse-data-archives/releases/assets/313354781,historical_source_proven,24,44,0.02172012752946051,0.026725122730502815,False,False,6.7377594328153725,0.8096698235017363,3.82765598285041,12.260169701695352,11.739830298304648,4,21,False,-5,29,True,-11,34,True,3.3102778282545957,0.5535725421593051,3.5319554635260095,41.772556040203355,2.227443959796645,33,51,True,24,59,True,19,64,True
structural_gaussian_map_laplace,2025_09_SEA_WAS,2025-10-28T16:00:00+00:00,retrospective_historical_source_replay,True,archive:asset:313354781:sha256:33e44a0c02934558ee79649b4de326a2b046169ba491a244da662f9f7eb6439a,https://api.github.com/repos/nflverse/nflverse-data-archives/releases/assets/313354781,historical_source_proven,-24,52,0.030449590282051187,0.02948079731321729,False,False,19.496939530148286,0.03387290359127468,5.376870350165719,2.9603206036434857,26.960320603643485,-6,12,False,-15,20,False,-21,26,False,5.213662963675595,0.7428804435621461,3.7252817810673737,43.576518920315166,8.423481079684834,34,53,True,26,61,True,21,66,True
structural_gaussian_map_laplace,2025_09_SF_NYG,2025-10-28T16:00:00+00:00,retrospective_historical_source_replay,True,archive:asset:313354781:sha256:33e44a0c02934558ee79649b4de326a2b046169ba491a244da662f9f7eb6439a,https://api.github.com/repos/nflverse/nflverse-data-archives/releases/assets/313354781,historical_source_proven,-10,58,0.032537719081186744,0.03147223356910667,False,False,8.186904011224517,0.1375311486094218,4.092043568621058,3.2535115021471697,13.25351150214717,-5,12,False,-13,19,True,-18,24,True,8.830082428569028,0.8655467382186356,4.117514351451763,43.57126723799263,14.428732762007371,35,52,False,26,61,True,21,66,True
structural_gaussian_map_laplace,2025_10_ARI_SEA,2025-11-04T16:00:00+00:00,retrospective_historical_source_replay,True,archive:asset:316009177:sha256:73f6bce17fa6876ead1ee07522afdd4a3627fc218fc543b22de97ec97b335905,https://api.github.com/repos/nflverse/nflverse-data-archives/releases/assets/316009177,historical_source_proven,22,66,0.026162838941009958,0.028295034541395536,False,False,7.847896351035088,0.8227036386530129,3.9704945933462805,8.794260128227204,13.205739871772796,0,18,False,-9,26,True,-14,31,True,15.054938639549666,0.9429117637101296,4.874402843567156,43.91471658641876,22.085283413581237,35,53,False,26,62,False,21,67,True
structural_gaussian_map_laplace,2025_10_ATL_IND,2025-11-04T16:00:00+00:00,retrospective_historical_source_replay,True,archive:asset:316009177:sha256:73f6bce17fa6876ead1ee07522afdd4a3627fc218fc543b22de97ec97b335905,https://api.github.com/repos/nflverse/nflverse-data-archives/releases/assets/316009177,historical_source_proven,6,56,0.024504674553243733,0.028438064006021113,False,False,3.715022453425635,0.3586425388832683,3.5898291364219075,10.106425972883521,4.106425972883521,1,19,True,-8,27,True,-13,32,True,6.206159549099544,0.7822372027669972,3.8303337173873544,45.67181097917299,10.328189020827011,37,55,False,29,63,True,24,68,True
structural_gaussian_map_laplace,2025_10_BAL_MIN,2025-11-04T16:00:00+00:00,retrospective_historical_source_replay,True,archive:asset:316009177:sha256:73f6bce17fa6876ead1ee07522afdd4a3627fc218fc543b22de97ec97b335905,https://api.github.com/repos/nflverse/nflverse-data-archives/releases/assets/316009177,historical_source_proven,-8,46,0.028212455605430176,0.02739742065989148,False,False,6.691888788240488,0.22266666483385383,3.930015369745758,3.0953878565775,11.0953878565775,-7,13,False,-16,22,True,-21,27,True,3.158666860772832,0.5035947506056592,3.5138788039828124,46.436657733142276,0.43665773314227607,37,55,True,29,64,True,24,70,True
structural_gaussian_map_laplace,2025_10_BUF_MIA,2025-11-04T16:00:00+00:00,retrospective_historical_source_replay,True,archive:asset:316009177:sha256:73f6bce17fa6876ead1ee07522afdd4a3627fc218fc543b22de97ec97b335905,https://api.github.com/repos/nflverse/nflverse-data-archives/releases/assets/316009177,historical_source_proven,17,43,0.030166729283735316,0.025924070851247816,False,False,11.11399731848896,0.8998795561654601,4.4277161675540055,-0.27561020514060963,17.27561020514061,-9,8,False,-17,17,True,-22,22,True,3.424373473545832,0.4035813424825631,3.5346226283366318,46.2101897206312,3.210189720631199,37,55,True,29,64,True,24,69,True
structural_gaussian_map_laplace,2025_10_CLE_NYJ,2025-11-04T16:00:00+00:00,retrospective_historical_source_replay,True,archive:asset:316009177:sha256:73f6bce17fa6876ead1ee07522afdd4a3627fc218fc543b22de97ec97b335905,https://api.github.com/repos/nflverse/nflverse-data-archives/releases/assets/316009177,historical_source_proven,7,47,0.029139230328527777,0.029578063965758794,False,True,3.2997493456127853,0.558096502895412,3.520722274627186,4.602022419875233,2.397977580124767,-4,14,True,-13,22,True,-19,27,True,4.479626504255907,0.6671227556872905,3.68822343072566,40.71001517804083,6.289984821959173,31,50,True,22,59,True,17,65,True
structural_gaussian_map_laplace,2025_10_DET_WAS,2025-11-04T16:00:00+00:00,retrospective_historical_source_replay,True,archive:asset:316009177:sha256:73f6bce17fa6876ead1ee07522afdd4a3627fc218fc543b22de97ec97b335905,https://api.github.com/repos/nflverse/nflverse-data-archives/releases/assets/316009177,historical_source_proven,-22,66,0.0312666586714902,0.02958841684346014,False,False,17.840093539780007,0.035097266407706475,5.37679405483621,2.8566888110744033,24.856688811074402,-6,12,False,-14,20,False,-19,25,False,14.640046975370703,0.9410629654521943,4.84279200891261,44.50764808037874,21.492351919621257,36,53,False,28,62,False,23,67,True
structural_gaussian_map_laplace,2025_10_JAX_HOU,2025-11-04T16:00:00+00:00,retrospective_historical_source_replay,True,archive:asset:316009177:sha256:73f6bce17fa6876ead1ee07522afdd4a3627fc218fc543b22de97ec97b335905,https://api.github.com/repos/nflverse/nflverse-data-archives/releases/assets/316009177,historical_source_proven,7,65,0.025061163805264464,0.028402731305613382,False,True,3.512661022293899,0.4066078291683654,3.561269965706412,10.164677207918299,3.1646772079182988,1,19,True,-7,27,True,-13,32,True,14.443011079784606,0.9441539636361127,4.802906277375898,43.6565470312202,21.3434529687798,35,53,False,26,61,False,21,66,True
structural_gaussian_map_laplace,2025_10_LA_SF,2025-11-04T16:00:00+00:00,retrospective_historical_source_replay,True,archive:asset:316009177:sha256:73f6bce17fa6876ead1ee07522afdd4a3627fc218fc543b22de97ec97b335905,https://api.github.com/repos/nflverse/nflverse-data-archives/releases/assets/316009177,historical_source_proven,-16,68,0.025897957782601955,0.022760334848931918,False,False,8.370946826462252,0.17249928341720944,4.075614860737899,-2.0688450225836155,13.931154977416384,-12,8,False,-21,17,True,-27,22,True,15.520373478123613,0.94818941194146,4.939653501107788,45.421442149153194,22.578557850846806,36,54,False,28,63,False,23,68,True
structural_gaussian_map_laplace,2025_10_LV_DEN,2025-11-04T16:00:00+00:00,retrospective_historical_source_replay,True,archive:asset:316009177:sha256:73f6bce17fa6876ead1ee07522afdd4a3627fc218fc543b22de97ec97b335905,https://api.github.com/repos/nflverse/nflverse-data-archives/releases/assets/316009177,historical_source_proven,3,17,0.021332250970576977,0.026262286285496705,True,False,6.122654054683236,0.23162455820112635,3.847535221331881,13.021033471187517,10.021033471187517,4,22,False,-5,30,True,-10,35,True,16.502914812825352,0.04743188808646818,5.013332688253868,41.08497289830654,24.08497289830654,31,51,False,23,60,False,18,65,False
structural_gaussian_map_laplace,2025_10_NE_TB,2025-11-04T16:00:00+00:00,retrospective_historical_source_replay,True,archive:asset:316009177:sha256:73f6bce17fa6876ead1ee07522afdd4a3627fc218fc543b22de97ec97b335905,https://api.github.com/repos/nflverse/nflverse-data-archives/releases/assets/316009177,historical_source_proven,-5,51,0.029130123177685374,0.0295274107605219,False,False,6.479695099851441,0.21334317238274897,3.85148203203174,5.926072350659218,10.926072350659219,-3,15,False,-12,23,True,-17,29,True,4.019043753012019,0.663629177464195,3.608399323946579,45.68003926417696,5.319960735823038,37,55,True,28,63,True,23,68,True
structural_gaussian_map_laplace,2025_10_NO_CAR,2025-11-04T16:00:00+00:00,retrospective_historical_source_replay,True,archive:asset:316009177:sha256:73f6bce17fa6876ead1ee07522afdd4a3627fc218fc543b22de97ec97b335905,https://api.github.com/repos/nflverse/nflverse-data-archives/releases/assets/316009177,historical_source_proven,-10,24,0.028652506635105324,0.02960268193922816,False,False,10.69534443872046,0.10153401319847095,4.351189401572485,6.9405316596629785,16.94053165966298,-2,16,False,-10,25,True,-16,30,True,12.670566217727965,0.07935060979959055,4.555724574761956,43.50731713003356,19.507317130033563,34,53,False,26,61,False,21,67,True
structural_gaussian_map_laplace,2025_10_NYG_CHI,2025-11-04T16:00:00+00:00,retrospective_historical_source_replay,True,archive:asset:316009177:sha256:73f6bce17fa6876ead1ee07522afdd4a3627fc218fc543b22de97ec97b335905,https://api.github.com/repos/nflverse/nflverse-data-archives/releases/assets/316009177,historical_source_proven,4,44,0.02897755428080845,0.03028793707237365,False,False,3.4622112514788568,0.3900343728802301,3.5201879534337857,7.544266663100775,3.5442666631007747,-1,16,True,-10,25,True,-15,30,True,3.2471343060228515,0.4549475891102112,3.525785690917055,45.77991464901541,1.77991464901541,37,55,True,28,63,True,23,68,True
structural_gaussian_map_laplace,2025_10_PHI_GB,2025-11-04T16:00:00+00:00,retrospective_historical_source_replay,True,archive:asset:316009177:sha256:73f6bce17fa6876ead1ee07522afdd4a3627fc218fc543b22de97ec97b335905,https://api.github.com/repos/nflverse/nflverse-data-archives/releases/assets/316009177,historical_source_proven,-3,17,0.02679821559028972,0.029594248703364634,False,False,7.517529315523607,0.170862650708458,3.9555534880432375,9.544549610524797,12.544549610524797,1,19,False,-7,27,True,-12,32,True,20.856423686642557,0.020751585398490993,5.733834347394318,45.30728691500496,28.30728691500496,36,54,False,28,63,False,23,68,False
structural_gaussian_map_laplace,2025_10_PIT_LAC,2025-11-04T16:00:00+00:00,retrospective_historical_source_replay,True,archive:asset:316009177:sha256:73f6bce17fa6876ead1ee07522afdd4a3627fc218fc543b22de97ec97b335905,https://api.github.com/repos/nflverse/nflverse-data-archives/releases/assets/316009177,historical_source_proven,15,35,0.01859048633580257,0.023267336759770885,False,False,3.341872774690687,0.4985014671730766,3.558286045472281,15.29397763577786,0.2939776357778605,6,25,True,-3,34,True,-9,40,True,6.326087191217228,0.20493116741730774,3.826785654482858,45.68950565179692,10.689505651796921,37,55,False,28,63,True,23,68,True
structural_gaussian_map_laplace,2025_11_BAL_CLE,2025-11-11T16:00:00+00:00,retrospective_historical_source_replay,True,archive:asset:318837553:sha256:0c3cc4cb9fdff4d1991c25a9edfa6e77fcff0f0c395d55981f1791da85cd5d5a,https://api.github.com/repos/nflverse/nflverse-data-archives/releases/assets/318837553,historical_source_proven,-7,39,0.02850693488980982,0.023759264464890295,False,False,3.7869519246472514,0.332682392711887,3.5336698390326475,-1.6861354897015004,5.313864510298499,-10,7,True,-18,15,True,-22,20,True,3.864408248921945,0.3720372707936112,3.5892014198060154,43.90686451369794,4.90686451369794,35,53,True,26,61,True,21,66,True
structural_gaussian_map_laplace,2025_11_CAR_ATL,2025-11-11T16:00:00+00:00,retrospective_historical_source_replay,True,archive:asset:318837553:sha256:0c3cc4cb9fdff4d1991c25a9edfa6e77fcff0f0c395d55981f1791da85cd5d5a,https://api.github.com/repos/nflverse/nflverse-data-archives/releases/assets/318837553,historical_source_proven,-3,57,0.03197895886706803,0.028684044464335257,False,False,3.4771311488115404,0.35662826703988726,3.49483453701025,1.2411752182677627,4.241175218267763,-7,10,True,-15,17,True,-20,22,True,7.965912746530812,0.8346733290960805,4.021509740870268,43.810127404535265,13.189872595464735,35,53,False,26,61,True,21,67,True
structural_gaussian_map_laplace,2025_11_CHI_MIN,2025-11-11T16:00:00+00:00,retrospective_historical_source_replay,True,archive:asset:318837553:sha256:0c3cc4cb9fdff4d1991c25a9edfa6e77fcff0f0c395d55981f1791da85cd5d5a,https://api.github.com/repos/nflverse/nflverse-data-archives/releases/assets/318837553,historical_source_proven,-2,36,0.0318988954016286,0.028089452490338118,False,False,3.0132290978391025,0.4193747473472063,3.4457840725168656,0.010859083141483428,2.0108590831414834,-8,8,True,-16,16,True,-21,20,True,5.454881485910912,0.24537460382050216,3.735044436085823,45.07923371477439,9.07923371477439,36,54,True,28,62,True,23,68,True
structural_gaussian_map_laplace,2025_11_CIN_PIT,2025-11-11T16:00:00+00:00,retrospective_historical_source_replay,True,archive:asset:318837553:sha256:0c3cc4cb9fdff4d1991c25a9edfa6e77fcff0f0c395d55981f1791da85cd5d5a,https://api.github.com/repos/nflverse/nflverse-data-archives/releases/assets/318837553,historical_source_proven,22,46,0.03196223800442366,0.03310268043198161,False,False,10.063711841076769,0.9000383859291065,4.311993549548279,6.179532431862144,15.820467568137856,-2,14,False,-10,22,True,-15,27,True,3.5062755341657525,0.40295091524709636,3.573040396552769,48.97333892882784,2.973338928827843,40,58,True,31,67,True,26,72,True
structural_gaussian_map_laplace,2025_11_DAL_LV,2025-11-11T16:00:00+00:00,retrospective_historical_source_replay,True,archive:asset:318837553:sha256:0c3cc4cb9fdff4d1991c25a9edfa6e77fcff0f0c395d55981f1791da85cd5d5a,https://api.github.com/repos/nflverse/nflverse-data-archives/releases/assets/318837553,historical_source_proven,-17,49,0.027461803231329962,0.02366304341864478,False,False,9.225076980215333,0.13369318613413508,4.133278931244791,-1.914418528911037,15.085581471088963,-11,7,False,-19,16,True,-24,21,True,3.3482026361176804,0.5571115067488313,3.549491199924414,46.81969740609409,2.180302593905907,38,56,True,29,65,True,24,70,True
structural_gaussian_map_laplace,2025_11_DET_PHI,2025-11-11T16:00:00+00:00,retrospective_historical_source_replay,True,archive:asset:318837553:sha256:0c3cc4cb9fdff4d1991c25a9edfa6e77fcff0f0c395d55981f1791da85cd5d5a,https://api.github.com/repos/nflverse/nflverse-data-archives/releases/assets/318837553,historical_source_proven,7,25,0.031148644532076886,0.027850082942813548,False,True,4.013665175393269,0.6779626378609144,3.580919334415306,1.37024410504782,5.62975589495218,-7,10,True,-15,18,True,-19,23,True,12.795815753780678,0.07628491656213346,4.563899607038366,44.641440229492645,19.641440229492645,35,54,False,27,62,False,22,68,True
structural_gaussian_map_laplace,2025_11_GB_NYG,2025-11-11T16:00:00+00:00,retrospective_historical_source_replay,True,archive:asset:318837553:sha256:0c3cc4cb9fdff4d1991c25a9edfa6e77fcff0f0c395d55981f1791da85cd5d5a,https://api.github.com/repos/nflverse/nflverse-data-archives/releases/assets/318837553,historical_source_proven,-7,47,0.02207760446364626,0.017257698631969687,False,False,3.229751391989943,0.49315047894029385,3.5502078025764914,-6.962702787633052,0.03729721236694772,-16,2,True,-25,11,True,-30,16,True,3.2487443272852596,0.4963372524743023,3.5485407780705462,46.89418000289281,0.10581999710719003,37,56,True,29,65,True,24,70,True
structural_gaussian_map_laplace,2025_11_HOU_TEN,2025-11-11T16:00:00+00:00,retrospective_historical_source_replay,True,archive:asset:318837553:sha256:0c3cc4cb9fdff4d1991c25a9edfa6e77fcff0f0c395d55981f1791da85cd5d5a,https://api.github.com/repos/nflverse/nflverse-data-archives/releases/assets/318837553,historical_source_proven,-3,29,0.0229876657931406,0.017117250626889846,False,False,3.6213601348366726,0.6106461235960228,3.544589170578331,-7.224227062918035,4.224227062918035,-16,2,True,-24,10,True,-29,14,True,8.241890881477461,0.15494567352350053,4.0358536238876574,42.77773119891197,13.777731198911972,33,52,False,25,61,True,20,66,True
structural_gaussian_map_laplace,2025_11_KC_DEN,2025-11-11T16:00:00+00:00,retrospective_historical_source_replay,True,archive:asset:318837553:sha256:0c3cc4cb9fdff4d1991c25a9edfa6e77fcff0f0c395d55981f1791da85cd5d5a,https://api.github.com/repos/nflverse/nflverse-data-archives/releases/assets/318837553,historical_source_proven,3,41,0.02849484947176384,0.02518954153991604,True,False,3.409321569113468,0.595149104882767,3.5580319283283997,0.3133560246772198,2.68664397532278,-9,9,True,-17,18,True,-21,23,True,3.726735208813938,0.37011370939016597,3.566617159220912,45.530373922196816,4.530373922196816,36,55,True,28,63,True,23,68,True
structural_gaussian_map_laplace,2025_11_LAC_JAX,2025-11-11T16:00:00+00:00,retrospective_historical_source_replay,True,archive:asset:318837553:sha256:0c3cc4cb9fdff4d1991c25a9edfa6e77fcff0f0c395d55981f1791da85cd5d5a,https://api.github.com/repos/nflverse/nflverse-data-archives/releases/assets/318837553,historical_source_proven,29,41,0.02591139839983847,0.021058705293241053,False,False,24.481128423299378,0.985211291254214,6.046196879529537,-3.351349682672429,32.35134968267243,-13,6,False,-22,15,False,-27,21,False,3.9673882664164335,0.3448388229615846,3.60782594201159,46.150987904768584,5.150987904768584,37,55,True,28,64,True,23,69,True
structural_gaussian_map_laplace,2025_11_NYJ_NE,2025-11-11T16:00:00+00:00,retrospective_historical_source_replay,True,archive:asset:318837553:sha256:0c3cc4cb9fdff4d1991c25a9edfa6e77fcff0f0c395d55981f1791da85cd5d5a,https://api.github.com/repos/nflverse/nflverse-data-archives/releases/assets/318837553,historical_source_proven,13,41,0.028308872364843862,0.02944354312465175,False,False,4.0375491393007055,0.6449871346766771,3.6176666966068436,7.585859197554724,5.414140802445276,-2,17,True,-9,25,True,-14,30,True,3.9757720543977797,0.35854476824390213,3.602869358284657,46.24713935265493,5.2471393526549335,37,55,True,29,64,True,24,69,True
structural_gaussian_map_laplace,2025_11_SEA_LA,2025-11-11T16:00:00+00:00,retrospective_historical_source_replay,True,archive:asset:318837553:sha256:0c3cc4cb9fdff4d1991c25a9edfa6e77fcff0f0c395d55981f1791da85cd5d5a,https://api.github.com/repos/nflverse/nflverse-data-archives/releases/assets/318837553,historical_source_proven,2,40,0.028976304870272196,0.028428326886341226,False,False,3.37436705331155,0.4400371271133968,3.550053105937505,4.3966851269174425,2.3966851269174425,-5,14,True,-13,22,True,-18,27,True,3.9129310444689485,0.366476238963137,3.6050576714553397,44.940413576100745,4.940413576100745,36,54,True,27,63,True,22,68,True
structural_gaussian_map_laplace,2025_11_SF_ARI,2025-11-11T16:00:00+00:00,retrospective_historical_source_replay,True,archive:asset:318837553:sha256:0c3cc4cb9fdff4d1991c25a9edfa6e77fcff0f0c395d55981f1791da85cd5d5a,https://api.github.com/repos/nflverse/nflverse-data-archives/releases/assets/318837553,historical_source_proven,-19,63,0.026468247747675755,0.02375607998200402,False,False,10.906409195240245,0.12503080176081116,4.363460007568188,-1.7022160619453097,17.29778393805469,-12,9,False,-21,17,True,-27,22,True,10.842699496301186,0.8953702535630819,4.345170029655936,45.88586996451164,17.11413003548836,37,55,False,29,63,True,24,68,True
structural_gaussian_map_laplace,2025_11_TB_BUF,2025-11-11T16:00:00+00:00,retrospective_historical_source_replay,True,archive:asset:318837553:sha256:0c3cc4cb9fdff4d1991c25a9edfa6e77fcff0f0c395d55981f1791da85cd5d5a,https://api.github.com/repos/nflverse/nflverse-data-archives/releases/assets/318837553,historical_source_proven,12,76,0.03332988646127372,0.033157962382547757,False,False,4.359403149024029,0.7070378382726993,3.5851568615265763,5.197754506082868,6.802245493917132,-3,13,True,-10,21,True,-15,26,True,22.128006248260796,0.9821975134364487,5.868794700044894,46.282242907614176,29.717757092385824,37,55,False,29,64,False,24,69,False
structural_gaussian_map_laplace,2025_11_WAS_MIA,2025-11-11T16:00:00+00:00,retrospective_historical_source_replay,True,archive:asset:318837553:sha256:0c3cc4cb9fdff4d1991c25a9edfa6e77fcff0f0c395d55981f1791da85cd5d5a,https://api.github.com/repos/nflverse/nflverse-data-archives/releases/assets/318837553,historical_source_proven,3,29,0.030071562241096306,0.02838694103171635,True,False,3.161825139838577,0.5548838958466321,3.5041753298528073,1.263717793542554,1.736282206457446,-7,10,True,-16,18,True,-22,23,True,10.990055692309527,0.10735493305586162,4.343428529113135,46.506327224846714,17.506327224846714,37,56,False,29,64,True,24,70,True
structural_gaussian_map_laplace,2025_12_ATL_NO,2025-11-18T16:00:00+00:00,retrospective_historical_source_replay,True,archive:asset:321531075:sha256:329873c6f615a0c3aecac8b59a323c695af8c33435b396f2ef1c2b1c24977a22,https://api.github.com/repos/nflverse/nflverse-data-archives/releases/assets/321531075,historical_source_proven,-14,34,0.029387385168612834,0.027746251171327008,False,False,10.046692506151958,0.11409109712334807,4.217846049277463,2.1103446984047842,16.110344698404784,-7,11,False,-15,19,True,-20,24,True,5.770045745936354,0.25803199835121093,3.805427081436208,43.48137440817405,9.481374408174048,34,53,True,25,62,True,20,67,True
structural_gaussian_map_laplace,2025_12_BUF_HOU,2025-11-18T16:00:00+00:00,retrospective_historical_source_replay,True,archive:asset:321531075:sha256:329873c6f615a0c3aecac8b59a323c695af8c33435b396f2ef1c2b1c24977a22,https://api.github.com/repos/nflverse/nflverse-data-archives/releases/assets/321531075,historical_source_proven,4,42,0.03213998855023881,0.029133112307397457,False,False,3.0455864747229544,0.5908604356742015,3.4528617740294782,1.813938317670961,2.186061682329039,-7,10,True,-14,18,True,-18,22,True,3.687831845810547,0.4094605231277818,3.6016327420679777,45.67919338007872,3.679193380078722,36,55,True,27,64,True,22,69,True
structural_gaussian_map_laplace,2025_12_CAR_SF,2025-11-18T16:00:00+00:00,retrospective_historical_source_replay,True,archive:asset:321531075:sha256:329873c6f615a0c3aecac8b59a323c695af8c33435b396f2ef1c2b1c24977a22,https://api.github.com/repos/nflverse/nflverse-data-archives/releases/assets/321531075,historical_source_proven,11,29,0.03353935512922507,0.03259540992512722,False,False,4.240960092518069,0.7154015102937756,3.566124722595899,4.416938715232908,6.583061284767092,-4,12,True,-11,20,True,-15,24,True,11.69286859855297,0.1003498031575272,4.418628837437586,47.418266053710816,18.418266053710816,38,57,False,29,66,True,24,71,True
structural_gaussian_map_laplace,2025_12_CLE_LV,2025-11-18T16:00:00+00:00,retrospective_historical_source_replay,True,archive:asset:321531075:sha256:329873c6f615a0c3aecac8b59a323c695af8c33435b396f2ef1c2b1c24977a22,https://api.github.com/repos/nflverse/nflverse-data-archives/releases/assets/321531075,historical_source_proven,-14,34,0.0325177200030724,0.026951301110473502,False,False,8.26729094506924,0.12738064180739928,4.041061597415009,-0.5015079952068046,13.498492004793196,-8,7,False,-15,15,True,-20,19,True,4.7049948120850855,0.32182600306528314,3.7294706299300606,40.75984036766563,6.759840367665632,31,51,True,21,60,True,16,66,True
structural_gaussian_map_laplace,2025_12_IND_KC,2025-11-18T16:00:00+00:00,retrospective_historical_source_replay,True,archive:asset:321531075:sha256:329873c6f615a0c3aecac8b59a323c695af8c33435b396f2ef1c2b1c24977a22,https://api.github.com/repos/nflverse/nflverse-data-archives/releases/assets/321531075,historical_source_proven,3,43,0.02952657531876779,0.02796872941443307,True,False,3.163313099771888,0.515366798169916,3.522464562902322,2.496464128564412,0.503535871435588,-7,12,True,-15,20,True,-20,25,True,4.385509906871971,0.35288080330788557,3.688944537322396,48.95157656301282,5.9515765630128215,39,59,True,30,68,True,25,73,True
structural_gaussian_map_laplace,2025_12_JAX_ARI,2025-11-18T16:00:00+00:00,retrospective_historical_source_replay,True,archive:asset:321531075:sha256:329873c6f615a0c3aecac8b59a323c695af8c33435b396f2ef1c2b1c24977a22,https://api.github.com/repos/nflverse/nflverse-data-archives/releases/assets/321531075,historical_source_proven,-3,51,0.03144249670509469,0.0294640244274893,False,False,3.6952992161657683,0.3571891523748243,3.5584769421637596,1.5422509674063933,4.542250967406393,-7,10,True,-15,18,True,-20,22,True,4.165877826539166,0.656343471260101,3.655140793341673,45.58907234247073,5.410927657529271,36,55,True,27,64,True,22,69,True
structural_gaussian_map_laplace,2025_12_MIN_GB,2025-11-18T16:00:00+00:00,retrospective_historical_source_replay,True,archive:asset:321531075:sha256:329873c6f615a0c3aecac8b59a323c695af8c33435b396f2ef1c2b1c24977a22,https://api.github.com/repos/nflverse/nflverse-data-archives/releases/assets/321531075,historical_source_proven,17,29,0.027118571740711972,0.029900103565526748,False,False,4.622312449186693,0.7051829981933504,3.633725070546705,9.676201119490624,7.323798880509376,1,18,True,-7,26,True,-11,31,True,9.590755085745261,0.14264507702030305,4.1830331154521705,44.7332966670563,15.733296667056301,35,54,False,26,63,True,21,69,True
structural_gaussian_map_laplace,2025_12_NE_CIN,2025-11-18T16:00:00+00:00,retrospective_historical_source_replay,True,archive:asset:321531075:sha256:329873c6f615a0c3aecac8b59a323c695af8c33435b396f2ef1c2b1c24977a22,https://api.github.com/repos/nflverse/nflverse-data-archives/releases/assets/321531075,historical_source_proven,-6,46,0.021833691783200937,0.015586228085540887,False,False,3.0800637771634003,0.5534612901287895,3.4618746777524985,-8.005857242661877,2.005857242661877,-17,1,True,-25,8,True,-29,13,True,3.8722081820378724,0.3845652280520405,3.646883522584895,49.94367352502335,3.9436735250233497,40,60,True,31,69,True,25,74,True
structural_gaussian_map_laplace,2025_12_NYG_DET,2025-11-18T16:00:00+00:00,retrospective_historical_source_replay,True,archive:asset:321531075:sha256:329873c6f615a0c3aecac8b59a323c695af8c33435b396f2ef1c2b1c24977a22,https://api.github.com/repos/nflverse/nflverse-data-archives/releases/assets/321531075,historical_source_proven,7,61,0.02503190757168086,0.029104539724052192,False,True,3.664490028103447,0.3735626731993754,3.536861112709128,11.64219278138162,4.64219278138162,3,20,True,-5,28,True,-10,33,True,8.814088969286901,0.8476310425462361,4.112469948966503,46.44815741741557,14.551842582584428,37,56,False,28,65,True,23,70,True
structural_gaussian_map_laplace,2025_12_NYJ_BAL,2025-11-18T16:00:00+00:00,retrospective_historical_source_replay,True,archive:asset:321531075:sha256:329873c6f615a0c3aecac8b59a323c695af8c33435b396f2ef1c2b1c24977a22,https://api.github.com/repos/nflverse/nflverse-data-archives/releases/assets/321531075,historical_source_proven,13,33,0.028640271573501463,0.03075774724090863,False,False,3.823184234153389,0.6433561246061722,3.55257843584665,7.814362601311839,5.185637398688161,-1,17,True,-9,24,True,-14,29,True,8.05749635048602,0.17138077846938032,4.02832856165871,46.46954663611136,13.46954663611136,37,56,False,28,65,True,23,70,True
structural_gaussian_map_laplace,2025_12_PHI_DAL,2025-11-18T16:00:00+00:00,retrospective_historical_source_replay,True,archive:asset:321531075:sha256:329873c6f615a0c3aecac8b59a323c695af8c33435b396f2ef1c2b1c24977a22,https://api.github.com/repos/nflverse/nflverse-data-archives/releases/assets/321531075,historical_source_proven,3,45,0.02812829191292532,0.02228067452445892,True,False,4.25335247476548,0.7100819198738525,3.570979379513977,-3.609395271886209,6.609395271886209,-12,5,True,-20,12,True,-25,17,True,3.7554184481308446,0.3969088007511065,3.6250606480163077,48.615099021467366,3.6150990214673655,39,58,True,30,67,True,25,73,True
structural_gaussian_map_laplace,2025_12_PIT_CHI,2025-11-18T16:00:00+00:00,retrospective_historical_source_replay,True,archive:asset:321531075:sha256:329873c6f615a0c3aecac8b59a323c695af8c33435b396f2ef1c2b1c24977a22,https://api.github.com/repos/nflverse/nflverse-data-archives/releases/assets/321531075,historical_source_proven,3,59,0.032028843651312255,0.030889609570006415,True,False,2.9448362270975807,0.47971564622534796,3.4411184180635845,3.8707853313398277,0.8707853313398277,-5,12,True,-12,20,True,-17,25,True,7.233732501047678,0.8029512542889754,3.9426477394906105,46.82296003214492,12.17703996785508,37,56,False,28,65,True,23,70,True
structural_gaussian_map_laplace,2025_12_SEA_TEN,2025-11-18T16:00:00+00:00,retrospective_historical_source_replay,True,archive:asset:321531075:sha256:329873c6f615a0c3aecac8b59a323c695af8c33435b396f2ef1c2b1c24977a22,https://api.github.com/repos/nflverse/nflverse-data-archives/releases/assets/321531075,historical_source_proven,-6,54,0.01729940538625052,0.011603000941787234,False,False,3.6431672421094263,0.6492132039020325,3.5202668244834605,-10.738017784706422,4.738017784706422,-19,-2,True,-27,5,True,-32,10,True,5.469750666385956,0.729792637463512,3.775472264999355,45.179843726952456,8.820156273047544,36,55,True,27,63,True,22,69,True
structural_gaussian_map_laplace,2025_12_TB_LA,2025-11-18T16:00:00+00:00,retrospective_historical_source_replay,True,archive:asset:321531075:sha256:329873c6f615a0c3aecac8b59a323c695af8c33435b396f2ef1c2b1c24977a22,https://api.github.com/repos/nflverse/nflverse-data-archives/releases/assets/321531075,historical_source_proven,27,41,0.030328135260630995,0.031132582514021623,False,False,14.286318457845825,0.9437234222246795,4.81979570409211,5.945204401177855,21.054795598822146,-3,15,False,-11,23,False,-16,28,True,4.0005662990837045,0.36679956151272974,3.646983887828799,45.701061438573596,4.701061438573596,36,56,True,27,64,True,22,70,True
structural_gaussian_map_laplace,2025_13_ARI_TB,2025-11-25T16:00:00+00:00,retrospective_historical_source_replay,True,archive:asset:324362504:sha256:899a366f22db4cb561fb4d88d209476a769ea9bee0cd8beab34020389fba5016,https://api.github.com/repos/nflverse/nflverse-data-archives/releases/assets/324362504,historical_source_proven,3,37,0.030560031187370107,0.031016172360961658,True,False,3.168366393814584,0.432396484286335,3.4880622941552115,5.45359584498242,2.45359584498242,-3,14,True,-11,22,True,-15,26,True,5.11127522107214,0.2711998012226256,3.7240496672009296,45.18588650250162,8.185886502501617,36,55,True,27,63,True,22,68,True
structural_gaussian_map_laplace,2025_13_ATL_NYJ,2025-11-25T16:00:00+00:00,retrospective_historical_source_replay,True,archive:asset:324362504:sha256:899a366f22db4cb561fb4d88d209476a769ea9bee0cd8beab34020389fba5016,https://api.github.com/repos/nflverse/nflverse-data-archives/releases/assets/324362504,historical_source_proven,3,51,0.02787283569474297,0.023089695003857047,True,False,4.056222115023717,0.6896382723502146,3.580102695454167,-2.94223358095645,5.94223358095645,-12,6,True,-19,13,True,-24,18,True,4.394850015554872,0.6694239239524179,3.662152965163483,44.6956756553905,6.304324344609498,35,54,True,27,63,True,22,68,True
structural_gaussian_map_laplace,2025_13_BUF_PIT,2025-11-25T16:00:00+00:00,retrospective_historical_source_replay,True,archive:asset:324362504:sha256:899a366f22db4cb561fb4d88d209476a769ea9bee0cd8beab34020389fba5016,https://api.github.com/repos/nflverse/nflverse-data-archives/releases/assets/324362504,historical_source_proven,-19,33,0.026942359975962615,0.0197468497576454,False,False,8.705716319064125,0.10785359151943455,4.102336689491556,-5.0527243117727565,13.947275688227244,-13,3,False,-20,10,True,-24,14,True,7.361200243746371,0.18984667169124927,3.947057339397849,45.36664342110018,12.366643421100179,36,55,False,28,63,True,23,68,True
structural_gaussian_map_laplace,2025_13_CHI_PHI,2025-11-25T16:00:00+00:00,retrospective_historical_source_replay,True,archive:asset:324362504:sha256:899a366f22db4cb561fb4d88d209476a769ea9bee0cd8beab34020389fba5016,https://api.github.com/repos/nflverse/nflverse-data-archives/releases/assets/324362504,historical_source_proven,-9,39,0.03457783555142563,0.03437175154925143,False,False,8.406185377562698,0.12273740921932969,4.06850593584014,4.512615318550769,13.512615318550768,-3,12,False,-10,19,True,-15,23,True,4.043845214158232,0.34736320312379354,3.627242331845915,44.248410293862946,5.248410293862946,35,54,True,26,62,True,21,67,True
structural_gaussian_map_laplace,2025_13_CIN_BAL,2025-11-25T16:00:00+00:00,retrospective_historical_source_replay,True,archive:asset:324362504:sha256:899a366f22db4cb561fb4d88d209476a769ea9bee0cd8beab34020389fba5016,https://api.github.com/repos/nflverse/nflverse-data-archives/releases/assets/324362504,historical_source_proven,-18,46,0.023656110281487175,0.02816044614144453,False,False,22.285017059677813,0.0182914054115368,5.891489674303363,11.52852169081974,29.52852169081974,3,20,False,-5,28,False,-11,33,False,3.505120618736519,0.4373936386417625,3.5884064837643517,48.547729656150395,2.547729656150395,39,58,True,30,67,True,25,72,True
structural_gaussian_map_laplace,2025_13_DEN_WAS,2025-11-25T16:00:00+00:00,retrospective_historical_source_replay,True,archive:asset:324362504:sha256:899a366f22db4cb561fb4d88d209476a769ea9bee0cd8beab34020389fba5016,https://api.github.com/repos/nflverse/nflverse-data-archives/releases/assets/324362504,historical_source_proven,-1,53,0.02534264794688268,0.018937801442757474,False,False,3.565606864601138,0.6626158800020779,3.49363585692872,-5.731266174429352,4.731266174429352,-14,3,True,-21,10,True,-26,14,True,5.056272819008677,0.7280445743839279,3.719584338551587,44.96494029659742,8.035059703402581,36,54,True,27,63,True,22,68,True
structural_gaussian_map_laplace,2025_13_GB_DET,2025-11-25T16:00:00+00:00,retrospective_historical_source_replay,True,archive:asset:324362504:sha256:899a366f22db4cb561fb4d88d209476a769ea9bee0cd8beab34020389fba5016,https://api.github.com/repos/nflverse/nflverse-data-archives/releases/assets/324362504,historical_source_proven,-7,55,0.033277240107349115,0.03217345171760544,False,False,6.385497139790857,0.18823353742357357,3.793479115571041,3.6927607275055183,10.692760727505519,-4,12,False,-11,19,True,-16,23,True,5.8873779129965955,0.7685293925887229,3.8044621424400527,45.25315053938487,9.746849460615131,36,55,True,27,63,True,22,68,True
structural_gaussian_map_laplace,2025_13_HOU_IND,2025-11-25T16:00:00+00:00,retrospective_historical_source_replay,True,archive:asset:324362504:sha256:899a366f22db4cb561fb4d88d209476a769ea9bee0cd8beab34020389fba5016,https://api.github.com/repos/nflverse/nflverse-data-archives/releases/assets/324362504,historical_source_proven,-4,36,0.0304455548465678,0.03030562408952464,False,False,5.532557259759741,0.25008719424843934,3.722309010008295,5.316507748722117,9.316507748722117,-4,14,True,-11,22,True,-16,27,True,6.434350842137205,0.22946326907517417,3.8583934282190127,46.78043634251232,10.780436342512317,37,56,False,29,65,True,24,70,True
structural_gaussian_map_laplace,2025_13_JAX_TEN,2025-11-25T16:00:00+00:00,retrospective_historical_source_replay,True,archive:asset:324362504:sha256:899a366f22db4cb561fb4d88d209476a769ea9bee0cd8beab34020389fba5016,https://api.github.com/repos/nflverse/nflverse-data-archives/releases/assets/324362504,historical_source_proven,-22,28,0.02490351104797972,0.01890561610907493,False,False,10.281901109991692,0.10475663128982894,4.272711080587898,-5.77220086500576,16.22779913499424,-14,3,False,-22,10,True,-26,15,True,9.869475021331807,0.13060118175604726,4.214633473620939,44.04010492634203,16.040104926342032,35,54,False,26,62,True,21,67,True
structural_gaussian_map_laplace,2025_13_KC_DAL,2025-11-25T16:00:00+00:00,retrospective_historical_source_replay,True,archive:asset:324362504:sha256:899a366f22db4cb561fb4d88d209476a769ea9bee0cd8beab34020389fba5016,https://api.github.com/repos/nflverse/nflverse-data-archives/releases/assets/324362504,historical_source_proven,3,59,0.027821863853316087,0.021708760772949587,True,False,4.393179525584319,0.7190184231751768,3.581933097846916,-4.022364285728586,7.022364285728586,-12,4,True,-20,12,True,-24,16,True,5.704574348890979,0.7434168301895754,3.8205394527191845,49.87230788723668,9.12769211276332,40,60,True,31,69,True,26,75,True
structural_gaussian_map_laplace,2025_13_LA_CAR,2025-11-25T16:00:00+00:00,retrospective_historical_source_replay,True,archive:asset:324362504:sha256:899a366f22db4cb561fb4d88d209476a769ea9bee0cd8beab34020389fba5016,https://api.github.com/repos/nflverse/nflverse-data-archives/releases/assets/324362504,historical_source_proven,3,59,0.022543435480876006,0.015642142697264494,True,False,6.196466338144151,0.8127090295234007,3.792311364909565,-7.254230397612107,10.254230397612108,-15,0,False,-22,8,True,-26,12,True,8.450154877992606,0.8449663781958777,4.067674351229205,44.997751216478036,14.002248783521964,36,54,False,27,63,True,22,68,True
structural_gaussian_map_laplace,2025_13_LV_LAC,2025-11-25T16:00:00+00:00,retrospective_historical_source_replay,True,archive:asset:324362504:sha256:899a366f22db4cb561fb4d88d209476a769ea9bee0cd8beab34020389fba5016,https://api.github.com/repos/nflverse/nflverse-data-archives/releases/assets/324362504,historical_source_proven,17,45,0.028772992951340948,0.03185455977260576,False,False,4.92920753222095,0.7330073895628618,3.6501516049580536,8.93917937470031,8.06082062529969,1,17,True,-7,25,True,-11,29,True,3.5389814005277804,0.5726298171063219,3.5923216626892853,42.252832359009446,2.747167640990554,33,52,True,24,61,True,19,66,True
structural_gaussian_map_laplace,2025_13_MIN_SEA,2025-11-25T16:00:00+00:00,retrospective_historical_source_replay,True,archive:asset:324362504:sha256:899a366f22db4cb561fb4d88d209476a769ea9bee0cd8beab34020389fba5016,https://api.github.com/repos/nflverse/nflverse-data-archives/releases/assets/324362504,historical_source_proven,26,26,0.025311028070473307,0.02880921941149711,False,False,9.600678707717218,0.8676959031533643,4.204795573603966,10.460069457509395,15.539930542490605,1,20,False,-7,28,True,-12,33,True,10.563323226274955,0.11924859852931032,4.298524718360956,42.918861701322854,16.918861701322854,33,52,False,25,61,True,19,66,True
structural_gaussian_map_laplace,2025_13_NO_MIA,2025-11-25T16:00:00+00:00,retrospective_historical_source_replay,True,archive:asset:324362504:sha256:899a366f22db4cb561fb4d88d209476a769ea9bee0cd8beab34020389fba5016,https://api.github.com/repos/nflverse/nflverse-data-archives/releases/assets/324362504,historical_source_proven,4,38,0.033048885429820374,0.03141456122054054,False,False,2.8426416373469925,0.5304559178319553,3.4117471785858866,3.4455654325486402,0.5544345674513598,-5,12,True,-12,19,True,-17,24,True,4.1843367521602985,0.3341007751948553,3.641742120630886,43.68550764858249,5.685507648582487,34,53,True,26,62,True,20,67,True
structural_gaussian_map_laplace,2025_13_NYG_NE,2025-11-25T16:00:00+00:00,retrospective_historical_source_replay,True,archive:asset:324362504:sha256:899a366f22db4cb561fb4d88d209476a769ea9bee0cd8beab34020389fba5016,https://api.github.com/repos/nflverse/nflverse-data-archives/releases/assets/324362504,historical_source_proven,18,48,0.02985870551172476,0.03167187315224007,False,False,6.4625254243072465,0.8145505756060578,3.8127645859162618,7.015020834423197,10.984979165576803,-1,16,False,-9,23,True,-14,28,True,3.2840370776169125,0.5264100422274984,3.5570014766295666,47.30586326648773,0.6941367335122735,38,57,True,29,65,True,24,70,True
structural_gaussian_map_laplace,2025_13_SF_CLE,2025-11-25T16:00:00+00:00,retrospective_historical_source_replay,True,archive:asset:324362504:sha256:899a366f22db4cb561fb4d88d209476a769ea9bee0cd8beab34020389fba5016,https://api.github.com/repos/nflverse/nflverse-data-archives/releases/assets/324362504,historical_source_proven,-18,34,0.03005073960791993,0.02511165433047846,False,False,10.283626910753997,0.0990680332036431,4.284581541312345,-1.8484066218376476,16.151593378162353,-10,7,False,-18,14,True,-22,18,True,6.354429100171094,0.22771759437150058,3.840658352010691,44.700299020001694,10.700299020001694,35,54,False,27,63,True,22,68,True
structural_gaussian_map_laplace,2025_14_CHI_GB,2025-12-02T16:00:00+00:00,retrospective_historical_source_replay,True,archive:asset:332861918:sha256:493dc1dc5a36242e6329e6c421f09447e5938c1681ffda92ad61165c0f8b512f,https://api.github.com/repos/nflverse/nflverse-data-archives/releases/assets/332861918,historical_source_proven,7,49,0.034096744963936,0.03577549894784249,False,True,2.6188831910150596,0.5082921284080689,3.3304920068069,6.35005087597506,0.64994912402494,-1,14,True,-8,21,True,-12,25,True,3.237626241710384,0.5797414407478283,3.512646565459714,46.74690360926985,2.25309639073015,38,56,True,30,64,True,25,69,True
structural_gaussian_map_laplace,2025_14_CIN_BUF,2025-12-02T16:00:00+00:00,retrospective_historical_source_replay,True,archive:asset:332861918:sha256:493dc1dc5a36242e6329e6c421f09447e5938c1681ffda92ad61165c0f8b512f,https://api.github.com/repos/nflverse/nflverse-data-archives/releases/assets/332861918,historical_source_proven,5,73,0.025124778351263616,0.030877435282350152,False,False,4.464335960798576,0.2631867204849764,3.5650972174799875,12.289021082729654,7.289021082729654,4,20,True,-3,28,True,-7,32,True,17.75263805497926,0.9700631139654021,5.270798957303606,48.04054871157152,24.959451288428482,39,57,False,31,65,False,26,70,False
structural_gaussian_map_laplace,2025_14_DAL_DET,2025-12-02T16:00:00+00:00,retrospective_historical_source_replay,True,archive:asset:332861918:sha256:493dc1dc5a36242e6329e6c421f09447e5938c1681ffda92ad61165c0f8b512f,https://api.github.com/repos/nflverse/nflverse-data-archives/releases/assets/332861918,historical_source_proven,14,74,0.03470650350801502,0.03663099882862486,False,False,4.678250901183753,0.7627077422679915,3.562684657473014,6.216565008075266,7.783434991924734,-1,14,True,-8,20,True,-12,25,True,20.130424294058255,0.9780611346983278,5.629387268258539,46.53619681493071,27.46380318506929,38,56,False,29,64,False,25,69,False
structural_gaussian_map_laplace,2025_14_DEN_LV,2025-12-02T16:00:00+00:00,retrospective_historical_source_replay,True,archive:asset:332861918:sha256:493dc1dc5a36242e6329e6c421f09447e5938c1681ffda92ad61165c0f8b512f,https://api.github.com/repos/nflverse/nflverse-data-archives/releases/assets/332861918,historical_source_proven,-7,41,0.021410098073078365,0.014202454781577223,False,False,2.6664658901459553,0.5558541160983592,3.3419790112467505,-8.032532101916113,1.0325321019161127,-16,-1,True,-22,6,True,-26,11,True,3.1741177440102084,0.5068303855652345,3.5261900829569357,40.584685788905,0.41531421109500144,31,50,True,23,58,True,18,63,True
structural_gaussian_map_laplace,2025_14_HOU_KC,2025-12-02T16:00:00+00:00,retrospective_historical_source_replay,True,archive:asset:332861918:sha256:493dc1dc5a36242e6329e6c421f09447e5938c1681ffda92ad61165c0f8b512f,https://api.github.com/repos/nflverse/nflverse-data-archives/releases/assets/332861918,historical_source_proven,-10,30,0.030780602364005705,0.030910561372105683,False,False,8.7701748655537,0.12729176000881057,4.092888348136302,4.097339259587498,14.097339259587498,-4,13,False,-12,20,True,-17,24,True,8.998924626132235,0.1317818619985721,4.124705026903799,44.66520148898052,14.665201488980522,36,54,False,28,62,True,23,66,True
structural_gaussian_map_laplace,2025_14_IND_JAX,2025-12-02T16:00:00+00:00,retrospective_historical_source_replay,True,archive:asset:332861918:sha256:493dc1dc5a36242e6329e6c421f09447e5938c1681ffda92ad61165c0f8b512f,https://api.github.com/repos/nflverse/nflverse-data-archives/releases/assets/332861918,historical_source_proven,17,55,0.02718711044898725,0.022396820224269254,False,False,12.439639871981019,0.914046383639876,4.510484052864494,-1.748150531140196,18.748150531140197,-11,7,False,-18,15,False,-22,20,True,5.0980551977002815,0.7324757342948206,3.6992936105588283,46.71737081994792,8.282629180052083,38,56,True,30,64,True,25,69,True
structural_gaussian_map_laplace,2025_14_LA_ARI,2025-12-02T16:00:00+00:00,retrospective_historical_source_replay,True,archive:asset:332861918:sha256:493dc1dc5a36242e6329e6c421f09447e5938c1681ffda92ad61165c0f8b512f,https://api.github.com/repos/nflverse/nflverse-data-archives/releases/assets/332861918,historical_source_proven,-28,62,0.02597600131915867,0.02047935797839029,False,False,16.996013170046265,0.022507770847439493,5.393190266240539,-4.273722223554369,23.72627777644563,-13,4,False,-20,12,False,-24,16,False,11.55713962771775,0.9065778976748994,4.436075557969578,44.082075429273814,17.917924570726186,35,53,False,27,61,False,22,66,True
structural_gaussian_map_laplace,2025_14_MIA_NYJ,2025-12-02T16:00:00+00:00,retrospective_historical_source_replay,True,archive:asset:332861918:sha256:493dc1dc5a36242e6329e6c421f09447e5938c1681ffda92ad61165c0f8b512f,https://api.github.com/repos/nflverse/nflverse-data-archives/releases/assets/332861918,historical_source_proven,-24,44,0.03511920787164402,0.03244358599197794,False,False,19.811994073161433,0.01142182092605567,5.945134169045485,2.1083872732298294,26.10838727322983,-5,10,False,-12,17,False,-17,21,False,3.0936283657722927,0.48567077312636137,3.5005419134112183,44.18765216290602,0.18765216290601927,35,53,True,27,61,True,22,66,True
structural_gaussian_map_laplace,2025_14_NO_TB,2025-12-02T16:00:00+00:00,retrospective_historical_source_replay,True,archive:asset:332861918:sha256:493dc1dc5a36242e6329e6c421f09447e5938c1681ffda92ad61165c0f8b512f,https://api.github.com/repos/nflverse/nflverse-data-archives/releases/assets/332861918,historical_source_proven,-4,44,0.03168734577097959,0.03403840746230319,False,False,6.678954671210646,0.17298031832588134,3.848843677073863,7.078135168063103,11.078135168063103,-1,15,False,-8,22,True,-12,26,True,3.2359227600503537,0.5464292904353156,3.529090596926886,42.396498878795896,1.6035011212041042,33,52,True,25,60,True,20,65,True
structural_gaussian_map_laplace,2025_14_PHI_LAC,2025-12-02T16:00:00+00:00,retrospective_historical_source_replay,True,archive:asset:332861918:sha256:493dc1dc5a36242e6329e6c421f09447e5938c1681ffda92ad61165c0f8b512f,https://api.github.com/repos/nflverse/nflverse-data-archives/releases/assets/332861918,historical_source_proven,3,41,0.03236700680728677,0.02878104399801673,True,False,2.9944824768634106,0.5906037922098161,3.4306156834291928,0.7180149898315735,2.2819850101684267,-7,9,True,-15,16,True,-19,21,True,3.201920413815212,0.45347885410502536,3.5215420290905377,42.43215970007404,1.4321597000740383,33,51,True,25,60,True,20,65,True
structural_gaussian_map_laplace,2025_14_PIT_BAL,2025-12-02T16:00:00+00:00,retrospective_historical_source_replay,True,archive:asset:332861918:sha256:493dc1dc5a36242e6329e6c421f09447e5938c1681ffda92ad61165c0f8b512f,https://api.github.com/repos/nflverse/nflverse-data-archives/releases/assets/332861918,historical_source_proven,-5,49,0.03380198279031643,0.03344038486058132,False,False,6.04451437454508,0.19425617100418568,3.740811164796075,5.423182329227416,10.423182329227416,-3,13,False,-10,21,True,-14,26,True,3.493925915122345,0.6113099253803989,3.5518546359837164,45.58786412868369,3.412135871316309,36,55,True,28,63,True,23,68,True
structural_gaussian_map_laplace,2025_14_SEA_ATL,2025-12-02T16:00:00+00:00,retrospective_historical_source_replay,True,archive:asset:332861918:sha256:493dc1dc5a36242e6329e6c421f09447e5938c1681ffda92ad61165c0f8b512f,https://api.github.com/repos/nflverse/nflverse-data-archives/releases/assets/332861918,historical_source_proven,-28,46,0.03077480603901106,0.025432733993763668,False,False,19.192292703281343,0.01585859501437711,5.694445089879341,-2.1774659181885214,25.82253408181148,-10,6,False,-18,13,False,-22,17,False,3.1616727141931404,0.533566086476526,3.513153066086888,44.777590610924804,1.222409389075196,36,54,True,28,62,True,23,67,True
structural_gaussian_map_laplace,2025_14_TEN_CLE,2025-12-02T16:00:00+00:00,retrospective_historical_source_replay,True,archive:asset:332861918:sha256:493dc1dc5a36242e6329e6c421f09447e5938c1681ffda92ad61165c0f8b512f,https://api.github.com/repos/nflverse/nflverse-data-archives/releases/assets/332861918,historical_source_proven,-2,60,0.033381174991165496,0.033495799267042825,False,False,4.457477147302636,0.28067998953054274,3.58492594134731,5.161153663520329,7.161153663520329,-3,13,True,-10,21,True,-15,25,True,12.8815233602338,0.9254669086262837,4.583336382820464,40.34973219326427,19.650267806735727,31,50,False,23,58,False,18,63,True
structural_gaussian_map_laplace,2025_14_WAS_MIN,2025-12-02T16:00:00+00:00,retrospective_historical_source_replay,True,archive:asset:332861918:sha256:493dc1dc5a36242e6329e6c421f09447e5938c1681ffda92ad61165c0f8b512f,https://api.github.com/repos/nflverse/nflverse-data-archives/releases/assets/332861918,historical_source_proven,31,31,0.03155426299841091,0.026450153186014846,False,False,24.863730719583412,0.9957084065139146,6.893960252327189,-0.3895854429999157,31.389585442999916,-8,7,False,-15,15,False,-19,19,False,8.056776668151132,0.16011802415138646,4.01388092744034,44.368516636041015,13.368516636041015,35,53,False,27,61,True,23,66,True
structural_gaussian_map_laplace,2025_15_ARI_HOU,2025-12-09T16:00:00+00:00,retrospective_historical_source_replay,True,archive:asset:332861918:sha256:493dc1dc5a36242e6329e6c421f09447e5938c1681ffda92ad61165c0f8b512f,https://api.github.com/repos/nflverse/nflverse-data-archives/releases/assets/332861918,historical_source_proven,20,60,0.035476077568103837,0.03733654244131723,False,False,8.749099483252046,0.9086362996774882,4.124763333617917,6.187780910170039,13.812219089829961,-1,13,False,-8,20,True,-12,24,True,11.056337106039317,0.9097291469414759,4.385341068795601,42.83284711016766,17.167152889832337,34,51,False,27,59,False,22,64,True
structural_gaussian_map_laplace,2025_15_ATL_TB,2025-12-09T16:00:00+00:00,retrospective_historical_source_replay,True,archive:asset:332861918:sha256:493dc1dc5a36242e6329e6c421f09447e5938c1681ffda92ad61165c0f8b512f,https://api.github.com/repos/nflverse/nflverse-data-archives/releases/assets/332861918,historical_source_proven,-1,57,0.033904986281246274,0.030799655422278804,False,False,3.0308411902054044,0.39345343922821124,3.399539415431069,2.125791008882588,3.125791008882588,-6,10,True,-13,17,True,-17,21,True,7.745888966628721,0.8523029117986974,3.9738466285502883,44.152271755997376,12.847728244002624,36,53,False,28,60,True,23,65,True
structural_gaussian_map_laplace,2025_15_BAL_CIN,2025-12-09T16:00:00+00:00,retrospective_historical_source_replay,True,archive:asset:332861918:sha256:493dc1dc5a36242e6329e6c421f09447e5938c1681ffda92ad61165c0f8b512f,https://api.github.com/repos/nflverse/nflverse-data-archives/releases/assets/332861918,historical_source_proven,-24,24,0.02799693258181557,0.020496676565354588,False,False,13.411384010276771,0.049047544381742546,4.8158914298045055,-4.551318159448219,19.44868184055178,-12,3,False,-19,10,False,-24,15,True,16.130676802224222,0.038398957254897746,5.073059935256568,47.03066409944325,23.03066409944325,38,56,False,30,64,False,26,68,False
structural_gaussian_map_laplace,2025_15_BUF_NE,2025-12-09T16:00:00+00:00,retrospective_historical_source_replay,True,archive:asset:332861918:sha256:493dc1dc5a36242e6329e6c421f09447e5938c1681ffda92ad61165c0f8b512f,https://api.github.com/repos/nflverse/nflverse-data-archives/releases/assets/332861918,historical_source_proven,-4,66,0.03369572611453708,0.030805590834393493,False,False,3.9706586322978286,0.31260468056566565,3.5301800802885634,2.0230265510389422,6.023026551038942,-6,10,True,-13,17,True,-18,22,True,13.619939226931383,0.9412422009469429,4.7386959644066975,45.85657762085913,20.143422379140873,37,54,False,30,62,False,25,67,True
structural_gaussian_map_laplace,2025_15_CAR_NO,2025-12-09T16:00:00+00:00,retrospective_historical_source_replay,True,archive:asset:332861918:sha256:493dc1dc5a36242e6329e6c421f09447e5938c1681ffda92ad61165c0f8b512f,https://api.github.com/repos/nflverse/nflverse-data-archives/releases/assets/332861918,historical_source_proven,3,37,0.03246382785426438,0.02909870111026225,True,False,2.9424737117751443,0.5722096228944652,3.4276287985783243,1.1527968135932491,1.8472031864067509,-7,9,True,-14,17,True,-18,21,True,4.189771438544358,0.32030294283204275,3.5857980932000846,43.29819959924027,6.29819959924027,35,52,True,27,60,True,22,64,True
structural_gaussian_map_laplace,2025_15_CLE_CHI,2025-12-09T16:00:00+00:00,retrospective_historical_source_replay,True,archive:asset:332861918:sha256:493dc1dc5a36242e6329e6c421f09447e5938c1681ffda92ad61165c0f8b512f,https://api.github.com/repos/nflverse/nflverse-data-archives/releases/assets/332861918,historical_source_proven,28,34,0.03309100346592431,0.03299912205042588,False,False,16.54802740848147,0.9718815446973957,5.261831946295605,4.985874598557151,23.014125401442847,-3,13,False,-10,20,False,-15,25,False,4.484128236045695,0.29112618759481085,3.625152309578059,40.96798065776053,6.967980657760528,32,50,True,24,58,True,20,62,True
structural_gaussian_map_laplace,2025_15_DET_LA,2025-12-09T16:00:00+00:00,retrospective_historical_source_replay,True,archive:asset:332861918:sha256:493dc1dc5a36242e6329e6c421f09447e5938c1681ffda92ad61165c0f8b512f,https://api.github.com/repos/nflverse/nflverse-data-archives/releases/assets/332861918,historical_source_proven,7,75,0.033179618937532074,0.03459073048521799,False,True,2.7451465718824295,0.5437589031267783,3.3641695378629306,6.264713142854562,0.7352868571454376,-2,14,True,-9,21,True,-13,26,True,22.52681746529979,0.9889887292128225,6.112114276041215,45.31785028028929,29.682149719710708,37,54,False,29,62,False,24,67,False
structural_gaussian_map_laplace,2025_15_GB_DEN,2025-12-09T16:00:00+00:00,retrospective_historical_source_replay,True,archive:asset:332861918:sha256:493dc1dc5a36242e6329e6c421f09447e5938c1681ffda92ad61165c0f8b512f,https://api.github.com/repos/nflverse/nflverse-data-archives/releases/assets/332861918,historical_source_proven,8,60,0.03513512523865481,0.03059343497494693,False,False,4.437885017175004,0.7476999530820846,3.541729428359952,0.6531586317207432,7.346841368279257,-7,8,True,-14,15,True,-18,19,True,9.525463604618809,0.8798078673071267,4.188148257109484,44.69935188776299,15.300648112237013,36,53,False,28,61,True,23,66,True
structural_gaussian_map_laplace,2025_15_IND_SEA,2025-12-09T16:00:00+00:00,retrospective_historical_source_replay,True,archive:asset:332861918:sha256:493dc1dc5a36242e6329e6c421f09447e5938c1681ffda92ad61165c0f8b512f,https://api.github.com/repos/nflverse/nflverse-data-archives/releases/assets/332861918,historical_source_proven,2,34,0.03191516344248102,0.029874527753212532,False,False,2.8994660553996026,0.5109871665103032,3.4423355318563287,1.7740155217564073,0.2259844782435927,-6,10,True,-14,18,True,-19,22,True,7.662821213967998,0.16877125241533966,3.969958749103553,46.72007385963818,12.720073859638177,38,55,False,30,63,True,25,68,True
structural_gaussian_map_laplace,2025_15_LAC_KC,2025-12-09T16:00:00+00:00,retrospective_historical_source_replay,True,archive:asset:332861918:sha256:493dc1dc5a36242e6329e6c421f09447e5938c1681ffda92ad61165c0f8b512f,https://api.github.com/repos/nflverse/nflverse-data-archives/releases/assets/332861918,historical_source_proven,-3,29,0.033891981887497036,0.031225324703764823,False,False,4.154424615562392,0.27483171935705014,3.4947167786330833,3.8405698780081288,6.840569878008129,-4,12,True,-11,19,True,-15,24,True,11.315851977729277,0.0787648428955128,4.426013736933459,46.438637670020114,17.438637670020114,38,55,False,30,63,False,26,67,True
structural_gaussian_map_laplace,2025_15_LV_PHI,2025-12-09T16:00:00+00:00,retrospective_historical_source_replay,True,archive:asset:332861918:sha256:493dc1dc5a36242e6329e6c421f09447e5938c1681ffda92ad61165c0f8b512f,https://api.github.com/repos/nflverse/nflverse-data-archives/releases/assets/332861918,historical_source_proven,31,31,0.029192527551597625,0.033840060104935565,False,False,14.705568238141348,0.9618282238720225,4.9461831205495175,10.080579230108123,20.91942076989188,2,18,False,-5,25,False,-9,30,False,5.776419140378441,0.22311600451864233,3.7554943653732367,40.67258368956218,9.672583689562181,32,49,False,24,57,True,20,62,True
structural_gaussian_map_laplace,2025_15_MIA_PIT,2025-12-09T16:00:00+00:00,retrospective_historical_source_replay,True,archive:asset:332861918:sha256:493dc1dc5a36242e6329e6c421f09447e5938c1681ffda92ad61165c0f8b512f,https://api.github.com/repos/nflverse/nflverse-data-archives/releases/assets/332861918,historical_source_proven,13,43,0.03398874509838112,0.032666922237267415,False,False,5.434131879114438,0.76897873517347,3.6972258955600408,3.9081673654315505,9.09183263456845,-4,12,False,-11,19,True,-16,23,True,3.2534018324519405,0.40325865089928403,3.4871843952617665,46.05092629411831,3.0509262941183124,37,55,True,30,62,True,25,67,True
structural_gaussian_map_laplace,2025_15_MIN_DAL,2025-12-09T16:00:00+00:00,retrospective_historical_source_replay,True,archive:asset:332861918:sha256:493dc1dc5a36242e6329e6c421f09447e5938c1681ffda92ad61165c0f8b512f,https://api.github.com/repos/nflverse/nflverse-data-archives/releases/assets/332861918,historical_source_proven,-8,60,0.035045947223066753,0.03571249460130088,False,False,8.81351633925338,0.09424823679367184,4.11166212044522,6.0467465537768135,14.046746553776813,-2,13,False,-8,20,True,-12,25,True,9.535005404436603,0.8877903465674672,4.19833250100564,44.72455591691032,15.275444083089681,36,53,False,28,61,True,24,66,True
structural_gaussian_map_laplace,2025_15_NYJ_JAX,2025-12-09T16:00:00+00:00,retrospective_historical_source_replay,True,archive:asset:332861918:sha256:493dc1dc5a36242e6329e6c421f09447e5938c1681ffda92ad61165c0f8b512f,https://api.github.com/repos/nflverse/nflverse-data-archives/releases/assets/332861918,historical_source_proven,28,68,0.03118222296151768,0.035257465024650936,False,False,13.3040149343797,0.9599178906055721,4.8264966574967,8.789911444976841,19.21008855502316,1,16,False,-5,23,False,-10,27,False,17.746843043274477,0.9739308020339751,5.330175655155465,43.29946788434954,24.70053211565046,35,52,False,27,60,False,22,64,False
structural_gaussian_map_laplace,2025_15_TEN_SF,2025-12-09T16:00:00+00:00,retrospective_historical_source_replay,True,archive:asset:332861918:sha256:493dc1dc5a36242e6329e6c421f09447e5938c1681ffda92ad61165c0f8b512f,https://api.github.com/repos/nflverse/nflverse-data-archives/releases/assets/332861918,historical_source_proven,13,61,0.03182036966236457,0.03430219961547609,False,False,3.65384935572111,0.6798487023604083,3.4898319537190545,7.829634797069748,5.170365202930252,0,16,True,-7,23,True,-11,27,True,9.806112830309349,0.8915427884338594,4.2201178692898225,45.336375957376475,15.663624042623525,37,54,False,29,62,True,24,66,True
structural_gaussian_map_laplace,2025_15_WAS_NYG,2025-12-09T16:00:00+00:00,retrospective_historical_source_replay,True,archive:asset:332861918:sha256:493dc1dc5a36242e6329e6c421f09447e5938c1681ffda92ad61165c0f8b512f,https://api.github.com/repos/nflverse/nflverse-data-archives/releases/assets/332861918,historical_source_proven,-8,50,0.03310153890365919,0.030318753207437266,False,False,6.209783289540918,0.18895695815711672,3.7646927360759754,2.5530393258701953,10.553039325870195,-6,11,False,-13,18,True,-17,23,True,3.1835936615900913,0.5530861968328772,3.4953359747238903,47.75735791857889,2.24264208142111,39,57,True,31,64,True,26,69,True
structural_gaussian_map_laplace,2025_16_ATL_ARI,2025-12-16T16:00:00+00:00,retrospective_historical_source_replay,True,archive:asset:332861918:sha256:493dc1dc5a36242e6329e6c421f09447e5938c1681ffda92ad61165c0f8b512f,https://api.github.com/repos/nflverse/nflverse-data-archives/releases/assets/332861918,historical_source_proven,-7,45,0.03464352020791939,0.02974572973589762,False,False,4.921755201114354,0.2431608189026199,3.610536079919412,1.324406169042704,8.324406169042703,-6,9,False,-13,17,True,-18,21,True,2.947709569248505,0.5159763914685245,3.447101513837915,44.118618187717786,0.8813818122822141,36,53,True,28,60,True,23,65,True
structural_gaussian_map_laplace,2025_16_BUF_CLE,2025-12-16T16:00:00+00:00,retrospective_historical_source_replay,True,archive:asset:332861918:sha256:493dc1dc5a36242e6329e6c421f09447e5938c1681ffda92ad61165c0f8b512f,https://api.github.com/repos/nflverse/nflverse-data-archives/releases/assets/332861918,historical_source_proven,-3,43,0.025531089323216793,0.0186982938212249,False,False,3.143427198746823,0.6018383173719228,3.4349132416855177,-6.183809068877979,3.183809068877979,-14,2,True,-22,9,True,-27,14,True,2.9871685808111077,0.5402162684370718,3.4546622994363227,41.80888795968477,1.1911120403152324,33,50,True,26,58,True,21,63,True
structural_gaussian_map_laplace,2025_16_CIN_MIA,2025-12-16T16:00:00+00:00,retrospective_historical_source_replay,True,archive:asset:332861918:sha256:493dc1dc5a36242e6329e6c421f09447e5938c1681ffda92ad61165c0f8b512f,https://api.github.com/repos/nflverse/nflverse-data-archives/releases/assets/332861918,historical_source_proven,-24,66,0.032273180482680464,0.03334763161290766,False,False,23.83340036201719,0.004287806703665835,6.829993062472139,6.461786986101503,30.4617869861015,-2,14,False,-9,22,False,-13,26,False,12.29681820966934,0.9255185131560881,4.543603156371881,47.31315865298859,18.68684134701141,39,56,False,31,64,False,26,68,True
structural_gaussian_map_laplace,2025_16_GB_CHI,2025-12-16T16:00:00+00:00,retrospective_historical_source_replay,True,archive:asset:332861918:sha256:493dc1dc5a36242e6329e6c421f09447e5938c1681ffda92ad61165c0f8b512f,https://api.github.com/repos/nflverse/nflverse-data-archives/releases/assets/332861918,historical_source_proven,6,38,0.0276349514467642,0.022419370175533193,False,False,5.923615341363238,0.7886692707247467,3.7349200741392212,-4.131585095968573,10.131585095968573,-13,5,False,-21,12,True,-26,16,True,5.171161419938552,0.24162713283073264,3.6887162696560405,46.52830218231785,8.528302182317852,38,55,True,30,63,True,25,68,True
structural_gaussian_map_laplace,2025_16_JAX_DEN,2025-12-16T16:00:00+00:00,retrospective_historical_source_replay,True,archive:asset:332861918:sha256:493dc1dc5a36242e6329e6c421f09447e5938c1681ffda92ad61165c0f8b512f,https://api.github.com/repos/nflverse/nflverse-data-archives/releases/assets/332861918,historical_source_proven,-14,54,0.03229557425373886,0.029285678974451,False,False,9.9249601261804,0.08533033174805077,4.233122181342032,1.713614072329884,15.713614072329884,-7,10,False,-13,17,False,-18,22,True,7.930056283872634,0.8397789561900605,3.998076426268532,40.88526740908429,13.114732590915708,32,50,False,24,57,True,20,62,True
structural_gaussian_map_laplace,2025_16_KC_TEN,2025-12-16T16:00:00+00:00,retrospective_historical_source_replay,True,archive:asset:332861918:sha256:493dc1dc5a36242e6329e6c421f09447e5938c1681ffda92ad61165c0f8b512f,https://api.github.com/repos/nflverse/nflverse-data-archives/releases/assets/332861918,historical_source_proven,17,35,0.019843447122277924,0.01406099928894089,False,False,18.305747190682588,0.9730079965426799,5.38322577868843,-7.936272676165768,24.936272676165768,-16,0,False,-23,8,False,-27,13,False,5.476388041715465,0.23262208596324047,3.7132007209248044,44.17304822740844,9.173048227408437,36,53,False,28,60,True,23,65,True
structural_gaussian_map_laplace,2025_16_LAC_DAL,2025-12-16T16:00:00+00:00,retrospective_historical_source_replay,True,archive:asset:332861918:sha256:493dc1dc5a36242e6329e6c421f09447e5938c1681ffda92ad61165c0f8b512f,https://api.github.com/repos/nflverse/nflverse-data-archives/releases/assets/332861918,historical_source_proven,-17,51,0.03268276478511323,0.028166917126954405,False,False,11.034493561470864,0.07618045534566995,4.403780672757837,-0.11853126761745325,16.881468732382547,-8,8,False,-15,15,False,-20,19,True,3.4894240573846824,0.6184970225057498,3.51947739803109,47.0227995276221,3.977200472377902,38,56,True,31,64,True,26,68,True
structural_gaussian_map_laplace,2025_16_LA_SEA,2025-12-16T16:00:00+00:00,retrospective_historical_source_replay,True,archive:asset:332861918:sha256:493dc1dc5a36242e6329e6c421f09447e5938c1681ffda92ad61165c0f8b512f,https://api.github.com/repos/nflverse/nflverse-data-archives/releases/assets/332861918,historical_source_proven,1,75,0.03293121052958681,0.029135496207811973,False,False,2.815437449902877,0.5443271890893823,3.3990254337190007,-0.16511891383044097,1.165118913830441,-8,8,True,-16,15,True,-20,19,True,23.228536987421826,0.9902261073157956,6.302291623852955,44.688684653668524,30.311315346331476,36,53,False,28,61,False,24,66,False
structural_gaussian_map_laplace,2025_16_LV_HOU,2025-12-16T16:00:00+00:00,retrospective_historical_source_replay,True,archive:asset:332861918:sha256:493dc1dc5a36242e6329e6c421f09447e5938c1681ffda92ad61165c0f8b512f,https://api.github.com/repos/nflverse/nflverse-data-archives/releases/assets/332861918,historical_source_proven,2,44,0.02230187949326362,0.029770101303656815,False,False,7.065348429239854,0.15431732439019272,3.8939733214205985,13.52346827255046,11.52346827255046,6,21,False,-1,27,True,-5,31,True,3.2982148149039183,0.5993752743910258,3.4989282635515853,40.88508431614178,3.1149156838582215,32,50,True,24,57,True,20,62,True
structural_gaussian_map_laplace,2025_16_MIN_NYG,2025-12-16T16:00:00+00:00,retrospective_historical_source_replay,True,archive:asset:332861918:sha256:493dc1dc5a36242e6329e6c421f09447e5938c1681ffda92ad61165c0f8b512f,https://api.github.com/repos/nflverse/nflverse-data-archives/releases/assets/332861918,historical_source_proven,-3,29,0.032782035953686284,0.030921543562826614,False,False,4.044100770920075,0.31165188648061415,3.52662523509904,3.2165518743948383,6.216551874394838,-5,11,True,-12,19,True,-16,23,True,8.250316874889869,0.13838811350100358,4.036232337020856,42.5731214712487,13.573121471248697,34,51,False,26,59,True,21,64,True
structural_gaussian_map_laplace,2025_16_NE_BAL,2025-12-16T16:00:00+00:00,retrospective_historical_source_replay,True,archive:asset:332861918:sha256:493dc1dc5a36242e6329e6c421f09447e5938c1681ffda92ad61165c0f8b512f,https://api.github.com/repos/nflverse/nflverse-data-archives/releases/assets/332861918,historical_source_proven,-4,52,0.03400259436542086,0.02869329446923219,False,False,3.1889314066100085,0.3674350295243551,3.389485951878602,0.08536031345514994,4.0853603134551495,-8,8,True,-14,15,True,-18,19,True,4.5243094607592536,0.7156812663230038,3.6174023107847435,44.86153329607656,7.1384667039234415,36,53,True,29,61,True,24,66,True
structural_gaussian_map_laplace,2025_16_NYJ_NO,2025-12-16T16:00:00+00:00,retrospective_historical_source_replay,True,archive:asset:332861918:sha256:493dc1dc5a36242e6329e6c421f09447e5938c1681ffda92ad61165c0f8b512f,https://api.github.com/repos/nflverse/nflverse-data-archives/releases/assets/332861918,historical_source_proven,23,35,0.03466703645987912,0.031598885069350935,False,False,14.825479365832543,0.9665653699270562,5.043182691325411,2.0798294207284997,20.9201705792715,-6,10,False,-12,17,False,-16,21,False,4.629799830584004,0.2708074863747871,3.6240829705159268,42.42435487158317,7.424354871583169,34,51,True,26,59,True,22,63,True
structural_gaussian_map_laplace,2025_16_PHI_WAS,2025-12-16T16:00:00+00:00,retrospective_historical_source_replay,True,archive:asset:332861918:sha256:493dc1dc5a36242e6329e6c421f09447e5938c1681ffda92ad61165c0f8b512f,https://api.github.com/repos/nflverse/nflverse-data-archives/releases/assets/332861918,historical_source_proven,-11,47,0.028338394865680572,0.021968301011903613,False,False,4.60711486392799,0.25856419660721996,3.542118402995417,-3.1561385480652895,7.8438614519347105,-11,5,True,-18,12,True,-22,17,True,3.0801760859777962,0.5682950098062669,3.4658811680359864,44.94127052027527,2.0587294797247324,36,53,True,29,61,True,24,66,True
structural_gaussian_map_laplace,2025_16_PIT_DET,2025-12-16T16:00:00+00:00,retrospective_historical_source_replay,True,archive:asset:332861918:sha256:493dc1dc5a36242e6329e6c421f09447e5938c1681ffda92ad61165c0f8b512f,https://api.github.com/repos/nflverse/nflverse-data-archives/releases/assets/332861918,historical_source_proven,-5,53,0.03404245951649326,0.036123429710644694,False,False,7.113080652458238,0.143680729254163,3.9003495484958974,6.637628226532678,11.637628226532678,-1,14,False,-8,21,True,-12,25,True,5.275362680871455,0.7554526412087992,3.703967128740519,44.29134051992218,8.70865948007782,36,53,True,28,61,True,23,65,True
structural_gaussian_map_laplace,2025_16_SF_IND,2025-12-16T16:00:00+00:00,retrospective_historical_source_replay,True,archive:asset:332861918:sha256:493dc1dc5a36242e6329e6c421f09447e5938c1681ffda92ad61165c0f8b512f,https://api.github.com/repos/nflverse/nflverse-data-archives/releases/assets/332861918,historical_source_proven,-21,75,0.03715765719152131,0.036669639320063396,False,False,19.77467781413287,0.009793014494900686,6.096192607234615,4.7932840663259,25.7932840663259,-2,12,False,-9,19,False,-13,23,False,19.47461986850507,0.9817392242956915,5.608992266320754,48.43866878744348,26.561331212556517,40,57,False,32,65,False,27,70,False
structural_gaussian_map_laplace,2025_16_TB_CAR,2025-12-16T16:00:00+00:00,retrospective_historical_source_replay,True,archive:asset:332861918:sha256:493dc1dc5a36242e6329e6c421f09447e5938c1681ffda92ad61165c0f8b512f,https://api.github.com/repos/nflverse/nflverse-data-archives/releases/assets/332861918,historical_source_proven,3,43,0.029975590804285024,0.02495796760422997,True,False,3.613367286023576,0.6675440756176784,3.5073718683617114,-1.8535510807167572,4.853551080716757,-10,6,True,-17,13,True,-21,18,True,3.2464354785006213,0.42548926836346057,3.503357975760228,45.636083634755565,2.6360836347555647,37,54,True,29,62,True,24,67,True
structural_gaussian_map_laplace,2025_17_ARI_CIN,2025-12-23T16:00:00+00:00,retrospective_historical_source_replay,True,archive:asset:335211517:sha256:7e8045a638a2bfb41769bb824ea689c7009321227082d44307f341752e6d7fce,https://api.github.com/repos/nflverse/nflverse-data-archives/releases/assets/335211517,historical_source_proven,23,51,0.030727610126867755,0.02434505000519671,False,False,19.183558789415866,0.9852164434512389,5.819426006090063,-2.655820347469323,25.655820347469323,-10,5,False,-18,12,False,-22,16,False,3.4518878262098953,0.621073230258367,3.4995192538633426,46.92461748944704,4.075382510552963,38,55,True,31,63,True,26,68,True
structural_gaussian_map_laplace,2025_17_BAL_GB,2025-12-23T16:00:00+00:00,retrospective_historical_source_replay,True,archive:asset:335211517:sha256:7e8045a638a2bfb41769bb824ea689c7009321227082d44307f341752e6d7fce,https://api.github.com/repos/nflverse/nflverse-data-archives/releases/assets/335211517,historical_source_proven,-17,65,0.031443324266696604,0.03303912197895198,False,False,17.576960226071304,0.01964680638116035,5.51279779305589,7.131896681326182,24.131896681326182,-1,15,False,-8,23,False,-12,27,False,13.069875474382364,0.9394235025335478,4.649361716210986,45.416411597233854,19.583588402766146,37,54,False,29,62,False,24,67,True
structural_gaussian_map_laplace,2025_17_CHI_SF,2025-12-23T16:00:00+00:00,retrospective_historical_source_replay,True,archive:asset:335211517:sha256:7e8045a638a2bfb41769bb824ea689c7009321227082d44307f341752e6d7fce,https://api.github.com/repos/nflverse/nflverse-data-archives/releases/assets/335211517,historical_source_proven,4,80,0.03416201646884848,0.03208057093465977,False,False,2.765878242501656,0.5130355334833896,3.3808992472682435,3.5902079661442805,0.4097920338557195,-4,11,True,-11,19,True,-16,24,True,24.835787999242342,0.9933674500805907,6.60745171713765,48.030750530194666,31.969249469805334,40,57,False,32,64,False,27,69,False
structural_gaussian_map_laplace,2025_17_DAL_WAS,2025-12-23T16:00:00+00:00,retrospective_historical_source_replay,True,archive:asset:335211517:sha256:7e8045a638a2bfb41769bb824ea689c7009321227082d44307f341752e6d7fce,https://api.github.com/repos/nflverse/nflverse-data-archives/releases/assets/335211517,historical_source_proven,-7,53,0.03059156079007308,0.027375341551653665,False,False,5.312720497151115,0.2468191274063025,3.683593728203213,1.99202703971508,8.99202703971508,-7,11,True,-15,19,True,-20,25,True,3.3830794617390403,0.5919190972521912,3.5160944267861742,49.62014988858114,3.379850111418861,41,58,True,33,66,True,28,71,True
structural_gaussian_map_laplace,2025_17_DEN_KC,2025-12-23T16:00:00+00:00,retrospective_historical_source_replay,True,archive:asset:335211517:sha256:7e8045a638a2bfb41769bb824ea689c7009321227082d44307f341752e6d7fce,https://api.github.com/repos/nflverse/nflverse-data-archives/releases/assets/335211517,historical_source_proven,-7,33,0.033464989338450934,0.03261626896758563,False,False,6.4995534716571575,0.18264489234366507,3.7938661080180025,3.8888689074959752,10.888868907495976,-4,12,False,-11,19,True,-15,23,True,6.1082854922895455,0.20520290625592363,3.786935623454626,43.25523270560093,10.255232705600932,35,52,False,27,59,True,23,64,True
structural_gaussian_map_laplace,2025_17_DET_MIN,2025-12-23T16:00:00+00:00,retrospective_historical_source_replay,True,archive:asset:335211517:sha256:7e8045a638a2bfb41769bb824ea689c7009321227082d44307f341752e6d7fce,https://api.github.com/repos/nflverse/nflverse-data-archives/releases/assets/335211517,historical_source_proven,13,33,0.033354522962325994,0.02682489742005789,False,False,8.708039838073484,0.8908792689003077,4.176777210200745,-0.701526523822436,13.701526523822436,-8,7,False,-15,14,True,-19,19,True,5.5405635973263925,0.24817114471059964,3.735816646280079,42.2244479263226,9.224447926322597,33,51,True,26,59,True,21,64,True
structural_gaussian_map_laplace,2025_17_HOU_LAC,2025-12-23T16:00:00+00:00,retrospective_historical_source_replay,True,archive:asset:335211517:sha256:7e8045a638a2bfb41769bb824ea689c7009321227082d44307f341752e6d7fce,https://api.github.com/repos/nflverse/nflverse-data-archives/releases/assets/335211517,historical_source_proven,-4,36,0.033271651031214766,0.02702179366619817,False,False,2.8837101169433725,0.4034286773677603,3.3681198496559186,-1.3197603374670848,2.680239662532915,-9,6,True,-16,13,True,-20,17,True,4.5758671284089125,0.2822221344865373,3.6179789695737585,43.28899436292086,7.28899436292086,35,52,True,27,59,True,23,64,True
structural_gaussian_map_laplace,2025_17_JAX_IND,2025-12-23T16:00:00+00:00,retrospective_historical_source_replay,True,archive:asset:335211517:sha256:7e8045a638a2bfb41769bb824ea689c7009321227082d44307f341752e6d7fce,https://api.github.com/repos/nflverse/nflverse-data-archives/releases/assets/335211517,historical_source_proven,-6,40,0.037729976240282403,0.03367114954467665,False,False,4.790523541341425,0.2207008930282278,3.5752163796325664,2.00716754511784,8.00716754511784,-5,9,False,-12,16,True,-16,20,True,4.058472274337992,0.32757414807747925,3.571197976552764,45.94369429426402,5.94369429426402,37,55,True,30,62,True,25,67,True
structural_gaussian_map_laplace,2025_17_LA_ATL,2025-12-23T16:00:00+00:00,retrospective_historical_source_replay,True,archive:asset:335211517:sha256:7e8045a638a2bfb41769bb824ea689c7009321227082d44307f341752e6d7fce,https://api.github.com/repos/nflverse/nflverse-data-archives/releases/assets/335211517,historical_source_proven,3,51,0.021840677514519014,0.0161033952751245,True,False,6.330446181617042,0.7940785265039456,3.8239811068595357,-7.536495927321397,10.536495927321397,-16,1,False,-24,9,True,-28,13,True,4.0309635055197335,0.6677666536097894,3.5673793518969132,45.13421075966255,5.865789240337449,37,54,True,29,61,True,24,66,True
structural_gaussian_map_laplace,2025_17_NE_NYJ,2025-12-23T16:00:00+00:00,retrospective_historical_source_replay,True,archive:asset:335211517:sha256:7e8045a638a2bfb41769bb824ea689c7009321227082d44307f341752e6d7fce,https://api.github.com/repos/nflverse/nflverse-data-archives/releases/assets/335211517,historical_source_proven,-32,52,0.02651166466542798,0.02201191043376849,False,False,21.078052979144108,0.011551799227709188,6.165064083783726,-4.0987903188764445,27.901209681123554,-13,4,False,-20,12,False,-24,16,False,4.572573370551323,0.7086718347580717,3.6276067062772626,44.772908338437965,7.227091661562035,36,53,True,28,61,True,24,66,True
structural_gaussian_map_laplace,2025_17_NO_TEN,2025-12-23T16:00:00+00:00,retrospective_historical_source_replay,True,archive:asset:335211517:sha256:7e8045a638a2bfb41769bb824ea689c7009321227082d44307f341752e6d7fce,https://api.github.com/repos/nflverse/nflverse-data-archives/releases/assets/335211517,historical_source_proven,-8,60,0.031526503648472315,0.02862125627424561,False,False,5.164629349337592,0.24974256888286575,3.6917941750738246,0.46995001766850475,8.469950017668506,-8,9,True,-16,16,True,-20,21,True,11.266941689038715,0.9051653529047963,4.398453620167285,42.470039737246054,17.529960262753946,34,51,False,26,59,False,21,64,True
structural_gaussian_map_laplace,2025_17_NYG_LV,2025-12-23T16:00:00+00:00,retrospective_historical_source_replay,True,archive:asset:335211517:sha256:7e8045a638a2bfb41769bb824ea689c7009321227082d44307f341752e6d7fce,https://api.github.com/repos/nflverse/nflverse-data-archives/releases/assets/335211517,historical_source_proven,-24,44,0.02844550978413951,0.02595931281330699,False,False,16.311012270967066,0.03518329653183386,5.035699001962823,-0.6601560030880688,23.33984399691193,-10,8,False,-17,16,False,-22,20,False,2.9481625764101533,0.5155258357809444,3.449100247092397,43.31617504977513,0.6838249502248672,35,52,True,27,59,True,23,64,True
structural_gaussian_map_laplace,2025_17_PHI_BUF,2025-12-23T16:00:00+00:00,retrospective_historical_source_replay,True,archive:asset:335211517:sha256:7e8045a638a2bfb41769bb824ea689c7009321227082d44307f341752e6d7fce,https://api.github.com/repos/nflverse/nflverse-data-archives/releases/assets/335211517,historical_source_proven,-1,25,0.030848328145762438,0.0291405707118364,False,False,3.319286180245538,0.3987517867163909,3.5052179268932995,2.2613296357190906,3.2613296357190906,-6,11,True,-14,18,True,-18,22,True,12.830708596596882,0.0683281021322567,4.6184885716393715,44.28163097430863,19.281630974308626,36,53,False,28,61,False,23,65,True
structural_gaussian_map_laplace,2025_17_PIT_CLE,2025-12-23T16:00:00+00:00,retrospective_historical_source_replay,True,archive:asset:335211517:sha256:7e8045a638a2bfb41769bb824ea689c7009321227082d44307f341752e6d7fce,https://api.github.com/repos/nflverse/nflverse-data-archives/releases/assets/335211517,historical_source_proven,7,19,0.03539247386184652,0.0327373408204773,False,True,3.1977656575938442,0.6532284536316962,3.4192389314594083,3.137449621203473,3.862550378796527,-5,11,True,-11,18,True,-15,22,True,14.55518923272263,0.04785384395579192,4.850868122642829,40.278716108694326,21.278716108694326,32,49,False,24,57,False,19,61,True
structural_gaussian_map_laplace,2025_17_SEA_CAR,2025-12-23T16:00:00+00:00,retrospective_historical_source_replay,True,archive:asset:335211517:sha256:7e8045a638a2bfb41769bb824ea689c7009321227082d44307f341752e6d7fce,https://api.github.com/repos/nflverse/nflverse-data-archives/releases/assets/335211517,historical_source_proven,-17,37,0.024160339702669398,0.019165866511879348,False,False,6.989289235638039,0.18093392616634502,3.8458832381955244,-5.001334664218451,11.99866533578155,-14,4,False,-22,12,True,-26,17,True,4.970563870750158,0.26717308483270696,3.6676741993326853,45.11103992807694,8.111039928076941,37,54,True,29,61,True,24,66,True
structural_gaussian_map_laplace,2025_17_TB_MIA,2025-12-23T16:00:00+00:00,retrospective_historical_source_replay,True,archive:asset:335211517:sha256:7e8045a638a2bfb41769bb824ea689c7009321227082d44307f341752e6d7fce,https://api.github.com/repos/nflverse/nflverse-data-archives/releases/assets/335211517,historical_source_proven,3,37,0.03279456256397173,0.025715911064192798,True,False,3.5025324104723907,0.674982408480144,3.417492552822981,-2.165371459641463,5.165371459641463,-10,5,True,-16,12,True,-20,16,True,4.76368414499311,0.2620183818124613,3.645716445728865,44.65015507173078,7.650155071730779,36,53,True,28,61,True,24,65,True
structural_gaussian_map_laplace,2025_18_ARI_LA,2025-12-30T16:00:00+00:00,retrospective_historical_source_replay,True,archive:asset:337932927:sha256:157c82dd3b6a18032e36f7ec2554360d1174928f75918995b242bbff0c432fac,https://api.github.com/repos/nflverse/nflverse-data-archives/releases/assets/337932927,historical_source_proven,17,57,0.026718689406161067,0.03004129510669301,False,False,4.453096246250317,0.7069476318549998,3.614729492591676,10.049422974262633,6.950577025737367,1,19,True,-6,26,True,-11,31,True,5.476155242135805,0.7618372326277979,3.730563822442381,47.90129008202011,9.098709917979889,39,57,True,31,65,True,26,69,True
structural_gaussian_map_laplace,2025_18_BAL_PIT,2025-12-30T16:00:00+00:00,retrospective_historical_source_replay,True,archive:asset:337932927:sha256:157c82dd3b6a18032e36f7ec2554360d1174928f75918995b242bbff0c432fac,https://api.github.com/repos/nflverse/nflverse-data-archives/releases/assets/337932927,historical_source_proven,2,50,0.03090519585270557,0.027733221172162925,False,False,3.048974158097676,0.5488918923689355,3.466113526471095,0.4662319983923512,1.533768001607649,-8,9,True,-16,17,True,-21,22,True,3.657759228869891,0.6135477233998734,3.562947128399119,45.765939555057145,4.234060444942855,37,55,True,29,63,True,24,68,True
structural_gaussian_map_laplace,2025_18_CAR_TB,2025-12-30T16:00:00+00:00,retrospective_historical_source_replay,True,archive:asset:337932927:sha256:157c82dd3b6a18032e36f7ec2554360d1174928f75918995b242bbff0c432fac,https://api.github.com/repos/nflverse/nflverse-data-archives/releases/assets/337932927,historical_source_proven,2,30,0.031113978820416832,0.02992307592795107,False,False,3.039573159249431,0.46864107789805637,3.475447031082192,3.2369319524219398,1.2369319524219398,-5,12,True,-13,20,True,-18,24,True,10.14203534475054,0.1094156035370519,4.252916620741164,46.203322249278,16.203322249278003,37,55,False,29,63,True,24,68,True
structural_gaussian_map_laplace,2025_18_CLE_CIN,2025-12-30T16:00:00+00:00,retrospective_historical_source_replay,True,archive:asset:337932927:sha256:157c82dd3b6a18032e36f7ec2554360d1174928f75918995b242bbff0c432fac,https://api.github.com/repos/nflverse/nflverse-data-archives/releases/assets/337932927,historical_source_proven,-2,38,0.030820334537221106,0.02956847280758257,False,False,4.053691233120021,0.3164526864010336,3.568040173940316,3.9733841688630926,5.973384168863093,-5,13,True,-13,21,True,-17,26,True,3.750358471959431,0.36865979813011396,3.572588938221435,42.58737363566744,4.58737363566744,34,52,True,25,60,True,20,65,True
structural_gaussian_map_laplace,2025_18_DAL_NYG,2025-12-30T16:00:00+00:00,retrospective_historical_source_replay,True,archive:asset:337932927:sha256:157c82dd3b6a18032e36f7ec2554360d1174928f75918995b242bbff0c432fac,https://api.github.com/repos/nflverse/nflverse-data-archives/releases/assets/337932927,historical_source_proven,17,51,0.032192952461338686,0.0277566142713338,False,False,10.639051912628707,0.9035013028778999,4.384009708868974,0.6224427180109309,16.37755728198907,-8,9,False,-15,16,False,-19,21,True,3.1540328084161002,0.5379739198205626,3.50615864874036,49.512365708494855,1.4876342915051453,41,58,True,33,66,True,28,71,True
structural_gaussian_map_laplace,2025_18_DET_CHI,2025-12-30T16:00:00+00:00,retrospective_historical_source_replay,True,archive:asset:337932927:sha256:157c82dd3b6a18032e36f7ec2554360d1174928f75918995b242bbff0c432fac,https://api.github.com/repos/nflverse/nflverse-data-archives/releases/assets/337932927,historical_source_proven,-3,35,0.03185101423711101,0.028335311825043008,False,False,3.3753215391734113,0.36836945162690027,3.4724038054824655,1.0301775017456034,4.030177501745603,-7,9,True,-15,17,True,-19,22,True,7.606650293699158,0.1725757976643149,3.961856635581918,47.705321315251524,12.705321315251524,39,57,False,31,65,True,26,70,True
structural_gaussian_map_laplace,2025_18_GB_MIN,2025-12-30T16:00:00+00:00,retrospective_historical_source_replay,True,archive:asset:337932927:sha256:157c82dd3b6a18032e36f7ec2554360d1174928f75918995b242bbff0c432fac,https://api.github.com/repos/nflverse/nflverse-data-archives/releases/assets/337932927,historical_source_proven,13,19,0.030210646713881295,0.025340335602367925,False,False,9.037352235277101,0.8762727173462073,4.13234514237937,-1.558930014287119,14.55893001428712,-10,7,False,-17,14,True,-22,19,True,17.2630525040233,0.03668750837599979,5.194248581797561,43.44011788994072,24.440117889940723,34,52,False,26,61,False,21,65,False
structural_gaussian_map_laplace,2025_18_IND_HOU,2025-12-30T16:00:00+00:00,retrospective_historical_source_replay,True,archive:asset:337932927:sha256:157c82dd3b6a18032e36f7ec2554360d1174928f75918995b242bbff0c432fac,https://api.github.com/repos/nflverse/nflverse-data-archives/releases/assets/337932927,historical_source_proven,8,68,0.03254852834228972,0.031480514495664136,False,False,3.4473560235627576,0.6415693598674385,3.4840944760852097,3.7164246136163337,4.283575386383666,-5,12,True,-12,20,True,-17,24,True,15.528429281139388,0.9567064480773422,4.967061625482601,45.55047114869065,22.449528851309353,37,54,False,29,62,False,24,67,False
structural_gaussian_map_laplace,2025_18_KC_LV,2025-12-30T16:00:00+00:00,retrospective_historical_source_replay,True,archive:asset:337932927:sha256:157c82dd3b6a18032e36f7ec2554360d1174928f75918995b242bbff0c432fac,https://api.github.com/repos/nflverse/nflverse-data-archives/releases/assets/337932927,historical_source_proven,2,26,0.025694585877114484,0.0200217006108252,False,False,4.39579590909829,0.6914830716962631,3.6142755744992003,-4.701567451636343,6.701567451636343,-13,4,True,-21,12,True,-26,17,True,11.126694204472768,0.08723833203239148,4.373070188303348,43.43393236816607,17.43393236816607,35,52,False,27,60,False,22,65,True
structural_gaussian_map_laplace,2025_18_LAC_DEN,2025-12-30T16:00:00+00:00,retrospective_historical_source_replay,True,archive:asset:337932927:sha256:157c82dd3b6a18032e36f7ec2554360d1174928f75918995b242bbff0c432fac,https://api.github.com/repos/nflverse/nflverse-data-archives/releases/assets/337932927,historical_source_proven,16,22,0.0313308430615894,0.029651123605478502,False,False,8.06568977480473,0.8514717423998489,4.011827576637505,2.705271890794882,13.294728109205117,-6,11,False,-14,19,True,-18,24,True,15.073759429064133,0.04961776419939251,4.894089797735978,44.03566093451802,22.03566093451802,35,53,False,27,61,False,22,66,True
structural_gaussian_map_laplace,2025_18_MIA_NE,2025-12-30T16:00:00+00:00,retrospective_historical_source_replay,True,archive:asset:337932927:sha256:157c82dd3b6a18032e36f7ec2554360d1174928f75918995b242bbff0c432fac,https://api.github.com/repos/nflverse/nflverse-data-archives/releases/assets/337932927,historical_source_proven,28,48,0.030523116834757724,0.031218071819018922,False,False,15.25990680213923,0.9518061597425681,4.95996996417925,6.005340405712806,21.994659594287192,-3,15,False,-10,22,False,-15,27,False,3.143250764930804,0.5163189027933316,3.5165265288082486,47.490409397433716,0.5095906025662842,38,57,True,30,65,True,25,70,True
structural_gaussian_map_laplace,2025_18_NO_ATL,2025-12-30T16:00:00+00:00,retrospective_historical_source_replay,True,archive:asset:337932927:sha256:157c82dd3b6a18032e36f7ec2554360d1174928f75918995b242bbff0c432fac,https://api.github.com/repos/nflverse/nflverse-data-archives/releases/assets/337932927,historical_source_proven,2,36,0.032351579941100383,0.02948109204366578,False,False,2.8647861793024534,0.5025707954929812,3.424501224826217,1.4878880272379942,0.5121119727620058,-7,10,True,-14,17,True,-19,22,True,4.575668211047808,0.29145914486283053,3.638332623749289,43.1644775369807,7.164477536980698,34,52,True,26,60,True,22,65,True
structural_gaussian_map_laplace,2025_18_NYJ_BUF,2025-12-30T16:00:00+00:00,retrospective_historical_source_replay,True,archive:asset:337932927:sha256:157c82dd3b6a18032e36f7ec2554360d1174928f75918995b242bbff0c432fac,https://api.github.com/repos/nflverse/nflverse-data-archives/releases/assets/337932927,historical_source_proven,27,43,0.027110136331403967,0.03082530379507248,False,False,10.99603141067623,0.9110586036410769,4.373798921749114,9.864136210112875,17.135863789887125,1,18,False,-6,26,False,-11,31,True,3.486453923411366,0.38993567909361576,3.535515003609832,46.699610031130575,3.6996100311305753,38,56,True,30,64,True,25,69,True
structural_gaussian_map_laplace,2025_18_SEA_SF,2025-12-30T16:00:00+00:00,retrospective_historical_source_replay,True,archive:asset:337932927:sha256:157c82dd3b6a18032e36f7ec2554360d1174928f75918995b242bbff0c432fac,https://api.github.com/repos/nflverse/nflverse-data-archives/releases/assets/337932927,historical_source_proven,-10,16,0.02947867097374679,0.024393446510346473,False,False,4.802384841211431,0.252648824937613,3.6370906671928545,-2.1747553570795413,7.825244642920459,-11,6,True,-18,14,True,-23,18,True,25.075492000291693,0.007546734277470829,6.499454631939452,48.46430537953522,32.46430537953522,40,57,False,32,65,False,27,70,False
structural_gaussian_map_laplace,2025_18_TEN_JAX,2025-12-30T16:00:00+00:00,retrospective_historical_source_replay,True,archive:asset:337932927:sha256:157c82dd3b6a18032e36f7ec2554360d1174928f75918995b242bbff0c432fac,https://api.github.com/repos/nflverse/nflverse-data-archives/releases/assets/337932927,historical_source_proven,34,48,0.03076178102212218,0.03358230508588739,False,False,19.499941565606797,0.9850921700759931,5.799809856881588,7.881180909828719,26.118819090171282,0,16,False,-7,23,False,-12,27,False,3.5091756509753123,0.6223469895596572,3.5424202209396958,44.30160284392217,3.6983971560778315,35,53,True,27,61,True,23,66,True
structural_gaussian_map_laplace,2025_18_WAS_PHI,2025-12-30T16:00:00+00:00,retrospective_historical_source_replay,True,archive:asset:337932927:sha256:157c82dd3b6a18032e36f7ec2554360d1174928f75918995b242bbff0c432fac,https://api.github.com/repos/nflverse/nflverse-data-archives/releases/assets/337932927,historical_source_proven,-7,41,0.028831753946912675,0.03254547967494542,False,False,10.252417631016048,0.09239230095601571,4.31107515827129,8.988622205389035,15.988622205389035,1,17,False,-7,25,True,-11,29,True,3.6886355722718323,0.3712893139496726,3.5494668585689846,45.60307116549168,4.603071165491677,37,54,True,29,62,True,24,67,True
structural_ridge_gaussian,2025_08_BUF_CAR,2025-10-21T16:00:00+00:00,retrospective_historical_source_replay,True,archive:asset:310570721:sha256:ab96f6641c891d46a73cd33baeb05b9ec5cd4e1dec5b03dccee343b1769070e7,https://api.github.com/repos/nflverse/nflverse-data-archives/releases/assets/310570721,historical_source_proven,-31,49,0.011268632000222989,0.00713069206323258,False,False,6.373317174139689,0.32337742799226094,4.103873012272055,-23.030437281189677,7.969562718810323,-36,-9,True,-50,1,True,-57,5,True,3.7871363063412744,0.590080259589127,3.64389266225288,45.372064576998184,3.6279354230018157,35,55,True,27,64,True,22,69,True
structural_ridge_gaussian,2025_08_CHI_BAL,2025-10-21T16:00:00+00:00,retrospective_historical_source_replay,True,archive:asset:310570721:sha256:ab96f6641c891d46a73cd33baeb05b9ec5cd4e1dec5b03dccee343b1769070e7,https://api.github.com/repos/nflverse/nflverse-data-archives/releases/assets/310570721,historical_source_proven,14,46,0.011804493095996405,0.009969448419073546,False,False,21.260559101725057,0.9481894301262496,4.9834029062774725,-16.838109542254003,30.838109542254003,-29,-4,False,-38,8,False,-45,14,True,3.102221056396765,0.5039875569241923,3.510024934206933,45.75269167671978,0.24730832328022245,37,55,True,29,63,True,24,67,True
structural_ridge_gaussian,2025_08_CLE_NE,2025-10-21T16:00:00+00:00,retrospective_historical_source_replay,True,archive:asset:310570721:sha256:ab96f6641c891d46a73cd33baeb05b9ec5cd4e1dec5b03dccee343b1769070e7,https://api.github.com/repos/nflverse/nflverse-data-archives/releases/assets/310570721,historical_source_proven,19,45,0.012431132891684848,0.009066469205457839,False,False,25.961906490480583,0.970042530415517,5.829604723562721,-17.388493584627778,36.38849358462778,-32,-4,False,-43,7,False,-49,14,False,3.112715205324927,0.5000957861022591,3.5092229652866904,44.641347720643274,0.3586522793567255,36,54,True,28,62,True,23,67,True
structural_ridge_gaussian,2025_08_DAL_DEN,2025-10-21T16:00:00+00:00,retrospective_historical_source_replay,True,archive:asset:310570721:sha256:ab96f6641c891d46a73cd33baeb05b9ec5cd4e1dec5b03dccee343b1769070e7,https://api.github.com/repos/nflverse/nflverse-data-archives/releases/assets/310570721,historical_source_proven,20,68,0.016142732761536216,0.015032186750788434,False,False,18.04812889269096,0.8887840205349734,4.946147654415572,-8.064465144369763,28.064465144369763,-26,7,False,-39,21,True,-44,33,True,14.249990218874938,0.9416803028958216,4.674733695982989,46.332332306171764,21.667667693828236,37,56,False,28,65,False,22,69,True
structural_ridge_gaussian,2025_08_GB_PIT,2025-10-21T16:00:00+00:00,retrospective_historical_source_replay,True,archive:asset:310570721:sha256:ab96f6641c891d46a73cd33baeb05b9ec5cd4e1dec5b03dccee343b1769070e7,https://api.github.com/repos/nflverse/nflverse-data-archives/releases/assets/310570721,historical_source_proven,-10,60,0.010944966011529167,0.007953558250576975,False,False,9.375186127178003,0.7563717468852965,4.444120870982576,-26.26375665646727,16.26375665646727,-40,-11,False,-55,2,True,-65,7,True,9.376581192026327,0.8853059600023847,4.1397793822282996,44.677036775254614,15.322963224745386,36,54,False,28,61,True,23,65,True
structural_ridge_gaussian,2025_08_MIA_ATL,2025-10-21T16:00:00+00:00,retrospective_historical_source_replay,True,archive:asset:310570721:sha256:ab96f6641c891d46a73cd33baeb05b9ec5cd4e1dec5b03dccee343b1769070e7,https://api.github.com/repos/nflverse/nflverse-data-archives/releases/assets/310570721,historical_source_proven,-24,44,0.011353325286144633,0.010607632339151074,False,False,7.866204315288734,0.29638917990785124,4.076276752484805,-9.83992784964003,14.16007215035997,-27,6,True,-37,21,True,-43,32,True,2.992248291909578,0.4850869519698308,3.4647260085007656,44.719224077611884,0.7192240776118837,36,53,True,28,61,True,23,65,True
structural_ridge_gaussian,2025_08_MIN_LAC,2025-10-21T16:00:00+00:00,retrospective_historical_source_replay,True,archive:asset:310570721:sha256:ab96f6641c891d46a73cd33baeb05b9ec5cd4e1dec5b03dccee343b1769070e7,https://api.github.com/repos/nflverse/nflverse-data-archives/releases/assets/310570721,historical_source_proven,27,47,0.0072699272226605105,0.0048435549942660305,False,False,32.166419042244485,0.9539478493495885,5.198190746632085,-17.742390774304305,44.742390774304305,-33,-4,False,-44,18,False,-56,27,True,3.694286689738674,0.6302500941377936,3.5453033614830134,42.298727713047874,4.7012722869521255,34,51,True,26,59,True,21,63,True
structural_ridge_gaussian,2025_08_NYG_PHI,2025-10-21T16:00:00+00:00,retrospective_historical_source_replay,True,archive:asset:310570721:sha256:ab96f6641c891d46a73cd33baeb05b9ec5cd4e1dec5b03dccee343b1769070e7,https://api.github.com/repos/nflverse/nflverse-data-archives/releases/assets/310570721,historical_source_proven,18,58,0.011546826405382182,0.008671103669496194,False,False,21.187624037974185,0.9217580997271918,5.6084808986083114,-12.07209803741706,30.07209803741706,-25,-2,False,-38,13,False,-44,30,True,9.28248684408909,0.8693712817442271,4.131903168357009,42.72540517052054,15.274594829479462,33,52,False,25,61,True,20,65,True
structural_ridge_gaussian,2025_08_NYJ_CIN,2025-10-21T16:00:00+00:00,retrospective_historical_source_replay,True,archive:asset:310570721:sha256:ab96f6641c891d46a73cd33baeb05b9ec5cd4e1dec5b03dccee343b1769070e7,https://api.github.com/repos/nflverse/nflverse-data-archives/releases/assets/310570721,historical_source_proven,-1,77,0.013660613203376415,0.011599728199005455,False,False,9.478286799372118,0.7157172503557513,4.263254364605917,-15.806763802096714,14.806763802096714,-33,2,True,-46,17,True,-55,26,True,25.6112497123844,0.9924857687823438,6.535347521638765,43.77212576352211,33.22787423647789,35,53,False,26,61,False,21,66,False
structural_ridge_gaussian,2025_08_SF_HOU,2025-10-21T16:00:00+00:00,retrospective_historical_source_replay,True,archive:asset:310570721:sha256:ab96f6641c891d46a73cd33baeb05b9ec5cd4e1dec5b03dccee343b1769070e7,https://api.github.com/repos/nflverse/nflverse-data-archives/releases/assets/310570721,historical_source_proven,11,41,0.01660548333646439,0.01334488600729733,False,False,17.032585633252598,0.9315658876945367,4.6872708117039705,-15.73359538409,26.733595384090002,-28,-2,False,-39,8,False,-46,13,True,3.3300596880591096,0.4062164418037472,3.5333000689119336,43.705776973730224,2.7057769737302237,35,53,True,27,61,True,22,65,True
structural_ridge_gaussian,2025_08_TB_NO,2025-10-21T16:00:00+00:00,retrospective_historical_source_replay,True,archive:asset:310570721:sha256:ab96f6641c891d46a73cd33baeb05b9ec5cd4e1dec5b03dccee343b1769070e7,https://api.github.com/repos/nflverse/nflverse-data-archives/releases/assets/310570721,historical_source_proven,-20,26,0.004918444604087191,0.0023704772597238355,False,False,4.24956984994713,0.5565372566065983,3.807497353295728,-20.736754919225277,0.7367549192252767,-34,-11,True,-43,1,True,-47,21,True,12.918266268149369,0.08131742937578601,4.591482843714141,45.533874070524305,19.533874070524305,37,55,False,28,63,False,23,67,True
structural_ridge_gaussian,2025_08_TEN_IND,2025-10-21T16:00:00+00:00,retrospective_historical_source_replay,True,archive:asset:310570721:sha256:ab96f6641c891d46a73cd33baeb05b9ec5cd4e1dec5b03dccee343b1769070e7,https://api.github.com/repos/nflverse/nflverse-data-archives/releases/assets/310570721,historical_source_proven,24,52,0.020245882515306124,0.01771795967558698,False,False,24.38958605675764,0.9793398673632958,5.941414255627691,-10.516663900694846,34.516663900694844,-22,3,False,-37,12,False,-44,17,False,4.524936112064161,0.6888182875436262,3.6808394459110882,45.45583162870535,6.544168371294653,36,55,True,27,64,True,22,69,True
structural_ridge_gaussian,2025_08_WAS_KC,2025-10-21T16:00:00+00:00,retrospective_historical_source_replay,True,archive:asset:310570721:sha256:ab96f6641c891d46a73cd33baeb05b9ec5cd4e1dec5b03dccee343b1769070e7,https://api.github.com/repos/nflverse/nflverse-data-archives/releases/assets/310570721,historical_source_proven,21,35,0.015772636086005765,0.013426507397893306,False,False,23.643977603173212,0.9600710367335533,5.54120189007885,-13.919284706348623,34.91928470634862,-30,1,False,-44,12,False,-50,19,False,6.818268689194997,0.20257949943736425,3.885051779159643,46.56126046625996,11.56126046625996,37,56,False,29,64,True,24,70,True
structural_ridge_gaussian,2025_09_ARI_DAL,2025-10-28T16:00:00+00:00,retrospective_historical_source_replay,True,archive:asset:313354781:sha256:33e44a0c02934558ee79649b4de326a2b046169ba491a244da662f9f7eb6439a,https://api.github.com/repos/nflverse/nflverse-data-archives/releases/assets/313354781,historical_source_proven,-10,44,0.02794931472318385,0.030431731316034605,False,False,12.356603050881365,0.07148761991446666,4.52898697686752,8.887740673313616,18.887740673313616,0,18,False,-8,26,False,-12,30,True,3.2634749583786626,0.4208016279915614,3.5075309782754434,46.69798339921219,2.697983399212191,38,55,True,30,63,True,25,68,True
structural_ridge_gaussian,2025_09_ATL_NE,2025-10-28T16:00:00+00:00,retrospective_historical_source_replay,True,archive:asset:313354781:sha256:33e44a0c02934558ee79649b4de326a2b046169ba491a244da662f9f7eb6439a,https://api.github.com/repos/nflverse/nflverse-data-archives/releases/assets/313354781,historical_source_proven,1,47,0.029080351434263185,0.030188553217982583,False,False,3.9971085943294944,0.3427623673091556,3.5903610626911218,6.503423219092339,5.503423219092339,-2,15,True,-10,23,True,-15,28,True,3.2307303025705236,0.5790507299397312,3.5070519952182018,44.58435808692022,2.4156419130797815,36,53,True,28,61,True,23,66,True
structural_ridge_gaussian,2025_09_BAL_MIA,2025-10-28T16:00:00+00:00,retrospective_historical_source_replay,True,archive:asset:313354781:sha256:33e44a0c02934558ee79649b4de326a2b046169ba491a244da662f9f7eb6439a,https://api.github.com/repos/nflverse/nflverse-data-archives/releases/assets/313354781,historical_source_proven,-22,34,0.030410422546009785,0.030363839813632443,False,False,19.88684608224341,0.018389355374131392,5.661957870082115,5.031162961063693,27.031162961063693,-4,14,False,-12,22,False,-16,26,False,7.438987906639318,0.16932341727489877,3.9418473629903423,46.433761769805955,12.433761769805955,38,55,False,30,63,True,25,68,True
structural_ridge_gaussian,2025_09_CAR_GB,2025-10-28T16:00:00+00:00,retrospective_historical_source_replay,True,archive:asset:313354781:sha256:33e44a0c02934558ee79649b4de326a2b046169ba491a244da662f9f7eb6439a,https://api.github.com/repos/nflverse/nflverse-data-archives/releases/assets/313354781,historical_source_proven,-3,29,0.024597141600809058,0.02790670913461396,False,False,8.438919042548738,0.1553157205526942,4.054159004789017,10.988339766896544,13.988339766896544,2,20,False,-7,29,True,-12,34,True,9.802343432462065,0.11602444087038359,4.21255533738254,44.72008519562214,15.72008519562214,36,54,False,28,61,True,23,66,True
structural_ridge_gaussian,2025_09_CHI_CIN,2025-10-28T16:00:00+00:00,retrospective_historical_source_replay,True,archive:asset:313354781:sha256:33e44a0c02934558ee79649b4de326a2b046169ba491a244da662f9f7eb6439a,https://api.github.com/repos/nflverse/nflverse-data-archives/releases/assets/313354781,historical_source_proven,-5,89,0.029357897313287085,0.027251347649090762,False,False,4.414106262323465,0.32287722602092933,3.646702523842421,1.5246805763427347,6.5246805763427345,-8,11,True,-16,19,True,-21,24,True,35.201969829359285,0.9994840992616265,8.783872186685667,46.41015653941438,42.58984346058562,38,55,False,30,63,False,25,68,False
structural_ridge_gaussian,2025_09_DEN_HOU,2025-10-28T16:00:00+00:00,retrospective_historical_source_replay,True,archive:asset:313354781:sha256:33e44a0c02934558ee79649b4de326a2b046169ba491a244da662f9f7eb6439a,https://api.github.com/repos/nflverse/nflverse-data-archives/releases/assets/313354781,historical_source_proven,-3,33,0.029459859099685848,0.02899522366513063,False,False,4.741319720024805,0.29328721479391406,3.666134064108962,4.501864052689456,7.501864052689456,-5,14,True,-13,22,True,-18,27,True,4.937827842510355,0.26159266557064037,3.6760505629147753,40.9775405520648,7.977540552064802,32,50,True,24,58,True,19,62,True
structural_ridge_gaussian,2025_09_IND_PIT,2025-10-28T16:00:00+00:00,retrospective_historical_source_replay,True,archive:asset:313354781:sha256:33e44a0c02934558ee79649b4de326a2b046169ba491a244da662f9f7eb6439a,https://api.github.com/repos/nflverse/nflverse-data-archives/releases/assets/313354781,historical_source_proven,7,47,0.02970439328972474,0.02713155283232982,False,True,4.13048109714268,0.6620664364504926,3.6070579172249717,1.1450297556354596,5.854970244364541,-8,10,True,-16,18,True,-21,23,True,3.1355712003777247,0.44896736740887916,3.4880717339570766,49.01247044081532,2.0124704408153207,40,58,True,32,66,True,28,70,True
structural_ridge_gaussian,2025_09_JAX_LV,2025-10-28T16:00:00+00:00,retrospective_historical_source_replay,True,archive:asset:313354781:sha256:33e44a0c02934558ee79649b4de326a2b046169ba491a244da662f9f7eb6439a,https://api.github.com/repos/nflverse/nflverse-data-archives/releases/assets/313354781,historical_source_proven,-1,59,0.03054035685129569,0.02950750645301614,False,False,3.627638455534725,0.37020726891117894,3.5484366433628765,3.294220796683864,4.294220796683864,-5,12,True,-14,20,True,-18,25,True,12.85297603204543,0.9319339105636225,4.588497499759698,39.512838831868,19.487161168131998,31,48,False,23,56,False,18,61,True
structural_ridge_gaussian,2025_09_KC_BUF,2025-10-28T16:00:00+00:00,retrospective_historical_source_replay,True,archive:asset:313354781:sha256:33e44a0c02934558ee79649b4de326a2b046169ba491a244da662f9f7eb6439a,https://api.github.com/repos/nflverse/nflverse-data-archives/releases/assets/313354781,historical_source_proven,7,49,0.029276880405273542,0.028030721887544408,False,True,3.608155695707268,0.6084660886118781,3.57445416003274,3.2336723239741048,3.7663276760258952,-6,12,True,-14,21,True,-19,26,True,3.22533584394809,0.5661919068415697,3.5057481908264885,46.59911258715035,2.4008874128496487,38,55,True,30,63,True,25,68,True
structural_ridge_gaussian,2025_09_LAC_TEN,2025-10-28T16:00:00+00:00,retrospective_historical_source_replay,True,archive:asset:313354781:sha256:33e44a0c02934558ee79649b4de326a2b046169ba491a244da662f9f7eb6439a,https://api.github.com/repos/nflverse/nflverse-data-archives/releases/assets/313354781,historical_source_proven,-7,47,0.030917750477433836,0.028976432360000137,False,False,5.5819840352471575,0.2358178578288107,3.7355469251774847,2.313336144650876,9.313336144650876,-6,11,False,-14,19,True,-19,23,True,3.551921233827699,0.6244603341906968,3.534540692565909,42.882303555965,4.117696444034998,34,52,True,26,60,True,21,64,True
structural_ridge_gaussian,2025_09_MIN_DET,2025-10-28T16:00:00+00:00,retrospective_historical_source_replay,True,archive:asset:313354781:sha256:33e44a0c02934558ee79649b4de326a2b046169ba491a244da662f9f7eb6439a,https://api.github.com/repos/nflverse/nflverse-data-archives/releases/assets/313354781,historical_source_proven,-3,51,0.0276747020072019,0.030803942750684876,False,False,7.362492917302046,0.16051717070980207,3.931905135117226,9.253850136070948,12.253850136070948,1,18,False,-7,26,True,-12,30,True,5.41193923206129,0.7561181049075085,3.7264637145465165,42.04658790010702,8.95341209989298,33,51,True,25,59,True,20,64,True
structural_ridge_gaussian,2025_09_NO_LA,2025-10-28T16:00:00+00:00,retrospective_historical_source_replay,True,archive:asset:313354781:sha256:33e44a0c02934558ee79649b4de326a2b046169ba491a244da662f9f7eb6439a,https://api.github.com/repos/nflverse/nflverse-data-archives/releases/assets/313354781,historical_source_proven,24,44,0.0225663618588422,0.026966669328017,False,False,6.529727749141225,0.7932884483731111,3.852994490596626,13.044854899531472,10.955145100468528,4,22,False,-4,30,True,-9,35,True,3.164357566452363,0.5676316536124493,3.5016309066231734,42.12594566132798,1.8740543386720176,33,51,True,25,59,True,21,64,True
structural_ridge_gaussian,2025_09_SEA_WAS,2025-10-28T16:00:00+00:00,retrospective_historical_source_replay,True,archive:asset:313354781:sha256:33e44a0c02934558ee79649b4de326a2b046169ba491a244da662f9f7eb6439a,https://api.github.com/repos/nflverse/nflverse-data-archives/releases/assets/313354781,historical_source_proven,-24,52,0.028770895067398272,0.029022614466697738,False,False,21.67983057257156,0.018130404395370513,5.798132778612537,5.23699417055636,29.23699417055636,-4,14,False,-12,23,False,-17,28,False,4.678923699970575,0.7117510985113326,3.64820942528515,44.592046849352236,7.407953150647764,36,53,True,28,61,True,23,66,True
structural_ridge_gaussian,2025_09_SF_NYG,2025-10-28T16:00:00+00:00,retrospective_historical_source_replay,True,archive:asset:313354781:sha256:33e44a0c02934558ee79649b4de326a2b046169ba491a244da662f9f7eb6439a,https://api.github.com/repos/nflverse/nflverse-data-archives/releases/assets/313354781,historical_source_proven,-10,58,0.03051043559344707,0.030079833918594256,False,False,8.917850046670218,0.13510328966974794,4.104155129577975,4.563468998539136,14.563468998539136,-4,13,False,-12,21,True,-17,26,True,8.682432439830892,0.8662078831240759,4.081123864163911,43.78624456630766,14.213755433692342,35,53,False,27,60,True,22,65,True
structural_ridge_gaussian,2025_10_ARI_SEA,2025-11-04T16:00:00+00:00,retrospective_historical_source_replay,True,archive:asset:316009177:sha256:73f6bce17fa6876ead1ee07522afdd4a3627fc218fc543b22de97ec97b335905,https://api.github.com/repos/nflverse/nflverse-data-archives/releases/assets/316009177,historical_source_proven,22,66,0.02462158865089048,0.02574294909816144,False,False,8.537783658335442,0.8236668925628825,4.081837172267306,7.703461349776208,14.296538650223791,-3,18,False,-12,27,True,-18,33,True,15.54476982882618,0.9572439850575196,4.9348196175925345,43.39691618545339,22.603083814546608,34,52,False,26,61,False,21,65,False
structural_ridge_gaussian,2025_10_ATL_IND,2025-11-04T16:00:00+00:00,retrospective_historical_source_replay,True,archive:asset:316009177:sha256:73f6bce17fa6876ead1ee07522afdd4a3627fc218fc543b22de97ec97b335905,https://api.github.com/repos/nflverse/nflverse-data-archives/releases/assets/316009177,historical_source_proven,6,56,0.021782115045197947,0.024028196609646668,False,False,4.368668331765497,0.36778116593560256,3.747385671031046,10.938182338966172,4.938182338966172,0,22,True,-10,31,True,-16,37,True,6.48646653373136,0.7954945473306834,3.841893157501776,45.09455053958019,10.90544946041981,36,54,False,28,62,True,23,67,True
structural_ridge_gaussian,2025_10_BAL_MIN,2025-11-04T16:00:00+00:00,retrospective_historical_source_replay,True,archive:asset:316009177:sha256:73f6bce17fa6876ead1ee07522afdd4a3627fc218fc543b22de97ec97b335905,https://api.github.com/repos/nflverse/nflverse-data-archives/releases/assets/316009177,historical_source_proven,-8,46,0.024882832804844712,0.023636322691011902,False,False,5.99818644892977,0.27523393279159963,3.879727073278097,1.6534849313245763,9.653484931324577,-9,12,True,-19,22,True,-25,28,True,3.1268264279346916,0.5151833188883114,3.506994375393326,45.00516968599246,0.9948303140075367,36,54,True,28,62,True,23,67,True
structural_ridge_gaussian,2025_10_BUF_MIA,2025-11-04T16:00:00+00:00,retrospective_historical_source_replay,True,archive:asset:316009177:sha256:73f6bce17fa6876ead1ee07522afdd4a3627fc218fc543b22de97ec97b335905,https://api.github.com/repos/nflverse/nflverse-data-archives/releases/assets/316009177,historical_source_proven,17,43,0.02531938363721431,0.02250097054767386,False,False,11.902226338159512,0.8950451557496337,4.409917179392099,-1.9567488128403834,18.956748812840384,-12,8,False,-21,17,True,-27,23,True,3.2609143996841623,0.43849232798603666,3.5227080537433824,45.24215448806985,2.2421544880698505,36,54,True,28,62,True,23,67,True
structural_ridge_gaussian,2025_10_CLE_NYJ,2025-11-04T16:00:00+00:00,retrospective_historical_source_replay,True,archive:asset:316009177:sha256:73f6bce17fa6876ead1ee07522afdd4a3627fc218fc543b22de97ec97b335905,https://api.github.com/repos/nflverse/nflverse-data-archives/releases/assets/316009177,historical_source_proven,7,47,0.025375490898787934,0.024652727514430484,False,True,4.024955024312905,0.6003767870860872,3.7028677349420254,3.287408266550994,3.712591733449006,-7,14,True,-17,23,True,-23,29,True,4.341924081306672,0.6746102030998781,3.6275718643084467,40.535076905027296,6.464923094972704,32,50,True,23,58,True,19,62,True
structural_ridge_gaussian,2025_10_DET_WAS,2025-11-04T16:00:00+00:00,retrospective_historical_source_replay,True,archive:asset:316009177:sha256:73f6bce17fa6876ead1ee07522afdd4a3627fc218fc543b22de97ec97b335905,https://api.github.com/repos/nflverse/nflverse-data-archives/releases/assets/316009177,historical_source_proven,-22,66,0.026143981838920194,0.024357078701205626,False,False,15.175738316665452,0.06315020614195728,4.783455977608602,0.8120109045071812,22.812010904507183,-9,11,False,-19,20,False,-24,26,True,14.957433579199723,0.9467606623212678,4.863976597056241,44.09293496733529,21.90706503266471,35,53,False,27,61,False,22,66,True
structural_ridge_gaussian,2025_10_JAX_HOU,2025-11-04T16:00:00+00:00,retrospective_historical_source_replay,True,archive:asset:316009177:sha256:73f6bce17fa6876ead1ee07522afdd4a3627fc218fc543b22de97ec97b335905,https://api.github.com/repos/nflverse/nflverse-data-archives/releases/assets/316009177,historical_source_proven,7,65,0.023650060919055915,0.025385447438762976,False,True,3.7509513781455346,0.43411721354582206,3.6735792046296685,9.200411299166657,2.2004112991666567,-1,20,True,-11,29,True,-16,35,True,15.063289126569524,0.9524355779090509,4.879917425628597,42.98346988481496,22.01653011518504,34,52,False,26,60,False,21,65,True
structural_ridge_gaussian,2025_10_LA_SF,2025-11-04T16:00:00+00:00,retrospective_historical_source_replay,True,archive:asset:316009177:sha256:73f6bce17fa6876ead1ee07522afdd4a3627fc218fc543b22de97ec97b335905,https://api.github.com/repos/nflverse/nflverse-data-archives/releases/assets/316009177,historical_source_proven,-16,68,0.022505956405460048,0.019509132669340956,False,False,6.896026829713858,0.23915446637188637,3.955560393545373,-4.581483882063627,11.418516117936374,-15,6,False,-25,16,True,-31,21,True,16.397731482738457,0.9606759508394958,5.069693512438457,44.528654842168336,23.471345157831664,36,53,False,28,62,False,23,66,False
structural_ridge_gaussian,2025_10_LV_DEN,2025-11-04T16:00:00+00:00,retrospective_historical_source_replay,True,archive:asset:316009177:sha256:73f6bce17fa6876ead1ee07522afdd4a3627fc218fc543b22de97ec97b335905,https://api.github.com/repos/nflverse/nflverse-data-archives/releases/assets/316009177,historical_source_proven,3,17,0.021985961936913434,0.024852023631853626,True,False,5.611669595851058,0.2860467910154813,3.8173511230689616,11.95464873557217,8.95464873557217,2,22,True,-8,31,True,-13,37,True,17.059518140665784,0.03196565479197206,5.1590768123981094,41.210029349998166,24.210029349998166,32,50,False,24,58,False,19,63,False
structural_ridge_gaussian,2025_10_NE_TB,2025-11-04T16:00:00+00:00,retrospective_historical_source_replay,True,archive:asset:316009177:sha256:73f6bce17fa6876ead1ee07522afdd4a3627fc218fc543b22de97ec97b335905,https://api.github.com/repos/nflverse/nflverse-data-archives/releases/assets/316009177,historical_source_proven,-5,51,0.02576952377472619,0.025363033962044867,False,False,5.766861931566246,0.2719983471747895,3.8286886707806254,4.371081784064987,9.371081784064987,-6,15,True,-15,24,True,-21,30,True,4.27985171393804,0.6692609404949899,3.622510409669956,44.71270585347987,6.287294146520132,36,54,True,28,62,True,23,67,True
structural_ridge_gaussian,2025_10_NO_CAR,2025-11-04T16:00:00+00:00,retrospective_historical_source_replay,True,archive:asset:316009177:sha256:73f6bce17fa6876ead1ee07522afdd4a3627fc218fc543b22de97ec97b335905,https://api.github.com/repos/nflverse/nflverse-data-archives/releases/assets/316009177,historical_source_proven,-10,24,0.025535644727078533,0.025582597843480492,False,False,9.093041714149281,0.15912103957938115,4.141729819613732,5.112108199623311,15.11210819962331,-5,16,False,-15,25,True,-21,31,True,12.133507247456635,0.08294668188424625,4.492148567545171,42.66798712487922,18.667987124879218,34,52,False,26,60,False,21,65,True
structural_ridge_gaussian,2025_10_NYG_CHI,2025-11-04T16:00:00+00:00,retrospective_historical_source_replay,True,archive:asset:316009177:sha256:73f6bce17fa6876ead1ee07522afdd4a3627fc218fc543b22de97ec97b335905,https://api.github.com/repos/nflverse/nflverse-data-archives/releases/assets/316009177,historical_source_proven,4,44,0.025642228209864282,0.02578967172728519,False,False,3.634270154448629,0.47549514874027826,3.6557324766546073,5.23275727245694,1.23275727245694,-5,16,True,-15,25,True,-20,30,True,3.1330461213662764,0.4762833364899868,3.512040044300825,44.739340435766806,0.7393404357668061,36,54,True,28,62,True,23,67,True
structural_ridge_gaussian,2025_10_PHI_GB,2025-11-04T16:00:00+00:00,retrospective_historical_source_replay,True,archive:asset:316009177:sha256:73f6bce17fa6876ead1ee07522afdd4a3627fc218fc543b22de97ec97b335905,https://api.github.com/repos/nflverse/nflverse-data-archives/releases/assets/316009177,historical_source_proven,-3,17,0.025065701664452433,0.026358021508460006,False,False,6.623113491428255,0.23866135071780922,3.8945470726896545,8.124179364349807,11.124179364349807,-2,18,False,-11,28,True,-17,33,True,20.438862610702323,0.017139225333848155,5.688816091971767,44.755008251659795,27.755008251659795,36,54,False,28,62,False,23,67,False
structural_ridge_gaussian,2025_10_PIT_LAC,2025-11-04T16:00:00+00:00,retrospective_historical_source_replay,True,archive:asset:316009177:sha256:73f6bce17fa6876ead1ee07522afdd4a3627fc218fc543b22de97ec97b335905,https://api.github.com/repos/nflverse/nflverse-data-archives/releases/assets/316009177,historical_source_proven,15,35,0.019972261665600594,0.022865401524665263,False,False,3.7842560248667745,0.5292429258627941,3.6980583888138288,13.82687849360082,1.1731215063991804,3,25,True,-7,34,True,-12,40,True,5.808625269622725,0.23053429127618566,3.7749277540609842,44.69125436384386,9.69125436384386,36,54,False,28,62,True,23,67,True
structural_ridge_gaussian,2025_11_BAL_CLE,2025-11-11T16:00:00+00:00,retrospective_historical_source_replay,True,archive:asset:318837553:sha256:0c3cc4cb9fdff4d1991c25a9edfa6e77fcff0f0c395d55981f1791da85cd5d5a,https://api.github.com/repos/nflverse/nflverse-data-archives/releases/assets/318837553,historical_source_proven,-7,39,0.02564223827181622,0.022603714874510628,False,False,4.184680423234733,0.3685202605935118,3.6696307759419278,-1.6580395951603877,5.341960404839613,-12,8,True,-20,17,True,-26,23,True,3.5077101325883087,0.4130359960574372,3.5558788431677786,42.45786766539842,3.4578676653984175,33,52,True,25,60,True,20,65,True
structural_ridge_gaussian,2025_11_CAR_ATL,2025-11-11T16:00:00+00:00,retrospective_historical_source_replay,True,archive:asset:318837553:sha256:0c3cc4cb9fdff4d1991c25a9edfa6e77fcff0f0c395d55981f1791da85cd5d5a,https://api.github.com/repos/nflverse/nflverse-data-archives/releases/assets/318837553,historical_source_proven,-3,57,0.02652124494732344,0.02464540806021387,False,False,3.9141333279016752,0.3917601660641301,3.6539493989994485,1.1290819665058833,4.1290819665058835,-9,11,True,-18,20,True,-23,26,True,8.61606599175011,0.855209508381948,4.075180115280241,42.791269657962765,14.208730342037235,34,52,False,25,60,True,20,65,True
structural_ridge_gaussian,2025_11_CHI_MIN,2025-11-11T16:00:00+00:00,retrospective_historical_source_replay,True,archive:asset:318837553:sha256:0c3cc4cb9fdff4d1991c25a9edfa6e77fcff0f0c395d55981f1791da85cd5d5a,https://api.github.com/repos/nflverse/nflverse-data-archives/releases/assets/318837553,historical_source_proven,-2,36,0.02714101914903433,0.02464322971545807,False,False,3.4537921933519375,0.45078164829878836,3.5951885729844193,-0.21375268871300013,1.7862473112869999,-10,10,True,-19,18,True,-24,23,True,4.939719051816552,0.29226747659788876,3.6932036043224925,43.879117242711075,7.879117242711075,35,53,True,27,61,True,22,66,True
structural_ridge_gaussian,2025_11_CIN_PIT,2025-11-11T16:00:00+00:00,retrospective_historical_source_replay,True,archive:asset:318837553:sha256:0c3cc4cb9fdff4d1991c25a9edfa6e77fcff0f0c395d55981f1791da85cd5d5a,https://api.github.com/repos/nflverse/nflverse-data-archives/releases/assets/318837553,historical_source_proven,22,46,0.02719852129321415,0.02770222480519058,False,False,9.886827366898636,0.8737066551461514,4.2103628419556856,5.883393426142777,16.116606573857222,-4,16,False,-13,24,True,-18,29,True,3.2225216406947985,0.4679269257433991,3.5356865008606784,47.12587654786688,1.1258765478668806,38,56,True,30,65,True,25,70,True
structural_ridge_gaussian,2025_11_DAL_LV,2025-11-11T16:00:00+00:00,retrospective_historical_source_replay,True,archive:asset:318837553:sha256:0c3cc4cb9fdff4d1991c25a9edfa6e77fcff0f0c395d55981f1791da85cd5d5a,https://api.github.com/repos/nflverse/nflverse-data-archives/releases/assets/318837553,historical_source_proven,-17,49,0.024292185419153456,0.022036742432599232,False,False,9.24923919671624,0.1682309523840938,4.162652825772181,-1.690954613168862,15.309045386831137,-12,9,False,-22,18,True,-28,24,True,3.6262717862332234,0.6277687828665895,3.569507061006612,45.040416915973275,3.9595830840267254,36,54,True,28,62,True,23,67,True
structural_ridge_gaussian,2025_11_DET_PHI,2025-11-11T16:00:00+00:00,retrospective_historical_source_replay,True,archive:asset:318837553:sha256:0c3cc4cb9fdff4d1991c25a9edfa6e77fcff0f0c395d55981f1791da85cd5d5a,https://api.github.com/repos/nflverse/nflverse-data-archives/releases/assets/318837553,historical_source_proven,7,25,0.02654351892805229,0.024573583367691443,False,True,4.421705654310292,0.654783821624743,3.7060832598722517,1.1225632440953048,5.877436755904695,-9,11,True,-18,20,True,-23,26,True,11.757052832819541,0.0875636298580866,4.435978443863195,43.302465777270605,18.302465777270605,34,52,False,26,61,False,21,66,True
structural_ridge_gaussian,2025_11_GB_NYG,2025-11-11T16:00:00+00:00,retrospective_historical_source_replay,True,archive:asset:318837553:sha256:0c3cc4cb9fdff4d1991c25a9edfa6e77fcff0f0c395d55981f1791da85cd5d5a,https://api.github.com/repos/nflverse/nflverse-data-archives/releases/assets/318837553,historical_source_proven,-7,47,0.019970653161591856,0.016014172108259395,False,False,3.6141127980545136,0.5293897623612146,3.6531387877379933,-8.069569236950029,1.069569236950029,-18,2,True,-28,12,True,-33,17,True,3.2963012539028202,0.549759653911803,3.5410373436300744,44.99802973413202,2.001970265867982,36,54,True,28,62,True,23,67,True
structural_ridge_gaussian,2025_11_HOU_TEN,2025-11-11T16:00:00+00:00,retrospective_historical_source_replay,True,archive:asset:318837553:sha256:0c3cc4cb9fdff4d1991c25a9edfa6e77fcff0f0c395d55981f1791da85cd5d5a,https://api.github.com/repos/nflverse/nflverse-data-archives/releases/assets/318837553,historical_source_proven,-3,29,0.02051327779724732,0.016396912665540997,False,False,4.175847993387452,0.6315869344920986,3.6861290897923906,-8.054097399727096,5.054097399727096,-18,2,True,-27,11,True,-33,17,True,7.773607733961051,0.16558144686771298,3.9850959858083987,41.98351351346478,12.983513513464779,33,51,False,24,59,True,20,64,True
structural_ridge_gaussian,2025_11_KC_DEN,2025-11-11T16:00:00+00:00,retrospective_historical_source_replay,True,archive:asset:318837553:sha256:0c3cc4cb9fdff4d1991c25a9edfa6e77fcff0f0c395d55981f1791da85cd5d5a,https://api.github.com/repos/nflverse/nflverse-data-archives/releases/assets/318837553,historical_source_proven,3,41,0.024437981185948976,0.022452271413435643,True,False,3.9552834272755053,0.5863528572599521,3.711616750956792,0.0323344807302145,2.9676655192697856,-11,11,True,-20,20,True,-26,26,True,3.423394644383394,0.40490238615098084,3.5511256621709455,43.936993737517426,2.936993737517426,35,53,True,27,61,True,22,66,True
structural_ridge_gaussian,2025_11_LAC_JAX,2025-11-11T16:00:00+00:00,retrospective_historical_source_replay,True,archive:asset:318837553:sha256:0c3cc4cb9fdff4d1991c25a9edfa6e77fcff0f0c395d55981f1791da85cd5d5a,https://api.github.com/repos/nflverse/nflverse-data-archives/releases/assets/318837553,historical_source_proven,29,41,0.02246113324673693,0.019282068533780006,False,False,24.832524272340688,0.9839550143920023,5.924032634603922,-4.587683560227143,33.58768356022714,-15,6,False,-25,16,False,-31,21,False,3.568251417480968,0.40463675255818204,3.5626456394044532,44.72509146119535,3.7250914611953476,36,54,True,27,62,True,22,67,True
structural_ridge_gaussian,2025_11_NYJ_NE,2025-11-11T16:00:00+00:00,retrospective_historical_source_replay,True,archive:asset:318837553:sha256:0c3cc4cb9fdff4d1991c25a9edfa6e77fcff0f0c395d55981f1791da85cd5d5a,https://api.github.com/repos/nflverse/nflverse-data-archives/releases/assets/318837553,historical_source_proven,13,41,0.02480236143278819,0.025859285319311642,False,False,4.312672433759212,0.6304694769092454,3.716505800096919,7.793258643632388,5.206741356367612,-3,18,True,-12,28,True,-17,33,True,3.5465530080241576,0.3956613045067941,3.563100919477796,44.57338479495503,3.5733847949550324,35,54,True,27,62,True,22,67,True
structural_ridge_gaussian,2025_11_SEA_LA,2025-11-11T16:00:00+00:00,retrospective_historical_source_replay,True,archive:asset:318837553:sha256:0c3cc4cb9fdff4d1991c25a9edfa6e77fcff0f0c395d55981f1791da85cd5d5a,https://api.github.com/repos/nflverse/nflverse-data-archives/releases/assets/318837553,historical_source_proven,2,40,0.025291750703534732,0.025241571541125607,False,False,3.829262901638627,0.4327117926720249,3.6867437163059775,4.577730592109651,2.577730592109651,-6,15,True,-15,24,True,-21,30,True,3.448501213981365,0.4014160356885276,3.5569412132238805,42.995327572276125,2.995327572276125,34,52,True,25,61,True,21,65,True
structural_ridge_gaussian,2025_11_SF_ARI,2025-11-11T16:00:00+00:00,retrospective_historical_source_replay,True,archive:asset:318837553:sha256:0c3cc4cb9fdff4d1991c25a9edfa6e77fcff0f0c395d55981f1791da85cd5d5a,https://api.github.com/repos/nflverse/nflverse-data-archives/releases/assets/318837553,historical_source_proven,-19,63,0.023939532891655957,0.02194170160491926,False,False,10.851980740409207,0.1382340434944665,4.329390192588257,-1.4151045126967927,17.584895487303207,-12,10,False,-23,19,True,-29,25,True,11.745378083739855,0.9116648760056301,4.432726477752602,44.69512068193811,18.304879318061893,36,54,False,27,62,False,22,67,True
structural_ridge_gaussian,2025_11_TB_BUF,2025-11-11T16:00:00+00:00,retrospective_historical_source_replay,True,archive:asset:318837553:sha256:0c3cc4cb9fdff4d1991c25a9edfa6e77fcff0f0c395d55981f1791da85cd5d5a,https://api.github.com/repos/nflverse/nflverse-data-archives/releases/assets/318837553,historical_source_proven,12,76,0.02746834228221945,0.027409819619609088,False,False,4.655281107251046,0.6777216806785659,3.7068647497774183,5.1877405948548745,6.8122594051451255,-5,15,True,-13,24,True,-18,29,True,23.847043225213564,0.9889368163190948,6.197722805258651,44.572720273481885,31.427279726518115,35,54,False,27,62,False,22,67,False
structural_ridge_gaussian,2025_11_WAS_MIA,2025-11-11T16:00:00+00:00,retrospective_historical_source_replay,True,archive:asset:318837553:sha256:0c3cc4cb9fdff4d1991c25a9edfa6e77fcff0f0c395d55981f1791da85cd5d5a,https://api.github.com/repos/nflverse/nflverse-data-archives/releases/assets/318837553,historical_source_proven,3,29,0.026280645229016242,0.02555733771728952,True,False,3.5513381221271088,0.5114206102940949,3.638922533573661,2.5453845705934404,0.45461542940655963,-8,13,True,-17,22,True,-23,27,True,9.767716842285557,0.12244825596366961,4.202680487133624,44.791129491712795,15.791129491712795,36,54,False,27,62,True,22,67,True
structural_ridge_gaussian,2025_12_ATL_NO,2025-11-18T16:00:00+00:00,retrospective_historical_source_replay,True,archive:asset:321531075:sha256:329873c6f615a0c3aecac8b59a323c695af8c33435b396f2ef1c2b1c24977a22,https://api.github.com/repos/nflverse/nflverse-data-archives/releases/assets/321531075,historical_source_proven,-14,34,0.025615054390391023,0.024160225287922277,False,False,9.387792512102521,0.15235921873586036,4.14841360042998,1.61750061968538,15.61750061968538,-9,12,False,-18,21,True,-23,27,True,5.436688591596065,0.2768093829728419,3.768974717982545,42.802497267175575,8.802497267175575,33,52,True,24,61,True,19,66,True
structural_ridge_gaussian,2025_12_BUF_HOU,2025-11-18T16:00:00+00:00,retrospective_historical_source_replay,True,archive:asset:321531075:sha256:329873c6f615a0c3aecac8b59a323c695af8c33435b396f2ef1c2b1c24977a22,https://api.github.com/repos/nflverse/nflverse-data-archives/releases/assets/321531075,historical_source_proven,4,42,0.02750628418726797,0.025615035036984257,False,False,3.516157334618034,0.5748851116482712,3.6041167205383817,1.7805567916698684,2.219443208330132,-8,11,True,-17,20,True,-22,26,True,3.5388094836014203,0.4155328208160718,3.596443524923112,44.690086211244214,2.690086211244214,35,54,True,26,63,True,21,68,True
structural_ridge_gaussian,2025_12_CAR_SF,2025-11-18T16:00:00+00:00,retrospective_historical_source_replay,True,archive:asset:321531075:sha256:329873c6f615a0c3aecac8b59a323c695af8c33435b396f2ef1c2b1c24977a22,https://api.github.com/repos/nflverse/nflverse-data-archives/releases/assets/321531075,historical_source_proven,11,29,0.027932331819243317,0.028015347980877014,False,False,4.188576792157364,0.6508128559765151,3.6519594980662036,5.429160461291961,5.570839538708039,-4,15,True,-13,24,True,-18,29,True,10.978061640562602,0.10462645383055726,4.33082331392247,46.51143348209827,17.51143348209827,37,56,False,28,65,True,23,70,True
structural_ridge_gaussian,2025_12_CLE_LV,2025-11-18T16:00:00+00:00,retrospective_historical_source_replay,True,archive:asset:321531075:sha256:329873c6f615a0c3aecac8b59a323c695af8c33435b396f2ef1c2b1c24977a22,https://api.github.com/repos/nflverse/nflverse-data-archives/releases/assets/321531075,historical_source_proven,-14,34,0.02799242718238215,0.025200820034276594,False,False,8.569385592951221,0.15234499712858762,4.067455716355762,0.2673422944830738,14.267342294483074,-9,10,False,-18,18,True,-23,24,True,4.445191076752056,0.3424952690681999,3.6804507778347935,40.31424122631209,6.314241226312092,31,50,True,22,59,True,17,64,True
structural_ridge_gaussian,2025_12_IND_KC,2025-11-18T16:00:00+00:00,retrospective_historical_source_replay,True,archive:asset:321531075:sha256:329873c6f615a0c3aecac8b59a323c695af8c33435b396f2ef1c2b1c24977a22,https://api.github.com/repos/nflverse/nflverse-data-archives/releases/assets/321531075,historical_source_proven,3,43,0.025746516719218404,0.025146740674450885,True,False,3.617087031390973,0.4775911379450159,3.659455934062677,3.438308677890984,0.43830867789098393,-7,14,True,-16,23,True,-22,29,True,4.174131681377112,0.3637243458851811,3.6550596515505673,48.4794794315329,5.479479431532901,39,58,True,30,67,True,25,72,True
structural_ridge_gaussian,2025_12_JAX_ARI,2025-11-18T16:00:00+00:00,retrospective_historical_source_replay,True,archive:asset:321531075:sha256:329873c6f615a0c3aecac8b59a323c695af8c33435b396f2ef1c2b1c24977a22,https://api.github.com/repos/nflverse/nflverse-data-archives/releases/assets/321531075,historical_source_proven,-3,51,0.02655636480367607,0.025138677240957197,False,False,4.069309067731398,0.37505364974030453,3.6818520208050534,1.475160096079081,4.475160096079081,-9,12,True,-18,21,True,-24,26,True,4.393195395368815,0.6564662833987579,3.6749601985414198,44.82919558318271,6.17080441681729,35,54,True,26,63,True,21,68,True
structural_ridge_gaussian,2025_12_MIN_GB,2025-11-18T16:00:00+00:00,retrospective_historical_source_replay,True,archive:asset:321531075:sha256:329873c6f615a0c3aecac8b59a323c695af8c33435b396f2ef1c2b1c24977a22,https://api.github.com/repos/nflverse/nflverse-data-archives/releases/assets/321531075,historical_source_proven,17,29,0.02293470082953153,0.025438912692710147,False,False,4.431400542372959,0.6425098593573324,3.7046648047082584,11.006196543834537,5.9938034561654625,1,21,True,-8,30,True,-14,35,True,9.072876311504153,0.14873688629390808,4.12750437390041,43.972873536793315,14.972873536793315,34,54,False,26,62,True,20,68,True
structural_ridge_gaussian,2025_12_NE_CIN,2025-11-18T16:00:00+00:00,retrospective_historical_source_replay,True,archive:asset:321531075:sha256:329873c6f615a0c3aecac8b59a323c695af8c33435b396f2ef1c2b1c24977a22,https://api.github.com/repos/nflverse/nflverse-data-archives/releases/assets/321531075,historical_source_proven,-6,46,0.01994077608118816,0.015511832762725608,False,False,3.67332515682394,0.5685868389773966,3.630441821354541,-8.918004340591123,2.918004340591123,-19,1,True,-28,10,True,-34,15,True,3.5855094159642977,0.4281844930838808,3.6040766937605024,48.888427291235345,2.8884272912353453,39,59,True,30,67,True,25,73,True
structural_ridge_gaussian,2025_12_NYG_DET,2025-11-18T16:00:00+00:00,retrospective_historical_source_replay,True,archive:asset:321531075:sha256:329873c6f615a0c3aecac8b59a323c695af8c33435b396f2ef1c2b1c24977a22,https://api.github.com/repos/nflverse/nflverse-data-archives/releases/assets/321531075,historical_source_proven,7,61,0.02181286666851262,0.025039642190236022,False,True,4.3936808132524,0.3489762032176761,3.687295022379651,13.067339010152388,6.067339010152388,3,23,True,-6,32,True,-11,38,True,9.395057111223506,0.8563196926409454,4.160487736480713,45.587630906209775,15.412369093790225,36,55,False,27,64,True,22,69,True
structural_ridge_gaussian,2025_12_NYJ_BAL,2025-11-18T16:00:00+00:00,retrospective_historical_source_replay,True,archive:asset:321531075:sha256:329873c6f615a0c3aecac8b59a323c695af8c33435b396f2ef1c2b1c24977a22,https://api.github.com/repos/nflverse/nflverse-data-archives/releases/assets/321531075,historical_source_proven,13,33,0.02456900021405689,0.026301261885997074,False,False,4.012997021107074,0.6088763242025768,3.6669210092765563,8.535345806836048,4.464654193163952,-2,19,True,-11,28,True,-16,33,True,7.3360405214559785,0.18960541122497002,3.953163524641196,45.32501086372024,12.325010863720237,36,55,False,27,64,True,22,69,True
structural_ridge_gaussian,2025_12_PHI_DAL,2025-11-18T16:00:00+00:00,retrospective_historical_source_replay,True,archive:asset:321531075:sha256:329873c6f615a0c3aecac8b59a323c695af8c33435b396f2ef1c2b1c24977a22,https://api.github.com/repos/nflverse/nflverse-data-archives/releases/assets/321531075,historical_source_proven,3,45,0.024496508568516706,0.020709454621700152,True,False,4.7049651146812455,0.6928167098073481,3.7092246789940826,-4.004714975683912,7.004714975683912,-14,6,True,-23,15,True,-28,20,True,3.538407739972243,0.41751599782906035,3.5984784076594445,47.62147213131273,2.6214721313127285,38,57,True,29,66,True,24,71,True
structural_ridge_gaussian,2025_12_PIT_CHI,2025-11-18T16:00:00+00:00,retrospective_historical_source_replay,True,archive:asset:321531075:sha256:329873c6f615a0c3aecac8b59a323c695af8c33435b396f2ef1c2b1c24977a22,https://api.github.com/repos/nflverse/nflverse-data-archives/releases/assets/321531075,historical_source_proven,3,59,0.027181915448661997,0.026403322660575212,True,False,3.4597569971850977,0.48744851755139434,3.6052034000173543,4.111768750820348,1.1117687508203478,-6,14,True,-15,23,True,-20,29,True,7.60674792188941,0.8143524323302286,3.977727613929128,46.2267768802041,12.773223119795901,37,56,False,28,65,True,23,70,True
structural_ridge_gaussian,2025_12_SEA_TEN,2025-11-18T16:00:00+00:00,retrospective_historical_source_replay,True,archive:asset:321531075:sha256:329873c6f615a0c3aecac8b59a323c695af8c33435b396f2ef1c2b1c24977a22,https://api.github.com/repos/nflverse/nflverse-data-archives/releases/assets/321531075,historical_source_proven,-6,54,0.016745550593291192,0.012125307912228322,False,False,4.151426046310152,0.6466875389457788,3.649919057063836,-11.44876517286126,5.448765172861259,-21,-2,True,-30,7,True,-35,12,True,5.733916011221696,0.7482140522045627,3.798367106775254,44.58388651855434,9.416113481445663,35,54,True,26,63,True,21,68,True
structural_ridge_gaussian,2025_12_TB_LA,2025-11-18T16:00:00+00:00,retrospective_historical_source_replay,True,archive:asset:321531075:sha256:329873c6f615a0c3aecac8b59a323c695af8c33435b396f2ef1c2b1c24977a22,https://api.github.com/repos/nflverse/nflverse-data-archives/releases/assets/321531075,historical_source_proven,27,41,0.025121523982207628,0.025586091455726434,False,False,13.34874606493402,0.912363723697566,4.570364797822653,6.179010728485471,20.820989271514527,-4,17,False,-14,26,False,-20,32,True,3.781166152417298,0.39616750583696403,3.619719926825331,44.96268184699074,3.9626818469907406,35,55,True,27,63,True,21,69,True
structural_ridge_gaussian,2025_13_ARI_TB,2025-11-25T16:00:00+00:00,retrospective_historical_source_replay,True,archive:asset:324362504:sha256:899a366f22db4cb561fb4d88d209476a769ea9bee0cd8beab34020389fba5016,https://api.github.com/repos/nflverse/nflverse-data-archives/releases/assets/324362504,historical_source_proven,3,37,0.026367019284277704,0.026618325618527172,True,False,3.6399750395859014,0.4407939159324269,3.635641319352498,5.438603336881808,2.4386033368818083,-5,16,True,-14,24,True,-19,30,True,4.691507057415321,0.3131407452459385,3.6947507474458483,44.08123653959401,7.081236539594009,35,54,True,26,62,True,21,67,True
structural_ridge_gaussian,2025_13_ATL_NYJ,2025-11-25T16:00:00+00:00,retrospective_historical_source_replay,True,archive:asset:324362504:sha256:899a366f22db4cb561fb4d88d209476a769ea9bee0cd8beab34020389fba5016,https://api.github.com/repos/nflverse/nflverse-data-archives/releases/assets/324362504,historical_source_proven,3,51,0.02439951269806706,0.021098890357101885,True,False,4.485593924727101,0.670149727008817,3.713192118273106,-3.0846785684943456,6.084678568494345,-13,7,True,-22,16,True,-28,22,True,4.613594374753112,0.6946584290668066,3.6887813077213476,44.13506646790996,6.864933532090042,35,54,True,26,62,True,21,67,True
structural_ridge_gaussian,2025_13_BUF_PIT,2025-11-25T16:00:00+00:00,retrospective_historical_source_replay,True,archive:asset:324362504:sha256:899a366f22db4cb561fb4d88d209476a769ea9bee0cd8beab34020389fba5016,https://api.github.com/repos/nflverse/nflverse-data-archives/releases/assets/324362504,historical_source_proven,-19,33,0.024445861790375112,0.0196604117175041,False,False,8.326187393891717,0.15718673923253643,4.048058830598686,-5.223584152469252,13.776415847530748,-14,4,False,-23,12,True,-28,17,True,6.989950978682382,0.2101328752712582,3.912540659817279,44.75092926657577,11.750929266575767,35,54,False,27,63,True,22,68,True
structural_ridge_gaussian,2025_13_CHI_PHI,2025-11-25T16:00:00+00:00,retrospective_historical_source_replay,True,archive:asset:324362504:sha256:899a366f22db4cb561fb4d88d209476a769ea9bee0cd8beab34020389fba5016,https://api.github.com/repos/nflverse/nflverse-data-archives/releases/assets/324362504,historical_source_proven,-9,39,0.028481471155546667,0.028631876306868698,False,False,8.455993722698397,0.14853230788583446,4.070287569067117,4.943308764421843,13.943308764421843,-4,14,False,-13,23,True,-18,28,True,3.9687473380437925,0.3554150937437631,3.6296359168786516,43.85697490162634,4.856974901626337,34,53,True,26,62,True,21,67,True
structural_ridge_gaussian,2025_13_CIN_BAL,2025-11-25T16:00:00+00:00,retrospective_historical_source_replay,True,archive:asset:324362504:sha256:899a366f22db4cb561fb4d88d209476a769ea9bee0cd8beab34020389fba5016,https://api.github.com/repos/nflverse/nflverse-data-archives/releases/assets/324362504,historical_source_proven,-18,46,0.021897653227408775,0.024756137700152447,False,False,21.561633924831142,0.0247867006283454,5.550048503370651,11.816503175807519,29.81650317580752,2,22,False,-8,31,False,-13,37,False,3.4473700141650063,0.42785338730079003,3.580724069338595,48.28157475728662,2.28157475728662,39,58,True,30,66,True,25,72,True
structural_ridge_gaussian,2025_13_DEN_WAS,2025-11-25T16:00:00+00:00,retrospective_historical_source_replay,True,archive:asset:324362504:sha256:899a366f22db4cb561fb4d88d209476a769ea9bee0cd8beab34020389fba5016,https://api.github.com/repos/nflverse/nflverse-data-archives/releases/assets/324362504,historical_source_proven,-1,53,0.022659970151714948,0.018262593635960056,False,False,4.096508774517462,0.6476614198072599,3.648885095411258,-6.229265372170408,5.229265372170408,-16,4,True,-25,12,True,-30,17,True,5.348463252632238,0.7235951072737837,3.7539025813442035,44.3467707961929,8.6532292038071,35,54,True,26,62,True,21,68,True
structural_ridge_gaussian,2025_13_GB_DET,2025-11-25T16:00:00+00:00,retrospective_historical_source_replay,True,archive:asset:324362504:sha256:899a366f22db4cb561fb4d88d209476a769ea9bee0cd8beab34020389fba5016,https://api.github.com/repos/nflverse/nflverse-data-archives/releases/assets/324362504,historical_source_proven,-7,55,0.028470208974424982,0.027782339825772495,False,False,6.392737721828193,0.23041465535857428,3.8518942088944255,3.7014290961457044,10.701429096145704,-6,13,False,-14,22,True,-19,27,True,6.21437550907816,0.7699841048271071,3.836912076648573,44.617677019679306,10.382322980320694,35,54,False,27,63,True,21,68,True
structural_ridge_gaussian,2025_13_HOU_IND,2025-11-25T16:00:00+00:00,retrospective_historical_source_replay,True,archive:asset:324362504:sha256:899a366f22db4cb561fb4d88d209476a769ea9bee0cd8beab34020389fba5016,https://api.github.com/repos/nflverse/nflverse-data-archives/releases/assets/324362504,historical_source_proven,-4,36,0.02662969052458075,0.02652242633782198,False,False,5.5860988166997085,0.2631678644733245,3.793055266343752,5.108857271318351,9.108857271318351,-5,15,True,-14,24,True,-19,30,True,6.062611910875212,0.24443958400270396,3.8238830069025327,46.09265171080518,10.092651710805178,37,56,False,28,64,True,23,69,True
structural_ridge_gaussian,2025_13_JAX_TEN,2025-11-25T16:00:00+00:00,retrospective_historical_source_replay,True,archive:asset:324362504:sha256:899a366f22db4cb561fb4d88d209476a769ea9bee0cd8beab34020389fba5016,https://api.github.com/repos/nflverse/nflverse-data-archives/releases/assets/324362504,historical_source_proven,-22,28,0.023099081273962208,0.01905975928501613,False,False,10.24057974396733,0.1288112333400476,4.243667769654151,-5.346879756909434,16.653120243090566,-15,5,False,-24,13,True,-29,19,True,9.290431990591959,0.14297696717540687,4.148223084726699,43.25266293593116,15.252662935931163,34,53,False,25,61,True,20,67,True
structural_ridge_gaussian,2025_13_KC_DAL,2025-11-25T16:00:00+00:00,retrospective_historical_source_replay,True,archive:asset:324362504:sha256:899a366f22db4cb561fb4d88d209476a769ea9bee0cd8beab34020389fba5016,https://api.github.com/repos/nflverse/nflverse-data-archives/releases/assets/324362504,historical_source_proven,3,59,0.02503875582794124,0.021004018654124823,True,False,4.628760856691754,0.6865859512909149,3.6873304213672364,-3.9497126427022113,6.949712642702211,-13,6,True,-22,14,True,-27,19,True,6.182969262701907,0.7661165449047553,3.8370829235586474,48.6912930194228,10.308706980577199,39,58,False,31,67,True,25,72,True
structural_ridge_gaussian,2025_13_LA_CAR,2025-11-25T16:00:00+00:00,retrospective_historical_source_replay,True,archive:asset:324362504:sha256:899a366f22db4cb561fb4d88d209476a769ea9bee0cd8beab34020389fba5016,https://api.github.com/repos/nflverse/nflverse-data-archives/releases/assets/324362504,historical_source_proven,3,59,0.021427718739971957,0.016586538301239906,True,False,6.274959745527015,0.781197614557514,3.8430699268675648,-7.4733601031459,10.4733601031459,-17,2,False,-25,10,True,-30,16,True,9.075553319461788,0.847133481938708,4.125560533832509,44.046019289744265,14.953980710255735,34,54,False,26,62,True,21,67,True
structural_ridge_gaussian,2025_13_LV_LAC,2025-11-25T16:00:00+00:00,retrospective_historical_source_replay,True,archive:asset:324362504:sha256:899a366f22db4cb561fb4d88d209476a769ea9bee0cd8beab34020389fba5016,https://api.github.com/repos/nflverse/nflverse-data-archives/releases/assets/324362504,historical_source_proven,17,45,0.024777109662078967,0.026918948351804584,False,False,4.940233077570798,0.7002890728806759,3.734409400923972,9.424882670223134,7.575117329776866,0,19,True,-9,28,True,-15,33,True,3.542644657978915,0.5699625051954385,3.592903539028069,42.16872626029294,2.8312737397070578,33,52,True,24,60,True,19,66,True
structural_ridge_gaussian,2025_13_MIN_SEA,2025-11-25T16:00:00+00:00,retrospective_historical_source_replay,True,archive:asset:324362504:sha256:899a366f22db4cb561fb4d88d209476a769ea9bee0cd8beab34020389fba5016,https://api.github.com/repos/nflverse/nflverse-data-archives/releases/assets/324362504,historical_source_proven,26,26,0.022149560841540517,0.024372976679615743,False,False,9.027888355171754,0.8221002805381326,4.133902124124712,10.906486346688158,15.093513653311842,0,22,False,-9,31,True,-15,37,True,10.482804587799098,0.12345402109658651,4.277661171388142,42.853673705713064,16.853673705713064,33,52,False,25,61,True,19,66,True
structural_ridge_gaussian,2025_13_NO_MIA,2025-11-25T16:00:00+00:00,retrospective_historical_source_replay,True,archive:asset:324362504:sha256:899a366f22db4cb561fb4d88d209476a769ea9bee0cd8beab34020389fba5016,https://api.github.com/repos/nflverse/nflverse-data-archives/releases/assets/324362504,historical_source_proven,4,38,0.02719930067687365,0.026240319955672886,False,False,3.4492686640891552,0.5363084718094586,3.6065972859448525,2.9614511425002767,1.0385488574997233,-7,13,True,-16,22,True,-21,27,True,4.084981266465559,0.35970060183570546,3.6398183862379585,43.2746987904787,5.274698790478702,34,53,True,25,61,True,20,67,True
structural_ridge_gaussian,2025_13_NYG_NE,2025-11-25T16:00:00+00:00,retrospective_historical_source_replay,True,archive:asset:324362504:sha256:899a366f22db4cb561fb4d88d209476a769ea9bee0cd8beab34020389fba5016,https://api.github.com/repos/nflverse/nflverse-data-archives/releases/assets/324362504,historical_source_proven,18,48,0.0256148679166614,0.02691342449255235,False,False,6.358437999560945,0.7662765516864626,3.8607873659816714,7.295396376268339,10.70460362373166,-3,17,False,-12,26,True,-17,32,True,3.352105745366702,0.5350285740403031,3.573536192377467,46.72972804656795,1.2702719534320508,37,56,True,29,65,True,23,70,True
structural_ridge_gaussian,2025_13_SF_CLE,2025-11-25T16:00:00+00:00,retrospective_historical_source_replay,True,archive:asset:324362504:sha256:899a366f22db4cb561fb4d88d209476a769ea9bee0cd8beab34020389fba5016,https://api.github.com/repos/nflverse/nflverse-data-archives/releases/assets/324362504,historical_source_proven,-18,34,0.025580796438253395,0.021947711072480836,False,False,9.225655607604725,0.14298834988571868,4.137718401778975,-2.788577821320093,15.211422178679907,-12,7,False,-21,16,True,-26,21,True,6.0436642252110895,0.23290565958036064,3.821456027091441,44.06334726147406,10.063347261474057,35,54,False,26,62,True,21,67,True
structural_ridge_gaussian,2025_14_CHI_GB,2025-12-02T16:00:00+00:00,retrospective_historical_source_replay,True,archive:asset:332861918:sha256:493dc1dc5a36242e6329e6c421f09447e5938c1681ffda92ad61165c0f8b512f,https://api.github.com/repos/nflverse/nflverse-data-archives/releases/assets/332861918,historical_source_proven,7,49,0.027795035518040745,0.029042862211091147,False,True,3.204898495385269,0.509968983838735,3.53898253289437,7.001264734673658,0.0012647346736578413,-2,16,True,-11,25,True,-16,30,True,3.377624230376375,0.5633817639596727,3.549557054250749,46.4202859612209,2.5797140387791018,37,56,True,29,64,True,24,69,True
structural_ridge_gaussian,2025_14_CIN_BUF,2025-12-02T16:00:00+00:00,retrospective_historical_source_replay,True,archive:asset:332861918:sha256:493dc1dc5a36242e6329e6c421f09447e5938c1681ffda92ad61165c0f8b512f,https://api.github.com/repos/nflverse/nflverse-data-archives/releases/assets/332861918,historical_source_proven,5,73,0.02336037791350254,0.026808582048800156,False,False,4.609443340117963,0.31622404902037005,3.677546060863427,11.98570887186008,6.98570887186008,2,21,True,-6,30,True,-11,35,True,18.049813529837692,0.9661927019114581,5.261291860867,47.56103616595537,25.43896383404463,38,57,False,30,65,False,25,70,False
structural_ridge_gaussian,2025_14_DAL_DET,2025-12-02T16:00:00+00:00,retrospective_historical_source_replay,True,archive:asset:332861918:sha256:493dc1dc5a36242e6329e6c421f09447e5938c1681ffda92ad61165c0f8b512f,https://api.github.com/repos/nflverse/nflverse-data-archives/releases/assets/332861918,historical_source_proven,14,74,0.028182486092573122,0.02896991815451322,False,False,4.854717581227971,0.7041370976414433,3.6993281685557142,6.460058201492972,7.539941798507028,-3,16,True,-11,24,True,-16,29,True,20.502807454325847,0.9813077057357876,5.644888182125931,46.02100112362774,27.97899887637226,37,55,False,29,63,False,24,68,False
structural_ridge_gaussian,2025_14_DEN_LV,2025-12-02T16:00:00+00:00,retrospective_historical_source_replay,True,archive:asset:332861918:sha256:493dc1dc5a36242e6329e6c421f09447e5938c1681ffda92ad61165c0f8b512f,https://api.github.com/repos/nflverse/nflverse-data-archives/releases/assets/332861918,historical_source_proven,-7,41,0.020800853836452582,0.015812396358127923,False,False,3.2652975886464812,0.5462949078649778,3.549591741127017,-8.173220720485812,1.173220720485812,-17,1,True,-26,10,True,-31,15,True,3.197480793996135,0.5160439084599622,3.534855642485906,40.57658882380352,0.42341117619648116,31,50,True,23,58,True,18,63,True
structural_ridge_gaussian,2025_14_HOU_KC,2025-12-02T16:00:00+00:00,retrospective_historical_source_replay,True,archive:asset:332861918:sha256:493dc1dc5a36242e6329e6c421f09447e5938c1681ffda92ad61165c0f8b512f,https://api.github.com/repos/nflverse/nflverse-data-archives/releases/assets/332861918,historical_source_proven,-10,30,0.026904631323779904,0.026622663409850977,False,False,8.440650646167391,0.17848491940025396,4.072499857081841,4.001691307428997,14.001691307428997,-6,14,False,-15,23,True,-20,28,True,8.517087770171551,0.16007605689345222,4.0649977115554945,44.07851757634437,14.078517576344368,35,53,False,27,62,True,22,67,True
structural_ridge_gaussian,2025_14_IND_JAX,2025-12-02T16:00:00+00:00,retrospective_historical_source_replay,True,archive:asset:332861918:sha256:493dc1dc5a36242e6329e6c421f09447e5938c1681ffda92ad61165c0f8b512f,https://api.github.com/repos/nflverse/nflverse-data-archives/releases/assets/332861918,historical_source_proven,17,55,0.023698780805187836,0.020584515065523057,False,False,12.650818134269405,0.8979649271967983,4.4933000704239,-2.756203422414784,19.756203422414785,-13,7,False,-22,17,True,-27,23,True,5.381293025854371,0.7426898582185422,3.7404025722588248,46.18438629050422,8.815613709495778,37,55,True,29,64,True,24,69,True
structural_ridge_gaussian,2025_14_LA_ARI,2025-12-02T16:00:00+00:00,retrospective_historical_source_replay,True,archive:asset:332861918:sha256:493dc1dc5a36242e6329e6c421f09447e5938c1681ffda92ad61165c0f8b512f,https://api.github.com/repos/nflverse/nflverse-data-archives/releases/assets/332861918,historical_source_proven,-28,62,0.023020308837564007,0.018854857582398354,False,False,15.377272107896538,0.054513227400130516,4.840957135202868,-5.111932234210282,22.888067765789717,-15,4,False,-23,14,False,-28,19,True,11.847970138230211,0.9083898863445449,4.446018515536201,43.57899446957839,18.42100553042161,34,53,False,26,61,False,21,66,True
structural_ridge_gaussian,2025_14_MIA_NYJ,2025-12-02T16:00:00+00:00,retrospective_historical_source_replay,True,archive:asset:332861918:sha256:493dc1dc5a36242e6329e6c421f09447e5938c1681ffda92ad61165c0f8b512f,https://api.github.com/repos/nflverse/nflverse-data-archives/releases/assets/332861918,historical_source_proven,-24,44,0.028389942386458922,0.027255924890679628,False,False,19.134447627561322,0.030982472407707257,5.364188415157126,2.720671206975469,26.720671206975467,-7,12,False,-15,21,False,-20,26,False,3.204406486850915,0.5046249385194423,3.537668683460418,43.72112839994719,0.27887160005280975,34,53,True,26,61,True,21,66,True
structural_ridge_gaussian,2025_14_NO_TB,2025-12-02T16:00:00+00:00,retrospective_historical_source_replay,True,archive:asset:332861918:sha256:493dc1dc5a36242e6329e6c421f09447e5938c1681ffda92ad61165c0f8b512f,https://api.github.com/repos/nflverse/nflverse-data-archives/releases/assets/332861918,historical_source_proven,-4,44,0.026973093402310577,0.02819095829041801,False,False,6.585594711781661,0.21810869774433,3.878501940904832,7.011892990631501,11.011892990631502,-2,17,False,-11,25,True,-16,30,True,3.2497060544996987,0.5343031285723181,3.542600395567897,42.76505834363017,1.234941656369827,34,52,True,25,60,True,20,65,True
structural_ridge_gaussian,2025_14_PHI_LAC,2025-12-02T16:00:00+00:00,retrospective_historical_source_replay,True,archive:asset:332861918:sha256:493dc1dc5a36242e6329e6c421f09447e5938c1681ffda92ad61165c0f8b512f,https://api.github.com/repos/nflverse/nflverse-data-archives/releases/assets/332861918,historical_source_proven,3,41,0.027262751390368045,0.02522908607050456,True,False,3.5086249745314615,0.5583289818735154,3.6022339263921612,0.7509738922887205,2.2490261077112796,-9,11,True,-18,19,True,-23,24,True,3.2547538455207388,0.4627224356988771,3.544693356017434,42.197261805962924,1.197261805962924,33,51,True,25,60,True,20,65,True
structural_ridge_gaussian,2025_14_PIT_BAL,2025-12-02T16:00:00+00:00,retrospective_historical_source_replay,True,archive:asset:332861918:sha256:493dc1dc5a36242e6329e6c421f09447e5938c1681ffda92ad61165c0f8b512f,https://api.github.com/repos/nflverse/nflverse-data-archives/releases/assets/332861918,historical_source_proven,-5,49,0.027427957953936932,0.027323736885380034,False,False,6.145426517806802,0.2292362646155499,3.8255071319008143,5.4041386210670455,10.404138621067045,-4,15,False,-13,24,True,-18,30,True,3.6160887159149384,0.6057835818937011,3.5770688657511327,45.246640136508944,3.753359863491056,36,55,True,28,63,True,23,68,True
structural_ridge_gaussian,2025_14_SEA_ATL,2025-12-02T16:00:00+00:00,retrospective_historical_source_replay,True,archive:asset:332861918:sha256:493dc1dc5a36242e6329e6c421f09447e5938c1681ffda92ad61165c0f8b512f,https://api.github.com/repos/nflverse/nflverse-data-archives/releases/assets/332861918,historical_source_proven,-28,46,0.02587632141558327,0.022625702526392066,False,False,17.9331329652707,0.037962065148711074,5.152351086135828,-2.379394897187136,25.620605102812863,-12,7,False,-21,16,False,-26,21,False,3.272355738580469,0.5394622572933069,3.5454952934794504,44.529073496866346,1.4709265031336543,35,54,True,27,62,True,22,67,True
structural_ridge_gaussian,2025_14_TEN_CLE,2025-12-02T16:00:00+00:00,retrospective_historical_source_replay,True,archive:asset:332861918:sha256:493dc1dc5a36242e6329e6c421f09447e5938c1681ffda92ad61165c0f8b512f,https://api.github.com/repos/nflverse/nflverse-data-archives/releases/assets/332861918,historical_source_proven,-2,60,0.02769191804174692,0.027509299799199693,False,False,4.583199733480716,0.30674109931515475,3.689171974755399,4.747910570888648,6.747910570888648,-5,14,True,-14,23,True,-19,28,True,12.865027773816884,0.9288809423908122,4.564882380284117,40.321368608857156,19.678631391142844,31,50,False,23,58,False,18,63,True
structural_ridge_gaussian,2025_14_WAS_MIN,2025-12-02T16:00:00+00:00,retrospective_historical_source_replay,True,archive:asset:332861918:sha256:493dc1dc5a36242e6329e6c421f09447e5938c1681ffda92ad61165c0f8b512f,https://api.github.com/repos/nflverse/nflverse-data-archives/releases/assets/332861918,historical_source_proven,31,31,0.0268088270646466,0.023608166429691657,False,False,24.273502869439195,0.9871040319732729,6.119999456371424,-1.0929089455670307,32.09290894556703,-11,8,False,-19,17,False,-24,22,False,7.644990752643833,0.18103370086422316,3.970752966455044,43.778974879941885,12.778974879941885,35,53,False,26,61,True,21,66,True
structural_ridge_gaussian,2025_15_ARI_HOU,2025-12-09T16:00:00+00:00,retrospective_historical_source_replay,True,archive:asset:332861918:sha256:493dc1dc5a36242e6329e6c421f09447e5938c1681ffda92ad61165c0f8b512f,https://api.github.com/repos/nflverse/nflverse-data-archives/releases/assets/332861918,historical_source_proven,20,60,0.02886770873539396,0.030122453425663775,False,False,8.014218122758766,0.8488367077335246,3.999064769584893,6.655279620420382,13.344720379579618,-2,16,False,-10,24,True,-15,28,True,10.992509683586222,0.8998302266518552,4.351455776265689,42.72258181745066,17.27741818254934,34,52,False,26,60,True,21,65,True
structural_ridge_gaussian,2025_15_ATL_TB,2025-12-09T16:00:00+00:00,retrospective_historical_source_replay,True,archive:asset:332861918:sha256:493dc1dc5a36242e6329e6c421f09447e5938c1681ffda92ad61165c0f8b512f,https://api.github.com/repos/nflverse/nflverse-data-archives/releases/assets/332861918,historical_source_proven,-1,57,0.028032937050692486,0.026718302482173995,False,False,3.6609320249057578,0.40601778172888847,3.604032562078849,2.51905492789028,3.51905492789028,-7,12,True,-16,21,True,-21,26,True,7.862710703850132,0.8392167329168252,3.988837917461378,43.92152354895806,13.078476451041936,35,53,False,27,61,True,22,66,True
structural_ridge_gaussian,2025_15_BAL_CIN,2025-12-09T16:00:00+00:00,retrospective_historical_source_replay,True,archive:asset:332861918:sha256:493dc1dc5a36242e6329e6c421f09447e5938c1681ffda92ad61165c0f8b512f,https://api.github.com/repos/nflverse/nflverse-data-archives/releases/assets/332861918,historical_source_proven,-24,24,0.02566462402320735,0.021448360547404177,False,False,13.381798203247138,0.07645302573153867,4.620868703221266,-3.672664905696873,20.327335094303127,-13,6,False,-21,14,False,-27,19,True,15.343927464119036,0.05087290183770968,4.903294366925877,46.39947854956389,22.399478549563888,37,55,False,29,64,False,24,69,True
structural_ridge_gaussian,2025_15_BUF_NE,2025-12-09T16:00:00+00:00,retrospective_historical_source_replay,True,archive:asset:332861918:sha256:493dc1dc5a36242e6329e6c421f09447e5938c1681ffda92ad61165c0f8b512f,https://api.github.com/repos/nflverse/nflverse-data-archives/releases/assets/332861918,historical_source_proven,-4,66,0.027485748459817883,0.025882050829398984,False,False,4.285002614646571,0.3398731019463398,3.676020215865325,1.6682200497101274,5.668220049710127,-8,11,True,-17,20,True,-22,26,True,13.69815641974075,0.9420882223773543,4.697372510550323,45.52940389036269,20.470596109637313,37,54,False,29,62,False,24,67,True
structural_ridge_gaussian,2025_15_CAR_NO,2025-12-09T16:00:00+00:00,retrospective_historical_source_replay,True,archive:asset:332861918:sha256:493dc1dc5a36242e6329e6c421f09447e5938c1681ffda92ad61165c0f8b512f,https://api.github.com/repos/nflverse/nflverse-data-archives/releases/assets/332861918,historical_source_proven,3,37,0.027193097555137324,0.025661169516142945,True,False,3.4274763660183507,0.5214166675721743,3.6047921042395608,2.270133237543023,0.729866762456977,-8,12,True,-16,21,True,-21,26,True,4.327767528517361,0.31367740759852003,3.6278356003090213,43.41510077618763,6.415100776187629,34,52,True,26,61,True,21,65,True
structural_ridge_gaussian,2025_15_CLE_CHI,2025-12-09T16:00:00+00:00,retrospective_historical_source_replay,True,archive:asset:332861918:sha256:493dc1dc5a36242e6329e6c421f09447e5938c1681ffda92ad61165c0f8b512f,https://api.github.com/repos/nflverse/nflverse-data-archives/releases/assets/332861918,historical_source_proven,28,34,0.02766312878556998,0.02787052378309629,False,False,15.119351537873293,0.9390507417705416,4.81740250369884,5.577309940401468,22.42269005959853,-4,15,False,-13,24,False,-18,29,True,4.621435362020845,0.2957001256665057,3.6558143951952946,41.1721368409915,7.172136840991499,32,50,True,24,58,True,19,63,True
structural_ridge_gaussian,2025_15_DET_LA,2025-12-09T16:00:00+00:00,retrospective_historical_source_replay,True,archive:asset:332861918:sha256:493dc1dc5a36242e6329e6c421f09447e5938c1681ffda92ad61165c0f8b512f,https://api.github.com/repos/nflverse/nflverse-data-archives/releases/assets/332861918,historical_source_proven,7,75,0.027065846289193507,0.028194925374725954,False,True,3.310949261792816,0.4882660175959415,3.568613268482091,7.142619817908038,0.14261981790803802,-2,17,True,-11,25,True,-16,31,True,22.197164102436314,0.9866114370423906,5.953292733881815,45.35545064946659,29.64454935053341,36,54,False,28,63,False,23,67,False
structural_ridge_gaussian,2025_15_GB_DEN,2025-12-09T16:00:00+00:00,retrospective_historical_source_replay,True,archive:asset:332861918:sha256:493dc1dc5a36242e6329e6c421f09447e5938c1681ffda92ad61165c0f8b512f,https://api.github.com/repos/nflverse/nflverse-data-archives/releases/assets/332861918,historical_source_proven,8,60,0.028569468728276037,0.026549916929699324,False,False,4.449099971154631,0.6772159598652691,3.6600651483152866,1.4200771045168823,6.579922895483118,-8,11,True,-16,19,True,-22,24,True,9.61653361761991,0.8785855702276546,4.188192474096948,44.45633546273713,15.54366453726287,35,54,False,27,62,True,22,67,True
structural_ridge_gaussian,2025_15_IND_SEA,2025-12-09T16:00:00+00:00,retrospective_historical_source_replay,True,archive:asset:332861918:sha256:493dc1dc5a36242e6329e6c421f09447e5938c1681ffda92ad61165c0f8b512f,https://api.github.com/repos/nflverse/nflverse-data-archives/releases/assets/332861918,historical_source_proven,2,34,0.026742497152538125,0.026004411567856267,False,False,3.5361079227931906,0.4672172735803311,3.62590435534837,3.2556675521846543,1.2556675521846543,-7,13,True,-16,22,True,-22,28,True,7.680949497390961,0.16076538568050286,3.9706479178574003,46.82507591882048,12.825075918820481,38,56,False,30,64,True,25,69,True
structural_ridge_gaussian,2025_15_LAC_KC,2025-12-09T16:00:00+00:00,retrospective_historical_source_replay,True,archive:asset:332861918:sha256:493dc1dc5a36242e6329e6c421f09447e5938c1681ffda92ad61165c0f8b512f,https://api.github.com/repos/nflverse/nflverse-data-archives/releases/assets/332861918,historical_source_proven,-3,29,0.028203060275964587,0.027592444555303297,False,False,4.787219935569721,0.312756263002209,3.68706086750102,4.512220092082724,7.512220092082724,-5,14,True,-13,23,True,-18,28,True,10.828582025384858,0.09517841452446292,4.330942868229863,46.08575998077325,17.085759980773247,37,55,False,29,63,True,24,68,True
structural_ridge_gaussian,2025_15_LV_PHI,2025-12-09T16:00:00+00:00,retrospective_historical_source_replay,True,archive:asset:332861918:sha256:493dc1dc5a36242e6329e6c421f09447e5938c1681ffda92ad61165c0f8b512f,https://api.github.com/repos/nflverse/nflverse-data-archives/releases/assets/332861918,historical_source_proven,31,31,0.025913473980675505,0.028683776311028808,False,False,14.001326293290646,0.9380921767216293,4.716559477340833,10.087870370279582,20.912129629720418,1,19,False,-7,28,False,-12,33,True,5.939623659307625,0.23351537057530808,3.7850680161949746,40.93795875269379,9.937958752693788,32,50,False,24,58,True,19,63,True
structural_ridge_gaussian,2025_15_MIA_PIT,2025-12-09T16:00:00+00:00,retrospective_historical_source_replay,True,archive:asset:332861918:sha256:493dc1dc5a36242e6329e6c421f09447e5938c1681ffda92ad61165c0f8b512f,https://api.github.com/repos/nflverse/nflverse-data-archives/releases/assets/332861918,historical_source_proven,13,43,0.027714094145374568,0.02684427100480713,False,False,5.780326642780208,0.7443223912119267,3.809167684094439,3.5376493917450635,9.462350608254937,-6,13,True,-15,22,True,-20,27,True,3.3031681485132984,0.4137479220467664,3.523937540018976,45.617307282051115,2.617307282051115,37,55,True,29,63,True,24,67,True
structural_ridge_gaussian,2025_15_MIN_DAL,2025-12-09T16:00:00+00:00,retrospective_historical_source_replay,True,archive:asset:332861918:sha256:493dc1dc5a36242e6329e6c421f09447e5938c1681ffda92ad61165c0f8b512f,https://api.github.com/repos/nflverse/nflverse-data-archives/releases/assets/332861918,historical_source_proven,-8,60,0.028552299452984653,0.029067913141859858,False,False,8.439800244161948,0.15245873344017613,4.05132433580215,6.021748954941998,14.021748954941998,-3,15,False,-11,24,True,-16,29,True,9.609439124828839,0.8813091013265735,4.187258535530783,44.46602998086477,15.533970019135232,35,54,False,27,62,True,22,67,True
structural_ridge_gaussian,2025_15_NYJ_JAX,2025-12-09T16:00:00+00:00,retrospective_historical_source_replay,True,archive:asset:332861918:sha256:493dc1dc5a36242e6329e6c421f09447e5938c1681ffda92ad61165c0f8b512f,https://api.github.com/repos/nflverse/nflverse-data-archives/releases/assets/332861918,historical_source_proven,28,68,0.025889092221962007,0.028663572763754253,False,False,11.725895550936347,0.914875974670024,4.426347222628184,9.710023223558485,18.289976776441513,1,19,False,-8,27,False,-13,32,True,17.547282560083815,0.968541524860663,5.22598992828533,43.240692944522834,24.759307055477166,34,52,False,26,60,False,21,65,False
structural_ridge_gaussian,2025_15_TEN_SF,2025-12-09T16:00:00+00:00,retrospective_historical_source_replay,True,archive:asset:332861918:sha256:493dc1dc5a36242e6329e6c421f09447e5938c1681ffda92ad61165c0f8b512f,https://api.github.com/repos/nflverse/nflverse-data-archives/releases/assets/332861918,historical_source_proven,13,61,0.026164029227307706,0.027851132721201655,False,False,3.9334271524009403,0.6188602774307873,3.6330071419578824,8.378304256211585,4.621695743788415,-1,18,True,-10,27,True,-15,32,True,10.071785174595076,0.8886969296972871,4.239107353403447,44.85295085521983,16.14704914478017,36,54,False,28,62,True,23,67,True
structural_ridge_gaussian,2025_15_WAS_NYG,2025-12-09T16:00:00+00:00,retrospective_historical_source_replay,True,archive:asset:332861918:sha256:493dc1dc5a36242e6329e6c421f09447e5938c1681ffda92ad61165c0f8b512f,https://api.github.com/repos/nflverse/nflverse-data-archives/releases/assets/332861918,historical_source_proven,-8,50,0.02739726781784696,0.02616241454441892,False,False,6.546750311786967,0.21626742176239305,3.8619489048218085,3.105239401088734,11.105239401088735,-7,13,False,-15,22,True,-20,27,True,3.3307777293945136,0.5556209985930975,3.540231018652324,47.58998863510896,2.410011364891041,38,57,True,30,65,True,25,70,True
structural_ridge_gaussian,2025_16_ATL_ARI,2025-12-16T16:00:00+00:00,retrospective_historical_source_replay,True,archive:asset:332861918:sha256:493dc1dc5a36242e6329e6c421f09447e5938c1681ffda92ad61165c0f8b512f,https://api.github.com/repos/nflverse/nflverse-data-archives/releases/assets/332861918,historical_source_proven,-7,45,0.028290512996012374,0.026440813402323404,False,False,5.444178081698142,0.2704627667181237,3.7604865704247,1.8941890143711348,8.894189014371134,-8,11,True,-16,20,True,-21,25,True,3.079850664632727,0.514229670780599,3.495493711016703,44.32914575372597,0.6708542462740326,35,53,True,27,61,True,23,66,True
structural_ridge_gaussian,2025_16_BUF_CLE,2025-12-16T16:00:00+00:00,retrospective_historical_source_replay,True,archive:asset:332861918:sha256:493dc1dc5a36242e6329e6c421f09447e5938c1681ffda92ad61165c0f8b512f,https://api.github.com/repos/nflverse/nflverse-data-archives/releases/assets/332861918,historical_source_proven,-3,43,0.02352333507708959,0.019392209504731528,False,False,3.5196371050553714,0.5494215669834601,3.605690305289441,-5.0791379628928315,2.0791379628928315,-15,5,True,-24,14,True,-29,19,True,3.094575964641081,0.5129303453747134,3.500979982081346,42.41046284828725,0.5895371517127472,33,51,True,25,59,True,21,64,True
structural_ridge_gaussian,2025_16_CIN_MIA,2025-12-16T16:00:00+00:00,retrospective_historical_source_replay,True,archive:asset:332861918:sha256:493dc1dc5a36242e6329e6c421f09447e5938c1681ffda92ad61165c0f8b512f,https://api.github.com/repos/nflverse/nflverse-data-archives/releases/assets/332861918,historical_source_proven,-24,66,0.02757017186304056,0.028072068911866088,False,False,22.191250456079803,0.014818021956481216,5.82951558001502,5.988563003745255,29.988563003745256,-4,16,False,-12,24,False,-17,29,False,12.426727667120117,0.9192654802834764,4.527400844095467,46.9727646878508,19.0272353121492,38,56,False,30,64,False,25,69,True
structural_ridge_gaussian,2025_16_GB_CHI,2025-12-16T16:00:00+00:00,retrospective_historical_source_replay,True,archive:asset:332861918:sha256:493dc1dc5a36242e6329e6c421f09447e5938c1681ffda92ad61165c0f8b512f,https://api.github.com/repos/nflverse/nflverse-data-archives/releases/assets/332861918,historical_source_proven,6,38,0.025096296901877757,0.021899148463804807,False,False,5.484739964923703,0.7305995737412141,3.780181653163706,-2.909770950731791,8.90977095073179,-13,7,True,-22,16,True,-27,21,True,5.3056960851231105,0.24681432511544923,3.7192669683707007,46.72609729135192,8.72609729135192,38,56,True,30,64,True,25,69,True
structural_ridge_gaussian,2025_16_JAX_DEN,2025-12-16T16:00:00+00:00,retrospective_historical_source_replay,True,archive:asset:332861918:sha256:493dc1dc5a36242e6329e6c421f09447e5938c1681ffda92ad61165c0f8b512f,https://api.github.com/repos/nflverse/nflverse-data-archives/releases/assets/332861918,historical_source_proven,-14,54,0.027386101641068195,0.026128310469327953,False,False,10.26456658549479,0.12735039425991915,4.243104630331757,2.675319575546319,16.675319575546318,-7,12,False,-16,21,True,-21,27,True,7.817571178837001,0.8293742308978386,3.9857404727203924,40.98957730387042,13.01042269612958,32,50,False,24,58,True,19,63,True
structural_ridge_gaussian,2025_16_KC_TEN,2025-12-16T16:00:00+00:00,retrospective_historical_source_replay,True,archive:asset:332861918:sha256:493dc1dc5a36242e6329e6c421f09447e5938c1681ffda92ad61165c0f8b512f,https://api.github.com/repos/nflverse/nflverse-data-archives/releases/assets/332861918,historical_source_proven,17,35,0.020745846110952648,0.016128264301640383,False,False,16.93564281977455,0.9532333784180171,5.049084661326677,-7.409451282214536,24.409451282214537,-17,2,False,-26,11,False,-31,17,True,5.473929078861751,0.26000008684382564,3.7367638919576964,44.07193875894069,9.07193875894069,35,53,True,27,61,True,22,66,True
structural_ridge_gaussian,2025_16_LAC_DAL,2025-12-16T16:00:00+00:00,retrospective_historical_source_replay,True,archive:asset:332861918:sha256:493dc1dc5a36242e6329e6c421f09447e5938c1681ffda92ad61165c0f8b512f,https://api.github.com/repos/nflverse/nflverse-data-archives/releases/assets/332861918,historical_source_proven,-17,51,0.028181409203581698,0.025790837917837983,False,False,11.108929460084306,0.10588143592335574,4.353277886558543,0.5836468584416981,17.583646858441696,-9,10,False,-17,18,True,-22,23,True,3.6831113684273324,0.6426830878199933,3.5637899107815585,46.624764047537035,4.375235952462965,38,56,True,30,64,True,25,69,True
structural_ridge_gaussian,2025_16_LA_SEA,2025-12-16T16:00:00+00:00,retrospective_historical_source_replay,True,archive:asset:332861918:sha256:493dc1dc5a36242e6329e6c421f09447e5938c1681ffda92ad61165c0f8b512f,https://api.github.com/repos/nflverse/nflverse-data-archives/releases/assets/332861918,historical_source_proven,1,75,0.027459810796608863,0.025265923599011142,False,False,3.3507140794396855,0.5241040305894507,3.5826072124055592,0.4371293095270806,0.5628706904729194,-9,10,True,-18,19,True,-23,24,True,22.993900454284404,0.9878475266496908,6.123109886832597,44.61384669391835,30.386153306081653,36,54,False,28,62,False,23,66,False
structural_ridge_gaussian,2025_16_LV_HOU,2025-12-16T16:00:00+00:00,retrospective_historical_source_replay,True,archive:asset:332861918:sha256:493dc1dc5a36242e6329e6c421f09447e5938c1681ffda92ad61165c0f8b512f,https://api.github.com/repos/nflverse/nflverse-data-archives/releases/assets/332861918,historical_source_proven,2,44,0.021192535655128575,0.02562819771588698,False,False,7.041371226460321,0.1935043702814816,3.9146972534370414,13.788954384532282,11.788954384532282,5,23,False,-4,31,True,-9,36,True,3.3889288266386655,0.5996221319271369,3.535152934057419,40.953711443449144,3.0462885565508557,32,50,True,24,58,True,19,63,True
structural_ridge_gaussian,2025_16_MIN_NYG,2025-12-16T16:00:00+00:00,retrospective_historical_source_replay,True,archive:asset:332861918:sha256:493dc1dc5a36242e6329e6c421f09447e5938c1681ffda92ad61165c0f8b512f,https://api.github.com/repos/nflverse/nflverse-data-archives/releases/assets/332861918,historical_source_proven,-3,29,0.028067067915408916,0.027406671876670452,False,False,4.609050761931907,0.3108638880414784,3.68629322654599,3.8758327913265784,6.875832791326578,-6,13,True,-14,22,True,-19,27,True,8.131535864629024,0.16677624764384702,4.01988296385608,42.50163536184439,13.501635361844393,33,52,False,25,60,True,20,65,True
structural_ridge_gaussian,2025_16_NE_BAL,2025-12-16T16:00:00+00:00,retrospective_historical_source_replay,True,archive:asset:332861918:sha256:493dc1dc5a36242e6329e6c421f09447e5938c1681ffda92ad61165c0f8b512f,https://api.github.com/repos/nflverse/nflverse-data-archives/releases/assets/332861918,historical_source_proven,-4,52,0.028158434101895446,0.025619096738594194,False,False,3.845785013688352,0.3832086830692699,3.6036339650544496,0.6362745822749977,4.636274582274997,-9,10,True,-17,19,True,-22,24,True,4.5139340380200395,0.7100058723820131,3.641240853882609,45.06455852096652,6.935441479033479,36,54,True,28,62,True,23,67,True
structural_ridge_gaussian,2025_16_NYJ_NO,2025-12-16T16:00:00+00:00,retrospective_historical_source_replay,True,archive:asset:332861918:sha256:493dc1dc5a36242e6329e6c421f09447e5938c1681ffda92ad61165c0f8b512f,https://api.github.com/repos/nflverse/nflverse-data-archives/releases/assets/332861918,historical_source_proven,23,35,0.028660948124204944,0.027694059709661323,False,False,12.977500134825013,0.9265808021727016,4.564604260907166,3.1155884384007426,19.884411561599258,-6,13,False,-15,21,False,-20,26,True,4.596098038997536,0.2837742571346698,3.648225695895758,42.15142972217886,7.151429722178861,33,51,True,25,59,True,20,64,True
structural_ridge_gaussian,2025_16_PHI_WAS,2025-12-16T16:00:00+00:00,retrospective_historical_source_replay,True,archive:asset:332861918:sha256:493dc1dc5a36242e6329e6c421f09447e5938c1681ffda92ad61165c0f8b512f,https://api.github.com/repos/nflverse/nflverse-data-archives/releases/assets/332861918,historical_source_proven,-11,47,0.026794385923671893,0.023195944329049034,False,False,5.495424022221718,0.2655658621071758,3.759348300976643,-1.978935109707587,9.021064890292413,-11,7,True,-20,16,True,-25,21,True,3.2240812902219274,0.5511451539261741,3.513207629745744,44.841309768807115,2.1586902311928853,36,54,True,28,62,True,23,67,True
structural_ridge_gaussian,2025_16_PIT_DET,2025-12-16T16:00:00+00:00,retrospective_historical_source_replay,True,archive:asset:332861918:sha256:493dc1dc5a36242e6329e6c421f09447e5938c1681ffda92ad61165c0f8b512f,https://api.github.com/repos/nflverse/nflverse-data-archives/releases/assets/332861918,historical_source_proven,-5,53,0.027378675463868796,0.028664597077661225,False,False,7.068732990215812,0.19986595729456202,3.9349169642899495,6.743320687264054,11.743320687264054,-3,16,False,-11,25,True,-17,30,True,5.390952039900662,0.741384390381447,3.733523673725369,44.13592554252537,8.86407445747463,35,53,True,27,61,True,22,66,True
structural_ridge_gaussian,2025_16_SF_IND,2025-12-16T16:00:00+00:00,retrospective_historical_source_replay,True,archive:asset:332861918:sha256:493dc1dc5a36242e6329e6c421f09447e5938c1681ffda92ad61165c0f8b512f,https://api.github.com/repos/nflverse/nflverse-data-archives/releases/assets/332861918,historical_source_proven,-21,75,0.02902578506220599,0.02939472222390138,False,False,19.19890153316983,0.023126098362243334,5.458487490246911,5.553869377765958,26.553869377765956,-4,15,False,-12,23,False,-17,28,False,19.58723385085923,0.9775066988660189,5.552603717516962,48.126244447559614,26.873755552440386,39,57,False,31,65,False,26,70,False
structural_ridge_gaussian,2025_16_TB_CAR,2025-12-16T16:00:00+00:00,retrospective_historical_source_replay,True,archive:asset:332861918:sha256:493dc1dc5a36242e6329e6c421f09447e5938c1681ffda92ad61165c0f8b512f,https://api.github.com/repos/nflverse/nflverse-data-archives/releases/assets/332861918,historical_source_proven,3,43,0.026658780377375235,0.023521755880277162,True,False,3.835510311625316,0.6299669810642909,3.6246367125632633,-1.232296967343537,4.232296967343537,-11,8,True,-19,17,True,-24,22,True,3.3138693390536496,0.4396708678169267,3.532998664122566,45.46305698305045,2.46305698305045,36,55,True,28,63,True,23,68,True
structural_ridge_gaussian,2025_17_ARI_CIN,2025-12-23T16:00:00+00:00,retrospective_historical_source_replay,True,archive:asset:335211517:sha256:7e8045a638a2bfb41769bb824ea689c7009321227082d44307f341752e6d7fce,https://api.github.com/repos/nflverse/nflverse-data-archives/releases/assets/335211517,historical_source_proven,23,51,0.026491029210622186,0.023179106191604237,False,False,17.22499583157562,0.9592987809659783,5.086484564855383,-1.8035849487987425,24.803584948798743,-11,8,False,-20,16,False,-25,22,False,3.59605504422624,0.6387565371967457,3.544859197994027,46.801753338275546,4.198246661724454,38,56,True,30,64,True,25,68,True
structural_ridge_gaussian,2025_17_BAL_GB,2025-12-23T16:00:00+00:00,retrospective_historical_source_replay,True,archive:asset:335211517:sha256:7e8045a638a2bfb41769bb824ea689c7009321227082d44307f341752e6d7fce,https://api.github.com/repos/nflverse/nflverse-data-archives/releases/assets/335211517,historical_source_proven,-17,65,0.026819815751910725,0.02816678316217197,False,False,17.053521521979523,0.0382199926603218,5.074485812150255,7.563099087431392,24.563099087431393,-2,17,False,-11,26,False,-16,31,False,13.104074965385601,0.9270819817866383,4.611362481575859,45.163851512674526,19.836148487325474,36,54,False,28,62,False,23,67,True
structural_ridge_gaussian,2025_17_CHI_SF,2025-12-23T16:00:00+00:00,retrospective_historical_source_replay,True,archive:asset:335211517:sha256:7e8045a638a2bfb41769bb824ea689c7009321227082d44307f341752e6d7fce,https://api.github.com/repos/nflverse/nflverse-data-archives/releases/assets/335211517,historical_source_proven,4,80,0.0276744960676385,0.027189693178437557,False,False,3.363658733627785,0.4849550759584033,3.584332458218528,4.417808217343598,0.4178082173435982,-5,14,True,-14,23,True,-19,28,True,24.991352516701635,0.9923343338763609,6.493724504459612,47.59122334162879,32.40877665837121,39,57,False,31,65,False,26,69,False
structural_ridge_gaussian,2025_17_DAL_WAS,2025-12-23T16:00:00+00:00,retrospective_historical_source_replay,True,archive:asset:335211517:sha256:7e8045a638a2bfb41769bb824ea689c7009321227082d44307f341752e6d7fce,https://api.github.com/repos/nflverse/nflverse-data-archives/releases/assets/335211517,historical_source_proven,-7,53,0.02619350555094868,0.024800043977068364,False,False,5.683337391631991,0.2648643981709335,3.8245398777717012,2.155436137898704,9.155436137898704,-8,12,True,-18,22,True,-23,28,True,3.539764189575634,0.6025202604784912,3.5534100662922627,49.27893431207689,3.721065687923108,40,58,True,32,66,True,27,71,True
structural_ridge_gaussian,2025_17_DEN_KC,2025-12-23T16:00:00+00:00,retrospective_historical_source_replay,True,archive:asset:335211517:sha256:7e8045a638a2bfb41769bb824ea689c7009321227082d44307f341752e6d7fce,https://api.github.com/repos/nflverse/nflverse-data-archives/releases/assets/335211517,historical_source_proven,-7,33,0.027640130382087735,0.02756333983151238,False,False,6.927997706798138,0.2020813288691551,3.918015239351041,4.56819841222822,11.56819841222822,-5,14,False,-14,23,True,-19,28,True,6.138548202199418,0.22311028590777468,3.804996517457513,43.303678892519414,10.303678892519414,34,52,False,26,60,True,22,65,True
structural_ridge_gaussian,2025_17_DET_MIN,2025-12-23T16:00:00+00:00,retrospective_historical_source_replay,True,archive:asset:335211517:sha256:7e8045a638a2bfb41769bb824ea689c7009321227082d44307f341752e6d7fce,https://api.github.com/repos/nflverse/nflverse-data-archives/releases/assets/335211517,historical_source_proven,13,33,0.027037778762091902,0.023766808238731674,False,False,8.532373448774477,0.8334284259572038,4.083479438933032,-1.078463004526429,14.078463004526428,-11,8,False,-19,17,True,-24,22,True,5.734701996336537,0.23409057646874548,3.766849135667725,42.561174228027205,9.561174228027205,34,52,False,25,60,True,21,65,True
structural_ridge_gaussian,2025_17_HOU_LAC,2025-12-23T16:00:00+00:00,retrospective_historical_source_replay,True,archive:asset:335211517:sha256:7e8045a638a2bfb41769bb824ea689c7009321227082d44307f341752e6d7fce,https://api.github.com/repos/nflverse/nflverse-data-archives/releases/assets/335211517,historical_source_proven,-4,36,0.02765739013826729,0.02479874196499665,False,False,3.6189914919127038,0.39347075617907906,3.5945575976303057,-0.6189701854951067,3.381029814504893,-10,9,True,-19,17,True,-24,22,True,4.572733423852004,0.2949805799321974,3.6478333110515964,43.07184233009107,7.071842330091073,34,52,True,26,60,True,21,65,True
structural_ridge_gaussian,2025_17_JAX_IND,2025-12-23T16:00:00+00:00,retrospective_historical_source_replay,True,archive:asset:335211517:sha256:7e8045a638a2bfb41769bb824ea689c7009321227082d44307f341752e6d7fce,https://api.github.com/repos/nflverse/nflverse-data-archives/releases/assets/335211517,historical_source_proven,-6,40,0.02929311158942638,0.027731993549949374,False,False,5.173797032831811,0.275850619113708,3.7215488681406224,2.354642130546346,8.354642130546345,-7,12,True,-15,20,True,-20,25,True,4.0158843243514575,0.33706931637560533,3.5946542528632084,45.53912855900534,5.539128559005341,37,55,True,28,63,True,24,67,True
structural_ridge_gaussian,2025_17_LA_ATL,2025-12-23T16:00:00+00:00,retrospective_historical_source_replay,True,archive:asset:335211517:sha256:7e8045a638a2bfb41769bb824ea689c7009321227082d44307f341752e6d7fce,https://api.github.com/repos/nflverse/nflverse-data-archives/releases/assets/335211517,historical_source_proven,3,51,0.021981273608024154,0.01786983326511482,True,False,5.8134795346456,0.7438881228838173,3.817564387735204,-6.528738990530373,9.528738990530373,-17,3,True,-26,12,True,-31,18,True,4.191885695933213,0.6879610150252344,3.6063739918432103,44.88693318391461,6.113066816085393,36,54,True,28,62,True,23,67,True
structural_ridge_gaussian,2025_17_NE_NYJ,2025-12-23T16:00:00+00:00,retrospective_historical_source_replay,True,archive:asset:335211517:sha256:7e8045a638a2bfb41769bb824ea689c7009321227082d44307f341752e6d7fce,https://api.github.com/repos/nflverse/nflverse-data-archives/releases/assets/335211517,historical_source_proven,-32,52,0.023094950802290293,0.01929988030876717,False,False,19.319469143253983,0.02924626671854354,5.347966960011171,-4.715062499305089,27.28493750069491,-15,5,False,-23,14,False,-29,20,False,4.637528321693651,0.70658455503277,3.6531285773515583,44.74252984808325,7.257470151916749,36,54,True,28,62,True,23,67,True
structural_ridge_gaussian,2025_17_NO_TEN,2025-12-23T16:00:00+00:00,retrospective_historical_source_replay,True,archive:asset:335211517:sha256:7e8045a638a2bfb41769bb824ea689c7009321227082d44307f341752e6d7fce,https://api.github.com/repos/nflverse/nflverse-data-archives/releases/assets/335211517,historical_source_proven,-8,60,0.027118256032523824,0.025055103564699532,False,False,5.450504102920835,0.2678824915222157,3.772623657717919,0.8276379281487598,8.82763792814876,-9,11,True,-18,19,True,-23,25,True,10.961435745399616,0.9061125713961116,4.345143727133409,42.73090774992167,17.26909225007833,34,52,False,26,60,True,21,65,True
structural_ridge_gaussian,2025_17_NYG_LV,2025-12-23T16:00:00+00:00,retrospective_historical_source_replay,True,archive:asset:335211517:sha256:7e8045a638a2bfb41769bb824ea689c7009321227082d44307f341752e6d7fce,https://api.github.com/repos/nflverse/nflverse-data-archives/releases/assets/335211517,historical_source_proven,-24,44,0.026321287887934308,0.024218855513998383,False,False,16.326938264885715,0.05043733289854298,4.915762830587631,0.010037674992760981,24.010037674992763,-10,10,False,-19,19,False,-24,24,True,3.10663207948411,0.5281853152202085,3.502484121369546,43.1656543584576,0.8343456415423987,34,52,True,26,60,True,21,65,True
structural_ridge_gaussian,2025_17_PHI_BUF,2025-12-23T16:00:00+00:00,retrospective_historical_source_replay,True,archive:asset:335211517:sha256:7e8045a638a2bfb41769bb824ea689c7009321227082d44307f341752e6d7fce,https://api.github.com/repos/nflverse/nflverse-data-archives/releases/assets/335211517,historical_source_proven,-1,25,0.027300193197338007,0.026015096729777643,False,False,3.6886208038109056,0.40378021993875063,3.62637685594139,2.1865043162781728,3.1865043162781728,-8,12,True,-16,21,True,-22,26,True,12.608623078456322,0.07022939178128322,4.552342753124049,44.22896169329518,19.228961693295183,35,53,False,27,61,False,22,66,True
structural_ridge_gaussian,2025_17_PIT_CLE,2025-12-23T16:00:00+00:00,retrospective_historical_source_replay,True,archive:asset:335211517:sha256:7e8045a638a2bfb41769bb824ea689c7009321227082d44307f341752e6d7fce,https://api.github.com/repos/nflverse/nflverse-data-archives/releases/assets/335211517,historical_source_proven,7,19,0.028170432807032075,0.026765456762896545,False,True,3.8152248963163866,0.6074493603109502,3.62064314960348,2.8300719712872877,4.169928028712713,-7,12,True,-15,21,True,-20,26,True,14.84274694442109,0.04999175371609823,4.847778702772722,40.776611224461604,21.776611224461604,32,50,False,24,58,False,19,63,True
structural_ridge_gaussian,2025_17_SEA_CAR,2025-12-23T16:00:00+00:00,retrospective_historical_source_replay,True,archive:asset:335211517:sha256:7e8045a638a2bfb41769bb824ea689c7009321227082d44307f341752e6d7fce,https://api.github.com/repos/nflverse/nflverse-data-archives/releases/assets/335211517,historical_source_proven,-17,37,0.02249343605674725,0.018717053648025117,False,False,7.0870447350120145,0.20210291941182365,3.9186015259555833,-4.881295406209269,12.118704593790731,-15,5,False,-24,15,True,-29,20,True,5.023289162960269,0.2589814585186139,3.6932932196037167,45.11611310409905,8.11611310409905,36,54,True,28,62,True,23,67,True
structural_ridge_gaussian,2025_17_TB_MIA,2025-12-23T16:00:00+00:00,retrospective_historical_source_replay,True,archive:asset:335211517:sha256:7e8045a638a2bfb41769bb824ea689c7009321227082d44307f341752e6d7fce,https://api.github.com/repos/nflverse/nflverse-data-archives/releases/assets/335211517,historical_source_proven,3,37,0.027900650007041117,0.024568646322451704,True,False,3.6906721439796373,0.625004869315749,3.579105292682796,-1.1866134941732387,4.186613494173239,-10,8,True,-19,16,True,-24,21,True,4.605874431972541,0.3063316518414183,3.652144266392241,44.14244855697436,7.142448556974358,35,53,True,27,61,True,22,66,True
structural_ridge_gaussian,2025_18_ARI_LA,2025-12-30T16:00:00+00:00,retrospective_historical_source_replay,True,archive:asset:337932927:sha256:157c82dd3b6a18032e36f7ec2554360d1174928f75918995b242bbff0c432fac,https://api.github.com/repos/nflverse/nflverse-data-archives/releases/assets/337932927,historical_source_proven,17,57,0.023414047140522087,0.026275244677738563,False,False,4.337222014410898,0.6470827590242375,3.676922252005072,11.073960642098246,5.926039357901754,1,21,True,-8,30,True,-13,35,True,5.7420724743948135,0.7544110656891265,3.7728088810532032,47.44927432076516,9.550725679234837,38,57,True,30,65,True,25,70,True
structural_ridge_gaussian,2025_18_BAL_PIT,2025-12-30T16:00:00+00:00,retrospective_historical_source_replay,True,archive:asset:337932927:sha256:157c82dd3b6a18032e36f7ec2554360d1174928f75918995b242bbff0c432fac,https://api.github.com/repos/nflverse/nflverse-data-archives/releases/assets/337932927,historical_source_proven,2,50,0.027151754995025423,0.025745391372303916,False,False,3.432233548983348,0.5151051360259894,3.6048973048727504,1.7180606019997189,0.2819393980002811,-8,12,True,-17,20,True,-23,26,True,3.890596162680411,0.6321087993273669,3.609026230281985,45.228636404575596,4.771363595424404,36,55,True,27,63,True,22,68,True
structural_ridge_gaussian,2025_18_CAR_TB,2025-12-30T16:00:00+00:00,retrospective_historical_source_replay,True,archive:asset:337932927:sha256:157c82dd3b6a18032e36f7ec2554360d1174928f75918995b242bbff0c432fac,https://api.github.com/repos/nflverse/nflverse-data-archives/releases/assets/337932927,historical_source_proven,2,30,0.02677943971197605,0.026644383088541224,False,False,3.632224853921323,0.42498461683705013,3.630140452837047,4.540980701128893,2.540980701128893,-5,15,True,-14,23,True,-20,29,True,9.355231350800299,0.13476357194546673,4.156652117250746,45.248830250408695,15.248830250408695,36,54,False,28,63,True,23,68,True
structural_ridge_gaussian,2025_18_CLE_CIN,2025-12-30T16:00:00+00:00,retrospective_historical_source_replay,True,archive:asset:337932927:sha256:157c82dd3b6a18032e36f7ec2554360d1174928f75918995b242bbff0c432fac,https://api.github.com/repos/nflverse/nflverse-data-archives/releases/assets/337932927,historical_source_proven,-2,38,0.026849794965575935,0.026750591848484384,False,False,4.727689537639384,0.31327122045692024,3.7177354373757083,4.990081153672008,6.990081153672008,-5,15,True,-14,24,True,-19,29,True,3.684734051498417,0.38025970939826287,3.58441095389927,42.039073052554656,4.039073052554656,33,51,True,24,60,True,19,65,True
structural_ridge_gaussian,2025_18_DAL_NYG,2025-12-30T16:00:00+00:00,retrospective_historical_source_replay,True,archive:asset:337932927:sha256:157c82dd3b6a18032e36f7ec2554360d1174928f75918995b242bbff0c432fac,https://api.github.com/repos/nflverse/nflverse-data-archives/releases/assets/337932927,historical_source_proven,17,51,0.0273525854528317,0.025201675182093042,False,False,9.764760823324613,0.8633767876669103,4.214855255656787,1.1366952320094645,15.863304767990535,-9,11,False,-17,20,True,-23,25,True,3.3521300988861884,0.5753339795935746,3.5464317071516227,48.574132852705695,2.425867147294305,39,58,True,31,66,True,26,71,True
structural_ridge_gaussian,2025_18_DET_CHI,2025-12-30T16:00:00+00:00,retrospective_historical_source_replay,True,archive:asset:337932927:sha256:157c82dd3b6a18032e36f7ec2554360d1174928f75918995b242bbff0c432fac,https://api.github.com/repos/nflverse/nflverse-data-archives/releases/assets/337932927,historical_source_proven,-3,35,0.027322426552362833,0.02569426174022149,False,False,4.003673605777078,0.3855201854392694,3.6501115725260824,1.6917231995185462,4.691723199518546,-8,12,True,-17,20,True,-22,26,True,7.252304510704031,0.18383198622857272,3.9291330194690963,47.177104481794785,12.177104481794785,38,56,False,30,65,True,25,70,True
structural_ridge_gaussian,2025_18_GB_MIN,2025-12-30T16:00:00+00:00,retrospective_historical_source_replay,True,archive:asset:337932927:sha256:157c82dd3b6a18032e36f7ec2554360d1174928f75918995b242bbff0c432fac,https://api.github.com/repos/nflverse/nflverse-data-archives/releases/assets/337932927,historical_source_proven,13,19,0.02709253915094112,0.02416789805565911,False,False,8.265835298141305,0.8396142279379458,4.042517457894604,-0.7830509179607488,13.783050917960749,-10,9,False,-19,17,True,-24,23,True,16.73417322760204,0.0387877696751575,5.070171744808312,43.03766993758566,24.03766993758566,34,52,False,25,61,False,20,66,False
structural_ridge_gaussian,2025_18_IND_HOU,2025-12-30T16:00:00+00:00,retrospective_historical_source_replay,True,archive:asset:337932927:sha256:157c82dd3b6a18032e36f7ec2554360d1174928f75918995b242bbff0c432fac,https://api.github.com/repos/nflverse/nflverse-data-archives/releases/assets/337932927,historical_source_proven,8,68,0.028082602314194294,0.027701010178870056,False,False,3.6748609207350706,0.6065980048015983,3.6023239686156607,4.397507267309862,3.6024927326901377,-5,14,True,-14,23,True,-19,28,True,16.013184764901382,0.9565370441787006,4.978641529339338,44.776169507436435,23.223830492563565,36,54,False,27,62,False,22,67,False
structural_ridge_gaussian,2025_18_KC_LV,2025-12-30T16:00:00+00:00,retrospective_historical_source_replay,True,archive:asset:337932927:sha256:157c82dd3b6a18032e36f7ec2554360d1174928f75918995b242bbff0c432fac,https://api.github.com/repos/nflverse/nflverse-data-archives/releases/assets/337932927,historical_source_proven,2,26,0.023918454917813192,0.0201375992356434,False,False,4.4851514882785555,0.6679460660778844,3.701530172129806,-4.21002163385228,6.21002163385228,-14,6,True,-23,15,True,-28,20,True,10.414511966160928,0.10519371871302349,4.275864566975102,42.64896192184379,16.648961921843792,33,52,False,25,60,True,20,65,True
structural_ridge_gaussian,2025_18_LAC_DEN,2025-12-30T16:00:00+00:00,retrospective_historical_source_replay,True,archive:asset:337932927:sha256:157c82dd3b6a18032e36f7ec2554360d1174928f75918995b242bbff0c432fac,https://api.github.com/repos/nflverse/nflverse-data-archives/releases/assets/337932927,historical_source_proven,16,22,0.027327940150649876,0.02663056188121904,False,False,7.395448587985332,0.8022473852384733,3.9588315167196466,3.5537249077547823,12.446275092245218,-6,13,False,-15,22,True,-20,27,True,14.229999266440347,0.062228779396283504,4.737892507613674,43.25899222852394,21.258992228523937,34,53,False,26,61,False,21,66,True
structural_ridge_gaussian,2025_18_MIA_NE,2025-12-30T16:00:00+00:00,retrospective_historical_source_replay,True,archive:asset:337932927:sha256:157c82dd3b6a18032e36f7ec2554360d1174928f75918995b242bbff0c432fac,https://api.github.com/repos/nflverse/nflverse-data-archives/releases/assets/337932927,historical_source_proven,28,48,0.026328081856123287,0.027206097929483863,False,False,13.728132694953299,0.9254351504003984,4.634246128096679,7.042624264305143,20.957375735694857,-3,17,False,-12,26,False,-17,31,True,3.2444261909635697,0.5395952800541642,3.5422822785221744,46.85040649966962,1.1495935003303828,38,56,True,29,64,True,24,69,True
structural_ridge_gaussian,2025_18_NO_ATL,2025-12-30T16:00:00+00:00,retrospective_historical_source_replay,True,archive:asset:337932927:sha256:157c82dd3b6a18032e36f7ec2554360d1174928f75918995b242bbff0c432fac,https://api.github.com/repos/nflverse/nflverse-data-archives/releases/assets/337932927,historical_source_proven,2,36,0.0278163998852361,0.0266952884949182,False,False,3.3613880729480656,0.4845354030285925,3.5840379295739067,2.5835868869550307,0.5835868869550307,-7,12,True,-16,21,True,-21,26,True,4.4431558896948715,0.31499560915371383,3.6482206611037897,42.63982255901616,6.63982255901616,33,52,True,25,60,True,20,65,True
structural_ridge_gaussian,2025_18_NYJ_BUF,2025-12-30T16:00:00+00:00,retrospective_historical_source_replay,True,archive:asset:337932927:sha256:157c82dd3b6a18032e36f7ec2554360d1174928f75918995b242bbff0c432fac,https://api.github.com/repos/nflverse/nflverse-data-archives/releases/assets/337932927,historical_source_proven,27,43,0.023495935730140027,0.026392954761109366,False,False,9.748127960650399,0.859248257082856,4.197129284600181,11.04398793014793,15.95601206985207,1,21,False,-8,30,True,-13,35,True,3.455476151305624,0.40269337991323756,3.55961106991549,45.98477004608521,2.9847700460852096,37,55,True,28,64,True,23,69,True
structural_ridge_gaussian,2025_18_SEA_SF,2025-12-30T16:00:00+00:00,retrospective_historical_source_replay,True,archive:asset:337932927:sha256:157c82dd3b6a18032e36f7ec2554360d1174928f75918995b242bbff0c432fac,https://api.github.com/repos/nflverse/nflverse-data-archives/releases/assets/337932927,historical_source_proven,-10,16,0.026604136533136757,0.023553824576334925,False,False,5.3719191641308015,0.2654717767733892,3.7682088524481956,-1.391074524849933,8.608925475150066,-11,8,True,-20,17,True,-25,22,True,23.85619660740217,0.010120389730432666,6.1952879555834155,47.44247902562704,31.442479025627037,38,57,False,30,65,False,25,70,False
structural_ridge_gaussian,2025_18_TEN_JAX,2025-12-30T16:00:00+00:00,retrospective_historical_source_replay,True,archive:asset:337932927:sha256:157c82dd3b6a18032e36f7ec2554360d1174928f75918995b242bbff0c432fac,https://api.github.com/repos/nflverse/nflverse-data-archives/releases/assets/337932927,historical_source_proven,34,48,0.026615135683812408,0.02832216769814766,False,False,18.274704811356123,0.9687994607807856,5.24905716492918,8.176877994399696,25.823122005600304,-1,18,False,-10,26,False,-15,31,False,3.6810938554331916,0.6204077980105602,3.583976886993057,43.97880851440555,4.02119148559445,35,53,True,26,62,True,21,67,True
structural_ridge_gaussian,2025_18_WAS_PHI,2025-12-30T16:00:00+00:00,retrospective_historical_source_replay,True,archive:asset:337932927:sha256:157c82dd3b6a18032e36f7ec2554360d1174928f75918995b242bbff0c432fac,https://api.github.com/repos/nflverse/nflverse-data-archives/releases/assets/337932927,historical_source_proven,-7,41,0.024325278082977075,0.027285187142822076,False,False,11.099963207480975,0.10872946847987658,4.3504750535867895,10.613214381075482,17.61321438107548,1,20,False,-8,29,True,-13,34,True,3.672984762452745,0.3889327189940693,3.574897272094107,45.14100985000969,4.141009850009688,36,54,True,28,63,True,23,68,True
structural_student_t_map_laplace,2025_08_BUF_CAR,2025-10-21T16:00:00+00:00,retrospective_historical_source_replay,True,archive:asset:310570721:sha256:ab96f6641c891d46a73cd33baeb05b9ec5cd4e1dec5b03dccee343b1769070e7,https://api.github.com/repos/nflverse/nflverse-data-archives/releases/assets/310570721,historical_source_proven,-31,49,0.030678604031595835,0.01616385244802776,False,False,22.82679110349446,0.003964027217291426,7.663414572477479,-3.440209391107236,27.559790608892765,-9,1,False,-14,7,False,-17,11,False,3.8872172413848958,0.700040168113645,3.4620385539275036,42.9133020834386,6.086697916561398,35,50,True,28,57,True,23,62,True
structural_student_t_map_laplace,2025_08_CHI_BAL,2025-10-21T16:00:00+00:00,retrospective_historical_source_replay,True,archive:asset:310570721:sha256:ab96f6641c891d46a73cd33baeb05b9ec5cd4e1dec5b03dccee343b1769070e7,https://api.github.com/repos/nflverse/nflverse-data-archives/releases/assets/310570721,historical_source_proven,14,46,0.037458271818512356,0.01994976939748172,False,False,11.975494344327826,0.9614079491193629,5.183896344786631,-1.9158751753639451,15.915875175363945,-7,2,False,-11,8,False,-14,12,False,2.7630368179302707,0.5774648628392657,3.3103182738190813,43.70486157295058,2.295138427049423,36,51,True,29,58,True,25,64,True
structural_student_t_map_laplace,2025_08_CLE_NE,2025-10-21T16:00:00+00:00,retrospective_historical_source_replay,True,archive:asset:310570721:sha256:ab96f6641c891d46a73cd33baeb05b9ec5cd4e1dec5b03dccee343b1769070e7,https://api.github.com/repos/nflverse/nflverse-data-archives/releases/assets/310570721,historical_source_proven,19,45,0.035385039896045245,0.01862288118051647,False,False,16.509037700988202,0.9757147358655438,5.799099290883806,-1.95356742142762,20.95356742142762,-7,3,False,-12,9,False,-15,14,False,3.286204781109774,0.6474275449750402,3.3608686344343965,40.2727621859468,4.727237814053197,33,48,True,26,55,True,21,59,True
structural_student_t_map_laplace,2025_08_DAL_DEN,2025-10-21T16:00:00+00:00,retrospective_historical_source_replay,True,archive:asset:310570721:sha256:ab96f6641c891d46a73cd33baeb05b9ec5cd4e1dec5b03dccee343b1769070e7,https://api.github.com/repos/nflverse/nflverse-data-archives/releases/assets/310570721,historical_source_proven,20,68,0.042768017341927145,0.026958930389593738,False,False,14.844562820085066,0.967941971302785,5.426009687330841,0.46112208790340886,19.53887791209659,-5,6,False,-10,12,False,-14,17,False,17.61532744498232,0.9704427563018663,5.486185779560861,43.90584232917605,24.094157670823947,36,51,False,29,59,False,24,64,False
structural_student_t_map_laplace,2025_08_GB_PIT,2025-10-21T16:00:00+00:00,retrospective_historical_source_replay,True,archive:asset:310570721:sha256:ab96f6641c891d46a73cd33baeb05b9ec5cd4e1dec5b03dccee343b1769070e7,https://api.github.com/repos/nflverse/nflverse-data-archives/releases/assets/310570721,historical_source_proven,-10,60,0.02987428947145654,0.015835175667080814,False,False,3.390879060893279,0.24920902591289137,3.2382912518720315,-4.261601136303303,5.738398863696697,-10,1,True,-15,6,True,-19,10,True,10.399740193020168,0.9188031906039525,4.512320568805139,44.248680289327595,15.751319710672405,37,51,False,30,58,False,25,63,True
structural_student_t_map_laplace,2025_08_MIA_ATL,2025-10-21T16:00:00+00:00,retrospective_historical_source_replay,True,archive:asset:310570721:sha256:ab96f6641c891d46a73cd33baeb05b9ec5cd4e1dec5b03dccee343b1769070e7,https://api.github.com/repos/nflverse/nflverse-data-archives/releases/assets/310570721,historical_source_proven,-24,44,0.041409224735092565,0.030944660101460797,False,False,19.130864113886652,0.004383264427495559,7.278626148523803,-0.010786206488509698,23.98921379351149,-6,5,False,-10,11,False,-13,15,False,2.61455754777638,0.5131736824598123,3.285734058654141,43.01147291482951,0.9885270851704888,36,50,True,28,58,True,22,63,True
structural_student_t_map_laplace,2025_08_MIN_LAC,2025-10-21T16:00:00+00:00,retrospective_historical_source_replay,True,archive:asset:310570721:sha256:ab96f6641c891d46a73cd33baeb05b9ec5cd4e1dec5b03dccee343b1769070e7,https://api.github.com/repos/nflverse/nflverse-data-archives/releases/assets/310570721,historical_source_proven,27,47,0.035524737809905615,0.02574593516150714,False,False,23.413048167798166,0.9901908597672499,6.814625647816605,-1.5375491786709938,28.537549178670993,-8,4,False,-12,10,False,-15,14,False,3.97610363932606,0.7340090762351347,3.484642663208099,40.77652224307528,6.223477756924723,34,48,True,26,55,True,22,60,True
structural_student_t_map_laplace,2025_08_NYG_PHI,2025-10-21T16:00:00+00:00,retrospective_historical_source_replay,True,archive:asset:310570721:sha256:ab96f6641c891d46a73cd33baeb05b9ec5cd4e1dec5b03dccee343b1769070e7,https://api.github.com/repos/nflverse/nflverse-data-archives/releases/assets/310570721,historical_source_proven,18,58,0.04097233820935953,0.025564574697338638,False,False,13.868779389350381,0.9665167896604382,5.304620333988087,-0.317241997024522,18.31724199702452,-6,5,False,-10,11,False,-13,15,False,12.298968605910783,0.9405610127711184,4.731048358112108,39.87866716475716,18.12133283524284,33,47,False,25,54,False,20,59,True
structural_student_t_map_laplace,2025_08_NYJ_CIN,2025-10-21T16:00:00+00:00,retrospective_historical_source_replay,True,archive:asset:310570721:sha256:ab96f6641c891d46a73cd33baeb05b9ec5cd4e1dec5b03dccee343b1769070e7,https://api.github.com/repos/nflverse/nflverse-data-archives/releases/assets/310570721,historical_source_proven,-1,77,0.03956947477976913,0.022569228637162264,False,False,1.9326257985740347,0.5624550665093203,2.9790973587668264,-1.9435070042719542,0.9435070042719542,-7,3,True,-13,9,True,-16,13,True,27.954389852853964,0.9931158130132509,7.073854539344232,42.49324968835792,34.50675031164208,35,50,False,28,57,False,23,62,False
structural_student_t_map_laplace,2025_08_SF_HOU,2025-10-21T16:00:00+00:00,retrospective_historical_source_replay,True,archive:asset:310570721:sha256:ab96f6641c891d46a73cd33baeb05b9ec5cd4e1dec5b03dccee343b1769070e7,https://api.github.com/repos/nflverse/nflverse-data-archives/releases/assets/310570721,historical_source_proven,11,41,0.03914416373770635,0.022994128370571576,False,False,8.323176858495152,0.9122264397871493,4.410977143033178,-1.0022666594401217,12.00226665944012,-6,4,False,-11,10,False,-15,15,True,2.742450741465538,0.4679322941401604,3.3394064471903024,42.211980558326644,1.211980558326644,34,50,True,27,58,True,22,63,True
structural_student_t_map_laplace,2025_08_TB_NO,2025-10-21T16:00:00+00:00,retrospective_historical_source_replay,True,archive:asset:310570721:sha256:ab96f6641c891d46a73cd33baeb05b9ec5cd4e1dec5b03dccee343b1769070e7,https://api.github.com/repos/nflverse/nflverse-data-archives/releases/assets/310570721,historical_source_proven,-20,26,0.03306896951808225,0.018206832740871204,False,False,12.916822129093616,0.01664953039244263,5.657031925877803,-2.7501897308125822,17.249810269187417,-8,2,False,-12,7,False,-15,11,False,11.54154687334427,0.06867532638510244,4.649846335234692,43.22945637259404,17.229456372594044,36,50,False,29,58,False,23,63,True
structural_student_t_map_laplace,2025_08_TEN_IND,2025-10-21T16:00:00+00:00,retrospective_historical_source_replay,True,archive:asset:310570721:sha256:ab96f6641c891d46a73cd33baeb05b9ec5cd4e1dec5b03dccee343b1769070e7,https://api.github.com/repos/nflverse/nflverse-data-archives/releases/assets/310570721,historical_source_proven,24,52,0.04644380358265998,0.03134354953267493,False,False,19.389302826900856,0.9865848914959261,6.418577186729794,-0.036474302099650135,24.03647430209965,-6,5,False,-11,10,False,-13,14,False,5.233791816132093,0.7877968587996694,3.7066327464983764,43.358576654569404,8.641423345430596,36,51,False,28,59,True,23,64,True
structural_student_t_map_laplace,2025_08_WAS_KC,2025-10-21T16:00:00+00:00,retrospective_historical_source_replay,True,archive:asset:310570721:sha256:ab96f6641c891d46a73cd33baeb05b9ec5cd4e1dec5b03dccee343b1769070e7,https://api.github.com/repos/nflverse/nflverse-data-archives/releases/assets/310570721,historical_source_proven,21,35,0.04139291516725563,0.025718800114861273,False,False,17.436272251415495,0.9849282063765987,6.012003490706462,-1.0949638923382972,22.094963892338296,-7,4,False,-12,10,False,-15,14,False,7.701295294542868,0.1338466515725568,3.9824962305111584,47.831128233886,12.831128233885998,40,55,False,33,64,True,28,69,True
structural_student_t_map_laplace,2025_09_ARI_DAL,2025-10-28T16:00:00+00:00,retrospective_historical_source_replay,True,archive:asset:313354781:sha256:33e44a0c02934558ee79649b4de326a2b046169ba491a244da662f9f7eb6439a,https://api.github.com/repos/nflverse/nflverse-data-archives/releases/assets/313354781,historical_source_proven,-10,44,0.030000189149439804,0.033503225915041734,False,False,11.75716157439727,0.0849385150120795,4.612442780107784,7.699325734142411,17.699325734142413,0,16,False,-9,24,False,-15,29,True,2.916888787452539,0.45209066470366105,3.358345096733752,46.12122029546892,2.121220295468923,38,54,True,30,63,True,25,69,True
structural_student_t_map_laplace,2025_09_ATL_NE,2025-10-28T16:00:00+00:00,retrospective_historical_source_replay,True,archive:asset:313354781:sha256:33e44a0c02934558ee79649b4de326a2b046169ba491a244da662f9f7eb6439a,https://api.github.com/repos/nflverse/nflverse-data-archives/releases/assets/313354781,historical_source_proven,1,47,0.030110584018259834,0.03190562786260098,False,False,3.8582362128676806,0.35114430304547195,3.574811699677625,5.820831923318371,4.820831923318371,-3,15,True,-11,23,True,-17,27,True,3.02898555988224,0.5860789818554943,3.393506925265929,44.674451547393545,2.325548452606455,37,52,True,29,61,True,23,67,True
structural_student_t_map_laplace,2025_09_BAL_MIA,2025-10-28T16:00:00+00:00,retrospective_historical_source_replay,True,archive:asset:313354781:sha256:33e44a0c02934558ee79649b4de326a2b046169ba491a244da662f9f7eb6439a,https://api.github.com/repos/nflverse/nflverse-data-archives/releases/assets/313354781,historical_source_proven,-22,34,0.032343205002341835,0.030164171662853012,False,False,17.78393476587824,0.035401288926127296,5.45203611549377,2.768299134773213,24.768299134773212,-6,11,False,-14,19,False,-19,25,False,7.274693317439979,0.17099092102456845,3.971030291744309,46.28480281069632,12.28480281069632,38,55,False,29,64,True,24,70,True
structural_student_t_map_laplace,2025_09_CAR_GB,2025-10-28T16:00:00+00:00,retrospective_historical_source_replay,True,archive:asset:313354781:sha256:33e44a0c02934558ee79649b4de326a2b046169ba491a244da662f9f7eb6439a,https://api.github.com/repos/nflverse/nflverse-data-archives/releases/assets/313354781,historical_source_proven,-3,29,0.025608273637399204,0.029197148262366357,False,False,7.346746074685196,0.19042234178902337,4.032865603837055,9.066611536095639,12.066611536095639,0,18,False,-10,27,True,-16,33,True,10.263612906168861,0.10806787492878109,4.391339670434983,45.17214934022654,16.17214934022654,37,53,False,29,62,True,23,68,True
structural_student_t_map_laplace,2025_09_CHI_CIN,2025-10-28T16:00:00+00:00,retrospective_historical_source_replay,True,archive:asset:313354781:sha256:33e44a0c02934558ee79649b4de326a2b046169ba491a244da662f9f7eb6439a,https://api.github.com/repos/nflverse/nflverse-data-archives/releases/assets/313354781,historical_source_proven,-5,89,0.027420046751850613,0.024084215872052117,False,False,3.9113900037696023,0.37300352677623566,3.6094252073664865,-0.4059124651916828,4.594087534808317,-10,9,True,-19,19,True,-25,25,True,34.36020731284139,0.9943321287956693,7.369658799064752,46.81701641273329,42.18298358726671,38,56,False,30,64,False,24,70,False
structural_student_t_map_laplace,2025_09_DEN_HOU,2025-10-28T16:00:00+00:00,retrospective_historical_source_replay,True,archive:asset:313354781:sha256:33e44a0c02934558ee79649b4de326a2b046169ba491a244da662f9f7eb6439a,https://api.github.com/repos/nflverse/nflverse-data-archives/releases/assets/313354781,historical_source_proven,-3,33,0.02967335223882439,0.026994349004705764,False,False,4.26587366453935,0.3355476447797275,3.5821529549596254,3.428634209563502,6.428634209563501,-6,13,True,-14,21,True,-19,27,True,4.408451710679275,0.302840486398727,3.619057501396629,39.75982183027221,6.759821830272209,31,48,True,23,57,True,17,62,True
structural_student_t_map_laplace,2025_09_IND_PIT,2025-10-28T16:00:00+00:00,retrospective_historical_source_replay,True,archive:asset:313354781:sha256:33e44a0c02934558ee79649b4de326a2b046169ba491a244da662f9f7eb6439a,https://api.github.com/repos/nflverse/nflverse-data-archives/releases/assets/313354781,historical_source_proven,7,47,0.027800217191478405,0.024027470371496218,False,True,5.167427655520568,0.7420966316395226,3.7285575043756496,-1.1771443888608353,8.177144388860835,-10,8,True,-19,17,True,-24,22,True,3.042920918534723,0.47435470358087456,3.440593265715986,48.61503401488517,1.6150340148851683,40,57,True,32,66,True,27,72,True
structural_student_t_map_laplace,2025_09_JAX_LV,2025-10-28T16:00:00+00:00,retrospective_historical_source_replay,True,archive:asset:313354781:sha256:33e44a0c02934558ee79649b4de326a2b046169ba491a244da662f9f7eb6439a,https://api.github.com/repos/nflverse/nflverse-data-archives/releases/assets/313354781,historical_source_proven,-1,59,0.03332541368447972,0.03078396401820449,False,False,3.198869625237998,0.40301979905817154,3.477202038083982,1.2996292394273916,2.2996292394273916,-7,10,True,-16,17,True,-22,23,True,13.409053940263671,0.9246458369988104,4.75153740392773,38.59933347145099,20.40066652854901,30,48,False,20,57,False,13,63,True
structural_student_t_map_laplace,2025_09_KC_BUF,2025-10-28T16:00:00+00:00,retrospective_historical_source_replay,True,archive:asset:313354781:sha256:33e44a0c02934558ee79649b4de326a2b046169ba491a244da662f9f7eb6439a,https://api.github.com/repos/nflverse/nflverse-data-archives/releases/assets/313354781,historical_source_proven,7,49,0.02655267276639628,0.024909994758548493,False,True,4.245202944836849,0.6565674761396051,3.6924861601236265,1.7045767789554367,5.2954232210445635,-8,11,True,-16,20,True,-21,26,True,3.0218838667273102,0.5544212669063338,3.4307347505978862,47.58538728636299,1.4146127136370126,39,56,True,31,65,True,25,71,True
structural_student_t_map_laplace,2025_09_LAC_TEN,2025-10-28T16:00:00+00:00,retrospective_historical_source_replay,True,archive:asset:313354781:sha256:33e44a0c02934558ee79649b4de326a2b046169ba491a244da662f9f7eb6439a,https://api.github.com/repos/nflverse/nflverse-data-archives/releases/assets/313354781,historical_source_proven,-7,47,0.03147161415285882,0.02615999389401724,False,False,4.496571269162524,0.2804063870074541,3.6035069943240625,0.09828610787468517,7.098286107874685,-8,8,True,-17,17,True,-22,22,True,3.7743796494056627,0.6633116437217745,3.513278863989809,41.854815587714015,5.145184412285985,34,50,True,26,58,True,20,64,True
structural_student_t_map_laplace,2025_09_MIN_DET,2025-10-28T16:00:00+00:00,retrospective_historical_source_replay,True,archive:asset:313354781:sha256:33e44a0c02934558ee79649b4de326a2b046169ba491a244da662f9f7eb6439a,https://api.github.com/repos/nflverse/nflverse-data-archives/releases/assets/313354781,historical_source_proven,-3,51,0.0287465164879242,0.03349368893913962,False,False,7.125445182387685,0.17282398617412456,4.003939310583908,8.505946088183247,11.505946088183247,1,17,False,-8,24,True,-14,29,True,5.750078415512679,0.7903866841638512,3.7939809620792704,41.52984285727146,9.470157142728539,33,50,False,25,58,True,19,64,True
structural_student_t_map_laplace,2025_09_NO_LA,2025-10-28T16:00:00+00:00,retrospective_historical_source_replay,True,archive:asset:313354781:sha256:33e44a0c02934558ee79649b4de326a2b046169ba491a244da662f9f7eb6439a,https://api.github.com/repos/nflverse/nflverse-data-archives/releases/assets/313354781,historical_source_proven,24,44,0.02015962074253272,0.024825463707188355,False,False,6.447452713259732,0.780092157561119,3.8468633169442965,12.796016379796674,11.203983620203326,4,22,False,-6,31,True,-13,37,True,3.3286330546966347,0.6200877775085981,3.4654911772073964,40.7653978580906,3.2346021419093987,32,49,True,24,58,True,18,64,True
structural_student_t_map_laplace,2025_09_SEA_WAS,2025-10-28T16:00:00+00:00,retrospective_historical_source_replay,True,archive:asset:313354781:sha256:33e44a0c02934558ee79649b4de326a2b046169ba491a244da662f9f7eb6439a,https://api.github.com/repos/nflverse/nflverse-data-archives/releases/assets/313354781,historical_source_proven,-24,52,0.030899849257010004,0.030306610951711388,False,False,20.43113486508858,0.0370922040478701,5.529676757219531,3.985630070953265,27.985630070953263,-5,13,False,-15,22,False,-21,27,False,5.044432042702143,0.740456090927973,3.7104501337709985,44.050035635680416,7.949964364319584,35,52,True,27,61,True,22,67,True
structural_student_t_map_laplace,2025_09_SF_NYG,2025-10-28T16:00:00+00:00,retrospective_historical_source_replay,True,archive:asset:313354781:sha256:33e44a0c02934558ee79649b4de326a2b046169ba491a244da662f9f7eb6439a,https://api.github.com/repos/nflverse/nflverse-data-archives/releases/assets/313354781,historical_source_proven,-10,58,0.03267052533585235,0.029637798804546867,False,False,7.6856527415298315,0.16939900407627517,4.056199531821075,2.6130387102408767,12.613038710240877,-6,11,False,-14,19,True,-20,24,True,9.692291555227238,0.8804954358106674,4.340254445370228,42.73178561780136,15.268214382198643,34,51,False,26,59,True,21,66,True
structural_student_t_map_laplace,2025_10_ARI_SEA,2025-11-04T16:00:00+00:00,retrospective_historical_source_replay,True,archive:asset:316009177:sha256:73f6bce17fa6876ead1ee07522afdd4a3627fc218fc543b22de97ec97b335905,https://api.github.com/repos/nflverse/nflverse-data-archives/releases/assets/316009177,historical_source_proven,22,66,0.02644390639042532,0.02819672010868529,False,False,7.64927572027644,0.817391626410234,3.962118080516103,9.210543160280444,12.789456839719556,0,19,False,-8,27,True,-13,32,True,15.407611479895142,0.9449816618236149,4.980119484697925,43.59511286438061,22.40488713561939,35,52,False,26,61,False,21,67,True
structural_student_t_map_laplace,2025_10_ATL_IND,2025-11-04T16:00:00+00:00,retrospective_historical_source_replay,True,archive:asset:316009177:sha256:73f6bce17fa6876ead1ee07522afdd4a3627fc218fc543b22de97ec97b335905,https://api.github.com/repos/nflverse/nflverse-data-archives/releases/assets/316009177,historical_source_proven,6,56,0.025567807142066745,0.029012532765359644,False,False,3.542552108524091,0.3938839518734787,3.563402932111973,9.43225412918882,3.43225412918882,0,19,True,-8,27,True,-14,32,True,6.17472809861879,0.7934004992246195,3.8401301600012747,45.82548503099318,10.174514969006822,37,54,False,29,62,True,24,68,True
structural_student_t_map_laplace,2025_10_BAL_MIN,2025-11-04T16:00:00+00:00,retrospective_historical_source_replay,True,archive:asset:316009177:sha256:73f6bce17fa6876ead1ee07522afdd4a3627fc218fc543b22de97ec97b335905,https://api.github.com/repos/nflverse/nflverse-data-archives/releases/assets/316009177,historical_source_proven,-8,46,0.028113109848637408,0.028632064165015847,False,False,7.069445325235497,0.21192298102627188,4.011080752940964,3.4917859289506312,11.49178592895063,-6,13,False,-16,22,True,-22,27,True,3.0564489677436075,0.5205094202044246,3.467776153419387,45.81128310247452,0.18871689752548093,37,54,True,29,63,True,23,69,True
structural_student_t_map_laplace,2025_10_BUF_MIA,2025-11-04T16:00:00+00:00,retrospective_historical_source_replay,True,archive:asset:316009177:sha256:73f6bce17fa6876ead1ee07522afdd4a3627fc218fc543b22de97ec97b335905,https://api.github.com/repos/nflverse/nflverse-data-archives/releases/assets/316009177,historical_source_proven,17,43,0.03043210691225462,0.027463540746983983,False,False,10.299989103363334,0.8899782633925764,4.3293002635164015,0.7403771050620432,16.259622894937955,-8,9,False,-16,18,True,-21,23,True,3.1418737883960537,0.4367013311333068,3.457727890872768,45.32133231860993,2.321332318609933,37,54,True,29,62,True,23,68,True
structural_student_t_map_laplace,2025_10_CLE_NYJ,2025-11-04T16:00:00+00:00,retrospective_historical_source_replay,True,archive:asset:316009177:sha256:73f6bce17fa6876ead1ee07522afdd4a3627fc218fc543b22de97ec97b335905,https://api.github.com/repos/nflverse/nflverse-data-archives/releases/assets/316009177,historical_source_proven,7,47,0.02940812328578446,0.030856053102127134,False,True,3.1268798215423117,0.5134888531135092,3.4784223371116836,6.293384010052781,0.7066159899472186,-3,15,True,-11,24,True,-17,29,True,4.852997305883287,0.7087950645186608,3.701844220646425,39.480999820199955,7.519000179800045,30,49,True,21,58,True,15,64,True
structural_student_t_map_laplace,2025_10_DET_WAS,2025-11-04T16:00:00+00:00,retrospective_historical_source_replay,True,archive:asset:316009177:sha256:73f6bce17fa6876ead1ee07522afdd4a3627fc218fc543b22de97ec97b335905,https://api.github.com/repos/nflverse/nflverse-data-archives/releases/assets/316009177,historical_source_proven,-22,66,0.030917609324425777,0.029034621061747368,False,False,17.575419076740744,0.03894712287604707,5.2764117319100015,2.7256705608846317,24.72567056088463,-6,12,False,-15,20,False,-20,25,False,14.348982915269042,0.9353504646250692,4.860348421430417,44.91429971875898,21.085700281241017,36,53,False,28,62,False,23,68,True
structural_student_t_map_laplace,2025_10_JAX_HOU,2025-11-04T16:00:00+00:00,retrospective_historical_source_replay,True,archive:asset:316009177:sha256:73f6bce17fa6876ead1ee07522afdd4a3627fc218fc543b22de97ec97b335905,https://api.github.com/repos/nflverse/nflverse-data-archives/releases/assets/316009177,historical_source_proven,7,65,0.02547873936881445,0.02954481348351584,False,True,3.5091549141505682,0.3878831690382193,3.5218470671671662,10.707371473464338,3.707371473464338,2,20,True,-6,28,True,-12,33,True,15.589269675965669,0.9471798861673979,5.048784983329534,42.56464524111266,22.435354758887343,34,51,False,26,59,False,20,65,True
structural_student_t_map_laplace,2025_10_LA_SF,2025-11-04T16:00:00+00:00,retrospective_historical_source_replay,True,archive:asset:316009177:sha256:73f6bce17fa6876ead1ee07522afdd4a3627fc218fc543b22de97ec97b335905,https://api.github.com/repos/nflverse/nflverse-data-archives/releases/assets/316009177,historical_source_proven,-16,68,0.02715897915804366,0.02440697638456668,False,False,8.81098634123147,0.16185676201844182,4.130078900146053,-1.532009631223438,14.467990368776562,-11,8,False,-21,17,True,-27,23,True,15.74550285523462,0.9510222474796634,5.064669027265724,45.42356142387807,22.57643857612193,37,54,False,29,62,False,24,68,True
structural_student_t_map_laplace,2025_10_LV_DEN,2025-11-04T16:00:00+00:00,retrospective_historical_source_replay,True,archive:asset:316009177:sha256:73f6bce17fa6876ead1ee07522afdd4a3627fc218fc543b22de97ec97b335905,https://api.github.com/repos/nflverse/nflverse-data-archives/releases/assets/316009177,historical_source_proven,3,17,0.02159719298793883,0.027235119270505648,True,False,6.192160079827217,0.20543762026885107,3.835191926998896,13.281935164287901,10.281935164287901,5,22,False,-4,30,True,-9,36,True,16.740108671614884,0.045007534036794763,5.177640258781914,40.94910455511764,23.949104555117643,32,50,False,24,58,False,18,64,False
structural_student_t_map_laplace,2025_10_NE_TB,2025-11-04T16:00:00+00:00,retrospective_historical_source_replay,True,archive:asset:316009177:sha256:73f6bce17fa6876ead1ee07522afdd4a3627fc218fc543b22de97ec97b335905,https://api.github.com/repos/nflverse/nflverse-data-archives/releases/assets/316009177,historical_source_proven,-5,51,0.029991389861382056,0.031013952941701617,False,False,6.773761829705603,0.19895673083118506,3.887011091647047,6.419345728402099,11.4193457284021,-2,15,False,-11,24,True,-16,29,True,4.20546300792202,0.6778219865440804,3.6215083463549673,45.07527542950132,5.924724570498682,36,54,True,28,63,True,22,68,True
structural_student_t_map_laplace,2025_10_NO_CAR,2025-11-04T16:00:00+00:00,retrospective_historical_source_replay,True,archive:asset:316009177:sha256:73f6bce17fa6876ead1ee07522afdd4a3627fc218fc543b22de97ec97b335905,https://api.github.com/repos/nflverse/nflverse-data-archives/releases/assets/316009177,historical_source_proven,-10,24,0.028899298077621816,0.031176688019162013,False,False,11.434156570840372,0.10001333525222178,4.525749101153806,7.6442565030213725,17.644256503021374,-1,16,False,-10,25,True,-15,30,True,11.914747532149054,0.08244188530474644,4.544964877352745,42.392429456872655,18.392429456872655,34,51,False,25,60,False,20,65,True
structural_student_t_map_laplace,2025_10_NYG_CHI,2025-11-04T16:00:00+00:00,retrospective_historical_source_replay,True,archive:asset:316009177:sha256:73f6bce17fa6876ead1ee07522afdd4a3627fc218fc543b22de97ec97b335905,https://api.github.com/repos/nflverse/nflverse-data-archives/releases/assets/316009177,historical_source_proven,4,44,0.0286327049434571,0.03109555801185071,False,False,3.406889940086612,0.3906573178521414,3.5221670604551756,7.032172188353869,3.0321721883538686,-2,16,True,-11,24,True,-16,30,True,3.082147737930989,0.455082420882732,3.4684959922315737,45.347342035726854,1.3473420357268537,37,54,True,29,63,True,23,68,True
structural_student_t_map_laplace,2025_10_PHI_GB,2025-11-04T16:00:00+00:00,retrospective_historical_source_replay,True,archive:asset:316009177:sha256:73f6bce17fa6876ead1ee07522afdd4a3627fc218fc543b22de97ec97b335905,https://api.github.com/repos/nflverse/nflverse-data-archives/releases/assets/316009177,historical_source_proven,-3,17,0.028450930468184588,0.03152516353717155,False,False,7.342088269327741,0.16490280651446673,3.952097225865941,9.362737530228003,12.362737530228003,1,18,False,-7,27,True,-13,32,True,20.7808739546687,0.021506365870123292,5.827165225201632,45.03274451983639,28.032744519836392,36,53,False,29,62,False,23,67,False
structural_student_t_map_laplace,2025_10_PIT_LAC,2025-11-04T16:00:00+00:00,retrospective_historical_source_replay,True,archive:asset:316009177:sha256:73f6bce17fa6876ead1ee07522afdd4a3627fc218fc543b22de97ec97b335905,https://api.github.com/repos/nflverse/nflverse-data-archives/releases/assets/316009177,historical_source_proven,15,35,0.01930843246182548,0.024355310314577883,False,False,3.322068983184024,0.5076645784370745,3.560741214509907,15.158434210074207,0.15843421007420666,6,25,True,-3,34,True,-9,40,True,6.028852879495844,0.2067162638218678,3.8039280585295483,45.14246249139821,10.142462491398213,36,54,False,28,62,True,23,68,True
structural_student_t_map_laplace,2025_11_BAL_CLE,2025-11-11T16:00:00+00:00,retrospective_historical_source_replay,True,archive:asset:318837553:sha256:0c3cc4cb9fdff4d1991c25a9edfa6e77fcff0f0c395d55981f1791da85cd5d5a,https://api.github.com/repos/nflverse/nflverse-data-archives/releases/assets/318837553,historical_source_proven,-7,39,0.029580812995394834,0.023987201388483426,False,False,3.786010378195449,0.32246597168565494,3.5090754077179973,-1.518725246317095,5.481274753682905,-10,7,True,-17,15,True,-22,20,True,3.4269647225922073,0.38077411907292363,3.4558204452112506,43.23295939067344,4.232959390673443,35,51,True,27,60,True,22,66,True
structural_student_t_map_laplace,2025_11_CAR_ATL,2025-11-11T16:00:00+00:00,retrospective_historical_source_replay,True,archive:asset:318837553:sha256:0c3cc4cb9fdff4d1991c25a9edfa6e77fcff0f0c395d55981f1791da85cd5d5a,https://api.github.com/repos/nflverse/nflverse-data-archives/releases/assets/318837553,historical_source_proven,-3,57,0.03332581953988478,0.029280066623920242,False,False,3.3412439188851137,0.373542557005304,3.457586585561882,0.9805841060006975,3.9805841060006975,-7,9,True,-15,17,True,-20,22,True,8.411677922637214,0.855572711719721,4.138097802888785,43.36962948310971,13.630370516890288,35,52,False,27,60,True,21,66,True
structural_student_t_map_laplace,2025_11_CHI_MIN,2025-11-11T16:00:00+00:00,retrospective_historical_source_replay,True,archive:asset:318837553:sha256:0c3cc4cb9fdff4d1991c25a9edfa6e77fcff0f0c395d55981f1791da85cd5d5a,https://api.github.com/repos/nflverse/nflverse-data-archives/releases/assets/318837553,historical_source_proven,-2,36,0.033117389232847017,0.029732005753396518,False,False,3.0984129939404768,0.39117786979796854,3.446245152987294,0.7135546563903347,2.7135546563903348,-7,9,True,-15,16,True,-20,21,True,5.06794040547717,0.24305733572004162,3.6726033918853953,44.41189632247897,8.411896322478967,36,53,True,28,61,True,23,67,True
structural_student_t_map_laplace,2025_11_CIN_PIT,2025-11-11T16:00:00+00:00,retrospective_historical_source_replay,True,archive:asset:318837553:sha256:0c3cc4cb9fdff4d1991c25a9edfa6e77fcff0f0c395d55981f1791da85cd5d5a,https://api.github.com/repos/nflverse/nflverse-data-archives/releases/assets/318837553,historical_source_proven,22,46,0.0321178183980344,0.034629273103503055,False,False,9.64394819749166,0.8999981632443008,4.285484237045467,6.762670283187244,15.237329716812756,-1,15,False,-9,22,True,-14,27,True,3.0429471524817107,0.4771205390728492,3.4510696459558208,47.12428921838422,1.1242892183842201,38,56,True,30,64,True,25,70,True
structural_student_t_map_laplace,2025_11_DAL_LV,2025-11-11T16:00:00+00:00,retrospective_historical_source_replay,True,archive:asset:318837553:sha256:0c3cc4cb9fdff4d1991c25a9edfa6e77fcff0f0c395d55981f1791da85cd5d5a,https://api.github.com/repos/nflverse/nflverse-data-archives/releases/assets/318837553,historical_source_proven,-17,49,0.02816902333286564,0.024824944736047794,False,False,9.679944276994165,0.13445635933067315,4.206168712317637,-1.3615109958438503,15.638489004156149,-11,8,False,-20,16,True,-25,21,True,3.429368905898131,0.6355903577029446,3.4895052420636974,45.195731151304805,3.8042688486951945,37,53,True,29,62,True,23,68,True
structural_student_t_map_laplace,2025_11_DET_PHI,2025-11-11T16:00:00+00:00,retrospective_historical_source_replay,True,archive:asset:318837553:sha256:0c3cc4cb9fdff4d1991c25a9edfa6e77fcff0f0c395d55981f1791da85cd5d5a,https://api.github.com/repos/nflverse/nflverse-data-archives/releases/assets/318837553,historical_source_proven,7,25,0.030062441050308752,0.026501279569022373,False,True,4.374155389250479,0.6939969565832108,3.6305622615321878,0.5423895965527123,6.457610403447288,-8,9,True,-16,17,True,-20,22,True,12.411392210084806,0.07204702392192693,4.674077589551516,43.75406184229817,18.75406184229817,36,52,False,28,60,False,22,66,True
structural_student_t_map_laplace,2025_11_GB_NYG,2025-11-11T16:00:00+00:00,retrospective_historical_source_replay,True,archive:asset:318837553:sha256:0c3cc4cb9fdff4d1991c25a9edfa6e77fcff0f0c395d55981f1791da85cd5d5a,https://api.github.com/repos/nflverse/nflverse-data-archives/releases/assets/318837553,historical_source_proven,-7,47,0.02095416826574925,0.015233161962040498,False,False,3.1387692194677514,0.5355316757442237,3.5052870766236404,-7.956057270918327,0.9560572709183273,-17,1,True,-25,9,True,-31,15,True,3.077089310346037,0.5629421231052085,3.4474995274060727,45.3777545553729,1.6222454446270973,37,54,True,29,62,True,23,68,True
structural_student_t_map_laplace,2025_11_HOU_TEN,2025-11-11T16:00:00+00:00,retrospective_historical_source_replay,True,archive:asset:318837553:sha256:0c3cc4cb9fdff4d1991c25a9edfa6e77fcff0f0c395d55981f1791da85cd5d5a,https://api.github.com/repos/nflverse/nflverse-data-archives/releases/assets/318837553,historical_source_proven,-3,29,0.022584419554285806,0.015954144416654437,False,False,3.739934355427255,0.6265243871649802,3.5270426362049316,-7.940430799004716,4.940430799004716,-17,1,True,-25,9,True,-30,13,True,8.35668744668412,0.1368011293221508,4.121043501379266,42.665175005510164,13.665175005510164,34,51,False,26,60,True,20,65,True
structural_student_t_map_laplace,2025_11_KC_DEN,2025-11-11T16:00:00+00:00,retrospective_historical_source_replay,True,archive:asset:318837553:sha256:0c3cc4cb9fdff4d1991c25a9edfa6e77fcff0f0c395d55981f1791da85cd5d5a,https://api.github.com/repos/nflverse/nflverse-data-archives/releases/assets/318837553,historical_source_proven,3,41,0.028093142372417,0.02427062895775034,True,False,3.478112690101649,0.6046717786434717,3.5722297761121706,-0.04852096925793248,3.0485209692579325,-9,9,True,-17,18,True,-22,23,True,3.2839367040835485,0.39556727879941833,3.4453744434812346,44.59976504565312,3.599765045653122,36,53,True,28,61,True,23,67,True
structural_student_t_map_laplace,2025_11_LAC_JAX,2025-11-11T16:00:00+00:00,retrospective_historical_source_replay,True,archive:asset:318837553:sha256:0c3cc4cb9fdff4d1991c25a9edfa6e77fcff0f0c395d55981f1791da85cd5d5a,https://api.github.com/repos/nflverse/nflverse-data-archives/releases/assets/318837553,historical_source_proven,29,41,0.02534481537058464,0.020831971661258164,False,False,24.80726642471223,0.9853018445651739,6.145686324070397,-3.7700391917201634,32.770039191720166,-13,6,False,-22,14,False,-28,20,False,3.3217520437150467,0.3856812731455472,3.45373505310139,44.670512575058986,3.6705125750589858,36,53,True,28,61,True,23,67,True
structural_student_t_map_laplace,2025_11_NYJ_NE,2025-11-11T16:00:00+00:00,retrospective_historical_source_replay,True,archive:asset:318837553:sha256:0c3cc4cb9fdff4d1991c25a9edfa6e77fcff0f0c395d55981f1791da85cd5d5a,https://api.github.com/repos/nflverse/nflverse-data-archives/releases/assets/318837553,historical_source_proven,13,41,0.029678422056038434,0.03104888050427973,False,False,3.809114410326391,0.6539940847507903,3.5964002879665795,8.241430475581074,4.758569524418926,-1,17,True,-8,25,True,-13,30,True,3.3713814311025945,0.39044878821556456,3.4628316622761077,44.83900243304082,3.839002433040818,36,53,True,28,62,True,23,67,True
structural_student_t_map_laplace,2025_11_SEA_LA,2025-11-11T16:00:00+00:00,retrospective_historical_source_replay,True,archive:asset:318837553:sha256:0c3cc4cb9fdff4d1991c25a9edfa6e77fcff0f0c395d55981f1791da85cd5d5a,https://api.github.com/repos/nflverse/nflverse-data-archives/releases/assets/318837553,historical_source_proven,2,40,0.029546565627492194,0.02907557286229623,False,False,3.3590833951349803,0.4133852275960034,3.5306602024096536,4.818892481796688,2.818892481796688,-4,14,True,-12,22,True,-17,27,True,3.2791412549814956,0.376567978756313,3.440946428797036,43.58884881943436,3.588848819434361,35,52,True,27,60,True,22,66,True
structural_student_t_map_laplace,2025_11_SF_ARI,2025-11-11T16:00:00+00:00,retrospective_historical_source_replay,True,archive:asset:318837553:sha256:0c3cc4cb9fdff4d1991c25a9edfa6e77fcff0f0c395d55981f1791da85cd5d5a,https://api.github.com/repos/nflverse/nflverse-data-archives/releases/assets/318837553,historical_source_proven,-19,63,0.028806859908880877,0.024830360936471507,False,False,11.310810005569824,0.10515762353864085,4.405339762700118,-1.2992650292081245,17.700734970791874,-10,8,False,-20,16,True,-25,22,True,11.757237656498631,0.9102964250392667,4.5738866002147045,45.12786765943983,17.87213234056017,37,53,False,29,62,False,24,67,True
structural_student_t_map_laplace,2025_11_TB_BUF,2025-11-11T16:00:00+00:00,retrospective_historical_source_replay,True,archive:asset:318837553:sha256:0c3cc4cb9fdff4d1991c25a9edfa6e77fcff0f0c395d55981f1791da85cd5d5a,https://api.github.com/repos/nflverse/nflverse-data-archives/releases/assets/318837553,historical_source_proven,12,76,0.03397021856143839,0.03406312803799427,False,False,4.039887533049968,0.7083957222455298,3.560961590114138,5.999177276841184,6.000822723158816,-2,14,True,-9,22,True,-14,26,True,23.713210047702006,0.9823130493096324,6.099416811887702,44.91278678676536,31.08721321323464,36,53,False,28,62,False,23,68,False
structural_student_t_map_laplace,2025_11_WAS_MIA,2025-11-11T16:00:00+00:00,retrospective_historical_source_replay,True,archive:asset:318837553:sha256:0c3cc4cb9fdff4d1991c25a9edfa6e77fcff0f0c395d55981f1791da85cd5d5a,https://api.github.com/repos/nflverse/nflverse-data-archives/releases/assets/318837553,historical_source_proven,3,29,0.030856582862466397,0.030174561408238376,True,False,3.0611906754330196,0.5312417968556877,3.478405168493588,1.721954223589933,1.278045776410067,-7,11,True,-16,18,True,-22,23,True,10.056136948638645,0.11259186785508396,4.333428668029277,45.04546589266413,16.045465892664133,36,53,False,28,62,True,23,68,True
structural_student_t_map_laplace,2025_12_ATL_NO,2025-11-18T16:00:00+00:00,retrospective_historical_source_replay,True,archive:asset:321531075:sha256:329873c6f615a0c3aecac8b59a323c695af8c33435b396f2ef1c2b1c24977a22,https://api.github.com/repos/nflverse/nflverse-data-archives/releases/assets/321531075,historical_source_proven,-14,34,0.029507110136125725,0.02785781444534441,False,False,10.306488031926746,0.10737753378913724,4.27462522871015,2.419058080592821,16.41905808059282,-7,11,False,-15,19,True,-19,24,True,5.710306815675867,0.25211201912224024,3.7965332596208317,43.41645121629407,9.416451216294071,34,53,True,25,62,True,19,68,True
structural_student_t_map_laplace,2025_12_BUF_HOU,2025-11-18T16:00:00+00:00,retrospective_historical_source_replay,True,archive:asset:321531075:sha256:329873c6f615a0c3aecac8b59a323c695af8c33435b396f2ef1c2b1c24977a22,https://api.github.com/repos/nflverse/nflverse-data-archives/releases/assets/321531075,historical_source_proven,4,42,0.03273536916462705,0.02930504049018856,False,False,2.9922328511242706,0.5769029593924769,3.4373133467871635,2.073095033745062,1.9269049662549378,-6,10,True,-13,18,True,-18,23,True,3.5933523667008247,0.39151792151111864,3.568694428641662,45.48304056278158,3.483040562781582,36,55,True,27,64,True,22,70,True
structural_student_t_map_laplace,2025_12_CAR_SF,2025-11-18T16:00:00+00:00,retrospective_historical_source_replay,True,archive:asset:321531075:sha256:329873c6f615a0c3aecac8b59a323c695af8c33435b396f2ef1c2b1c24977a22,https://api.github.com/repos/nflverse/nflverse-data-archives/releases/assets/321531075,historical_source_proven,11,29,0.03511945165205366,0.0337173534184142,False,False,4.22963747954928,0.7312265325643857,3.55737120441287,4.387021961383666,6.612978038616334,-3,12,True,-10,20,True,-15,24,True,11.613861378065721,0.10482089433136553,4.468082063082152,47.232177714924646,18.232177714924646,38,57,False,29,65,True,23,71,True
structural_student_t_map_laplace,2025_12_CLE_LV,2025-11-18T16:00:00+00:00,retrospective_historical_source_replay,True,archive:asset:321531075:sha256:329873c6f615a0c3aecac8b59a323c695af8c33435b396f2ef1c2b1c24977a22,https://api.github.com/repos/nflverse/nflverse-data-archives/releases/assets/321531075,historical_source_proven,-14,34,0.03370324541818226,0.028065296071172363,False,False,8.876861191951543,0.10744386077453395,4.1680717657184285,0.2313884761452134,14.231388476145213,-8,8,False,-15,15,True,-19,21,True,4.739031989201725,0.31781754604288875,3.7125509280391182,41.03487928505959,7.0348792850595885,31,51,True,22,60,True,16,66,True
structural_student_t_map_laplace,2025_12_IND_KC,2025-11-18T16:00:00+00:00,retrospective_historical_source_replay,True,archive:asset:321531075:sha256:329873c6f615a0c3aecac8b59a323c695af8c33435b396f2ef1c2b1c24977a22,https://api.github.com/repos/nflverse/nflverse-data-archives/releases/assets/321531075,historical_source_proven,3,43,0.030861994035821905,0.029691094492357628,True,False,3.0475690443765697,0.4854800235839482,3.478229818586273,3.4345803419746357,0.4345803419746357,-5,12,True,-13,20,True,-18,25,True,4.410818745854341,0.33242683387533134,3.6756644148041024,49.135684011921384,6.135684011921384,39,59,True,30,68,True,24,74,True
structural_student_t_map_laplace,2025_12_JAX_ARI,2025-11-18T16:00:00+00:00,retrospective_historical_source_replay,True,archive:asset:321531075:sha256:329873c6f615a0c3aecac8b59a323c695af8c33435b396f2ef1c2b1c24977a22,https://api.github.com/repos/nflverse/nflverse-data-archives/releases/assets/321531075,historical_source_proven,-3,51,0.031395373558484874,0.028455106700673638,False,False,3.5286074883376113,0.35861592113398677,3.5263264500890563,1.0093185353407634,4.009318535340763,-8,10,True,-16,18,True,-21,22,True,4.1299072778930555,0.6466225412551941,3.6273724667967864,45.4901152469768,5.509884753023201,36,55,True,27,64,True,22,69,True
structural_student_t_map_laplace,2025_12_MIN_GB,2025-11-18T16:00:00+00:00,retrospective_historical_source_replay,True,archive:asset:321531075:sha256:329873c6f615a0c3aecac8b59a323c695af8c33435b396f2ef1c2b1c24977a22,https://api.github.com/repos/nflverse/nflverse-data-archives/releases/assets/321531075,historical_source_proven,17,29,0.027615209290961007,0.030191104424086623,False,False,4.61173699682157,0.7095198889266546,3.628995947598351,9.693531518448486,7.306468481551514,1,18,True,-7,26,True,-11,31,True,9.863950484967184,0.13625527828595102,4.25879946203045,45.007874853104994,16.007874853104994,36,54,False,27,63,True,21,69,True
structural_student_t_map_laplace,2025_12_NE_CIN,2025-11-18T16:00:00+00:00,retrospective_historical_source_replay,True,archive:asset:321531075:sha256:329873c6f615a0c3aecac8b59a323c695af8c33435b396f2ef1c2b1c24977a22,https://api.github.com/repos/nflverse/nflverse-data-archives/releases/assets/321531075,historical_source_proven,-6,46,0.021266537406228414,0.01500557770264177,False,False,3.125735607202757,0.5744440948790185,3.462848722574202,-8.301505592115618,2.3015055921156176,-17,0,True,-25,8,True,-30,13,True,3.7632084515134223,0.39863411556565387,3.6110386735441,49.690718131321475,3.690718131321475,40,59,True,31,69,True,25,75,True
structural_student_t_map_laplace,2025_12_NYG_DET,2025-11-18T16:00:00+00:00,retrospective_historical_source_replay,True,archive:asset:321531075:sha256:329873c6f615a0c3aecac8b59a323c695af8c33435b396f2ef1c2b1c24977a22,https://api.github.com/repos/nflverse/nflverse-data-archives/releases/assets/321531075,historical_source_proven,7,61,0.025538197178120337,0.02981578630440579,False,True,3.6730849409919135,0.3492959063853139,3.5127172839758267,11.854049737471719,4.854049737471719,3,20,True,-4,28,True,-9,33,True,9.074930120997722,0.8495977723923646,4.1755371050737,46.134731609082735,14.865268390917265,37,56,False,28,65,True,22,71,True
structural_student_t_map_laplace,2025_12_NYJ_BAL,2025-11-18T16:00:00+00:00,retrospective_historical_source_replay,True,archive:asset:321531075:sha256:329873c6f615a0c3aecac8b59a323c695af8c33435b396f2ef1c2b1c24977a22,https://api.github.com/repos/nflverse/nflverse-data-archives/releases/assets/321531075,historical_source_proven,13,33,0.028217411039317186,0.030695365165296473,False,False,3.7470031593654127,0.6354530986131748,3.5308828567101442,7.995091722231946,5.004908277768054,-1,17,True,-9,24,True,-14,29,True,7.6836248200701025,0.18933744837528013,4.014427020778917,45.840154350848195,12.840154350848195,36,55,False,27,64,True,21,70,True
structural_student_t_map_laplace,2025_12_PHI_DAL,2025-11-18T16:00:00+00:00,retrospective_historical_source_replay,True,archive:asset:321531075:sha256:329873c6f615a0c3aecac8b59a323c695af8c33435b396f2ef1c2b1c24977a22,https://api.github.com/repos/nflverse/nflverse-data-archives/releases/assets/321531075,historical_source_proven,3,45,0.02704818138099141,0.020810593021472257,True,False,4.591342466786817,0.7205402334535495,3.6101355077061275,-4.383966203987101,7.383966203987101,-13,4,True,-21,12,True,-25,16,True,3.715206982607489,0.4151505707249403,3.604794353983964,48.51853906280235,3.518539062802347,39,58,True,30,67,True,24,73,True
structural_student_t_map_laplace,2025_12_PIT_CHI,2025-11-18T16:00:00+00:00,retrospective_historical_source_replay,True,archive:asset:321531075:sha256:329873c6f615a0c3aecac8b59a323c695af8c33435b396f2ef1c2b1c24977a22,https://api.github.com/repos/nflverse/nflverse-data-archives/releases/assets/321531075,historical_source_proven,3,59,0.03275628330025354,0.031008976190893156,True,False,2.8959325325883105,0.47110874001540887,3.4186604788066886,3.640556202824754,0.640556202824754,-5,12,True,-12,20,True,-17,25,True,7.195118525020775,0.8059451129987785,3.963740644845298,46.97982723082943,12.020172769170571,38,56,False,29,65,True,23,71,True
structural_student_t_map_laplace,2025_12_SEA_TEN,2025-11-18T16:00:00+00:00,retrospective_historical_source_replay,True,archive:asset:321531075:sha256:329873c6f615a0c3aecac8b59a323c695af8c33435b396f2ef1c2b1c24977a22,https://api.github.com/repos/nflverse/nflverse-data-archives/releases/assets/321531075,historical_source_proven,-6,54,0.0158703596789187,0.01037364776641403,False,False,3.677629458170863,0.6796206457546082,3.5043430349708036,-11.010724946594822,5.010724946594822,-19,-3,True,-27,5,True,-32,10,True,5.617024817328804,0.7505741891794514,3.795351612144183,44.881480740936,9.118519259064001,35,54,True,27,63,True,21,69,True
structural_student_t_map_laplace,2025_12_TB_LA,2025-11-18T16:00:00+00:00,retrospective_historical_source_replay,True,archive:asset:321531075:sha256:329873c6f615a0c3aecac8b59a323c695af8c33435b396f2ef1c2b1c24977a22,https://api.github.com/repos/nflverse/nflverse-data-archives/releases/assets/321531075,historical_source_proven,27,41,0.030356737558095648,0.030809204235883292,False,False,14.580163023924078,0.9398024065904685,4.890789272852706,5.607813429964995,21.392186570035005,-3,14,False,-11,23,False,-17,28,True,3.804478880653239,0.38196584694241115,3.5923413482817845,45.35357923831218,4.353579238312179,36,55,True,27,64,True,21,69,True
structural_student_t_map_laplace,2025_13_ARI_TB,2025-11-25T16:00:00+00:00,retrospective_historical_source_replay,True,archive:asset:324362504:sha256:899a366f22db4cb561fb4d88d209476a769ea9bee0cd8beab34020389fba5016,https://api.github.com/repos/nflverse/nflverse-data-archives/releases/assets/324362504,historical_source_proven,3,37,0.03011000737688857,0.029794030478575095,True,False,3.143687225173263,0.4376387160064192,3.5028976914905647,4.56023515749463,1.5602351574946303,-4,13,True,-12,21,True,-17,26,True,4.85157971460813,0.2895646456338899,3.6881563435895943,44.641798081303506,7.641798081303506,36,54,True,27,62,True,21,68,True
structural_student_t_map_laplace,2025_13_ATL_NYJ,2025-11-25T16:00:00+00:00,retrospective_historical_source_replay,True,archive:asset:324362504:sha256:899a366f22db4cb561fb4d88d209476a769ea9bee0cd8beab34020389fba5016,https://api.github.com/repos/nflverse/nflverse-data-archives/releases/assets/324362504,historical_source_proven,3,51,0.02776664623416103,0.022160348275373276,True,False,4.16895084819307,0.7024887013239219,3.5839197543422694,-3.250036471072168,6.250036471072168,-12,5,True,-20,13,True,-25,18,True,4.340791208439658,0.6848779533879159,3.639719792687603,44.72337437607235,6.27662562392765,36,54,True,27,63,True,21,68,True
structural_student_t_map_laplace,2025_13_BUF_PIT,2025-11-25T16:00:00+00:00,retrospective_historical_source_replay,True,archive:asset:324362504:sha256:899a366f22db4cb561fb4d88d209476a769ea9bee0cd8beab34020389fba5016,https://api.github.com/repos/nflverse/nflverse-data-archives/releases/assets/324362504,historical_source_proven,-19,33,0.02721494306294081,0.01899057087193634,False,False,8.733402717525276,0.11267325533474631,4.158386132546859,-5.180333039241735,13.819666960758266,-13,2,False,-20,9,True,-24,14,True,7.246104555737718,0.1939739355258931,3.958206660077701,45.11593110571975,12.115931105719753,36,54,False,27,63,True,22,68,True
structural_student_t_map_laplace,2025_13_CHI_PHI,2025-11-25T16:00:00+00:00,retrospective_historical_source_replay,True,archive:asset:324362504:sha256:899a366f22db4cb561fb4d88d209476a769ea9bee0cd8beab34020389fba5016,https://api.github.com/repos/nflverse/nflverse-data-archives/releases/assets/324362504,historical_source_proven,-9,39,0.03579166542713541,0.0360984422710674,False,False,8.668319631169824,0.11270715254096879,4.160529538307324,4.690349105459654,13.690349105459653,-3,12,False,-10,19,True,-15,23,True,3.8770869888283452,0.3737891433735963,3.5899727959217405,43.83229604331471,4.832296043314713,35,53,True,26,62,True,20,67,True
structural_student_t_map_laplace,2025_13_CIN_BAL,2025-11-25T16:00:00+00:00,retrospective_historical_source_replay,True,archive:asset:324362504:sha256:899a366f22db4cb561fb4d88d209476a769ea9bee0cd8beab34020389fba5016,https://api.github.com/repos/nflverse/nflverse-data-archives/releases/assets/324362504,historical_source_proven,-18,46,0.024353880170203124,0.029512913376164684,False,False,22.771499680266114,0.012765222248499623,6.172293903287343,11.856872256192716,29.856872256192716,3,20,False,-4,28,False,-9,33,False,3.345113420343494,0.4392732148904785,3.530830795330319,48.272699612755225,2.2726996127552255,39,57,True,30,66,True,25,72,True
structural_student_t_map_laplace,2025_13_DEN_WAS,2025-11-25T16:00:00+00:00,retrospective_historical_source_replay,True,archive:asset:324362504:sha256:899a366f22db4cb561fb4d88d209476a769ea9bee0cd8beab34020389fba5016,https://api.github.com/repos/nflverse/nflverse-data-archives/releases/assets/324362504,historical_source_proven,-1,53,0.025545105320768924,0.018931374155299108,False,False,3.4938130437307855,0.6576548411850419,3.4761289507952338,-5.675557691408202,4.675557691408202,-14,3,True,-21,10,True,-27,14,True,5.197320413531697,0.7411417732065689,3.733324482788038,44.644000574325474,8.355999425674526,36,54,True,27,62,True,21,68,True
structural_student_t_map_laplace,2025_13_GB_DET,2025-11-25T16:00:00+00:00,retrospective_historical_source_replay,True,archive:asset:324362504:sha256:899a366f22db4cb561fb4d88d209476a769ea9bee0cd8beab34020389fba5016,https://api.github.com/repos/nflverse/nflverse-data-archives/releases/assets/324362504,historical_source_proven,-7,55,0.03432286836089571,0.033022116248010325,False,False,6.446774514863087,0.17343787788834145,3.814856245745868,3.7705362792728776,10.770536279272878,-4,12,False,-11,19,True,-16,23,True,6.000288504411556,0.7777727206301552,3.822791314505066,45.05400786007607,9.94599213992393,36,54,False,27,63,True,22,68,True
structural_student_t_map_laplace,2025_13_HOU_IND,2025-11-25T16:00:00+00:00,retrospective_historical_source_replay,True,archive:asset:324362504:sha256:899a366f22db4cb561fb4d88d209476a769ea9bee0cd8beab34020389fba5016,https://api.github.com/repos/nflverse/nflverse-data-archives/releases/assets/324362504,historical_source_proven,-4,36,0.03136375661315277,0.03056515332238441,False,False,5.270232236916562,0.24239990188362504,3.685879724193984,4.84387247045909,8.84387247045909,-4,13,True,-11,21,True,-16,26,True,6.045429465340465,0.2235587795203669,3.8202892644321693,46.08076201217375,10.08076201217375,37,55,False,28,64,True,23,69,True
structural_student_t_map_laplace,2025_13_JAX_TEN,2025-11-25T16:00:00+00:00,retrospective_historical_source_replay,True,archive:asset:324362504:sha256:899a366f22db4cb561fb4d88d209476a769ea9bee0cd8beab34020389fba5016,https://api.github.com/repos/nflverse/nflverse-data-archives/releases/assets/324362504,historical_source_proven,-22,28,0.026381676321822423,0.02005531854037801,False,False,11.041001616769607,0.08853092595987629,4.4017170319227334,-4.897901911755371,17.10209808824463,-13,3,False,-21,11,False,-25,16,True,9.766337955730473,0.12948754649681798,4.252942740863218,43.79180965726327,15.791809657263272,35,53,False,26,62,True,21,67,True
structural_student_t_map_laplace,2025_13_KC_DAL,2025-11-25T16:00:00+00:00,retrospective_historical_source_replay,True,archive:asset:324362504:sha256:899a366f22db4cb561fb4d88d209476a769ea9bee0cd8beab34020389fba5016,https://api.github.com/repos/nflverse/nflverse-data-archives/releases/assets/324362504,historical_source_proven,3,59,0.029197645768812452,0.02252460980920734,True,False,4.1204229018376,0.7145034124829099,3.533667197313957,-3.4416057748806894,6.441605774880689,-11,4,True,-19,12,True,-23,16,True,6.171754364242748,0.7685852282979674,3.8569919463352074,48.824487030627,10.175512969373003,40,58,False,31,67,True,25,73,True
structural_student_t_map_laplace,2025_13_LA_CAR,2025-11-25T16:00:00+00:00,retrospective_historical_source_replay,True,archive:asset:324362504:sha256:899a366f22db4cb561fb4d88d209476a769ea9bee0cd8beab34020389fba5016,https://api.github.com/repos/nflverse/nflverse-data-archives/releases/assets/324362504,historical_source_proven,3,59,0.02358935967261322,0.01617704577316703,True,False,5.788603826905293,0.8044919737753937,3.7469595299490503,-6.617050703958631,9.61705070395863,-14,1,False,-21,8,True,-26,13,True,8.983730190490833,0.862894730886053,4.168156771284619,44.349744795997466,14.650255204002534,35,53,False,27,62,True,21,68,True
structural_student_t_map_laplace,2025_13_LV_LAC,2025-11-25T16:00:00+00:00,retrospective_historical_source_replay,True,archive:asset:324362504:sha256:899a366f22db4cb561fb4d88d209476a769ea9bee0cd8beab34020389fba5016,https://api.github.com/repos/nflverse/nflverse-data-archives/releases/assets/324362504,historical_source_proven,17,45,0.028920917540945723,0.03253847808427335,False,False,5.153843584984553,0.7672828876143375,3.6687546021981796,8.338637440999518,8.661362559000482,0,17,True,-8,24,True,-13,29,True,3.371696244440765,0.5706848032093527,3.5396611643058673,42.70797880743659,2.2920211925634106,33,52,True,25,61,True,19,66,True
structural_student_t_map_laplace,2025_13_MIN_SEA,2025-11-25T16:00:00+00:00,retrospective_historical_source_replay,True,archive:asset:324362504:sha256:899a366f22db4cb561fb4d88d209476a769ea9bee0cd8beab34020389fba5016,https://api.github.com/repos/nflverse/nflverse-data-archives/releases/assets/324362504,historical_source_proven,26,26,0.025297657447429345,0.029361754304438437,False,False,9.456503266712078,0.8684651548425075,4.189714340468104,10.682422692800126,15.317577307199874,2,20,False,-6,28,True,-12,33,True,11.141956209766146,0.09985038912521232,4.419671032721016,43.560082271120365,17.560082271120365,34,53,False,26,61,True,20,67,True
structural_student_t_map_laplace,2025_13_NO_MIA,2025-11-25T16:00:00+00:00,retrospective_historical_source_replay,True,archive:asset:324362504:sha256:899a366f22db4cb561fb4d88d209476a769ea9bee0cd8beab34020389fba5016,https://api.github.com/repos/nflverse/nflverse-data-archives/releases/assets/324362504,historical_source_proven,4,38,0.03369245796983894,0.03177283728900604,False,False,2.847028614043855,0.5477579244057883,3.3926942527247754,2.8008631089955376,1.1991368910044624,-5,11,True,-13,18,True,-18,23,True,4.067810942575737,0.34809555949767174,3.601212466157773,43.5782468082228,5.578246808222801,35,53,True,26,61,True,20,67,True
structural_student_t_map_laplace,2025_13_NYG_NE,2025-11-25T16:00:00+00:00,retrospective_historical_source_replay,True,archive:asset:324362504:sha256:899a366f22db4cb561fb4d88d209476a769ea9bee0cd8beab34020389fba5016,https://api.github.com/repos/nflverse/nflverse-data-archives/releases/assets/324362504,historical_source_proven,18,48,0.029183593554697795,0.031718894858311586,False,False,6.123659550581525,0.7950297951519669,3.7916562096692044,7.6257129185997385,10.374287081400261,-1,16,False,-9,24,True,-14,29,True,3.223613067462438,0.5422451932941689,3.519539233529751,46.99046246919161,1.0095375308083874,38,56,True,29,65,True,24,71,True
structural_student_t_map_laplace,2025_13_SF_CLE,2025-11-25T16:00:00+00:00,retrospective_historical_source_replay,True,archive:asset:324362504:sha256:899a366f22db4cb561fb4d88d209476a769ea9bee0cd8beab34020389fba5016,https://api.github.com/repos/nflverse/nflverse-data-archives/releases/assets/324362504,historical_source_proven,-18,34,0.029277202133166758,0.023008616103029622,False,False,9.763823965094286,0.10437965561209765,4.267938199052347,-2.5179131559743806,15.48208684402562,-11,5,False,-18,13,True,-23,18,True,6.260600053137052,0.22553660686793264,3.8417782099685867,44.49715592546881,10.49715592546881,35,54,False,27,62,True,21,68,True
structural_student_t_map_laplace,2025_14_CHI_GB,2025-12-02T16:00:00+00:00,retrospective_historical_source_replay,True,archive:asset:332861918:sha256:493dc1dc5a36242e6329e6c421f09447e5938c1681ffda92ad61165c0f8b512f,https://api.github.com/repos/nflverse/nflverse-data-archives/releases/assets/332861918,historical_source_proven,7,49,0.035695185637172,0.037509016650878246,False,True,2.526445428536879,0.5337232256619266,3.2831739308843835,6.254447626687027,0.7455523733129734,-1,13,True,-8,20,True,-12,24,True,3.1736299754128154,0.577338926238127,3.471887508523165,46.607979057519316,2.392020942480684,38,55,True,30,63,True,25,69,True
structural_student_t_map_laplace,2025_14_CIN_BUF,2025-12-02T16:00:00+00:00,retrospective_historical_source_replay,True,archive:asset:332861918:sha256:493dc1dc5a36242e6329e6c421f09447e5938c1681ffda92ad61165c0f8b512f,https://api.github.com/repos/nflverse/nflverse-data-archives/releases/assets/332861918,historical_source_proven,5,73,0.024862040684410253,0.03086176345295527,False,False,4.443524508529988,0.2689350613633871,3.571473429237097,12.231133248887561,7.231133248887561,4,20,True,-3,28,True,-8,33,True,17.96296355372983,0.9652544509238916,5.335342145524267,47.850034983458556,25.149965016541444,39,57,False,31,65,False,26,70,False
structural_student_t_map_laplace,2025_14_DAL_DET,2025-12-02T16:00:00+00:00,retrospective_historical_source_replay,True,archive:asset:332861918:sha256:493dc1dc5a36242e6329e6c421f09447e5938c1681ffda92ad61165c0f8b512f,https://api.github.com/repos/nflverse/nflverse-data-archives/releases/assets/332861918,historical_source_proven,14,74,0.034744163109619974,0.03655119981089733,False,False,4.554884126391719,0.7550143178615334,3.5868248190373118,6.673812749670475,7.326187250329525,-1,14,True,-8,21,True,-12,26,True,20.684547789179483,0.9784054583409896,5.770545267866956,46.1105859196596,27.8894140803404,38,55,False,29,63,False,24,68,False
structural_student_t_map_laplace,2025_14_DEN_LV,2025-12-02T16:00:00+00:00,retrospective_historical_source_replay,True,archive:asset:332861918:sha256:493dc1dc5a36242e6329e6c421f09447e5938c1681ffda92ad61165c0f8b512f,https://api.github.com/repos/nflverse/nflverse-data-archives/releases/assets/332861918,historical_source_proven,-7,41,0.021436305352622975,0.014014844612333044,False,False,2.6267731685124263,0.5220003573124427,3.3204850585427717,-7.839904220155994,0.8399042201559936,-15,0,True,-22,7,True,-27,11,True,3.0441406261456168,0.5247958179619605,3.4649214900428027,40.57454220403211,0.4254577959678869,32,49,True,24,58,True,18,63,True
structural_student_t_map_laplace,2025_14_HOU_KC,2025-12-02T16:00:00+00:00,retrospective_historical_source_replay,True,archive:asset:332861918:sha256:493dc1dc5a36242e6329e6c421f09447e5938c1681ffda92ad61165c0f8b512f,https://api.github.com/repos/nflverse/nflverse-data-archives/releases/assets/332861918,historical_source_proven,-10,30,0.03222015659088734,0.03274867253357472,False,False,9.319551123937373,0.10863629368717083,4.176911263070799,4.7398976101330055,14.739897610133006,-3,13,False,-11,20,True,-15,24,True,8.547415129700582,0.13773950921671127,4.114187007201265,43.97473224338866,13.974732243388658,35,53,False,27,61,True,22,66,True
structural_student_t_map_laplace,2025_14_IND_JAX,2025-12-02T16:00:00+00:00,retrospective_historical_source_replay,True,archive:asset:332861918:sha256:493dc1dc5a36242e6329e6c421f09447e5938c1681ffda92ad61165c0f8b512f,https://api.github.com/repos/nflverse/nflverse-data-archives/releases/assets/332861918,historical_source_proven,17,55,0.02639663509969281,0.02078364490119211,False,False,13.714400947011729,0.9380707659182431,4.690134371321917,-3.2036289122755726,20.203628912275573,-12,5,False,-19,14,False,-24,18,True,5.259439680898495,0.7589281494431339,3.7224444734155058,46.411954005838545,8.588045994161455,38,55,True,30,63,True,24,69,True
structural_student_t_map_laplace,2025_14_LA_ARI,2025-12-02T16:00:00+00:00,retrospective_historical_source_replay,True,archive:asset:332861918:sha256:493dc1dc5a36242e6329e6c421f09447e5938c1681ffda92ad61165c0f8b512f,https://api.github.com/repos/nflverse/nflverse-data-archives/releases/assets/332861918,historical_source_proven,-28,62,0.02413219226296559,0.018419049684421762,False,False,16.332653975791143,0.027821269515367415,5.324625560087967,-4.977413160604204,23.022586839395796,-13,3,False,-20,11,False,-24,16,False,11.778998151316838,0.9117060773654259,4.527768513817519,43.909936622983885,18.090063377016115,35,52,False,27,61,False,22,66,True
structural_student_t_map_laplace,2025_14_MIA_NYJ,2025-12-02T16:00:00+00:00,retrospective_historical_source_replay,True,archive:asset:332861918:sha256:493dc1dc5a36242e6329e6c421f09447e5938c1681ffda92ad61165c0f8b512f,https://api.github.com/repos/nflverse/nflverse-data-archives/releases/assets/332861918,historical_source_proven,-24,44,0.03509141139881761,0.03382028257049685,False,False,20.8071675019478,0.013095745810969426,6.10248518028513,3.215032482936522,27.21503248293652,-4,11,False,-12,18,False,-16,22,False,3.0366141593551186,0.5070787053680155,3.463548836623126,43.693942405566396,0.3060575944336037,35,52,True,27,61,True,21,66,True
structural_student_t_map_laplace,2025_14_NO_TB,2025-12-02T16:00:00+00:00,retrospective_historical_source_replay,True,archive:asset:332861918:sha256:493dc1dc5a36242e6329e6c421f09447e5938c1681ffda92ad61165c0f8b512f,https://api.github.com/repos/nflverse/nflverse-data-archives/releases/assets/332861918,historical_source_proven,-4,44,0.031223552957457767,0.03469027873667807,False,False,6.82515002567694,0.16991198301575042,3.9016741677249365,7.207323852863373,11.207323852863373,-1,15,False,-8,22,True,-13,27,True,3.0912942506629237,0.5530220953671267,3.4742859161368957,42.80060160734362,1.1993983926563772,34,52,True,26,60,True,20,65,True
structural_student_t_map_laplace,2025_14_PHI_LAC,2025-12-02T16:00:00+00:00,retrospective_historical_source_replay,True,archive:asset:332861918:sha256:493dc1dc5a36242e6329e6c421f09447e5938c1681ffda92ad61165c0f8b512f,https://api.github.com/repos/nflverse/nflverse-data-archives/releases/assets/332861918,historical_source_proven,3,41,0.03232183800681687,0.028717977136335393,True,False,3.005950381335059,0.5822242797198021,3.4320121779234247,0.6714419891463861,2.328558010853614,-8,9,True,-15,16,True,-19,21,True,3.089144985428554,0.4544128859259561,3.4691564358758193,42.34990391711169,1.3499039171116891,34,51,True,25,59,True,20,65,True
structural_student_t_map_laplace,2025_14_PIT_BAL,2025-12-02T16:00:00+00:00,retrospective_historical_source_replay,True,archive:asset:332861918:sha256:493dc1dc5a36242e6329e6c421f09447e5938c1681ffda92ad61165c0f8b512f,https://api.github.com/repos/nflverse/nflverse-data-archives/releases/assets/332861918,historical_source_proven,-5,49,0.0340500306828902,0.03377068667731231,False,False,6.2447993775468005,0.19096255831496084,3.777724448815338,5.767543419505534,10.767543419505534,-2,13,False,-10,21,True,-14,27,True,3.5309611375028034,0.609444377331444,3.5199882457239693,44.99125723399611,4.008742766003891,36,54,True,28,62,True,23,67,True
structural_student_t_map_laplace,2025_14_SEA_ATL,2025-12-02T16:00:00+00:00,retrospective_historical_source_replay,True,archive:asset:332861918:sha256:493dc1dc5a36242e6329e6c421f09447e5938c1681ffda92ad61165c0f8b512f,https://api.github.com/repos/nflverse/nflverse-data-archives/releases/assets/332861918,historical_source_proven,-28,46,0.032290228939459875,0.02609911848644708,False,False,19.5278690855987,0.0141529453647355,5.8374777717688415,-2.0277487737537463,25.972251226246254,-10,6,False,-17,13,False,-21,17,False,3.0669974823187136,0.5484394868043141,3.463877274561507,44.681689333426924,1.3183106665730762,36,53,True,28,62,True,23,67,True
structural_student_t_map_laplace,2025_14_TEN_CLE,2025-12-02T16:00:00+00:00,retrospective_historical_source_replay,True,archive:asset:332861918:sha256:493dc1dc5a36242e6329e6c421f09447e5938c1681ffda92ad61165c0f8b512f,https://api.github.com/repos/nflverse/nflverse-data-archives/releases/assets/332861918,historical_source_proven,-2,60,0.03588152198082628,0.03553081562451921,False,False,4.182313477599256,0.2830091305755932,3.5484114138756166,4.590756096983306,6.590756096983306,-3,12,True,-10,19,True,-15,24,True,12.660430114544205,0.9201135681985995,4.618850337520041,40.66492911323376,19.33507088676624,32,50,False,23,58,False,18,63,True
structural_student_t_map_laplace,2025_14_WAS_MIN,2025-12-02T16:00:00+00:00,retrospective_historical_source_replay,True,archive:asset:332861918:sha256:493dc1dc5a36242e6329e6c421f09447e5938c1681ffda92ad61165c0f8b512f,https://api.github.com/repos/nflverse/nflverse-data-archives/releases/assets/332861918,historical_source_proven,31,31,0.03134980138089638,0.025303163820575514,False,False,25.55559055086333,0.9940115703244627,6.860753751551125,-1.0643827834178743,32.06438278341788,-9,6,False,-15,14,False,-20,19,False,7.916872531801479,0.16031954292455827,4.034524032100155,44.056446089666544,13.056446089666544,36,53,False,27,61,True,22,66,True
structural_student_t_map_laplace,2025_15_ARI_HOU,2025-12-09T16:00:00+00:00,retrospective_historical_source_replay,True,archive:asset:332861918:sha256:493dc1dc5a36242e6329e6c421f09447e5938c1681ffda92ad61165c0f8b512f,https://api.github.com/repos/nflverse/nflverse-data-archives/releases/assets/332861918,historical_source_proven,20,60,0.03573719523266655,0.04059475886808073,False,False,8.18792336678921,0.8967897246952288,4.097936724817933,7.000501551260662,12.999498448739338,0,14,False,-6,20,True,-11,24,True,11.410312110850636,0.9228130464587562,4.5060213247508,42.53469978716386,17.46530021283614,34,51,False,27,59,False,22,64,True
structural_student_t_map_laplace,2025_15_ATL_TB,2025-12-09T16:00:00+00:00,retrospective_historical_source_replay,True,archive:asset:332861918:sha256:493dc1dc5a36242e6329e6c421f09447e5938c1681ffda92ad61165c0f8b512f,https://api.github.com/repos/nflverse/nflverse-data-archives/releases/assets/332861918,historical_source_proven,-1,57,0.03551645238892487,0.03164269205468173,False,False,2.912589794392113,0.40193325552419357,3.3596758878273185,1.8940953330045822,2.894095333004582,-6,9,True,-13,17,True,-17,21,True,7.845613141563141,0.8537424898804767,4.028419727865238,44.13538925203942,12.864610747960583,36,52,False,28,60,True,23,65,True
structural_student_t_map_laplace,2025_15_BAL_CIN,2025-12-09T16:00:00+00:00,retrospective_historical_source_replay,True,archive:asset:332861918:sha256:493dc1dc5a36242e6329e6c421f09447e5938c1681ffda92ad61165c0f8b512f,https://api.github.com/repos/nflverse/nflverse-data-archives/releases/assets/332861918,historical_source_proven,-24,24,0.028177157232857186,0.020459602971348856,False,False,13.302825463928167,0.0455971405797689,4.771313803021295,-4.6474180499646,19.3525819500354,-12,3,False,-20,10,False,-24,14,True,15.467658839747347,0.04614528632311202,5.06137344949658,46.17678808717196,22.176788087171957,38,54,False,30,62,False,25,68,False
structural_student_t_map_laplace,2025_15_BUF_NE,2025-12-09T16:00:00+00:00,retrospective_historical_source_replay,True,archive:asset:332861918:sha256:493dc1dc5a36242e6329e6c421f09447e5938c1681ffda92ad61165c0f8b512f,https://api.github.com/repos/nflverse/nflverse-data-archives/releases/assets/332861918,historical_source_proven,-4,66,0.03443533613113936,0.031196408759418315,False,False,3.76768465295514,0.32482964220531657,3.5213883512450757,1.3171631250778297,5.31716312507783,-7,9,True,-14,16,True,-19,21,True,14.05415747648248,0.9434784321745395,4.881183047586833,45.482682527650844,20.517317472349156,37,54,False,30,61,False,24,66,True
structural_student_t_map_laplace,2025_15_CAR_NO,2025-12-09T16:00:00+00:00,retrospective_historical_source_replay,True,archive:asset:332861918:sha256:493dc1dc5a36242e6329e6c421f09447e5938c1681ffda92ad61165c0f8b512f,https://api.github.com/repos/nflverse/nflverse-data-archives/releases/assets/332861918,historical_source_proven,3,37,0.03210496082987102,0.02858876152180634,True,False,2.9395273030830538,0.5624406766916303,3.438744717800068,1.620236241229707,1.379763758770293,-7,10,True,-14,18,True,-18,22,True,4.176524096373289,0.3115680152170608,3.5704861061437723,43.33156363048653,6.331563630486528,35,52,True,27,60,True,22,65,True
structural_student_t_map_laplace,2025_15_CLE_CHI,2025-12-09T16:00:00+00:00,retrospective_historical_source_replay,True,archive:asset:332861918:sha256:493dc1dc5a36242e6329e6c421f09447e5938c1681ffda92ad61165c0f8b512f,https://api.github.com/repos/nflverse/nflverse-data-archives/releases/assets/332861918,historical_source_proven,28,34,0.0334385090280056,0.03415178918442863,False,False,15.913584010048957,0.9642802240805745,5.158686378535378,5.705771984580153,22.294228015419847,-2,14,False,-9,21,False,-14,26,False,4.456960859706282,0.29343628454730464,3.614475737385544,40.94335099454382,6.94335099454382,33,49,True,25,57,True,19,62,True
structural_student_t_map_laplace,2025_15_DET_LA,2025-12-09T16:00:00+00:00,retrospective_historical_source_replay,True,archive:asset:332861918:sha256:493dc1dc5a36242e6329e6c421f09447e5938c1681ffda92ad61165c0f8b512f,https://api.github.com/repos/nflverse/nflverse-data-archives/releases/assets/332861918,historical_source_proven,7,75,0.03349250137260201,0.03534639456283206,False,True,2.725047280020607,0.533436655793895,3.3425588844060146,6.205963611108421,0.7940363888915787,-2,14,True,-9,21,True,-14,26,True,23.000438064306394,0.9875697255566754,6.204853927286948,44.90762073960644,30.092379260393557,37,53,False,29,61,False,24,66,False
structural_student_t_map_laplace,2025_15_GB_DEN,2025-12-09T16:00:00+00:00,retrospective_historical_source_replay,True,archive:asset:332861918:sha256:493dc1dc5a36242e6329e6c421f09447e5938c1681ffda92ad61165c0f8b512f,https://api.github.com/repos/nflverse/nflverse-data-archives/releases/assets/332861918,historical_source_proven,8,60,0.036134972908582697,0.03095836258993956,False,False,4.224039060736268,0.7461409307199756,3.533430156578428,1.2241008123109722,6.775899187689028,-6,9,True,-13,15,True,-17,20,True,10.0938924902558,0.898608131608904,4.313830455350459,44.098655080855124,15.901344919144876,36,52,False,28,60,True,23,65,True
structural_student_t_map_laplace,2025_15_IND_SEA,2025-12-09T16:00:00+00:00,retrospective_historical_source_replay,True,archive:asset:332861918:sha256:493dc1dc5a36242e6329e6c421f09447e5938c1681ffda92ad61165c0f8b512f,https://api.github.com/repos/nflverse/nflverse-data-archives/releases/assets/332861918,historical_source_proven,2,34,0.03139374364341313,0.029188910645867594,False,False,2.995113680961479,0.49133136153358486,3.458087365128282,2.6219939653721367,0.6219939653721367,-6,11,True,-14,19,True,-19,24,True,7.936101074587356,0.1403734319691042,4.028423965185435,47.081807713546745,13.081807713546745,39,55,False,31,63,True,26,69,True
structural_student_t_map_laplace,2025_15_LAC_KC,2025-12-09T16:00:00+00:00,retrospective_historical_source_replay,True,archive:asset:332861918:sha256:493dc1dc5a36242e6329e6c421f09447e5938c1681ffda92ad61165c0f8b512f,https://api.github.com/repos/nflverse/nflverse-data-archives/releases/assets/332861918,historical_source_proven,-3,29,0.035623445007113785,0.03329654296311402,False,False,4.435830002390142,0.26993662585973377,3.5095241003262894,4.523045890834865,7.523045890834865,-3,12,True,-10,20,True,-14,24,True,10.85069729425268,0.09542463619179385,4.425450540518496,45.80513688267856,16.80513688267856,38,54,False,30,62,False,25,67,True
structural_student_t_map_laplace,2025_15_LV_PHI,2025-12-09T16:00:00+00:00,retrospective_historical_source_replay,True,archive:asset:332861918:sha256:493dc1dc5a36242e6329e6c421f09447e5938c1681ffda92ad61165c0f8b512f,https://api.github.com/repos/nflverse/nflverse-data-archives/releases/assets/332861918,historical_source_proven,31,31,0.030173745479390057,0.03589083061918441,False,False,14.977473020216932,0.9628152101100117,5.053296772004076,9.981180906545108,21.018819093454894,2,17,False,-4,25,False,-9,29,False,6.095758632322012,0.1940144259368846,3.8062539153343606,41.184344908540325,10.184344908540325,33,49,False,25,57,True,20,62,True
structural_student_t_map_laplace,2025_15_MIA_PIT,2025-12-09T16:00:00+00:00,retrospective_historical_source_replay,True,archive:asset:332861918:sha256:493dc1dc5a36242e6329e6c421f09447e5938c1681ffda92ad61165c0f8b512f,https://api.github.com/repos/nflverse/nflverse-data-archives/releases/assets/332861918,historical_source_proven,13,43,0.03585012536629667,0.03282782360590064,False,False,6.188163454067997,0.8244293257566259,3.80489555193382,2.6823011533370376,10.317698846662962,-5,10,False,-12,18,True,-17,22,True,3.0818917869170126,0.4162515301901406,3.430166753168274,45.62944883440149,2.6294488344014866,37,54,True,30,62,True,25,67,True
structural_student_t_map_laplace,2025_15_MIN_DAL,2025-12-09T16:00:00+00:00,retrospective_historical_source_replay,True,archive:asset:332861918:sha256:493dc1dc5a36242e6329e6c421f09447e5938c1681ffda92ad61165c0f8b512f,https://api.github.com/repos/nflverse/nflverse-data-archives/releases/assets/332861918,historical_source_proven,-8,60,0.037171726165981134,0.03772369841340817,False,False,8.582543036541772,0.09868874544620547,4.1233950241149255,5.664677472109947,13.664677472109947,-2,13,False,-8,20,True,-12,24,True,9.820043802001948,0.8842066745056688,4.273425713033557,44.43483375895222,15.565166241047777,36,53,False,28,61,True,23,66,True
structural_student_t_map_laplace,2025_15_NYJ_JAX,2025-12-09T16:00:00+00:00,retrospective_historical_source_replay,True,archive:asset:332861918:sha256:493dc1dc5a36242e6329e6c421f09447e5938c1681ffda92ad61165c0f8b512f,https://api.github.com/repos/nflverse/nflverse-data-archives/releases/assets/332861918,historical_source_proven,28,68,0.031963293716877506,0.03583368049526309,False,False,13.476526842054135,0.9578873426328811,4.890568356570727,8.640862431906996,19.359137568093004,1,16,False,-5,23,False,-10,27,False,18.21573082634096,0.9708187185431217,5.459794112921966,42.900978037822966,25.099021962177034,35,51,False,27,59,False,22,64,False
structural_student_t_map_laplace,2025_15_TEN_SF,2025-12-09T16:00:00+00:00,retrospective_historical_source_replay,True,archive:asset:332861918:sha256:493dc1dc5a36242e6329e6c421f09447e5938c1681ffda92ad61165c0f8b512f,https://api.github.com/repos/nflverse/nflverse-data-archives/releases/assets/332861918,historical_source_proven,13,61,0.03199937129019059,0.034445929138057996,False,False,3.662229617728968,0.6851889513852824,3.4978422311808623,7.959899092796934,5.040100907203066,0,16,True,-7,23,True,-11,28,True,9.992003431518134,0.8994120414743652,4.296618672769279,45.19243129039337,15.807568709606628,37,54,False,29,61,True,24,67,True
structural_student_t_map_laplace,2025_15_WAS_NYG,2025-12-09T16:00:00+00:00,retrospective_historical_source_replay,True,archive:asset:332861918:sha256:493dc1dc5a36242e6329e6c421f09447e5938c1681ffda92ad61165c0f8b512f,https://api.github.com/repos/nflverse/nflverse-data-archives/releases/assets/332861918,historical_source_proven,-8,50,0.03280640282155167,0.029082779490889443,False,False,6.002526974008566,0.20162673638953904,3.7379294750270438,2.2735535894858407,10.273553589485841,-6,10,False,-13,18,True,-18,23,True,3.229610128525554,0.5827403074815783,3.48372788528273,47.33640458672502,2.663595413274983,39,56,True,31,64,True,25,69,True
structural_student_t_map_laplace,2025_16_ATL_ARI,2025-12-16T16:00:00+00:00,retrospective_historical_source_replay,True,archive:asset:332861918:sha256:493dc1dc5a36242e6329e6c421f09447e5938c1681ffda92ad61165c0f8b512f,https://api.github.com/repos/nflverse/nflverse-data-archives/releases/assets/332861918,historical_source_proven,-7,45,0.035437767826220434,0.030388241159691853,False,False,5.049710340885652,0.2169601386768003,3.614543897481978,1.5929413644489014,8.592941364448901,-6,9,False,-13,17,True,-18,22,True,2.8561605469700346,0.5427726943173574,3.396598852429756,44.05377048801086,0.946229511989138,36,52,True,28,60,True,23,65,True
structural_student_t_map_laplace,2025_16_BUF_CLE,2025-12-16T16:00:00+00:00,retrospective_historical_source_replay,True,archive:asset:332861918:sha256:493dc1dc5a36242e6329e6c421f09447e5938c1681ffda92ad61165c0f8b512f,https://api.github.com/repos/nflverse/nflverse-data-archives/releases/assets/332861918,historical_source_proven,-3,43,0.024234652481044283,0.017695570917827586,False,False,3.1863272429681824,0.6043726873438522,3.4600803179455544,-5.7726214462277845,2.7726214462277845,-14,2,True,-22,10,True,-26,16,True,2.8965139618626665,0.5286069299762337,3.413512158231311,42.1953858701595,0.8046141298405018,34,50,True,26,58,True,21,63,True
structural_student_t_map_laplace,2025_16_CIN_MIA,2025-12-16T16:00:00+00:00,retrospective_historical_source_replay,True,archive:asset:332861918:sha256:493dc1dc5a36242e6329e6c421f09447e5938c1681ffda92ad61165c0f8b512f,https://api.github.com/repos/nflverse/nflverse-data-archives/releases/assets/332861918,historical_source_proven,-24,66,0.03364927300032494,0.033654837017596195,False,False,22.563503051878676,0.007324517398511422,6.516261844112335,5.173857163272446,29.173857163272444,-3,13,False,-10,20,False,-14,25,False,12.818382073254403,0.9357860610291381,4.693224154569457,46.87440170679091,19.125598293209087,39,55,False,31,63,False,26,68,True
structural_student_t_map_laplace,2025_16_GB_CHI,2025-12-16T16:00:00+00:00,retrospective_historical_source_replay,True,archive:asset:332861918:sha256:493dc1dc5a36242e6329e6c421f09447e5938c1681ffda92ad61165c0f8b512f,https://api.github.com/repos/nflverse/nflverse-data-archives/releases/assets/332861918,historical_source_proven,6,38,0.028440281430593406,0.022247413889184386,False,False,5.816913866297961,0.7873294658720874,3.73393269171948,-3.8645039218110178,9.864503921811018,-12,4,False,-20,12,True,-25,16,True,5.369855459662013,0.22954786887855944,3.7135912556083266,46.90806726517502,8.90806726517502,39,55,False,31,63,True,26,68,True
structural_student_t_map_laplace,2025_16_JAX_DEN,2025-12-16T16:00:00+00:00,retrospective_historical_source_replay,True,archive:asset:332861918:sha256:493dc1dc5a36242e6329e6c421f09447e5938c1681ffda92ad61165c0f8b512f,https://api.github.com/repos/nflverse/nflverse-data-archives/releases/assets/332861918,historical_source_proven,-14,54,0.03296355177134058,0.02914764060415853,False,False,10.114592928264845,0.08559232026203312,4.304658640723539,1.9147970351284114,15.914797035128412,-6,10,False,-13,18,False,-17,22,True,7.92198151101775,0.8510079470119196,4.035992605368647,41.00295902697758,12.997040973022422,33,49,False,25,57,True,20,62,True
structural_student_t_map_laplace,2025_16_KC_TEN,2025-12-16T16:00:00+00:00,retrospective_historical_source_replay,True,archive:asset:332861918:sha256:493dc1dc5a36242e6329e6c421f09447e5938c1681ffda92ad61165c0f8b512f,https://api.github.com/repos/nflverse/nflverse-data-archives/releases/assets/332861918,historical_source_proven,17,35,0.018923411836716753,0.01322751756961893,False,False,18.73944852616227,0.9732108861101234,5.4869154316587405,-8.27520691143759,25.27520691143759,-16,-1,False,-23,7,False,-27,13,False,5.379206057136734,0.24196895938461285,3.709127342551776,43.955182719866805,8.955182719866805,36,52,False,28,60,True,23,65,True
structural_student_t_map_laplace,2025_16_LAC_DAL,2025-12-16T16:00:00+00:00,retrospective_historical_source_replay,True,archive:asset:332861918:sha256:493dc1dc5a36242e6329e6c421f09447e5938c1681ffda92ad61165c0f8b512f,https://api.github.com/repos/nflverse/nflverse-data-archives/releases/assets/332861918,historical_source_proven,-17,51,0.034198740361696234,0.0291660496004702,False,False,11.294913804883887,0.07024640796928897,4.490118361419214,0.04093046246478638,17.040930462464786,-8,8,False,-15,15,False,-19,19,True,3.5429255163003237,0.652328977544584,3.4949787581060052,46.510341092141076,4.489658907858924,38,55,True,30,63,True,25,68,True
structural_student_t_map_laplace,2025_16_LA_SEA,2025-12-16T16:00:00+00:00,retrospective_historical_source_replay,True,archive:asset:332861918:sha256:493dc1dc5a36242e6329e6c421f09447e5938c1681ffda92ad61165c0f8b512f,https://api.github.com/repos/nflverse/nflverse-data-archives/releases/assets/332861918,historical_source_proven,1,75,0.03314386795976021,0.02933291309320618,False,False,2.822593117240015,0.5388498723900221,3.399346438380376,-0.07909891198095564,1.0790989119809558,-8,8,True,-16,15,True,-20,19,True,23.738007414863556,0.9879603910417377,6.33828768506216,44.233313538399514,30.766686461600486,36,52,False,28,60,False,23,65,False
structural_student_t_map_laplace,2025_16_LV_HOU,2025-12-16T16:00:00+00:00,retrospective_historical_source_replay,True,archive:asset:332861918:sha256:493dc1dc5a36242e6329e6c421f09447e5938c1681ffda92ad61165c0f8b512f,https://api.github.com/repos/nflverse/nflverse-data-archives/releases/assets/332861918,historical_source_proven,2,44,0.02297280431169091,0.030732275144337906,False,False,6.696057735999708,0.16965078576526185,3.8656559652247298,13.037151598514148,11.037151598514148,6,20,False,-1,27,True,-6,32,True,3.2109492862314877,0.6115091053448111,3.458545903626954,40.93101235104022,3.0689876489597765,33,49,True,25,57,True,20,62,True
structural_student_t_map_laplace,2025_16_MIN_NYG,2025-12-16T16:00:00+00:00,retrospective_historical_source_replay,True,archive:asset:332861918:sha256:493dc1dc5a36242e6329e6c421f09447e5938c1681ffda92ad61165c0f8b512f,https://api.github.com/repos/nflverse/nflverse-data-archives/releases/assets/332861918,historical_source_proven,-3,29,0.0349255168830131,0.032707111282850754,False,False,4.101885478921463,0.2875618961569988,3.5075946741639363,3.5099004526221984,6.509900452622198,-4,11,True,-11,18,True,-16,23,True,8.37262075516615,0.14630467880678708,4.08694716221789,42.69679378905285,13.696793789052848,34,51,False,26,59,True,21,64,True
structural_student_t_map_laplace,2025_16_NE_BAL,2025-12-16T16:00:00+00:00,retrospective_historical_source_replay,True,archive:asset:332861918:sha256:493dc1dc5a36242e6329e6c421f09447e5938c1681ffda92ad61165c0f8b512f,https://api.github.com/repos/nflverse/nflverse-data-archives/releases/assets/332861918,historical_source_proven,-4,52,0.03443812266705948,0.02768266661807306,False,False,3.0297307868960828,0.38130238526117194,3.3427039580520885,-0.1908969188789883,3.8091030811210116,-8,7,True,-14,14,True,-18,19,True,4.54684520445775,0.7345887329988535,3.6062343140811524,44.737010193323655,7.2629898066763445,37,53,True,29,61,True,24,66,True
structural_student_t_map_laplace,2025_16_NYJ_NO,2025-12-16T16:00:00+00:00,retrospective_historical_source_replay,True,archive:asset:332861918:sha256:493dc1dc5a36242e6329e6c421f09447e5938c1681ffda92ad61165c0f8b512f,https://api.github.com/repos/nflverse/nflverse-data-archives/releases/assets/332861918,historical_source_proven,23,35,0.035119902293594296,0.03253988663452423,False,False,14.275708721394446,0.9618889616119476,4.9878922818507885,2.646324479543309,20.35367552045669,-5,10,False,-12,17,False,-16,22,False,4.454094950681708,0.28794795541652396,3.599682328752246,42.03940942278135,7.039409422781347,34,50,True,26,58,True,21,63,True
structural_student_t_map_laplace,2025_16_PHI_WAS,2025-12-16T16:00:00+00:00,retrospective_historical_source_replay,True,archive:asset:332861918:sha256:493dc1dc5a36242e6329e6c421f09447e5938c1681ffda92ad61165c0f8b512f,https://api.github.com/repos/nflverse/nflverse-data-archives/releases/assets/332861918,historical_source_proven,-11,47,0.03012774730853851,0.023543051597106346,False,False,4.954584415740552,0.22782554752513054,3.5905010394689016,-2.5743283904032057,8.425671609596794,-10,5,False,-17,12,True,-21,17,True,3.0115414593256746,0.5675961961535342,3.416772726253497,44.696728216720274,2.303271783279726,37,53,True,29,61,True,24,66,True
structural_student_t_map_laplace,2025_16_PIT_DET,2025-12-16T16:00:00+00:00,retrospective_historical_source_replay,True,archive:asset:332861918:sha256:493dc1dc5a36242e6329e6c421f09447e5938c1681ffda92ad61165c0f8b512f,https://api.github.com/repos/nflverse/nflverse-data-archives/releases/assets/332861918,historical_source_proven,-5,53,0.03441149258461168,0.0363619911884574,False,False,6.814409300007629,0.15602502459331424,3.9015726532704615,6.094980222285201,11.094980222285201,-1,14,False,-8,20,True,-13,25,True,5.37022865853181,0.7712829548480258,3.716688579170666,44.10357823414982,8.896421765850178,36,52,False,28,60,True,23,65,True
structural_student_t_map_laplace,2025_16_SF_IND,2025-12-16T16:00:00+00:00,retrospective_historical_source_replay,True,archive:asset:332861918:sha256:493dc1dc5a36242e6329e6c421f09447e5938c1681ffda92ad61165c0f8b512f,https://api.github.com/repos/nflverse/nflverse-data-archives/releases/assets/332861918,historical_source_proven,-21,75,0.03796054013106753,0.03746510173647877,False,False,20.29442374137198,0.011202850819053131,6.22719701589157,5.287800537270728,26.287800537270726,-2,12,False,-8,19,False,-12,23,False,20.208503691796587,0.9786256503459565,5.758973192703606,47.77940356574068,27.22059643425932,39,56,False,32,64,False,26,69,False
structural_student_t_map_laplace,2025_16_TB_CAR,2025-12-16T16:00:00+00:00,retrospective_historical_source_replay,True,archive:asset:332861918:sha256:493dc1dc5a36242e6329e6c421f09447e5938c1681ffda92ad61165c0f8b512f,https://api.github.com/repos/nflverse/nflverse-data-archives/releases/assets/332861918,historical_source_proven,3,43,0.03135836724253427,0.026067910926664162,True,False,3.4353493916894933,0.6555504070773683,3.462274149825566,-1.479789093871458,4.479789093871458,-9,6,True,-16,14,True,-21,18,True,3.0785778237791193,0.4301239011511065,3.4397763977275084,45.382126080192286,2.382126080192286,37,54,True,29,62,True,24,67,True
structural_student_t_map_laplace,2025_17_ARI_CIN,2025-12-23T16:00:00+00:00,retrospective_historical_source_replay,True,archive:asset:335211517:sha256:7e8045a638a2bfb41769bb824ea689c7009321227082d44307f341752e6d7fce,https://api.github.com/repos/nflverse/nflverse-data-archives/releases/assets/335211517,historical_source_proven,23,51,0.030601398089616927,0.023943041618130656,False,False,18.788342266810197,0.981339457243407,5.7147174140271915,-2.0640763414903756,25.064076341490377,-10,5,False,-16,13,False,-20,17,False,3.4680945658460196,0.6518066736350188,3.472689494773672,46.61504617801807,4.384953821981931,38,55,True,31,62,True,26,67,True
structural_student_t_map_laplace,2025_17_BAL_GB,2025-12-23T16:00:00+00:00,retrospective_historical_source_replay,True,archive:asset:335211517:sha256:7e8045a638a2bfb41769bb824ea689c7009321227082d44307f341752e6d7fce,https://api.github.com/repos/nflverse/nflverse-data-archives/releases/assets/335211517,historical_source_proven,-17,65,0.03193087030168612,0.03371289970719915,False,False,17.997100588969694,0.018920634362258652,5.644624512259033,7.556189899848006,24.556189899848007,-1,15,False,-7,23,False,-12,28,False,13.203469085454747,0.9331906075367131,4.744665215743225,45.425990102577046,19.574009897422954,37,54,False,29,62,False,24,67,True
structural_student_t_map_laplace,2025_17_CHI_SF,2025-12-23T16:00:00+00:00,retrospective_historical_source_replay,True,archive:asset:335211517:sha256:7e8045a638a2bfb41769bb824ea689c7009321227082d44307f341752e6d7fce,https://api.github.com/repos/nflverse/nflverse-data-archives/releases/assets/335211517,historical_source_proven,4,80,0.034579251309434955,0.03263603153567951,False,False,2.742325356853664,0.5268423127046731,3.365983128784583,3.877242583771322,0.1227574162286782,-4,12,True,-11,19,True,-16,24,True,25.285686147586585,0.9909079253653627,6.546671507715945,47.53985687555928,32.46014312444072,39,56,False,31,64,False,26,69,False
structural_student_t_map_laplace,2025_17_DAL_WAS,2025-12-23T16:00:00+00:00,retrospective_historical_source_replay,True,archive:asset:335211517:sha256:7e8045a638a2bfb41769bb824ea689c7009321227082d44307f341752e6d7fce,https://api.github.com/repos/nflverse/nflverse-data-archives/releases/assets/335211517,historical_source_proven,-7,53,0.03143919582482424,0.028642131397660586,False,False,5.265127671091838,0.2582717430652314,3.719514915530328,1.557036639795922,8.557036639795921,-7,10,True,-15,18,True,-21,23,True,3.367340630318484,0.6234041283148194,3.4895677027471868,49.40092636361122,3.5990736363887805,41,58,True,33,66,True,28,71,True
structural_student_t_map_laplace,2025_17_DEN_KC,2025-12-23T16:00:00+00:00,retrospective_historical_source_replay,True,archive:asset:335211517:sha256:7e8045a638a2bfb41769bb824ea689c7009321227082d44307f341752e6d7fce,https://api.github.com/repos/nflverse/nflverse-data-archives/releases/assets/335211517,historical_source_proven,-7,33,0.03308590590638616,0.03288319936800865,False,False,6.39492463245513,0.19161489683973676,3.8144672071533643,3.553128787003045,10.553128787003045,-4,12,False,-12,18,True,-16,22,True,6.09127942439135,0.2002567497402742,3.8008998485333167,43.196982754897576,10.196982754897576,35,51,False,27,59,True,22,64,True
structural_student_t_map_laplace,2025_17_DET_MIN,2025-12-23T16:00:00+00:00,retrospective_historical_source_replay,True,archive:asset:335211517:sha256:7e8045a638a2bfb41769bb824ea689c7009321227082d44307f341752e6d7fce,https://api.github.com/repos/nflverse/nflverse-data-archives/releases/assets/335211517,historical_source_proven,13,33,0.031787678408592646,0.025368500106155545,False,False,9.226991873881492,0.8927526201468421,4.236014894814146,-1.5567858025647126,14.556785802564713,-10,6,False,-17,14,True,-21,19,True,5.674767809140785,0.2285881961970786,3.748222019098146,42.497749193012375,9.497749193012375,34,51,False,26,59,True,21,64,True
structural_student_t_map_laplace,2025_17_HOU_LAC,2025-12-23T16:00:00+00:00,retrospective_historical_source_replay,True,archive:asset:335211517:sha256:7e8045a638a2bfb41769bb824ea689c7009321227082d44307f341752e6d7fce,https://api.github.com/repos/nflverse/nflverse-data-archives/releases/assets/335211517,historical_source_proven,-4,36,0.03361655188597801,0.027590162761827464,False,False,2.9860716367342723,0.4037541707534392,3.3847049167539605,-0.9588107180510633,3.041189281948937,-9,7,True,-16,14,True,-20,18,True,4.3163996724961855,0.2989562255192821,3.585857710483438,42.680723027050504,6.6807230270505045,35,51,True,27,59,True,21,64,True
structural_student_t_map_laplace,2025_17_JAX_IND,2025-12-23T16:00:00+00:00,retrospective_historical_source_replay,True,archive:asset:335211517:sha256:7e8045a638a2bfb41769bb824ea689c7009321227082d44307f341752e6d7fce,https://api.github.com/repos/nflverse/nflverse-data-archives/releases/assets/335211517,historical_source_proven,-6,40,0.03759393866712102,0.03335465846661567,False,False,4.731147801073033,0.22889173303004495,3.573489715427896,1.868330730181109,7.868330730181109,-5,9,False,-12,16,True,-16,20,True,3.774302354301522,0.34186010182028354,3.517390919476399,45.275283898102856,5.275283898102856,37,53,True,29,61,True,24,66,True
structural_student_t_map_laplace,2025_17_LA_ATL,2025-12-23T16:00:00+00:00,retrospective_historical_source_replay,True,archive:asset:335211517:sha256:7e8045a638a2bfb41769bb824ea689c7009321227082d44307f341752e6d7fce,https://api.github.com/repos/nflverse/nflverse-data-archives/releases/assets/335211517,historical_source_proven,3,51,0.021972490191001226,0.01590672005568361,True,False,6.3604937777301735,0.7996540209500217,3.8179640539471813,-7.726434420359055,10.726434420359055,-16,1,False,-24,9,True,-29,14,True,4.114898642264313,0.6977266140410608,3.5615815718125705,44.80701120285648,6.192988797143521,37,53,True,29,61,True,24,66,True
structural_student_t_map_laplace,2025_17_NE_NYJ,2025-12-23T16:00:00+00:00,retrospective_historical_source_replay,True,archive:asset:335211517:sha256:7e8045a638a2bfb41769bb824ea689c7009321227082d44307f341752e6d7fce,https://api.github.com/repos/nflverse/nflverse-data-archives/releases/assets/335211517,historical_source_proven,-32,52,0.024907047607223953,0.019263896946145165,False,False,19.982997108202873,0.016378938804604455,5.976849665611317,-5.45289444769293,26.54710555230707,-13,3,False,-20,10,False,-25,14,False,4.535712099019351,0.7249040633554159,3.604618572997939,44.74336022343317,7.2566397765668285,37,53,True,29,61,True,24,66,True
structural_student_t_map_laplace,2025_17_NO_TEN,2025-12-23T16:00:00+00:00,retrospective_historical_source_replay,True,archive:asset:335211517:sha256:7e8045a638a2bfb41769bb824ea689c7009321227082d44307f341752e6d7fce,https://api.github.com/repos/nflverse/nflverse-data-archives/releases/assets/335211517,historical_source_proven,-8,60,0.03269650178621264,0.029553396115878927,False,False,5.276607085495696,0.21923199329219592,3.6671455056290707,0.789609359838138,8.789609359838138,-7,9,False,-14,16,True,-19,20,True,11.538698660143645,0.9134518157876186,4.504541754303922,42.30403530629926,17.695964693700738,34,51,False,26,59,False,21,64,True
structural_student_t_map_laplace,2025_17_NYG_LV,2025-12-23T16:00:00+00:00,retrospective_historical_source_replay,True,archive:asset:335211517:sha256:7e8045a638a2bfb41769bb824ea689c7009321227082d44307f341752e6d7fce,https://api.github.com/repos/nflverse/nflverse-data-archives/releases/assets/335211517,historical_source_proven,-24,44,0.029532610111867363,0.025716032369555664,False,False,16.209428414684062,0.03362932863065819,5.156024614985813,-1.0067111331484888,22.99328886685151,-10,8,False,-17,15,False,-21,20,False,2.8698586737548126,0.5129676319381739,3.4018381572443395,43.15445394368381,0.8455460563161878,35,51,True,27,59,True,22,64,True
structural_student_t_map_laplace,2025_17_PHI_BUF,2025-12-23T16:00:00+00:00,retrospective_historical_source_replay,True,archive:asset:335211517:sha256:7e8045a638a2bfb41769bb824ea689c7009321227082d44307f341752e6d7fce,https://api.github.com/repos/nflverse/nflverse-data-archives/releases/assets/335211517,historical_source_proven,-1,25,0.031779794636217995,0.02989091914755626,False,False,3.2970229111593947,0.3999262405148322,3.483128863081536,2.4088980741345996,3.4088980741345996,-6,11,True,-13,18,True,-18,22,True,13.086194959008084,0.06146912308132181,4.744403668983558,44.4209350670163,19.420935067016302,36,53,False,29,60,False,23,65,True
structural_student_t_map_laplace,2025_17_PIT_CLE,2025-12-23T16:00:00+00:00,retrospective_historical_source_replay,True,archive:asset:335211517:sha256:7e8045a638a2bfb41769bb824ea689c7009321227082d44307f341752e6d7fce,https://api.github.com/repos/nflverse/nflverse-data-archives/releases/assets/335211517,historical_source_proven,7,19,0.03488786856647036,0.03204695434961935,False,True,3.3314371395728952,0.6620179947797192,3.4405531282239132,2.7472844418247835,4.2527155581752165,-5,10,True,-12,18,True,-16,22,True,14.523250011410074,0.05486631520906122,4.910641898674402,40.154507938563,21.154507938563,32,49,False,24,56,False,19,62,True
structural_student_t_map_laplace,2025_17_SEA_CAR,2025-12-23T16:00:00+00:00,retrospective_historical_source_replay,True,archive:asset:335211517:sha256:7e8045a638a2bfb41769bb824ea689c7009321227082d44307f341752e6d7fce,https://api.github.com/repos/nflverse/nflverse-data-archives/releases/assets/335211517,historical_source_proven,-17,37,0.023576002633775794,0.017195413478876875,False,False,6.474815730760993,0.18284014491355297,3.797305195943685,-5.9230272471138035,11.076972752886196,-14,2,False,-21,10,True,-26,15,True,4.861955227666397,0.24840767116726423,3.647847347306559,44.92653395882313,7.9265339588231285,37,53,True,29,61,True,24,66,True
structural_student_t_map_laplace,2025_17_TB_MIA,2025-12-23T16:00:00+00:00,retrospective_historical_source_replay,True,archive:asset:335211517:sha256:7e8045a638a2bfb41769bb824ea689c7009321227082d44307f341752e6d7fce,https://api.github.com/repos/nflverse/nflverse-data-archives/releases/assets/335211517,historical_source_proven,3,37,0.034191575475377434,0.02723503557719198,True,False,3.2294257172659915,0.6624434318117677,3.375775996387388,-1.4015900235807828,4.401590023580782,-9,6,True,-16,13,True,-20,17,True,4.682619459288141,0.2586498947247468,3.6265854464710965,44.54912955024837,7.549129550248367,36,53,True,29,61,True,23,66,True
structural_student_t_map_laplace,2025_18_ARI_LA,2025-12-30T16:00:00+00:00,retrospective_historical_source_replay,True,archive:asset:337932927:sha256:157c82dd3b6a18032e36f7ec2554360d1174928f75918995b242bbff0c432fac,https://api.github.com/repos/nflverse/nflverse-data-archives/releases/assets/337932927,historical_source_proven,17,57,0.026654456515447955,0.03058695206147899,False,False,4.379945834802835,0.6927027689263207,3.5990792649499506,10.199315771568273,6.800684228431727,2,19,True,-6,27,True,-11,31,True,5.543926799406493,0.7689446712156496,3.743336860091631,47.79753201978636,9.20246798021364,39,56,False,31,64,True,26,70,True
structural_student_t_map_laplace,2025_18_BAL_PIT,2025-12-30T16:00:00+00:00,retrospective_historical_source_replay,True,archive:asset:337932927:sha256:157c82dd3b6a18032e36f7ec2554360d1174928f75918995b242bbff0c432fac,https://api.github.com/repos/nflverse/nflverse-data-archives/releases/assets/337932927,historical_source_proven,2,50,0.032423888643221876,0.029484980858435095,False,False,2.9513517151744235,0.5171854947673359,3.4252856420781277,0.7474512149880344,1.2525487850119656,-7,9,True,-16,17,True,-21,21,True,3.7548414309305764,0.6519926738314923,3.5567816411850655,45.26411911439202,4.735880885607983,36,54,True,28,62,True,23,68,True
structural_student_t_map_laplace,2025_18_CAR_TB,2025-12-30T16:00:00+00:00,retrospective_historical_source_replay,True,archive:asset:337932927:sha256:157c82dd3b6a18032e36f7ec2554360d1174928f75918995b242bbff0c432fac,https://api.github.com/repos/nflverse/nflverse-data-archives/releases/assets/337932927,historical_source_proven,2,30,0.030892886993174773,0.02985111273005403,False,False,3.073866206742896,0.45244443386469013,3.4839599491262194,3.2513161093944403,1.2513161093944403,-5,12,True,-13,20,True,-18,25,True,9.70771777885096,0.10988935058549136,4.237761832335674,45.56103469354989,15.561034693549892,37,54,False,29,62,True,24,67,True
structural_student_t_map_laplace,2025_18_CLE_CIN,2025-12-30T16:00:00+00:00,retrospective_historical_source_replay,True,archive:asset:337932927:sha256:157c82dd3b6a18032e36f7ec2554360d1174928f75918995b242bbff0c432fac,https://api.github.com/repos/nflverse/nflverse-data-archives/releases/assets/337932927,historical_source_proven,-2,38,0.03209211017035479,0.03133870741731348,False,False,4.2827962424219,0.30494323117727096,3.576303958307693,4.651624552717255,6.651624552717255,-4,13,True,-12,21,True,-16,26,True,3.6409907177702365,0.3824301375973248,3.5491363013115174,42.25512315687294,4.255123156872941,33,51,True,25,59,True,20,65,True
structural_student_t_map_laplace,2025_18_DAL_NYG,2025-12-30T16:00:00+00:00,retrospective_historical_source_replay,True,archive:asset:337932927:sha256:157c82dd3b6a18032e36f7ec2554360d1174928f75918995b242bbff0c432fac,https://api.github.com/repos/nflverse/nflverse-data-archives/releases/assets/337932927,historical_source_proven,17,51,0.032982519725127335,0.02836972377551239,False,False,10.628977226256929,0.9101780845900594,4.405220650695756,0.5936545003114395,16.40634549968856,-7,9,False,-15,16,False,-20,21,True,3.165777913918773,0.5748244079171869,3.4872387176635393,49.013718144639334,1.9862818553606658,40,58,True,32,66,True,27,71,True
structural_student_t_map_laplace,2025_18_DET_CHI,2025-12-30T16:00:00+00:00,retrospective_historical_source_replay,True,archive:asset:337932927:sha256:157c82dd3b6a18032e36f7ec2554360d1174928f75918995b242bbff0c432fac,https://api.github.com/repos/nflverse/nflverse-data-archives/releases/assets/337932927,historical_source_proven,-3,35,0.0319842718560458,0.028352596502720928,False,False,3.3966672517201855,0.3727608467583763,3.478736679001133,0.9142629227301771,3.914262922730177,-7,9,True,-15,17,True,-20,22,True,7.701411839120102,0.1574287696744092,3.9946042871873213,47.792544728864314,12.792544728864314,39,56,False,31,65,True,26,70,True
structural_student_t_map_laplace,2025_18_GB_MIN,2025-12-30T16:00:00+00:00,retrospective_historical_source_replay,True,archive:asset:337932927:sha256:157c82dd3b6a18032e36f7ec2554360d1174928f75918995b242bbff0c432fac,https://api.github.com/repos/nflverse/nflverse-data-archives/releases/assets/337932927,historical_source_proven,13,19,0.03065859981907637,0.02507102711973852,False,False,9.14779149274801,0.8840768998303977,4.180704169389651,-1.5910829057221834,14.591082905722184,-10,6,False,-17,14,True,-22,19,True,17.453393574092953,0.03179906949911745,5.280434301587038,43.53997778028011,24.53997778028011,35,52,False,27,60,False,22,66,False
structural_student_t_map_laplace,2025_18_IND_HOU,2025-12-30T16:00:00+00:00,retrospective_historical_source_replay,True,archive:asset:337932927:sha256:157c82dd3b6a18032e36f7ec2554360d1174928f75918995b242bbff0c432fac,https://api.github.com/repos/nflverse/nflverse-data-archives/releases/assets/337932927,historical_source_proven,8,68,0.03361359855199725,0.03191183254594909,False,False,3.521545155185916,0.6563824550021345,3.4774245611747276,3.3711382892066855,4.6288617107933145,-5,11,True,-12,19,True,-17,24,True,15.584485069079097,0.9530103632950112,5.014327220965428,45.511231123907606,22.488768876092394,37,54,False,29,62,False,24,67,False
structural_student_t_map_laplace,2025_18_KC_LV,2025-12-30T16:00:00+00:00,retrospective_historical_source_replay,True,archive:asset:337932927:sha256:157c82dd3b6a18032e36f7ec2554360d1174928f75918995b242bbff0c432fac,https://api.github.com/repos/nflverse/nflverse-data-archives/releases/assets/337932927,historical_source_proven,2,26,0.02413580971951501,0.01802785051099587,False,False,4.835557002082714,0.7278268544292339,3.6664891226360323,-5.63863104556412,7.63863104556412,-14,3,True,-22,11,True,-27,16,True,10.776883923316658,0.0937112206269935,4.373505871778488,42.931050779004835,16.931050779004835,34,52,False,26,60,True,21,65,True
structural_student_t_map_laplace,2025_18_LAC_DEN,2025-12-30T16:00:00+00:00,retrospective_historical_source_replay,True,archive:asset:337932927:sha256:157c82dd3b6a18032e36f7ec2554360d1174928f75918995b242bbff0c432fac,https://api.github.com/repos/nflverse/nflverse-data-archives/releases/assets/337932927,historical_source_proven,16,22,0.03187507291556868,0.029961016692151343,False,False,8.081648011988745,0.8470269549598731,4.037733466628397,2.7339796028190584,13.266020397180942,-6,11,False,-14,19,True,-18,24,True,14.84861457713728,0.052713623624223147,4.906902790977788,43.72553362168015,21.72553362168015,35,52,False,27,61,False,22,66,True
structural_student_t_map_laplace,2025_18_MIA_NE,2025-12-30T16:00:00+00:00,retrospective_historical_source_replay,True,archive:asset:337932927:sha256:157c82dd3b6a18032e36f7ec2554360d1174928f75918995b242bbff0c432fac,https://api.github.com/repos/nflverse/nflverse-data-archives/releases/assets/337932927,historical_source_proven,28,48,0.031205152816166815,0.031856331709892105,False,False,15.024646436567968,0.9511970133285583,4.94225071100994,6.310153218897501,21.6898467811025,-2,15,False,-10,23,False,-15,28,True,3.0738422236026444,0.5330376843560459,3.4808174902797964,47.28654431297717,0.7134556870228295,38,56,True,30,64,True,25,69,True
structural_student_t_map_laplace,2025_18_NO_ATL,2025-12-30T16:00:00+00:00,retrospective_historical_source_replay,True,archive:asset:337932927:sha256:157c82dd3b6a18032e36f7ec2554360d1174928f75918995b242bbff0c432fac,https://api.github.com/repos/nflverse/nflverse-data-archives/releases/assets/337932927,historical_source_proven,2,36,0.033457542045323696,0.03073372341620295,False,False,2.816898647576783,0.4990991015661085,3.3960883399019046,1.3929126782115246,0.6070873217884754,-7,10,True,-14,17,True,-19,21,True,4.607857278833447,0.2771358827339271,3.6374117907517163,43.26020462431351,7.260204624313509,35,52,True,26,60,True,21,65,True
structural_student_t_map_laplace,2025_18_NYJ_BUF,2025-12-30T16:00:00+00:00,retrospective_historical_source_replay,True,archive:asset:337932927:sha256:157c82dd3b6a18032e36f7ec2554360d1174928f75918995b242bbff0c432fac,https://api.github.com/repos/nflverse/nflverse-data-archives/releases/assets/337932927,historical_source_proven,27,43,0.02632625676622169,0.030773318126559313,False,False,10.454423660616856,0.9042476416232634,4.336534371931574,10.58532307935893,16.41467692064107,2,19,False,-6,27,True,-11,32,True,3.4399841616039293,0.3769454439284,3.5119561284293894,46.66836151145714,3.6683615114571424,38,55,True,30,64,True,25,69,True
structural_student_t_map_laplace,2025_18_SEA_SF,2025-12-30T16:00:00+00:00,retrospective_historical_source_replay,True,archive:asset:337932927:sha256:157c82dd3b6a18032e36f7ec2554360d1174928f75918995b242bbff0c432fac,https://api.github.com/repos/nflverse/nflverse-data-archives/releases/assets/337932927,historical_source_proven,-10,16,0.030529954828892314,0.02480961139783211,False,False,4.874066391269247,0.26472854402278284,3.6427514735341604,-2.026415710773926,7.973584289226074,-10,6,True,-18,14,True,-23,18,True,24.56087403653798,0.011813552881499047,6.357219491258531,47.94545245446505,31.945452454465048,39,57,False,31,65,False,26,70,False
structural_student_t_map_laplace,2025_18_TEN_JAX,2025-12-30T16:00:00+00:00,retrospective_historical_source_replay,True,archive:asset:337932927:sha256:157c82dd3b6a18032e36f7ec2554360d1174928f75918995b242bbff0c432fac,https://api.github.com/repos/nflverse/nflverse-data-archives/releases/assets/337932927,historical_source_proven,34,48,0.0314564129870788,0.03448526244615846,False,False,19.644615416886843,0.9825271118000373,5.8433962921796025,7.776235378618355,26.223764621381644,0,16,False,-7,23,False,-12,27,False,3.4380586872274916,0.6242382440194464,3.5173692956849436,44.437814846018526,3.562185153981474,36,53,True,28,61,True,22,67,True
structural_student_t_map_laplace,2025_18_WAS_PHI,2025-12-30T16:00:00+00:00,retrospective_historical_source_replay,True,archive:asset:337932927:sha256:157c82dd3b6a18032e36f7ec2554360d1174928f75918995b242bbff0c432fac,https://api.github.com/repos/nflverse/nflverse-data-archives/releases/assets/337932927,historical_source_proven,-7,41,0.02878807372798825,0.03300133773678837,False,False,10.449426019962962,0.09011821691849037,4.361978748407916,9.201355637069728,16.201355637069728,1,17,False,-6,25,False,-11,29,True,3.5367807023327567,0.3637472979062298,3.511529560854382,45.240363142905466,4.240363142905466,37,54,True,29,62,True,24,67,True
