game_id,season,week,kickoff,home_team,away_team,league_intercept_mean,league_intercept_var,eta_home_mean,eta_home_var,eta_away_mean,eta_away_var,eta_home_away_cov,strength_margin_mean,strength_margin_var,strength_total_mean,strength_total_var,home_margin,total_points,config_sha256,as_of,search_space_sha256,forecast_as_of,experiment_registered_at,evidence_class,historical_forecast_existence_proven,schedule_dataset_id,schedule_evidence_id,schedule_provenance_class,state_sha256,experiment_scope
2025_06_PHI_NYG,2025,6,2025-10-10 00:15:00+00:00,NYG,PHI,0.004252894780003823,0.0003338602582972897,-0.19012486516593669,0.0186399561359289,-0.015804217130894277,0.01866469721921933,0.0014280057923346703,-0.1743206480350424,0.03444864177047889,-0.205929082296831,0.04016066493981758,,,65de7a0734653280c45842dab375c9e5830147b28bb97709cd91019a622fda1a,2025-10-07T16:00:00+00:00,038e79f4818b2e8855e28f9ee9be11b187474fd22093ded56eea79dc79ac334e,2025-10-07T16:00:00+00:00,2026-09-16T14:30:24.618705+00:00,retrospective_historical_source_replay,False,archive:asset:299769091:sha256:97689d88414fed363c017c849dd8e43c3ffe9f3db1ce09ea4984f92e391b0a90,https://api.github.com/repos/nflverse/nflverse-data-archives/releases/assets/299769091,historical_source_proven,8cea0d7285c89a656424551259cc1978f6c42f30229af48cabff75837d5d72ad,regular_weeks_6_18
2025_06_DEN_NYJ,2025,6,2025-10-12 13:30:00+00:00,NYJ,DEN,0.004252894780003823,0.0003338602582972897,-0.10759288824800313,0.018998557135808083,0.014065680857891352,0.018776972620198652,-0.00021755191865398482,-0.12165856910589448,0.038210633593314704,-0.09352720739011178,0.037340425918698766,,,65de7a0734653280c45842dab375c9e5830147b28bb97709cd91019a622fda1a,2025-10-07T16:00:00+00:00,038e79f4818b2e8855e28f9ee9be11b187474fd22093ded56eea79dc79ac334e,2025-10-07T16:00:00+00:00,2026-09-16T14:30:24.618705+00:00,retrospective_historical_source_replay,False,archive:asset:299769091:sha256:97689d88414fed363c017c849dd8e43c3ffe9f3db1ce09ea4984f92e391b0a90,https://api.github.com/repos/nflverse/nflverse-data-archives/releases/assets/299769091,historical_source_proven,8cea0d7285c89a656424551259cc1978f6c42f30229af48cabff75837d5d72ad,regular_weeks_6_18
2025_06_ARI_IND,2025,6,2025-10-12 17:00:00+00:00,IND,ARI,0.004252894780003823,0.0003338602582972897,0.08471127131622613,0.018670068999388483,0.007110536152980652,0.019510346686758592,-0.0008549673685852093,0.07760073516324548,0.03989035042331749,0.0918218074692068,0.03647048094897666,,,65de7a0734653280c45842dab375c9e5830147b28bb97709cd91019a622fda1a,2025-10-07T16:00:00+00:00,038e79f4818b2e8855e28f9ee9be11b187474fd22093ded56eea79dc79ac334e,2025-10-07T16:00:00+00:00,2026-09-16T14:30:24.618705+00:00,retrospective_historical_source_replay,False,archive:asset:299769091:sha256:97689d88414fed363c017c849dd8e43c3ffe9f3db1ce09ea4984f92e391b0a90,https://api.github.com/repos/nflverse/nflverse-data-archives/releases/assets/299769091,historical_source_proven,8cea0d7285c89a656424551259cc1978f6c42f30229af48cabff75837d5d72ad,regular_weeks_6_18
2025_06_CLE_PIT,2025,6,2025-10-12 17:00:00+00:00,PIT,CLE,0.004252894780003823,0.0003338602582972897,-0.06958797165635133,0.020050957013032628,-0.05264592096227492,0.0180026614487086,-0.0002741990915936006,-0.016942050694076415,0.03860201664492844,-0.12223389261862627,0.03750522027855403,,,65de7a0734653280c45842dab375c9e5830147b28bb97709cd91019a622fda1a,2025-10-07T16:00:00+00:00,038e79f4818b2e8855e28f9ee9be11b187474fd22093ded56eea79dc79ac334e,2025-10-07T16:00:00+00:00,2026-09-16T14:30:24.618705+00:00,retrospective_historical_source_replay,False,archive:asset:299769091:sha256:97689d88414fed363c017c849dd8e43c3ffe9f3db1ce09ea4984f92e391b0a90,https://api.github.com/repos/nflverse/nflverse-data-archives/releases/assets/299769091,historical_source_proven,8cea0d7285c89a656424551259cc1978f6c42f30229af48cabff75837d5d72ad,regular_weeks_6_18
2025_06_DAL_CAR,2025,6,2025-10-12 17:00:00+00:00,CAR,DAL,0.004252894780003823,0.0003338602582972897,0.08757584786756537,0.01864634914751723,0.12579233105643367,0.019102691818524795,4.4009394460789626e-05,-0.03821648318886832,0.037661022177120446,0.21336817892399904,0.037837059754963605,,,65de7a0734653280c45842dab375c9e5830147b28bb97709cd91019a622fda1a,2025-10-07T16:00:00+00:00,038e79f4818b2e8855e28f9ee9be11b187474fd22093ded56eea79dc79ac334e,2025-10-07T16:00:00+00:00,2026-09-16T14:30:24.618705+00:00,retrospective_historical_source_replay,False,archive:asset:299769091:sha256:97689d88414fed363c017c849dd8e43c3ffe9f3db1ce09ea4984f92e391b0a90,https://api.github.com/repos/nflverse/nflverse-data-archives/releases/assets/299769091,historical_source_proven,8cea0d7285c89a656424551259cc1978f6c42f30229af48cabff75837d5d72ad,regular_weeks_6_18
2025_06_LAC_MIA,2025,6,2025-10-12 17:00:00+00:00,MIA,LAC,0.004252894780003823,0.0003338602582972897,-0.057796489790221395,0.019327358454029893,0.15599224336518103,0.018535345566230085,-0.000267220084655447,-0.21378873315540242,0.03839714418957087,0.09819575357495963,0.037328263850949076,,,65de7a0734653280c45842dab375c9e5830147b28bb97709cd91019a622fda1a,2025-10-07T16:00:00+00:00,038e79f4818b2e8855e28f9ee9be11b187474fd22093ded56eea79dc79ac334e,2025-10-07T16:00:00+00:00,2026-09-16T14:30:24.618705+00:00,retrospective_historical_source_replay,False,archive:asset:299769091:sha256:97689d88414fed363c017c849dd8e43c3ffe9f3db1ce09ea4984f92e391b0a90,https://api.github.com/repos/nflverse/nflverse-data-archives/releases/assets/299769091,historical_source_proven,8cea0d7285c89a656424551259cc1978f6c42f30229af48cabff75837d5d72ad,regular_weeks_6_18
2025_06_LA_BAL,2025,6,2025-10-12 17:00:00+00:00,BAL,LAR,0.004252894780003823,0.0003338602582972897,0.04894667240598424,0.019809002161765215,0.11917142147322055,0.01821305214216941,-0.000436323239142886,-0.07022474906723629,0.0388947007822204,0.16811809387920476,0.03714940782564886,,,65de7a0734653280c45842dab375c9e5830147b28bb97709cd91019a622fda1a,2025-10-07T16:00:00+00:00,038e79f4818b2e8855e28f9ee9be11b187474fd22093ded56eea79dc79ac334e,2025-10-07T16:00:00+00:00,2026-09-16T14:30:24.618705+00:00,retrospective_historical_source_replay,False,archive:asset:299769091:sha256:97689d88414fed363c017c849dd8e43c3ffe9f3db1ce09ea4984f92e391b0a90,https://api.github.com/repos/nflverse/nflverse-data-archives/releases/assets/299769091,historical_source_proven,8cea0d7285c89a656424551259cc1978f6c42f30229af48cabff75837d5d72ad,regular_weeks_6_18
2025_06_NE_NO,2025,6,2025-10-12 17:00:00+00:00,NO,NE,0.004252894780003823,0.0003338602582972897,0.0042764443154659736,0.018408164834791442,0.06291727769877874,0.019021291315763213,-0.00034631826713491746,-0.05864083338331276,0.03812209268482449,0.06719372201424473,0.03673681961628482,,,65de7a0734653280c45842dab375c9e5830147b28bb97709cd91019a622fda1a,2025-10-07T16:00:00+00:00,038e79f4818b2e8855e28f9ee9be11b187474fd22093ded56eea79dc79ac334e,2025-10-07T16:00:00+00:00,2026-09-16T14:30:24.618705+00:00,retrospective_historical_source_replay,False,archive:asset:299769091:sha256:97689d88414fed363c017c849dd8e43c3ffe9f3db1ce09ea4984f92e391b0a90,https://api.github.com/repos/nflverse/nflverse-data-archives/releases/assets/299769091,historical_source_proven,8cea0d7285c89a656424551259cc1978f6c42f30229af48cabff75837d5d72ad,regular_weeks_6_18
2025_06_SEA_JAX,2025,6,2025-10-12 17:00:00+00:00,JAX,SEA,0.004252894780003823,0.0003338602582972897,-0.04382482835573628,0.017970050150738097,-0.016782991315389916,0.01873660076231733,0.0003126700810830887,-0.02704183704034636,0.03608131075088925,-0.06060781967112619,0.03733199107522161,,,65de7a0734653280c45842dab375c9e5830147b28bb97709cd91019a622fda1a,2025-10-07T16:00:00+00:00,038e79f4818b2e8855e28f9ee9be11b187474fd22093ded56eea79dc79ac334e,2025-10-07T16:00:00+00:00,2026-09-16T14:30:24.618705+00:00,retrospective_historical_source_replay,False,archive:asset:299769091:sha256:97689d88414fed363c017c849dd8e43c3ffe9f3db1ce09ea4984f92e391b0a90,https://api.github.com/repos/nflverse/nflverse-data-archives/releases/assets/299769091,historical_source_proven,8cea0d7285c89a656424551259cc1978f6c42f30229af48cabff75837d5d72ad,regular_weeks_6_18
2025_06_TEN_LV,2025,6,2025-10-12 20:05:00+00:00,LV,TEN,0.004252894780003823,0.0003338602582972897,0.005006165766176009,0.0190516613285199,-0.149277754777808,0.01924088902680993,-0.0004567733109413389,0.154283920543984,0.03920609697721251,-0.14427158901163198,0.037379003733447144,,,65de7a0734653280c45842dab375c9e5830147b28bb97709cd91019a622fda1a,2025-10-07T16:00:00+00:00,038e79f4818b2e8855e28f9ee9be11b187474fd22093ded56eea79dc79ac334e,2025-10-07T16:00:00+00:00,2026-09-16T14:30:24.618705+00:00,retrospective_historical_source_replay,False,archive:asset:299769091:sha256:97689d88414fed363c017c849dd8e43c3ffe9f3db1ce09ea4984f92e391b0a90,https://api.github.com/repos/nflverse/nflverse-data-archives/releases/assets/299769091,historical_source_proven,8cea0d7285c89a656424551259cc1978f6c42f30229af48cabff75837d5d72ad,regular_weeks_6_18
2025_06_CIN_GB,2025,6,2025-10-12 20:25:00+00:00,GB,CIN,0.004252894780003823,0.0003338602582972897,0.18462312333246045,0.01829831282079556,-0.11357366261377116,0.019462288786625336,0.0006852150759225423,0.2981967859462316,0.03639017145557581,0.07104946071868931,0.03913103175926598,,,65de7a0734653280c45842dab375c9e5830147b28bb97709cd91019a622fda1a,2025-10-07T16:00:00+00:00,038e79f4818b2e8855e28f9ee9be11b187474fd22093ded56eea79dc79ac334e,2025-10-07T16:00:00+00:00,2026-09-16T14:30:24.618705+00:00,retrospective_historical_source_replay,False,archive:asset:299769091:sha256:97689d88414fed363c017c849dd8e43c3ffe9f3db1ce09ea4984f92e391b0a90,https://api.github.com/repos/nflverse/nflverse-data-archives/releases/assets/299769091,historical_source_proven,8cea0d7285c89a656424551259cc1978f6c42f30229af48cabff75837d5d72ad,regular_weeks_6_18
2025_06_SF_TB,2025,6,2025-10-12 20:25:00+00:00,TB,SF,0.004252894780003823,0.0003338602582972897,-0.01612568094409699,0.018635398248776462,0.007939622770174275,0.018888557413790967,-0.0004287815129532115,-0.024065303714271263,0.03838151868847385,-0.008186058173922713,0.03666639263666101,,,65de7a0734653280c45842dab375c9e5830147b28bb97709cd91019a622fda1a,2025-10-07T16:00:00+00:00,038e79f4818b2e8855e28f9ee9be11b187474fd22093ded56eea79dc79ac334e,2025-10-07T16:00:00+00:00,2026-09-16T14:30:24.618705+00:00,retrospective_historical_source_replay,False,archive:asset:299769091:sha256:97689d88414fed363c017c849dd8e43c3ffe9f3db1ce09ea4984f92e391b0a90,https://api.github.com/repos/nflverse/nflverse-data-archives/releases/assets/299769091,historical_source_proven,8cea0d7285c89a656424551259cc1978f6c42f30229af48cabff75837d5d72ad,regular_weeks_6_18
2025_06_DET_KC,2025,6,2025-10-13 00:20:00+00:00,KC,DET,0.004252894780003823,0.0003338602582972897,0.03603893057643089,0.018957592846685134,0.057234107426236976,0.019201341026600583,0.0005085073819081293,-0.021195176849806083,0.03714191910946946,0.09327303800266788,0.03917594863710197,,,65de7a0734653280c45842dab375c9e5830147b28bb97709cd91019a622fda1a,2025-10-07T16:00:00+00:00,038e79f4818b2e8855e28f9ee9be11b187474fd22093ded56eea79dc79ac334e,2025-10-07T16:00:00+00:00,2026-09-16T14:30:24.618705+00:00,retrospective_historical_source_replay,False,archive:asset:299769091:sha256:97689d88414fed363c017c849dd8e43c3ffe9f3db1ce09ea4984f92e391b0a90,https://api.github.com/repos/nflverse/nflverse-data-archives/releases/assets/299769091,historical_source_proven,8cea0d7285c89a656424551259cc1978f6c42f30229af48cabff75837d5d72ad,regular_weeks_6_18
2025_06_BUF_ATL,2025,6,2025-10-13 23:15:00+00:00,ATL,BUF,0.004252894780003823,0.0003338602582972897,0.005246173685486008,0.018948517184528613,0.04881031670185922,0.019190641801831502,-5.572967213151575e-05,-0.04356414301637321,0.03825061833062315,0.05405649038734524,0.03802769964209708,,,65de7a0734653280c45842dab375c9e5830147b28bb97709cd91019a622fda1a,2025-10-07T16:00:00+00:00,038e79f4818b2e8855e28f9ee9be11b187474fd22093ded56eea79dc79ac334e,2025-10-07T16:00:00+00:00,2026-09-16T14:30:24.618705+00:00,retrospective_historical_source_replay,False,archive:asset:299769091:sha256:97689d88414fed363c017c849dd8e43c3ffe9f3db1ce09ea4984f92e391b0a90,https://api.github.com/repos/nflverse/nflverse-data-archives/releases/assets/299769091,historical_source_proven,8cea0d7285c89a656424551259cc1978f6c42f30229af48cabff75837d5d72ad,regular_weeks_6_18
2025_06_CHI_WAS,2025,6,2025-10-14 00:15:00+00:00,WAS,CHI,0.004252894780003823,0.0003338602582972897,0.07798991461625146,0.018843933551098216,0.006566468173481079,0.018224872504030702,0.0006378170220031392,0.07142344644277036,0.03579317201112264,0.08455638278973253,0.038344440099135194,,,65de7a0734653280c45842dab375c9e5830147b28bb97709cd91019a622fda1a,2025-10-07T16:00:00+00:00,038e79f4818b2e8855e28f9ee9be11b187474fd22093ded56eea79dc79ac334e,2025-10-07T16:00:00+00:00,2026-09-16T14:30:24.618705+00:00,retrospective_historical_source_replay,False,archive:asset:299769091:sha256:97689d88414fed363c017c849dd8e43c3ffe9f3db1ce09ea4984f92e391b0a90,https://api.github.com/repos/nflverse/nflverse-data-archives/releases/assets/299769091,historical_source_proven,8cea0d7285c89a656424551259cc1978f6c42f30229af48cabff75837d5d72ad,regular_weeks_6_18
2025_07_PIT_CIN,2025,7,2025-10-17 00:15:00+00:00,CIN,PIT,0.01837196289038644,0.00027812261878546347,-0.034074872218291946,0.017227092740822174,0.09300940581689564,0.017252172545491922,0.0003024065168418888,-0.12708427803518757,0.03387445225263031,0.05893453359860369,0.03508407831999787,,,e9af78a644da2600015e20be6a336a01704428e1aa44a02fb1c03378c99ad69b,2025-10-14T16:00:00+00:00,038e79f4818b2e8855e28f9ee9be11b187474fd22093ded56eea79dc79ac334e,2025-10-14T16:00:00+00:00,2026-09-16T14:30:24.618705+00:00,retrospective_historical_source_replay,False,archive:asset:302373781:sha256:e4520f43c14c79657dff904a5f3a56e467fb3aea0de933db087da8de84f767b2,https://api.github.com/repos/nflverse/nflverse-data-archives/releases/assets/302373781,historical_source_proven,61239fc06fbb4581508424764c914e05fb42856aa45585553927f826c0e59220,regular_weeks_6_18
2025_07_LA_JAX,2025,7,2025-10-19 13:30:00+00:00,JAX,LAR,0.01837196289038644,0.00027812261878546347,-0.0007485505018787128,0.015498491955241264,0.10268520777349138,0.01575093152697937,0.0007254247397272194,-0.1034337582753701,0.02979857400276619,0.10193665727161268,0.03270027296167507,,,e9af78a644da2600015e20be6a336a01704428e1aa44a02fb1c03378c99ad69b,2025-10-14T16:00:00+00:00,038e79f4818b2e8855e28f9ee9be11b187474fd22093ded56eea79dc79ac334e,2025-10-14T16:00:00+00:00,2026-09-16T14:30:24.618705+00:00,retrospective_historical_source_replay,False,archive:asset:302373781:sha256:e4520f43c14c79657dff904a5f3a56e467fb3aea0de933db087da8de84f767b2,https://api.github.com/repos/nflverse/nflverse-data-archives/releases/assets/302373781,historical_source_proven,61239fc06fbb4581508424764c914e05fb42856aa45585553927f826c0e59220,regular_weeks_6_18
2025_07_CAR_NYJ,2025,7,2025-10-19 17:00:00+00:00,NYJ,CAR,0.01837196289038644,0.00027812261878546347,-0.02022921806857265,0.016122755678803828,-0.0008936773802964496,0.01555862969395243,0.00029340618048325997,-0.019335540688276198,0.031094573011789733,-0.021122895448869104,0.032268197733722775,,,e9af78a644da2600015e20be6a336a01704428e1aa44a02fb1c03378c99ad69b,2025-10-14T16:00:00+00:00,038e79f4818b2e8855e28f9ee9be11b187474fd22093ded56eea79dc79ac334e,2025-10-14T16:00:00+00:00,2026-09-16T14:30:24.618705+00:00,retrospective_historical_source_replay,False,archive:asset:302373781:sha256:e4520f43c14c79657dff904a5f3a56e467fb3aea0de933db087da8de84f767b2,https://api.github.com/repos/nflverse/nflverse-data-archives/releases/assets/302373781,historical_source_proven,61239fc06fbb4581508424764c914e05fb42856aa45585553927f826c0e59220,regular_weeks_6_18
2025_07_LV_KC,2025,7,2025-10-19 17:00:00+00:00,KC,LV,0.01837196289038644,0.00027812261878546347,0.09803930458554394,0.015728663067948373,-0.039730439806198316,0.016055866645306758,0.00037543516699756207,0.13776974439174228,0.03103365937926001,0.05830886477934563,0.03253540004725025,,,e9af78a644da2600015e20be6a336a01704428e1aa44a02fb1c03378c99ad69b,2025-10-14T16:00:00+00:00,038e79f4818b2e8855e28f9ee9be11b187474fd22093ded56eea79dc79ac334e,2025-10-14T16:00:00+00:00,2026-09-16T14:30:24.618705+00:00,retrospective_historical_source_replay,False,archive:asset:302373781:sha256:e4520f43c14c79657dff904a5f3a56e467fb3aea0de933db087da8de84f767b2,https://api.github.com/repos/nflverse/nflverse-data-archives/releases/assets/302373781,historical_source_proven,61239fc06fbb4581508424764c914e05fb42856aa45585553927f826c0e59220,regular_weeks_6_18
2025_07_MIA_CLE,2025,7,2025-10-19 17:00:00+00:00,CLE,MIA,0.01837196289038644,0.00027812261878546347,0.021251290537590038,0.015575335750773358,-0.040278643378699505,0.016875425147265408,-0.00038812167016702025,0.061529933916289546,0.033227004238372805,-0.019027352841109478,0.03167451755770472,,,e9af78a644da2600015e20be6a336a01704428e1aa44a02fb1c03378c99ad69b,2025-10-14T16:00:00+00:00,038e79f4818b2e8855e28f9ee9be11b187474fd22093ded56eea79dc79ac334e,2025-10-14T16:00:00+00:00,2026-09-16T14:30:24.618705+00:00,retrospective_historical_source_replay,False,archive:asset:302373781:sha256:e4520f43c14c79657dff904a5f3a56e467fb3aea0de933db087da8de84f767b2,https://api.github.com/repos/nflverse/nflverse-data-archives/releases/assets/302373781,historical_source_proven,61239fc06fbb4581508424764c914e05fb42856aa45585553927f826c0e59220,regular_weeks_6_18
2025_07_NE_TEN,2025,7,2025-10-19 17:00:00+00:00,TEN,NE,0.01837196289038644,0.00027812261878546347,-0.04917376355916084,0.01616933501936053,0.06591506190513048,0.015969638584799443,-0.0002452744892808475,-0.11508882546429132,0.032629522582721664,0.016741298345969657,0.031648424625598276,,,e9af78a644da2600015e20be6a336a01704428e1aa44a02fb1c03378c99ad69b,2025-10-14T16:00:00+00:00,038e79f4818b2e8855e28f9ee9be11b187474fd22093ded56eea79dc79ac334e,2025-10-14T16:00:00+00:00,2026-09-16T14:30:24.618705+00:00,retrospective_historical_source_replay,False,archive:asset:302373781:sha256:e4520f43c14c79657dff904a5f3a56e467fb3aea0de933db087da8de84f767b2,https://api.github.com/repos/nflverse/nflverse-data-archives/releases/assets/302373781,historical_source_proven,61239fc06fbb4581508424764c914e05fb42856aa45585553927f826c0e59220,regular_weeks_6_18
2025_07_NO_CHI,2025,7,2025-10-19 17:00:00+00:00,CHI,NO,0.01837196289038644,0.00027812261878546347,-0.008542907176801347,0.017053248101207633,-0.012643600983080754,0.01698638665030824,-0.00022709594680691062,0.004100693806279407,0.03449382664512969,-0.0211865081598821,0.03358544285790205,,,e9af78a644da2600015e20be6a336a01704428e1aa44a02fb1c03378c99ad69b,2025-10-14T16:00:00+00:00,038e79f4818b2e8855e28f9ee9be11b187474fd22093ded56eea79dc79ac334e,2025-10-14T16:00:00+00:00,2026-09-16T14:30:24.618705+00:00,retrospective_historical_source_replay,False,archive:asset:302373781:sha256:e4520f43c14c79657dff904a5f3a56e467fb3aea0de933db087da8de84f767b2,https://api.github.com/repos/nflverse/nflverse-data-archives/releases/assets/302373781,historical_source_proven,61239fc06fbb4581508424764c914e05fb42856aa45585553927f826c0e59220,regular_weeks_6_18
2025_07_PHI_MIN,2025,7,2025-10-19 17:00:00+00:00,MIN,PHI,0.01837196289038644,0.00027812261878546347,-0.11169115735388231,0.01585656416608332,-0.036156628100176565,0.01604792970231337,-6.102866317091781e-05,-0.07553452925370574,0.03202655119473853,-0.14784778545405888,0.03178243654205486,,,e9af78a644da2600015e20be6a336a01704428e1aa44a02fb1c03378c99ad69b,2025-10-14T16:00:00+00:00,038e79f4818b2e8855e28f9ee9be11b187474fd22093ded56eea79dc79ac334e,2025-10-14T16:00:00+00:00,2026-09-16T14:30:24.618705+00:00,retrospective_historical_source_replay,False,archive:asset:302373781:sha256:e4520f43c14c79657dff904a5f3a56e467fb3aea0de933db087da8de84f767b2,https://api.github.com/repos/nflverse/nflverse-data-archives/releases/assets/302373781,historical_source_proven,61239fc06fbb4581508424764c914e05fb42856aa45585553927f826c0e59220,regular_weeks_6_18
2025_07_IND_LAC,2025,7,2025-10-19 20:05:00+00:00,LAC,IND,0.01837196289038644,0.00027812261878546347,0.005563045694359199,0.01582328835246004,0.06597727306367906,0.01593083678321123,0.0004981906273747896,-0.06041422736931988,0.03075774388092169,0.07154031875803826,0.032750506390420854,,,e9af78a644da2600015e20be6a336a01704428e1aa44a02fb1c03378c99ad69b,2025-10-14T16:00:00+00:00,038e79f4818b2e8855e28f9ee9be11b187474fd22093ded56eea79dc79ac334e,2025-10-14T16:00:00+00:00,2026-09-16T14:30:24.618705+00:00,retrospective_historical_source_replay,False,archive:asset:302373781:sha256:e4520f43c14c79657dff904a5f3a56e467fb3aea0de933db087da8de84f767b2,https://api.github.com/repos/nflverse/nflverse-data-archives/releases/assets/302373781,historical_source_proven,61239fc06fbb4581508424764c914e05fb42856aa45585553927f826c0e59220,regular_weeks_6_18
2025_07_NYG_DEN,2025,7,2025-10-19 20:05:00+00:00,DEN,NYG,0.01837196289038644,0.00027812261878546347,0.019671547179981826,0.015188330083471193,-0.17507256051709588,0.015457713696321054,0.0001832810149698691,0.19474410769707773,0.03027948174985251,-0.15540101333711404,0.03101260580973199,,,e9af78a644da2600015e20be6a336a01704428e1aa44a02fb1c03378c99ad69b,2025-10-14T16:00:00+00:00,038e79f4818b2e8855e28f9ee9be11b187474fd22093ded56eea79dc79ac334e,2025-10-14T16:00:00+00:00,2026-09-16T14:30:24.618705+00:00,retrospective_historical_source_replay,False,archive:asset:302373781:sha256:e4520f43c14c79657dff904a5f3a56e467fb3aea0de933db087da8de84f767b2,https://api.github.com/repos/nflverse/nflverse-data-archives/releases/assets/302373781,historical_source_proven,61239fc06fbb4581508424764c914e05fb42856aa45585553927f826c0e59220,regular_weeks_6_18
2025_07_GB_ARI,2025,7,2025-10-19 20:25:00+00:00,ARI,GB,0.01837196289038644,0.00027812261878546347,-0.07525121253653116,0.01705369177812728,0.07484273513351787,0.016831547346253094,-0.0003513858155624507,-0.15009394767004902,0.03458801075550528,-0.0004084774030132868,0.03318246749325547,,,e9af78a644da2600015e20be6a336a01704428e1aa44a02fb1c03378c99ad69b,2025-10-14T16:00:00+00:00,038e79f4818b2e8855e28f9ee9be11b187474fd22093ded56eea79dc79ac334e,2025-10-14T16:00:00+00:00,2026-09-16T14:30:24.618705+00:00,retrospective_historical_source_replay,False,archive:asset:302373781:sha256:e4520f43c14c79657dff904a5f3a56e467fb3aea0de933db087da8de84f767b2,https://api.github.com/repos/nflverse/nflverse-data-archives/releases/assets/302373781,historical_source_proven,61239fc06fbb4581508424764c914e05fb42856aa45585553927f826c0e59220,regular_weeks_6_18
2025_07_WAS_DAL,2025,7,2025-10-19 20:25:00+00:00,DAL,WAS,0.01837196289038644,0.00027812261878546347,0.13068734513488078,0.015567938316863986,0.19586785517383914,0.01591751830143337,0.0009754665078329015,-0.06518051003895839,0.02953452360263155,0.32655520030872,0.03343638963396316,,,e9af78a644da2600015e20be6a336a01704428e1aa44a02fb1c03378c99ad69b,2025-10-14T16:00:00+00:00,038e79f4818b2e8855e28f9ee9be11b187474fd22093ded56eea79dc79ac334e,2025-10-14T16:00:00+00:00,2026-09-16T14:30:24.618705+00:00,retrospective_historical_source_replay,False,archive:asset:302373781:sha256:e4520f43c14c79657dff904a5f3a56e467fb3aea0de933db087da8de84f767b2,https://api.github.com/repos/nflverse/nflverse-data-archives/releases/assets/302373781,historical_source_proven,61239fc06fbb4581508424764c914e05fb42856aa45585553927f826c0e59220,regular_weeks_6_18
2025_07_ATL_SF,2025,7,2025-10-20 00:20:00+00:00,SF,ATL,0.01837196289038644,0.00027812261878546347,0.0040964804700059435,0.01717263491941591,-0.01356776815421152,0.016667504530852136,-0.00012761029333964772,0.017664248624217463,0.03409536003694734,-0.009471287684205576,0.03358491886358875,,,e9af78a644da2600015e20be6a336a01704428e1aa44a02fb1c03378c99ad69b,2025-10-14T16:00:00+00:00,038e79f4818b2e8855e28f9ee9be11b187474fd22093ded56eea79dc79ac334e,2025-10-14T16:00:00+00:00,2026-09-16T14:30:24.618705+00:00,retrospective_historical_source_replay,False,archive:asset:302373781:sha256:e4520f43c14c79657dff904a5f3a56e467fb3aea0de933db087da8de84f767b2,https://api.github.com/repos/nflverse/nflverse-data-archives/releases/assets/302373781,historical_source_proven,61239fc06fbb4581508424764c914e05fb42856aa45585553927f826c0e59220,regular_weeks_6_18
2025_07_TB_DET,2025,7,2025-10-20 23:00:00+00:00,DET,TB,0.01837196289038644,0.00027812261878546347,0.09011928810061715,0.016318663238192498,0.036971166746673625,0.016167148954754622,-0.00010374562795440476,0.053148121353943506,0.03269330344885593,0.12709045484729076,0.03227832093703831,,,e9af78a644da2600015e20be6a336a01704428e1aa44a02fb1c03378c99ad69b,2025-10-14T16:00:00+00:00,038e79f4818b2e8855e28f9ee9be11b187474fd22093ded56eea79dc79ac334e,2025-10-14T16:00:00+00:00,2026-09-16T14:30:24.618705+00:00,retrospective_historical_source_replay,False,archive:asset:302373781:sha256:e4520f43c14c79657dff904a5f3a56e467fb3aea0de933db087da8de84f767b2,https://api.github.com/repos/nflverse/nflverse-data-archives/releases/assets/302373781,historical_source_proven,61239fc06fbb4581508424764c914e05fb42856aa45585553927f826c0e59220,regular_weeks_6_18
2025_07_HOU_SEA,2025,7,2025-10-21 02:00:00+00:00,SEA,HOU,0.01837196289038644,0.00027812261878546347,-0.014849401946008547,0.016454336241297822,0.002426545724268791,0.015639203692239916,0.00013170027667375,-0.017275947670277333,0.031830139380190234,-0.012422856221739748,0.03235694048688523,,,e9af78a644da2600015e20be6a336a01704428e1aa44a02fb1c03378c99ad69b,2025-10-14T16:00:00+00:00,038e79f4818b2e8855e28f9ee9be11b187474fd22093ded56eea79dc79ac334e,2025-10-14T16:00:00+00:00,2026-09-16T14:30:24.618705+00:00,retrospective_historical_source_replay,False,archive:asset:302373781:sha256:e4520f43c14c79657dff904a5f3a56e467fb3aea0de933db087da8de84f767b2,https://api.github.com/repos/nflverse/nflverse-data-archives/releases/assets/302373781,historical_source_proven,61239fc06fbb4581508424764c914e05fb42856aa45585553927f826c0e59220,regular_weeks_6_18
2025_08_MIN_LAC,2025,8,2025-10-24 00:15:00+00:00,LAC,MIN,0.017290723322227333,0.000234831517628927,0.0069819689597490926,0.014717911794486952,-0.06124300153407461,0.01509424537294653,-0.00018582028120100286,0.06822497049382371,0.03018379772983549,-0.054261032574325525,0.029440516605031473,,,40a8873ad4e391634d56a8b050c9569320a232ac32dd91201d5db6d393029e85,2025-10-21T16:00:00+00:00,038e79f4818b2e8855e28f9ee9be11b187474fd22093ded56eea79dc79ac334e,2025-10-21T16:00:00+00:00,2026-09-16T14:30:24.618705+00:00,retrospective_historical_source_replay,False,archive:asset:305098532:sha256:a8420a6949b782c450e92ed57ce19bcdde751e9bec627f86c1a58e5051170083,https://api.github.com/repos/nflverse/nflverse-data-archives/releases/assets/305098532,historical_source_proven,fb65d00d693212298be61119dc2bc263937d15074fd0a07fd3d7ca706e3a1368,regular_weeks_6_18
2025_08_BUF_CAR,2025,8,2025-10-26 17:00:00+00:00,CAR,BUF,0.017290723322227333,0.000234831517628927,0.009792781856545491,0.013805030701748867,0.06863758988931488,0.014180255540637322,0.0005549469488329993,-0.0588448080327694,0.02687539234472019,0.07843037174586037,0.029095180140052187,,,40a8873ad4e391634d56a8b050c9569320a232ac32dd91201d5db6d393029e85,2025-10-21T16:00:00+00:00,038e79f4818b2e8855e28f9ee9be11b187474fd22093ded56eea79dc79ac334e,2025-10-21T16:00:00+00:00,2026-09-16T14:30:24.618705+00:00,retrospective_historical_source_replay,False,archive:asset:305098532:sha256:a8420a6949b782c450e92ed57ce19bcdde751e9bec627f86c1a58e5051170083,https://api.github.com/repos/nflverse/nflverse-data-archives/releases/assets/305098532,historical_source_proven,fb65d00d693212298be61119dc2bc263937d15074fd0a07fd3d7ca706e3a1368,regular_weeks_6_18
2025_08_CHI_BAL,2025,8,2025-10-26 17:00:00+00:00,BAL,CHI,0.017290723322227333,0.000234831517628927,0.02049918086593072,0.015486655661899,0.059924889914805254,0.014434019614012668,0.0002249008706070287,-0.03942570904887453,0.029470873534697614,0.08042407078073599,0.030370477017125724,,,40a8873ad4e391634d56a8b050c9569320a232ac32dd91201d5db6d393029e85,2025-10-21T16:00:00+00:00,038e79f4818b2e8855e28f9ee9be11b187474fd22093ded56eea79dc79ac334e,2025-10-21T16:00:00+00:00,2026-09-16T14:30:24.618705+00:00,retrospective_historical_source_replay,False,archive:asset:305098532:sha256:a8420a6949b782c450e92ed57ce19bcdde751e9bec627f86c1a58e5051170083,https://api.github.com/repos/nflverse/nflverse-data-archives/releases/assets/305098532,historical_source_proven,fb65d00d693212298be61119dc2bc263937d15074fd0a07fd3d7ca706e3a1368,regular_weeks_6_18
2025_08_CLE_NE,2025,8,2025-10-26 17:00:00+00:00,NE,CLE,0.017290723322227333,0.000234831517628927,0.02300931996736226,0.014465296879060851,-0.08664172747373963,0.01383098624482287,-5.720325610165247e-05,0.10965104744110188,0.028410689636087026,-0.06363240750637739,0.028181876611680416,,,40a8873ad4e391634d56a8b050c9569320a232ac32dd91201d5db6d393029e85,2025-10-21T16:00:00+00:00,038e79f4818b2e8855e28f9ee9be11b187474fd22093ded56eea79dc79ac334e,2025-10-21T16:00:00+00:00,2026-09-16T14:30:24.618705+00:00,retrospective_historical_source_replay,False,archive:asset:305098532:sha256:a8420a6949b782c450e92ed57ce19bcdde751e9bec627f86c1a58e5051170083,https://api.github.com/repos/nflverse/nflverse-data-archives/releases/assets/305098532,historical_source_proven,fb65d00d693212298be61119dc2bc263937d15074fd0a07fd3d7ca706e3a1368,regular_weeks_6_18
2025_08_MIA_ATL,2025,8,2025-10-26 17:00:00+00:00,ATL,MIA,0.017290723322227333,0.000234831517628927,0.11112609673345861,0.014351727094778681,-0.0403718431820802,0.015580727558770359,0.00041781388670657433,0.1514979399155388,0.029096826880135894,0.0707542535513784,0.03076808242696219,,,40a8873ad4e391634d56a8b050c9569320a232ac32dd91201d5db6d393029e85,2025-10-21T16:00:00+00:00,038e79f4818b2e8855e28f9ee9be11b187474fd22093ded56eea79dc79ac334e,2025-10-21T16:00:00+00:00,2026-09-16T14:30:24.618705+00:00,retrospective_historical_source_replay,False,archive:asset:305098532:sha256:a8420a6949b782c450e92ed57ce19bcdde751e9bec627f86c1a58e5051170083,https://api.github.com/repos/nflverse/nflverse-data-archives/releases/assets/305098532,historical_source_proven,fb65d00d693212298be61119dc2bc263937d15074fd0a07fd3d7ca706e3a1368,regular_weeks_6_18
2025_08_NYG_PHI,2025,8,2025-10-26 17:00:00+00:00,PHI,NYG,0.017290723322227333,0.000234831517628927,-0.004216494644509686,0.012288125511329077,-0.09137765794450957,0.011770439182971899,0.00030419715227286367,0.08716116329999987,0.023450170389755248,-0.09559415258901925,0.024666958998846703,,,40a8873ad4e391634d56a8b050c9569320a232ac32dd91201d5db6d393029e85,2025-10-21T16:00:00+00:00,038e79f4818b2e8855e28f9ee9be11b187474fd22093ded56eea79dc79ac334e,2025-10-21T16:00:00+00:00,2026-09-16T14:30:24.618705+00:00,retrospective_historical_source_replay,False,archive:asset:305098532:sha256:a8420a6949b782c450e92ed57ce19bcdde751e9bec627f86c1a58e5051170083,https://api.github.com/repos/nflverse/nflverse-data-archives/releases/assets/305098532,historical_source_proven,fb65d00d693212298be61119dc2bc263937d15074fd0a07fd3d7ca706e3a1368,regular_weeks_6_18
2025_08_NYJ_CIN,2025,8,2025-10-26 17:00:00+00:00,CIN,NYJ,0.017290723322227333,0.000234831517628927,-0.05507519986705228,0.014403872761393762,0.04998300079793547,0.013621360169257673,8.617585908306195e-05,-0.10505820066498776,0.027852881212485314,-0.005092199069116822,0.02819758464881756,,,40a8873ad4e391634d56a8b050c9569320a232ac32dd91201d5db6d393029e85,2025-10-21T16:00:00+00:00,038e79f4818b2e8855e28f9ee9be11b187474fd22093ded56eea79dc79ac334e,2025-10-21T16:00:00+00:00,2026-09-16T14:30:24.618705+00:00,retrospective_historical_source_replay,False,archive:asset:305098532:sha256:a8420a6949b782c450e92ed57ce19bcdde751e9bec627f86c1a58e5051170083,https://api.github.com/repos/nflverse/nflverse-data-archives/releases/assets/305098532,historical_source_proven,fb65d00d693212298be61119dc2bc263937d15074fd0a07fd3d7ca706e3a1368,regular_weeks_6_18
2025_08_SF_HOU,2025,8,2025-10-26 17:00:00+00:00,HOU,SF,0.017290723322227333,0.000234831517628927,0.02162208167653585,0.014920672481691787,-0.02921109550654936,0.014676681545503608,0.0005563525255403263,0.05083317718308521,0.02848464897611474,-0.007589013830013515,0.03071005907827605,,,40a8873ad4e391634d56a8b050c9569320a232ac32dd91201d5db6d393029e85,2025-10-21T16:00:00+00:00,038e79f4818b2e8855e28f9ee9be11b187474fd22093ded56eea79dc79ac334e,2025-10-21T16:00:00+00:00,2026-09-16T14:30:24.618705+00:00,retrospective_historical_source_replay,False,archive:asset:305098532:sha256:a8420a6949b782c450e92ed57ce19bcdde751e9bec627f86c1a58e5051170083,https://api.github.com/repos/nflverse/nflverse-data-archives/releases/assets/305098532,historical_source_proven,fb65d00d693212298be61119dc2bc263937d15074fd0a07fd3d7ca706e3a1368,regular_weeks_6_18
2025_08_TB_NO,2025,8,2025-10-26 20:05:00+00:00,NO,TB,0.017290723322227333,0.000234831517628927,-0.03225535159101896,0.013626251984259478,0.09737325295548055,0.013830776858074177,0.0002789290990806234,-0.1296286045464995,0.02689917064417241,0.06511790136446158,0.0280148870404949,,,40a8873ad4e391634d56a8b050c9569320a232ac32dd91201d5db6d393029e85,2025-10-21T16:00:00+00:00,038e79f4818b2e8855e28f9ee9be11b187474fd22093ded56eea79dc79ac334e,2025-10-21T16:00:00+00:00,2026-09-16T14:30:24.618705+00:00,retrospective_historical_source_replay,False,archive:asset:305098532:sha256:a8420a6949b782c450e92ed57ce19bcdde751e9bec627f86c1a58e5051170083,https://api.github.com/repos/nflverse/nflverse-data-archives/releases/assets/305098532,historical_source_proven,fb65d00d693212298be61119dc2bc263937d15074fd0a07fd3d7ca706e3a1368,regular_weeks_6_18
2025_08_DAL_DEN,2025,8,2025-10-26 20:25:00+00:00,DEN,DAL,0.017290723322227333,0.000234831517628927,0.11620311468487139,0.01357036481052535,-0.015610008002926445,0.013912596592438688,0.00043862407870928733,0.13181312268779782,0.026605713245545462,0.10059310668194493,0.028360209560382613,,,40a8873ad4e391634d56a8b050c9569320a232ac32dd91201d5db6d393029e85,2025-10-21T16:00:00+00:00,038e79f4818b2e8855e28f9ee9be11b187474fd22093ded56eea79dc79ac334e,2025-10-21T16:00:00+00:00,2026-09-16T14:30:24.618705+00:00,retrospective_historical_source_replay,False,archive:asset:305098532:sha256:a8420a6949b782c450e92ed57ce19bcdde751e9bec627f86c1a58e5051170083,https://api.github.com/repos/nflverse/nflverse-data-archives/releases/assets/305098532,historical_source_proven,fb65d00d693212298be61119dc2bc263937d15074fd0a07fd3d7ca706e3a1368,regular_weeks_6_18
2025_08_TEN_IND,2025,8,2025-10-26 20:25:00+00:00,IND,TEN,0.017290723322227333,0.000234831517628927,0.14343737603754952,0.012785803429073782,-0.07698790752708283,0.01247838413804175,0.0007049552560495943,0.22042528356463237,0.023854277055016342,0.0664494685104667,0.026674098079214722,,,40a8873ad4e391634d56a8b050c9569320a232ac32dd91201d5db6d393029e85,2025-10-21T16:00:00+00:00,038e79f4818b2e8855e28f9ee9be11b187474fd22093ded56eea79dc79ac334e,2025-10-21T16:00:00+00:00,2026-09-16T14:30:24.618705+00:00,retrospective_historical_source_replay,False,archive:asset:305098532:sha256:a8420a6949b782c450e92ed57ce19bcdde751e9bec627f86c1a58e5051170083,https://api.github.com/repos/nflverse/nflverse-data-archives/releases/assets/305098532,historical_source_proven,fb65d00d693212298be61119dc2bc263937d15074fd0a07fd3d7ca706e3a1368,regular_weeks_6_18
2025_08_GB_PIT,2025,8,2025-10-27 00:20:00+00:00,PIT,GB,0.017290723322227333,0.000234831517628927,-0.005458614538373572,0.015747109582410188,0.0964369646352369,0.014867692605395128,0.00013910668800163795,-0.10189557917361047,0.030336588811802036,0.09097835009686332,0.03089301556380859,,,40a8873ad4e391634d56a8b050c9569320a232ac32dd91201d5db6d393029e85,2025-10-21T16:00:00+00:00,038e79f4818b2e8855e28f9ee9be11b187474fd22093ded56eea79dc79ac334e,2025-10-21T16:00:00+00:00,2026-09-16T14:30:24.618705+00:00,retrospective_historical_source_replay,False,archive:asset:305098532:sha256:a8420a6949b782c450e92ed57ce19bcdde751e9bec627f86c1a58e5051170083,https://api.github.com/repos/nflverse/nflverse-data-archives/releases/assets/305098532,historical_source_proven,fb65d00d693212298be61119dc2bc263937d15074fd0a07fd3d7ca706e3a1368,regular_weeks_6_18
2025_08_WAS_KC,2025,8,2025-10-28 00:15:00+00:00,KC,WAS,0.017290723322227333,0.000234831517628927,0.14638651467287522,0.013636714791795604,0.090662367013079,0.01428590021070033,0.00030608777006298834,0.05572414765979622,0.02731043946236996,0.23704888168595423,0.02853479054262191,,,40a8873ad4e391634d56a8b050c9569320a232ac32dd91201d5db6d393029e85,2025-10-21T16:00:00+00:00,038e79f4818b2e8855e28f9ee9be11b187474fd22093ded56eea79dc79ac334e,2025-10-21T16:00:00+00:00,2026-09-16T14:30:24.618705+00:00,retrospective_historical_source_replay,False,archive:asset:305098532:sha256:a8420a6949b782c450e92ed57ce19bcdde751e9bec627f86c1a58e5051170083,https://api.github.com/repos/nflverse/nflverse-data-archives/releases/assets/305098532,historical_source_proven,fb65d00d693212298be61119dc2bc263937d15074fd0a07fd3d7ca706e3a1368,regular_weeks_6_18
2025_09_BAL_MIA,2025,9,2025-10-31 00:15:00+00:00,MIA,BAL,0.01101249654913805,0.00020217798401672802,0.051538365730692585,0.01330256386945863,0.10996437171594742,0.013682257783531248,0.0001603400991543518,-0.058426005985254825,0.026664141454681173,0.16150273744664,0.027305501851298583,,,2cbcdf8df384025208d9e3df7784819e7744bdded3d2dba0884a8bb9d1fd987d,2025-10-28T16:00:00+00:00,038e79f4818b2e8855e28f9ee9be11b187474fd22093ded56eea79dc79ac334e,2025-10-28T16:00:00+00:00,2026-09-16T14:30:24.618705+00:00,retrospective_historical_source_replay,False,archive:asset:307812009:sha256:7e0cca2e97a6ca6a6de54f402905a251e084236f8e90a7a674d7f42196f856be,https://api.github.com/repos/nflverse/nflverse-data-archives/releases/assets/307812009,historical_source_proven,b0050f4e3837297f3ea663174da6625494b08f272d97cbfcb60e9da510e671b3,regular_weeks_6_18
2025_09_ATL_NE,2025,9,2025-11-02 18:00:00+00:00,NE,ATL,0.01101249654913805,0.00020217798401672802,0.023616089234136148,0.01350722257471186,0.04126071287232574,0.013206225847219658,0.00026341180196474696,-0.017644623638189593,0.02618662481800202,0.06487680210646189,0.02724027202586101,,,2cbcdf8df384025208d9e3df7784819e7744bdded3d2dba0884a8bb9d1fd987d,2025-10-28T16:00:00+00:00,038e79f4818b2e8855e28f9ee9be11b187474fd22093ded56eea79dc79ac334e,2025-10-28T16:00:00+00:00,2026-09-16T14:30:24.618705+00:00,retrospective_historical_source_replay,False,archive:asset:307812009:sha256:7e0cca2e97a6ca6a6de54f402905a251e084236f8e90a7a674d7f42196f856be,https://api.github.com/repos/nflverse/nflverse-data-archives/releases/assets/307812009,historical_source_proven,b0050f4e3837297f3ea663174da6625494b08f272d97cbfcb60e9da510e671b3,regular_weeks_6_18
2025_09_CAR_GB,2025,9,2025-11-02 18:00:00+00:00,GB,CAR,0.01101249654913805,0.00020217798401672802,0.07674907311000063,0.013406991737843767,-0.03508447386786516,0.012701691998836698,0.00015212898963008772,0.1118335469778658,0.025804425757420285,0.04166459924213547,0.026412941715940635,,,2cbcdf8df384025208d9e3df7784819e7744bdded3d2dba0884a8bb9d1fd987d,2025-10-28T16:00:00+00:00,038e79f4818b2e8855e28f9ee9be11b187474fd22093ded56eea79dc79ac334e,2025-10-28T16:00:00+00:00,2026-09-16T14:30:24.618705+00:00,retrospective_historical_source_replay,False,archive:asset:307812009:sha256:7e0cca2e97a6ca6a6de54f402905a251e084236f8e90a7a674d7f42196f856be,https://api.github.com/repos/nflverse/nflverse-data-archives/releases/assets/307812009,historical_source_proven,b0050f4e3837297f3ea663174da6625494b08f272d97cbfcb60e9da510e671b3,regular_weeks_6_18
2025_09_CHI_CIN,2025,9,2025-11-02 18:00:00+00:00,CIN,CHI,0.01101249654913805,0.00020217798401672802,-0.0038336585833021325,0.013506298773252526,0.12559407560458838,0.012824101173823897,0.0001813395022752713,-0.1294277341878905,0.02596772094252588,0.12176041702128625,0.026693078951626967,,,2cbcdf8df384025208d9e3df7784819e7744bdded3d2dba0884a8bb9d1fd987d,2025-10-28T16:00:00+00:00,038e79f4818b2e8855e28f9ee9be11b187474fd22093ded56eea79dc79ac334e,2025-10-28T16:00:00+00:00,2026-09-16T14:30:24.618705+00:00,retrospective_historical_source_replay,False,archive:asset:307812009:sha256:7e0cca2e97a6ca6a6de54f402905a251e084236f8e90a7a674d7f42196f856be,https://api.github.com/repos/nflverse/nflverse-data-archives/releases/assets/307812009,historical_source_proven,b0050f4e3837297f3ea663174da6625494b08f272d97cbfcb60e9da510e671b3,regular_weeks_6_18
2025_09_DEN_HOU,2025,9,2025-11-02 18:00:00+00:00,HOU,DEN,0.01101249654913805,0.00020217798401672802,-0.1149983622502348,0.013053514511353689,-0.07051017102675941,0.013049542250058433,-3.614182645854828e-05,-0.044488191223475394,0.02617534041432922,-0.18550853327699424,0.026030773108495022,,,2cbcdf8df384025208d9e3df7784819e7744bdded3d2dba0884a8bb9d1fd987d,2025-10-28T16:00:00+00:00,038e79f4818b2e8855e28f9ee9be11b187474fd22093ded56eea79dc79ac334e,2025-10-28T16:00:00+00:00,2026-09-16T14:30:24.618705+00:00,retrospective_historical_source_replay,False,archive:asset:307812009:sha256:7e0cca2e97a6ca6a6de54f402905a251e084236f8e90a7a674d7f42196f856be,https://api.github.com/repos/nflverse/nflverse-data-archives/releases/assets/307812009,historical_source_proven,b0050f4e3837297f3ea663174da6625494b08f272d97cbfcb60e9da510e671b3,regular_weeks_6_18
2025_09_IND_PIT,2025,9,2025-11-02 18:00:00+00:00,PIT,IND,0.01101249654913805,0.00020217798401672802,0.06495046490065902,0.013326138703314241,0.20740446738779197,0.012656586467850402,-0.00021666694712523218,-0.14245400248713297,0.026416059065415106,0.272354932288451,0.025549391276914177,,,2cbcdf8df384025208d9e3df7784819e7744bdded3d2dba0884a8bb9d1fd987d,2025-10-28T16:00:00+00:00,038e79f4818b2e8855e28f9ee9be11b187474fd22093ded56eea79dc79ac334e,2025-10-28T16:00:00+00:00,2026-09-16T14:30:24.618705+00:00,retrospective_historical_source_replay,False,archive:asset:307812009:sha256:7e0cca2e97a6ca6a6de54f402905a251e084236f8e90a7a674d7f42196f856be,https://api.github.com/repos/nflverse/nflverse-data-archives/releases/assets/307812009,historical_source_proven,b0050f4e3837297f3ea663174da6625494b08f272d97cbfcb60e9da510e671b3,regular_weeks_6_18
2025_09_LAC_TEN,2025,9,2025-11-02 18:00:00+00:00,TEN,LAC,0.01101249654913805,0.00020217798401672802,-0.09735614513402167,0.01272757554591065,0.06148878949503071,0.01220738833881706,0.00014981348999752584,-0.1588449346290524,0.024635336904732658,-0.03586735563899096,0.025234590864722763,,,2cbcdf8df384025208d9e3df7784819e7744bdded3d2dba0884a8bb9d1fd987d,2025-10-28T16:00:00+00:00,038e79f4818b2e8855e28f9ee9be11b187474fd22093ded56eea79dc79ac334e,2025-10-28T16:00:00+00:00,2026-09-16T14:30:24.618705+00:00,retrospective_historical_source_replay,False,archive:asset:307812009:sha256:7e0cca2e97a6ca6a6de54f402905a251e084236f8e90a7a674d7f42196f856be,https://api.github.com/repos/nflverse/nflverse-data-archives/releases/assets/307812009,historical_source_proven,b0050f4e3837297f3ea663174da6625494b08f272d97cbfcb60e9da510e671b3,regular_weeks_6_18
2025_09_MIN_DET,2025,9,2025-11-02 18:00:00+00:00,DET,MIN,0.01101249654913805,0.00020217798401672802,0.02200089809828689,0.013291300682451504,-0.08419522418158712,0.013177945888958075,0.0003427259548172972,0.10619612227987402,0.02578379466177499,-0.062194326083300236,0.027154698481044178,,,2cbcdf8df384025208d9e3df7784819e7744bdded3d2dba0884a8bb9d1fd987d,2025-10-28T16:00:00+00:00,038e79f4818b2e8855e28f9ee9be11b187474fd22093ded56eea79dc79ac334e,2025-10-28T16:00:00+00:00,2026-09-16T14:30:24.618705+00:00,retrospective_historical_source_replay,False,archive:asset:307812009:sha256:7e0cca2e97a6ca6a6de54f402905a251e084236f8e90a7a674d7f42196f856be,https://api.github.com/repos/nflverse/nflverse-data-archives/releases/assets/307812009,historical_source_proven,b0050f4e3837297f3ea663174da6625494b08f272d97cbfcb60e9da510e671b3,regular_weeks_6_18
2025_09_SF_NYG,2025,9,2025-11-02 18:00:00+00:00,NYG,SF,0.01101249654913805,0.00020217798401672802,-0.030869217756447628,0.012340513825400506,0.06202966337499127,0.011943076692621842,-0.00014168203174162402,-0.0928988811314389,0.024566954581505596,0.03116044561854364,0.024000226454539097,,,2cbcdf8df384025208d9e3df7784819e7744bdded3d2dba0884a8bb9d1fd987d,2025-10-28T16:00:00+00:00,038e79f4818b2e8855e28f9ee9be11b187474fd22093ded56eea79dc79ac334e,2025-10-28T16:00:00+00:00,2026-09-16T14:30:24.618705+00:00,retrospective_historical_source_replay,False,archive:asset:307812009:sha256:7e0cca2e97a6ca6a6de54f402905a251e084236f8e90a7a674d7f42196f856be,https://api.github.com/repos/nflverse/nflverse-data-archives/releases/assets/307812009,historical_source_proven,b0050f4e3837297f3ea663174da6625494b08f272d97cbfcb60e9da510e671b3,regular_weeks_6_18
2025_09_JAX_LV,2025,9,2025-11-02 21:05:00+00:00,LV,JAX,0.01101249654913805,0.00020217798401672802,-0.11670799012237978,0.012927145215431573,-0.026508026421988254,0.0122319871937203,-6.0166430490582776e-05,-0.09019996370039154,0.025279465270133035,-0.14321601654436802,0.025038799548170704,,,2cbcdf8df384025208d9e3df7784819e7744bdded3d2dba0884a8bb9d1fd987d,2025-10-28T16:00:00+00:00,038e79f4818b2e8855e28f9ee9be11b187474fd22093ded56eea79dc79ac334e,2025-10-28T16:00:00+00:00,2026-09-16T14:30:24.618705+00:00,retrospective_historical_source_replay,False,archive:asset:307812009:sha256:7e0cca2e97a6ca6a6de54f402905a251e084236f8e90a7a674d7f42196f856be,https://api.github.com/repos/nflverse/nflverse-data-archives/releases/assets/307812009,historical_source_proven,b0050f4e3837297f3ea663174da6625494b08f272d97cbfcb60e9da510e671b3,regular_weeks_6_18
2025_09_NO_LA,2025,9,2025-11-02 21:05:00+00:00,LAR,NO,0.01101249654913805,0.00020217798401672802,0.08206200832269944,0.012514460187407001,-0.12140085118980336,0.012048928973641574,-1.4598415951747748e-05,0.2034628595125028,0.024592585992952068,-0.03933884286710391,0.02453419232914508,,,2cbcdf8df384025208d9e3df7784819e7744bdded3d2dba0884a8bb9d1fd987d,2025-10-28T16:00:00+00:00,038e79f4818b2e8855e28f9ee9be11b187474fd22093ded56eea79dc79ac334e,2025-10-28T16:00:00+00:00,2026-09-16T14:30:24.618705+00:00,retrospective_historical_source_replay,False,archive:asset:307812009:sha256:7e0cca2e97a6ca6a6de54f402905a251e084236f8e90a7a674d7f42196f856be,https://api.github.com/repos/nflverse/nflverse-data-archives/releases/assets/307812009,historical_source_proven,b0050f4e3837297f3ea663174da6625494b08f272d97cbfcb60e9da510e671b3,regular_weeks_6_18
2025_09_KC_BUF,2025,9,2025-11-02 21:25:00+00:00,BUF,KC,0.01101249654913805,0.00020217798401672802,0.04080908082845456,0.013683082807542164,0.14623387978051583,0.01320969048088632,4.8763722834851227e-05,-0.1054247989520613,0.02679524584275878,0.1870429606089704,0.026990300734098183,,,2cbcdf8df384025208d9e3df7784819e7744bdded3d2dba0884a8bb9d1fd987d,2025-10-28T16:00:00+00:00,038e79f4818b2e8855e28f9ee9be11b187474fd22093ded56eea79dc79ac334e,2025-10-28T16:00:00+00:00,2026-09-16T14:30:24.618705+00:00,retrospective_historical_source_replay,False,archive:asset:307812009:sha256:7e0cca2e97a6ca6a6de54f402905a251e084236f8e90a7a674d7f42196f856be,https://api.github.com/repos/nflverse/nflverse-data-archives/releases/assets/307812009,historical_source_proven,b0050f4e3837297f3ea663174da6625494b08f272d97cbfcb60e9da510e671b3,regular_weeks_6_18
2025_09_SEA_WAS,2025,9,2025-11-03 01:20:00+00:00,WAS,SEA,0.01101249654913805,0.00020217798401672802,-0.007379129563721361,0.012444173769299212,0.04489338005267368,0.012673267417462386,-0.00028671716524662056,-0.05227250961639504,0.02569087551725484,0.03751425048895232,0.024544006856268355,,,2cbcdf8df384025208d9e3df7784819e7744bdded3d2dba0884a8bb9d1fd987d,2025-10-28T16:00:00+00:00,038e79f4818b2e8855e28f9ee9be11b187474fd22093ded56eea79dc79ac334e,2025-10-28T16:00:00+00:00,2026-09-16T14:30:24.618705+00:00,retrospective_historical_source_replay,False,archive:asset:307812009:sha256:7e0cca2e97a6ca6a6de54f402905a251e084236f8e90a7a674d7f42196f856be,https://api.github.com/repos/nflverse/nflverse-data-archives/releases/assets/307812009,historical_source_proven,b0050f4e3837297f3ea663174da6625494b08f272d97cbfcb60e9da510e671b3,regular_weeks_6_18
2025_09_ARI_DAL,2025,9,2025-11-04 01:15:00+00:00,DAL,ARI,0.01101249654913805,0.00020217798401672802,0.09748666202740777,0.012380885333836843,0.07970950123267057,0.01218791872540961,8.661251639407682e-05,0.017777160794737214,0.0243955790264583,0.17719616326007834,0.024742029092034608,,,2cbcdf8df384025208d9e3df7784819e7744bdded3d2dba0884a8bb9d1fd987d,2025-10-28T16:00:00+00:00,038e79f4818b2e8855e28f9ee9be11b187474fd22093ded56eea79dc79ac334e,2025-10-28T16:00:00+00:00,2026-09-16T14:30:24.618705+00:00,retrospective_historical_source_replay,False,archive:asset:307812009:sha256:7e0cca2e97a6ca6a6de54f402905a251e084236f8e90a7a674d7f42196f856be,https://api.github.com/repos/nflverse/nflverse-data-archives/releases/assets/307812009,historical_source_proven,b0050f4e3837297f3ea663174da6625494b08f272d97cbfcb60e9da510e671b3,regular_weeks_6_18
2025_10_LV_DEN,2025,10,2025-11-07 01:15:00+00:00,DEN,LV,0.013567881255666235,0.00018094137006038034,-0.009768089130184447,0.011828999590861387,-0.18460037750498937,0.012284563347933172,9.64901259184755e-05,0.17483228837480494,0.02392058268695761,-0.19436846663517382,0.024306543190631514,,,45e3ea0ce2f3419185dc36590fc0c90d2ddbdfab44e504a69793a19f8abd95b2,2025-11-04T16:00:00+00:00,038e79f4818b2e8855e28f9ee9be11b187474fd22093ded56eea79dc79ac334e,2025-11-04T16:00:00+00:00,2026-09-16T14:30:24.618705+00:00,retrospective_historical_source_replay,False,archive:asset:310570721:sha256:ab96f6641c891d46a73cd33baeb05b9ec5cd4e1dec5b03dccee343b1769070e7,https://api.github.com/repos/nflverse/nflverse-data-archives/releases/assets/310570721,historical_source_proven,7e046bfb11a381236ab843b174e4edf41a0525088061bd1b0ce1a195b2ff1232,regular_weeks_6_18
2025_10_ATL_IND,2025,10,2025-11-09 14:30:00+00:00,IND,ATL,0.013567881255666235,0.00018094137006038034,0.1425115382438557,0.01231789407281941,-0.011282895115168591,0.011897195970776916,-0.00010216756206387762,0.1537944333590243,0.02441942516772408,0.13122864312868715,0.024010754919468573,,,45e3ea0ce2f3419185dc36590fc0c90d2ddbdfab44e504a69793a19f8abd95b2,2025-11-04T16:00:00+00:00,038e79f4818b2e8855e28f9ee9be11b187474fd22093ded56eea79dc79ac334e,2025-11-04T16:00:00+00:00,2026-09-16T14:30:24.618705+00:00,retrospective_historical_source_replay,False,archive:asset:310570721:sha256:ab96f6641c891d46a73cd33baeb05b9ec5cd4e1dec5b03dccee343b1769070e7,https://api.github.com/repos/nflverse/nflverse-data-archives/releases/assets/310570721,historical_source_proven,7e046bfb11a381236ab843b174e4edf41a0525088061bd1b0ce1a195b2ff1232,regular_weeks_6_18
2025_10_BAL_MIN,2025,10,2025-11-09 18:00:00+00:00,MIN,BAL,0.013567881255666235,0.00018094137006038034,0.011105013022847658,0.01245180999147783,0.04889184447926819,0.012862664006769924,0.00012568012705844528,-0.03778683145642053,0.025063113744130863,0.05999685750211584,0.025565834252364646,,,45e3ea0ce2f3419185dc36590fc0c90d2ddbdfab44e504a69793a19f8abd95b2,2025-11-04T16:00:00+00:00,038e79f4818b2e8855e28f9ee9be11b187474fd22093ded56eea79dc79ac334e,2025-11-04T16:00:00+00:00,2026-09-16T14:30:24.618705+00:00,retrospective_historical_source_replay,False,archive:asset:310570721:sha256:ab96f6641c891d46a73cd33baeb05b9ec5cd4e1dec5b03dccee343b1769070e7,https://api.github.com/repos/nflverse/nflverse-data-archives/releases/assets/310570721,historical_source_proven,7e046bfb11a381236ab843b174e4edf41a0525088061bd1b0ce1a195b2ff1232,regular_weeks_6_18
2025_10_BUF_MIA,2025,10,2025-11-09 18:00:00+00:00,MIA,BUF,0.013567881255666235,0.00018094137006038034,-0.010168970798600272,0.011498530823902255,0.12701853138217054,0.011339110371467813,0.0002074761048963276,-0.1371875021807708,0.022422688985577414,0.11684956058357025,0.02325259340516272,,,45e3ea0ce2f3419185dc36590fc0c90d2ddbdfab44e504a69793a19f8abd95b2,2025-11-04T16:00:00+00:00,038e79f4818b2e8855e28f9ee9be11b187474fd22093ded56eea79dc79ac334e,2025-11-04T16:00:00+00:00,2026-09-16T14:30:24.618705+00:00,retrospective_historical_source_replay,False,archive:asset:310570721:sha256:ab96f6641c891d46a73cd33baeb05b9ec5cd4e1dec5b03dccee343b1769070e7,https://api.github.com/repos/nflverse/nflverse-data-archives/releases/assets/310570721,historical_source_proven,7e046bfb11a381236ab843b174e4edf41a0525088061bd1b0ce1a195b2ff1232,regular_weeks_6_18
2025_10_CLE_NYJ,2025,10,2025-11-09 18:00:00+00:00,NYJ,CLE,0.013567881255666235,0.00018094137006038034,-0.10928748683227024,0.011592604868417126,-0.11549311459231613,0.011366914855445567,6.315588535583169e-05,0.0062056277600459064,0.02283320795315103,-0.2247806014245864,0.023085831494574355,,,45e3ea0ce2f3419185dc36590fc0c90d2ddbdfab44e504a69793a19f8abd95b2,2025-11-04T16:00:00+00:00,038e79f4818b2e8855e28f9ee9be11b187474fd22093ded56eea79dc79ac334e,2025-11-04T16:00:00+00:00,2026-09-16T14:30:24.618705+00:00,retrospective_historical_source_replay,False,archive:asset:310570721:sha256:ab96f6641c891d46a73cd33baeb05b9ec5cd4e1dec5b03dccee343b1769070e7,https://api.github.com/repos/nflverse/nflverse-data-archives/releases/assets/310570721,historical_source_proven,7e046bfb11a381236ab843b174e4edf41a0525088061bd1b0ce1a195b2ff1232,regular_weeks_6_18
2025_10_JAX_HOU,2025,10,2025-11-09 18:00:00+00:00,HOU,JAX,0.013567881255666235,0.00018094137006038034,-0.009276478637976395,0.011608790088554612,-0.07844649413317653,0.011638424771457864,0.00016980204742560818,0.06917001549520013,0.022907610765161263,-0.08772297277115294,0.023586818954863694,,,45e3ea0ce2f3419185dc36590fc0c90d2ddbdfab44e504a69793a19f8abd95b2,2025-11-04T16:00:00+00:00,038e79f4818b2e8855e28f9ee9be11b187474fd22093ded56eea79dc79ac334e,2025-11-04T16:00:00+00:00,2026-09-16T14:30:24.618705+00:00,retrospective_historical_source_replay,False,archive:asset:310570721:sha256:ab96f6641c891d46a73cd33baeb05b9ec5cd4e1dec5b03dccee343b1769070e7,https://api.github.com/repos/nflverse/nflverse-data-archives/releases/assets/310570721,historical_source_proven,7e046bfb11a381236ab843b174e4edf41a0525088061bd1b0ce1a195b2ff1232,regular_weeks_6_18
2025_10_NE_TB,2025,10,2025-11-09 18:00:00+00:00,TB,NE,0.013567881255666235,0.00018094137006038034,0.025808437166259236,0.011783401921387332,0.034591184033254514,0.01152851453186718,-5.248843013232447e-05,-0.008782746866995275,0.02341689331351916,0.060399621199513746,0.02320693959298987,,,45e3ea0ce2f3419185dc36590fc0c90d2ddbdfab44e504a69793a19f8abd95b2,2025-11-04T16:00:00+00:00,038e79f4818b2e8855e28f9ee9be11b187474fd22093ded56eea79dc79ac334e,2025-11-04T16:00:00+00:00,2026-09-16T14:30:24.618705+00:00,retrospective_historical_source_replay,False,archive:asset:310570721:sha256:ab96f6641c891d46a73cd33baeb05b9ec5cd4e1dec5b03dccee343b1769070e7,https://api.github.com/repos/nflverse/nflverse-data-archives/releases/assets/310570721,historical_source_proven,7e046bfb11a381236ab843b174e4edf41a0525088061bd1b0ce1a195b2ff1232,regular_weeks_6_18
2025_10_NO_CAR,2025,10,2025-11-09 18:00:00+00:00,CAR,NO,0.013567881255666235,0.00018094137006038034,-0.020461504933726983,0.01140475851568931,-0.06678873815749367,0.011603358687449437,0.00010598250309933234,0.04632723322376668,0.022796152196940082,-0.08725024309122065,0.02322008220933741,,,45e3ea0ce2f3419185dc36590fc0c90d2ddbdfab44e504a69793a19f8abd95b2,2025-11-04T16:00:00+00:00,038e79f4818b2e8855e28f9ee9be11b187474fd22093ded56eea79dc79ac334e,2025-11-04T16:00:00+00:00,2026-09-16T14:30:24.618705+00:00,retrospective_historical_source_replay,False,archive:asset:310570721:sha256:ab96f6641c891d46a73cd33baeb05b9ec5cd4e1dec5b03dccee343b1769070e7,https://api.github.com/repos/nflverse/nflverse-data-archives/releases/assets/310570721,historical_source_proven,7e046bfb11a381236ab843b174e4edf41a0525088061bd1b0ce1a195b2ff1232,regular_weeks_6_18
2025_10_NYG_CHI,2025,10,2025-11-09 18:00:00+00:00,CHI,NYG,0.013567881255666235,0.00018094137006038034,0.03326885163804256,0.011775066419981637,0.0031623871748328383,0.012087215266498409,0.00013981009570030565,0.030106464463209727,0.023582661495079434,0.0364312388128754,0.024141901877880657,,,45e3ea0ce2f3419185dc36590fc0c90d2ddbdfab44e504a69793a19f8abd95b2,2025-11-04T16:00:00+00:00,038e79f4818b2e8855e28f9ee9be11b187474fd22093ded56eea79dc79ac334e,2025-11-04T16:00:00+00:00,2026-09-16T14:30:24.618705+00:00,retrospective_historical_source_replay,False,archive:asset:310570721:sha256:ab96f6641c891d46a73cd33baeb05b9ec5cd4e1dec5b03dccee343b1769070e7,https://api.github.com/repos/nflverse/nflverse-data-archives/releases/assets/310570721,historical_source_proven,7e046bfb11a381236ab843b174e4edf41a0525088061bd1b0ce1a195b2ff1232,regular_weeks_6_18
2025_10_ARI_SEA,2025,10,2025-11-09 21:05:00+00:00,SEA,ARI,0.013567881255666235,0.00018094137006038034,0.04819405014026168,0.011706642679725782,-0.04611802492261336,0.01133342304290365,1.3782773416511822e-05,0.09431207506287505,0.023012500175796407,0.002076025217648318,0.023067631269462457,,,45e3ea0ce2f3419185dc36590fc0c90d2ddbdfab44e504a69793a19f8abd95b2,2025-11-04T16:00:00+00:00,038e79f4818b2e8855e28f9ee9be11b187474fd22093ded56eea79dc79ac334e,2025-11-04T16:00:00+00:00,2026-09-16T14:30:24.618705+00:00,retrospective_historical_source_replay,False,archive:asset:310570721:sha256:ab96f6641c891d46a73cd33baeb05b9ec5cd4e1dec5b03dccee343b1769070e7,https://api.github.com/repos/nflverse/nflverse-data-archives/releases/assets/310570721,historical_source_proven,7e046bfb11a381236ab843b174e4edf41a0525088061bd1b0ce1a195b2ff1232,regular_weeks_6_18
2025_10_DET_WAS,2025,10,2025-11-09 21:25:00+00:00,WAS,DET,0.013567881255666235,0.00018094137006038034,-0.03513204922191426,0.012332184775240557,0.06235261626552038,0.012024831839896416,0.0001276637527425105,-0.09748466548743465,0.024101689109651953,0.027220567043606127,0.024612344120621993,,,45e3ea0ce2f3419185dc36590fc0c90d2ddbdfab44e504a69793a19f8abd95b2,2025-11-04T16:00:00+00:00,038e79f4818b2e8855e28f9ee9be11b187474fd22093ded56eea79dc79ac334e,2025-11-04T16:00:00+00:00,2026-09-16T14:30:24.618705+00:00,retrospective_historical_source_replay,False,archive:asset:310570721:sha256:ab96f6641c891d46a73cd33baeb05b9ec5cd4e1dec5b03dccee343b1769070e7,https://api.github.com/repos/nflverse/nflverse-data-archives/releases/assets/310570721,historical_source_proven,7e046bfb11a381236ab843b174e4edf41a0525088061bd1b0ce1a195b2ff1232,regular_weeks_6_18
2025_10_LA_SF,2025,10,2025-11-09 21:25:00+00:00,SF,LAR,0.013567881255666235,0.00018094137006038034,-0.027796581736441603,0.0105991926727583,0.08782171462860029,0.011185911395512681,-2.7287845489439228e-05,-0.1156182963650419,0.02183967975924986,0.060025132892158675,0.021730528377292106,,,45e3ea0ce2f3419185dc36590fc0c90d2ddbdfab44e504a69793a19f8abd95b2,2025-11-04T16:00:00+00:00,038e79f4818b2e8855e28f9ee9be11b187474fd22093ded56eea79dc79ac334e,2025-11-04T16:00:00+00:00,2026-09-16T14:30:24.618705+00:00,retrospective_historical_source_replay,False,archive:asset:310570721:sha256:ab96f6641c891d46a73cd33baeb05b9ec5cd4e1dec5b03dccee343b1769070e7,https://api.github.com/repos/nflverse/nflverse-data-archives/releases/assets/310570721,historical_source_proven,7e046bfb11a381236ab843b174e4edf41a0525088061bd1b0ce1a195b2ff1232,regular_weeks_6_18
2025_10_PIT_LAC,2025,10,2025-11-10 01:20:00+00:00,LAC,PIT,0.013567881255666235,0.00018094137006038034,0.11787192570420843,0.011434371615043636,-0.023957995290730068,0.012493304943701445,-0.00010648728642986653,0.14182992099493852,0.024140651131604813,0.09391393041347836,0.023714701985885354,,,45e3ea0ce2f3419185dc36590fc0c90d2ddbdfab44e504a69793a19f8abd95b2,2025-11-04T16:00:00+00:00,038e79f4818b2e8855e28f9ee9be11b187474fd22093ded56eea79dc79ac334e,2025-11-04T16:00:00+00:00,2026-09-16T14:30:24.618705+00:00,retrospective_historical_source_replay,False,archive:asset:310570721:sha256:ab96f6641c891d46a73cd33baeb05b9ec5cd4e1dec5b03dccee343b1769070e7,https://api.github.com/repos/nflverse/nflverse-data-archives/releases/assets/310570721,historical_source_proven,7e046bfb11a381236ab843b174e4edf41a0525088061bd1b0ce1a195b2ff1232,regular_weeks_6_18
2025_10_PHI_GB,2025,10,2025-11-11 01:15:00+00:00,GB,PHI,0.013567881255666235,0.00018094137006038034,0.07088583939428718,0.011959454948498115,-0.010612753187192438,0.012116255080653716,-4.255726700105872e-05,0.08149859258147962,0.02416082456315395,0.06027308620709475,0.023990595495149713,,,45e3ea0ce2f3419185dc36590fc0c90d2ddbdfab44e504a69793a19f8abd95b2,2025-11-04T16:00:00+00:00,038e79f4818b2e8855e28f9ee9be11b187474fd22093ded56eea79dc79ac334e,2025-11-04T16:00:00+00:00,2026-09-16T14:30:24.618705+00:00,retrospective_historical_source_replay,False,archive:asset:310570721:sha256:ab96f6641c891d46a73cd33baeb05b9ec5cd4e1dec5b03dccee343b1769070e7,https://api.github.com/repos/nflverse/nflverse-data-archives/releases/assets/310570721,historical_source_proven,7e046bfb11a381236ab843b174e4edf41a0525088061bd1b0ce1a195b2ff1232,regular_weeks_6_18
2025_11_NYJ_NE,2025,11,2025-11-14 01:15:00+00:00,NE,NYJ,0.017005122534452386,0.000162018003763708,0.08798404989152683,0.011323073891964314,-0.03394045705892493,0.011472029753730732,0.00011471714822130081,0.12192450695045176,0.022565669349252446,0.05404359283260189,0.02302453794213765,,,35b0013102922ab6451086fb27e2b91cbbda22c81fea72b87023bd72065db6bc,2025-11-11T16:00:00+00:00,038e79f4818b2e8855e28f9ee9be11b187474fd22093ded56eea79dc79ac334e,2025-11-11T16:00:00+00:00,2026-09-16T14:30:24.618705+00:00,retrospective_historical_source_replay,False,archive:asset:313354781:sha256:33e44a0c02934558ee79649b4de326a2b046169ba491a244da662f9f7eb6439a,https://api.github.com/repos/nflverse/nflverse-data-archives/releases/assets/313354781,historical_source_proven,4cca7bebdc3a4488713033e05dffaff0df8d27f1d4e8231fc327c32dcc44061a,regular_weeks_6_18
2025_11_WAS_MIA,2025,11,2025-11-16 14:30:00+00:00,MIA,WAS,0.017005122534452386,0.000162018003763708,0.019837928486999102,0.011008342059379481,0.06939270934804087,0.01109340476149115,-5.25793975642675e-05,-0.049554780861041765,0.022206905615999167,0.08923063783503997,0.021996588025742093,,,35b0013102922ab6451086fb27e2b91cbbda22c81fea72b87023bd72065db6bc,2025-11-11T16:00:00+00:00,038e79f4818b2e8855e28f9ee9be11b187474fd22093ded56eea79dc79ac334e,2025-11-11T16:00:00+00:00,2026-09-16T14:30:24.618705+00:00,retrospective_historical_source_replay,False,archive:asset:313354781:sha256:33e44a0c02934558ee79649b4de326a2b046169ba491a244da662f9f7eb6439a,https://api.github.com/repos/nflverse/nflverse-data-archives/releases/assets/313354781,historical_source_proven,4cca7bebdc3a4488713033e05dffaff0df8d27f1d4e8231fc327c32dcc44061a,regular_weeks_6_18
2025_11_CAR_ATL,2025,11,2025-11-16 18:00:00+00:00,ATL,CAR,0.017005122534452386,0.000162018003763708,-0.02144159032419932,0.010655344856199952,-0.021853981699218407,0.010643688160958873,5.1367536578056873e-05,0.00041239137501908676,0.021196297944002712,-0.04329557202341773,0.021401768090314938,,,35b0013102922ab6451086fb27e2b91cbbda22c81fea72b87023bd72065db6bc,2025-11-11T16:00:00+00:00,038e79f4818b2e8855e28f9ee9be11b187474fd22093ded56eea79dc79ac334e,2025-11-11T16:00:00+00:00,2026-09-16T14:30:24.618705+00:00,retrospective_historical_source_replay,False,archive:asset:313354781:sha256:33e44a0c02934558ee79649b4de326a2b046169ba491a244da662f9f7eb6439a,https://api.github.com/repos/nflverse/nflverse-data-archives/releases/assets/313354781,historical_source_proven,4cca7bebdc3a4488713033e05dffaff0df8d27f1d4e8231fc327c32dcc44061a,regular_weeks_6_18
2025_11_CHI_MIN,2025,11,2025-11-16 18:00:00+00:00,MIN,CHI,0.017005122534452386,0.000162018003763708,-0.00014843603400456484,0.011157543896601996,0.01263797580787309,0.010656955102990352,2.7280241546375278e-05,-0.012786411841877655,0.0217599385164996,0.012489539773868519,0.021869059482685103,,,35b0013102922ab6451086fb27e2b91cbbda22c81fea72b87023bd72065db6bc,2025-11-11T16:00:00+00:00,038e79f4818b2e8855e28f9ee9be11b187474fd22093ded56eea79dc79ac334e,2025-11-11T16:00:00+00:00,2026-09-16T14:30:24.618705+00:00,retrospective_historical_source_replay,False,archive:asset:313354781:sha256:33e44a0c02934558ee79649b4de326a2b046169ba491a244da662f9f7eb6439a,https://api.github.com/repos/nflverse/nflverse-data-archives/releases/assets/313354781,historical_source_proven,4cca7bebdc3a4488713033e05dffaff0df8d27f1d4e8231fc327c32dcc44061a,regular_weeks_6_18
2025_11_CIN_PIT,2025,11,2025-11-16 18:00:00+00:00,PIT,CIN,0.017005122534452386,0.000162018003763708,0.15158545423034836,0.010461603372256973,0.06901250696152415,0.010095468698994022,0.00011391992128215228,0.08257294726882419,0.02032923222868669,0.22059796119187253,0.0207849119138153,,,35b0013102922ab6451086fb27e2b91cbbda22c81fea72b87023bd72065db6bc,2025-11-11T16:00:00+00:00,038e79f4818b2e8855e28f9ee9be11b187474fd22093ded56eea79dc79ac334e,2025-11-11T16:00:00+00:00,2026-09-16T14:30:24.618705+00:00,retrospective_historical_source_replay,False,archive:asset:313354781:sha256:33e44a0c02934558ee79649b4de326a2b046169ba491a244da662f9f7eb6439a,https://api.github.com/repos/nflverse/nflverse-data-archives/releases/assets/313354781,historical_source_proven,4cca7bebdc3a4488713033e05dffaff0df8d27f1d4e8231fc327c32dcc44061a,regular_weeks_6_18
2025_11_GB_NYG,2025,11,2025-11-16 18:00:00+00:00,NYG,GB,0.017005122534452386,0.000162018003763708,-0.032075278797010526,0.011105035537856836,0.13252077056406325,0.011084014113981449,-2.3130625595395776e-05,-0.1645960493610738,0.02223531090302908,0.10044549176705272,0.02214278840064749,,,35b0013102922ab6451086fb27e2b91cbbda22c81fea72b87023bd72065db6bc,2025-11-11T16:00:00+00:00,038e79f4818b2e8855e28f9ee9be11b187474fd22093ded56eea79dc79ac334e,2025-11-11T16:00:00+00:00,2026-09-16T14:30:24.618705+00:00,retrospective_historical_source_replay,False,archive:asset:313354781:sha256:33e44a0c02934558ee79649b4de326a2b046169ba491a244da662f9f7eb6439a,https://api.github.com/repos/nflverse/nflverse-data-archives/releases/assets/313354781,historical_source_proven,4cca7bebdc3a4488713033e05dffaff0df8d27f1d4e8231fc327c32dcc44061a,regular_weeks_6_18
2025_11_HOU_TEN,2025,11,2025-11-16 18:00:00+00:00,TEN,HOU,0.017005122534452386,0.000162018003763708,-0.16914138614311935,0.011114648361164346,0.029740694600181503,0.010401228446830743,-5.266150661131086e-05,-0.19888208074330085,0.021621199821217713,-0.13940069154293785,0.021410553794772465,,,35b0013102922ab6451086fb27e2b91cbbda22c81fea72b87023bd72065db6bc,2025-11-11T16:00:00+00:00,038e79f4818b2e8855e28f9ee9be11b187474fd22093ded56eea79dc79ac334e,2025-11-11T16:00:00+00:00,2026-09-16T14:30:24.618705+00:00,retrospective_historical_source_replay,False,archive:asset:313354781:sha256:33e44a0c02934558ee79649b4de326a2b046169ba491a244da662f9f7eb6439a,https://api.github.com/repos/nflverse/nflverse-data-archives/releases/assets/313354781,historical_source_proven,4cca7bebdc3a4488713033e05dffaff0df8d27f1d4e8231fc327c32dcc44061a,regular_weeks_6_18
2025_11_LAC_JAX,2025,11,2025-11-16 18:00:00+00:00,JAX,LAC,0.017005122534452386,0.000162018003763708,-0.016902238469199856,0.011266538151981349,0.06089635577753752,0.011106054357749988,-3.7044998641584784e-05,-0.07779859424673738,0.02244668250701451,0.04399411730833767,0.02229850251244817,,,35b0013102922ab6451086fb27e2b91cbbda22c81fea72b87023bd72065db6bc,2025-11-11T16:00:00+00:00,038e79f4818b2e8855e28f9ee9be11b187474fd22093ded56eea79dc79ac334e,2025-11-11T16:00:00+00:00,2026-09-16T14:30:24.618705+00:00,retrospective_historical_source_replay,False,archive:asset:313354781:sha256:33e44a0c02934558ee79649b4de326a2b046169ba491a244da662f9f7eb6439a,https://api.github.com/repos/nflverse/nflverse-data-archives/releases/assets/313354781,historical_source_proven,4cca7bebdc3a4488713033e05dffaff0df8d27f1d4e8231fc327c32dcc44061a,regular_weeks_6_18
2025_11_TB_BUF,2025,11,2025-11-16 18:00:00+00:00,BUF,TB,0.017005122534452386,0.000162018003763708,0.051696905950709235,0.011597524900876222,-0.015070075559022435,0.011801655696589575,7.096017168176829e-05,0.06676698150973166,0.023257260254102262,0.0366268303916868,0.023541100940829333,,,35b0013102922ab6451086fb27e2b91cbbda22c81fea72b87023bd72065db6bc,2025-11-11T16:00:00+00:00,038e79f4818b2e8855e28f9ee9be11b187474fd22093ded56eea79dc79ac334e,2025-11-11T16:00:00+00:00,2026-09-16T14:30:24.618705+00:00,retrospective_historical_source_replay,False,archive:asset:313354781:sha256:33e44a0c02934558ee79649b4de326a2b046169ba491a244da662f9f7eb6439a,https://api.github.com/repos/nflverse/nflverse-data-archives/releases/assets/313354781,historical_source_proven,4cca7bebdc3a4488713033e05dffaff0df8d27f1d4e8231fc327c32dcc44061a,regular_weeks_6_18
2025_11_SEA_LA,2025,11,2025-11-16 21:05:00+00:00,LAR,SEA,0.017005122534452386,0.000162018003763708,0.031606898236182346,0.011364080645569829,-0.01582664513165838,0.011779861495205667,0.000128520206671152,0.04743354336784071,0.022886901727433198,0.015780253104523967,0.0234009825541178,,,35b0013102922ab6451086fb27e2b91cbbda22c81fea72b87023bd72065db6bc,2025-11-11T16:00:00+00:00,038e79f4818b2e8855e28f9ee9be11b187474fd22093ded56eea79dc79ac334e,2025-11-11T16:00:00+00:00,2026-09-16T14:30:24.618705+00:00,retrospective_historical_source_replay,False,archive:asset:313354781:sha256:33e44a0c02934558ee79649b4de326a2b046169ba491a244da662f9f7eb6439a,https://api.github.com/repos/nflverse/nflverse-data-archives/releases/assets/313354781,historical_source_proven,4cca7bebdc3a4488713033e05dffaff0df8d27f1d4e8231fc327c32dcc44061a,regular_weeks_6_18
2025_11_SF_ARI,2025,11,2025-11-16 21:05:00+00:00,ARI,SF,0.017005122534452386,0.000162018003763708,0.03290352516409954,0.010479683430715028,0.05899140267487109,0.010491984864462013,-4.2987814924500006e-05,-0.026087877510771545,0.02105764392502604,0.09189492783897063,0.02088569266532804,,,35b0013102922ab6451086fb27e2b91cbbda22c81fea72b87023bd72065db6bc,2025-11-11T16:00:00+00:00,038e79f4818b2e8855e28f9ee9be11b187474fd22093ded56eea79dc79ac334e,2025-11-11T16:00:00+00:00,2026-09-16T14:30:24.618705+00:00,retrospective_historical_source_replay,False,archive:asset:313354781:sha256:33e44a0c02934558ee79649b4de326a2b046169ba491a244da662f9f7eb6439a,https://api.github.com/repos/nflverse/nflverse-data-archives/releases/assets/313354781,historical_source_proven,4cca7bebdc3a4488713033e05dffaff0df8d27f1d4e8231fc327c32dcc44061a,regular_weeks_6_18
2025_11_BAL_CLE,2025,11,2025-11-16 21:25:00+00:00,CLE,BAL,0.017005122534452386,0.000162018003763708,-0.0852410787609375,0.010774982690424928,-0.009375749755675906,0.011537397315025281,-2.5598267789147798e-05,-0.07586532900526159,0.022363576541028506,-0.0946168285166134,0.022261183469871916,,,35b0013102922ab6451086fb27e2b91cbbda22c81fea72b87023bd72065db6bc,2025-11-11T16:00:00+00:00,038e79f4818b2e8855e28f9ee9be11b187474fd22093ded56eea79dc79ac334e,2025-11-11T16:00:00+00:00,2026-09-16T14:30:24.618705+00:00,retrospective_historical_source_replay,False,archive:asset:313354781:sha256:33e44a0c02934558ee79649b4de326a2b046169ba491a244da662f9f7eb6439a,https://api.github.com/repos/nflverse/nflverse-data-archives/releases/assets/313354781,historical_source_proven,4cca7bebdc3a4488713033e05dffaff0df8d27f1d4e8231fc327c32dcc44061a,regular_weeks_6_18
2025_11_KC_DEN,2025,11,2025-11-16 21:25:00+00:00,DEN,KC,0.017005122534452386,0.000162018003763708,-0.01313289300763209,0.011006754885373522,0.011988828462630483,0.010555075408662129,2.7045772403962658e-05,-0.02512172147026258,0.021507738749227723,-0.0011440645450016135,0.021615921838843578,,,35b0013102922ab6451086fb27e2b91cbbda22c81fea72b87023bd72065db6bc,2025-11-11T16:00:00+00:00,038e79f4818b2e8855e28f9ee9be11b187474fd22093ded56eea79dc79ac334e,2025-11-11T16:00:00+00:00,2026-09-16T14:30:24.618705+00:00,retrospective_historical_source_replay,False,archive:asset:313354781:sha256:33e44a0c02934558ee79649b4de326a2b046169ba491a244da662f9f7eb6439a,https://api.github.com/repos/nflverse/nflverse-data-archives/releases/assets/313354781,historical_source_proven,4cca7bebdc3a4488713033e05dffaff0df8d27f1d4e8231fc327c32dcc44061a,regular_weeks_6_18
2025_11_DET_PHI,2025,11,2025-11-17 01:20:00+00:00,PHI,DET,0.017005122534452386,0.000162018003763708,-0.028077854984317585,0.012146945773952693,0.0033316581759650233,0.011799804979463882,6.289580752995947e-05,-0.03140951316028261,0.02382095913835666,-0.024746196808352567,0.024072542368476495,,,35b0013102922ab6451086fb27e2b91cbbda22c81fea72b87023bd72065db6bc,2025-11-11T16:00:00+00:00,038e79f4818b2e8855e28f9ee9be11b187474fd22093ded56eea79dc79ac334e,2025-11-11T16:00:00+00:00,2026-09-16T14:30:24.618705+00:00,retrospective_historical_source_replay,False,archive:asset:313354781:sha256:33e44a0c02934558ee79649b4de326a2b046169ba491a244da662f9f7eb6439a,https://api.github.com/repos/nflverse/nflverse-data-archives/releases/assets/313354781,historical_source_proven,4cca7bebdc3a4488713033e05dffaff0df8d27f1d4e8231fc327c32dcc44061a,regular_weeks_6_18
2025_11_DAL_LV,2025,11,2025-11-18 01:15:00+00:00,LV,DAL,0.017005122534452386,0.000162018003763708,0.032192659872551876,0.011363587490884616,0.07130100368055033,0.010931125685188255,-4.940453189267882e-05,-0.039108343807998436,0.022393522239858226,0.10349366355310219,0.02219590411228751,,,35b0013102922ab6451086fb27e2b91cbbda22c81fea72b87023bd72065db6bc,2025-11-11T16:00:00+00:00,038e79f4818b2e8855e28f9ee9be11b187474fd22093ded56eea79dc79ac334e,2025-11-11T16:00:00+00:00,2026-09-16T14:30:24.618705+00:00,retrospective_historical_source_replay,False,archive:asset:313354781:sha256:33e44a0c02934558ee79649b4de326a2b046169ba491a244da662f9f7eb6439a,https://api.github.com/repos/nflverse/nflverse-data-archives/releases/assets/313354781,historical_source_proven,4cca7bebdc3a4488713033e05dffaff0df8d27f1d4e8231fc327c32dcc44061a,regular_weeks_6_18
2025_12_BUF_HOU,2025,12,2025-11-21 01:15:00+00:00,HOU,BUF,0.014320619474154727,0.00014655458443585086,-0.0026887315452114938,0.010909388904140234,-0.018069660698504672,0.011087678578743567,-0.00015350141051481805,0.015380929153293185,0.02230407030391344,-0.02075839224371616,0.021690064661854164,,,6bcb2b634a802bf0b5d8e1ae20eb87827a483f085b9152a9d9ecbcbdb13f4d2e,2025-11-18T16:00:00+00:00,038e79f4818b2e8855e28f9ee9be11b187474fd22093ded56eea79dc79ac334e,2025-11-18T16:00:00+00:00,2026-09-16T14:30:24.618705+00:00,retrospective_historical_source_replay,False,archive:asset:316009177:sha256:73f6bce17fa6876ead1ee07522afdd4a3627fc218fc543b22de97ec97b335905,https://api.github.com/repos/nflverse/nflverse-data-archives/releases/assets/316009177,historical_source_proven,3e5509a1a6b707fdd08925614cdf6a5439c193f87b8706792e411aabb48e93a1,regular_weeks_6_18
2025_12_IND_KC,2025,12,2025-11-23 18:00:00+00:00,KC,IND,0.014320619474154727,0.00014655458443585086,0.11181992698106483,0.010600625158064567,0.12069656186482336,0.010976985326997197,-9.639955280577194e-05,-0.008876634883758533,0.021770409590673306,0.2325164888458882,0.021384811379450218,,,6bcb2b634a802bf0b5d8e1ae20eb87827a483f085b9152a9d9ecbcbdb13f4d2e,2025-11-18T16:00:00+00:00,038e79f4818b2e8855e28f9ee9be11b187474fd22093ded56eea79dc79ac334e,2025-11-18T16:00:00+00:00,2026-09-16T14:30:24.618705+00:00,retrospective_historical_source_replay,False,archive:asset:316009177:sha256:73f6bce17fa6876ead1ee07522afdd4a3627fc218fc543b22de97ec97b335905,https://api.github.com/repos/nflverse/nflverse-data-archives/releases/assets/316009177,historical_source_proven,3e5509a1a6b707fdd08925614cdf6a5439c193f87b8706792e411aabb48e93a1,regular_weeks_6_18
2025_12_MIN_GB,2025,12,2025-11-23 18:00:00+00:00,GB,MIN,0.014320619474154727,0.00014655458443585086,0.04036101458199107,0.010717024480618363,-0.08627984366431764,0.010864162136074423,0.00011566533353490777,0.12664085824630872,0.02134985594962297,-0.045918829082326584,0.0218125172837626,,,6bcb2b634a802bf0b5d8e1ae20eb87827a483f085b9152a9d9ecbcbdb13f4d2e,2025-11-18T16:00:00+00:00,038e79f4818b2e8855e28f9ee9be11b187474fd22093ded56eea79dc79ac334e,2025-11-18T16:00:00+00:00,2026-09-16T14:30:24.618705+00:00,retrospective_historical_source_replay,False,archive:asset:316009177:sha256:73f6bce17fa6876ead1ee07522afdd4a3627fc218fc543b22de97ec97b335905,https://api.github.com/repos/nflverse/nflverse-data-archives/releases/assets/316009177,historical_source_proven,3e5509a1a6b707fdd08925614cdf6a5439c193f87b8706792e411aabb48e93a1,regular_weeks_6_18
2025_12_NE_CIN,2025,12,2025-11-23 18:00:00+00:00,CIN,NE,0.014320619474154727,0.00014655458443585086,0.04377415245100133,0.010963158305145576,0.21974517843667102,0.010567313703028608,-0.00010085139406849341,-0.17597102598566966,0.02173217479631117,0.2635193308876724,0.021328769220037198,,,6bcb2b634a802bf0b5d8e1ae20eb87827a483f085b9152a9d9ecbcbdb13f4d2e,2025-11-18T16:00:00+00:00,038e79f4818b2e8855e28f9ee9be11b187474fd22093ded56eea79dc79ac334e,2025-11-18T16:00:00+00:00,2026-09-16T14:30:24.618705+00:00,retrospective_historical_source_replay,False,archive:asset:316009177:sha256:73f6bce17fa6876ead1ee07522afdd4a3627fc218fc543b22de97ec97b335905,https://api.github.com/repos/nflverse/nflverse-data-archives/releases/assets/316009177,historical_source_proven,3e5509a1a6b707fdd08925614cdf6a5439c193f87b8706792e411aabb48e93a1,regular_weeks_6_18
2025_12_NYG_DET,2025,12,2025-11-23 18:00:00+00:00,DET,NYG,0.014320619474154727,0.00014655458443585086,0.10269885274316587,0.010493356063429167,-0.054258754872704,0.010684603548900377,-6.754361262842516e-05,0.15695760761586988,0.021313046837586395,0.04844009787046188,0.021042872387072694,,,6bcb2b634a802bf0b5d8e1ae20eb87827a483f085b9152a9d9ecbcbdb13f4d2e,2025-11-18T16:00:00+00:00,038e79f4818b2e8855e28f9ee9be11b187474fd22093ded56eea79dc79ac334e,2025-11-18T16:00:00+00:00,2026-09-16T14:30:24.618705+00:00,retrospective_historical_source_replay,False,archive:asset:316009177:sha256:73f6bce17fa6876ead1ee07522afdd4a3627fc218fc543b22de97ec97b335905,https://api.github.com/repos/nflverse/nflverse-data-archives/releases/assets/316009177,historical_source_proven,3e5509a1a6b707fdd08925614cdf6a5439c193f87b8706792e411aabb48e93a1,regular_weeks_6_18
2025_12_NYJ_BAL,2025,12,2025-11-23 18:00:00+00:00,BAL,NYJ,0.014320619474154727,0.00014655458443585086,0.06382210062931425,0.011056514389589477,-0.0381734248072158,0.010899845108618657,1.0549188753646173e-05,0.10199552543653005,0.021935261120700843,0.02564867582209845,0.02197745787571543,,,6bcb2b634a802bf0b5d8e1ae20eb87827a483f085b9152a9d9ecbcbdb13f4d2e,2025-11-18T16:00:00+00:00,038e79f4818b2e8855e28f9ee9be11b187474fd22093ded56eea79dc79ac334e,2025-11-18T16:00:00+00:00,2026-09-16T14:30:24.618705+00:00,retrospective_historical_source_replay,False,archive:asset:316009177:sha256:73f6bce17fa6876ead1ee07522afdd4a3627fc218fc543b22de97ec97b335905,https://api.github.com/repos/nflverse/nflverse-data-archives/releases/assets/316009177,historical_source_proven,3e5509a1a6b707fdd08925614cdf6a5439c193f87b8706792e411aabb48e93a1,regular_weeks_6_18
2025_12_PIT_CHI,2025,12,2025-11-23 18:00:00+00:00,CHI,PIT,0.014320619474154727,0.00014655458443585086,0.0452971031103207,0.01031552749052618,0.02418155579853134,0.011034267271734522,-1.3623590436198497e-05,0.021115547311789364,0.0213770419431331,0.06947865890885203,0.021322547581388306,,,6bcb2b634a802bf0b5d8e1ae20eb87827a483f085b9152a9d9ecbcbdb13f4d2e,2025-11-18T16:00:00+00:00,038e79f4818b2e8855e28f9ee9be11b187474fd22093ded56eea79dc79ac334e,2025-11-18T16:00:00+00:00,2026-09-16T14:30:24.618705+00:00,retrospective_historical_source_replay,False,archive:asset:316009177:sha256:73f6bce17fa6876ead1ee07522afdd4a3627fc218fc543b22de97ec97b335905,https://api.github.com/repos/nflverse/nflverse-data-archives/releases/assets/316009177,historical_source_proven,3e5509a1a6b707fdd08925614cdf6a5439c193f87b8706792e411aabb48e93a1,regular_weeks_6_18
2025_12_SEA_TEN,2025,12,2025-11-23 18:00:00+00:00,TEN,SEA,0.014320619474154727,0.00014655458443585086,-0.12702586251420447,0.011098740600695975,0.10212532621002146,0.011359248619848675,-4.239619662531563e-05,-0.22915118872422593,0.02254278161379528,-0.024900536304183013,0.022373196827294016,,,6bcb2b634a802bf0b5d8e1ae20eb87827a483f085b9152a9d9ecbcbdb13f4d2e,2025-11-18T16:00:00+00:00,038e79f4818b2e8855e28f9ee9be11b187474fd22093ded56eea79dc79ac334e,2025-11-18T16:00:00+00:00,2026-09-16T14:30:24.618705+00:00,retrospective_historical_source_replay,False,archive:asset:316009177:sha256:73f6bce17fa6876ead1ee07522afdd4a3627fc218fc543b22de97ec97b335905,https://api.github.com/repos/nflverse/nflverse-data-archives/releases/assets/316009177,historical_source_proven,3e5509a1a6b707fdd08925614cdf6a5439c193f87b8706792e411aabb48e93a1,regular_weeks_6_18
2025_12_CLE_LV,2025,12,2025-11-23 21:05:00+00:00,LV,CLE,0.014320619474154727,0.00014655458443585086,-0.14291382671371697,0.011454514841259065,-0.13289353248691502,0.01075458631243488,-0.0001539581114209283,-0.010020294226801951,0.022517017376535803,-0.275807359200632,0.021901184930852087,,,6bcb2b634a802bf0b5d8e1ae20eb87827a483f085b9152a9d9ecbcbdb13f4d2e,2025-11-18T16:00:00+00:00,038e79f4818b2e8855e28f9ee9be11b187474fd22093ded56eea79dc79ac334e,2025-11-18T16:00:00+00:00,2026-09-16T14:30:24.618705+00:00,retrospective_historical_source_replay,False,archive:asset:316009177:sha256:73f6bce17fa6876ead1ee07522afdd4a3627fc218fc543b22de97ec97b335905,https://api.github.com/repos/nflverse/nflverse-data-archives/releases/assets/316009177,historical_source_proven,3e5509a1a6b707fdd08925614cdf6a5439c193f87b8706792e411aabb48e93a1,regular_weeks_6_18
2025_12_JAX_ARI,2025,12,2025-11-23 21:05:00+00:00,ARI,JAX,0.014320619474154727,0.00014655458443585086,0.005177135749200434,0.010805291826761081,0.007935466811861237,0.010841889888311784,6.444863652844645e-05,-0.0027583310626608046,0.02151828444201597,0.013112602561061674,0.021776078988129756,,,6bcb2b634a802bf0b5d8e1ae20eb87827a483f085b9152a9d9ecbcbdb13f4d2e,2025-11-18T16:00:00+00:00,038e79f4818b2e8855e28f9ee9be11b187474fd22093ded56eea79dc79ac334e,2025-11-18T16:00:00+00:00,2026-09-16T14:30:24.618705+00:00,retrospective_historical_source_replay,False,archive:asset:316009177:sha256:73f6bce17fa6876ead1ee07522afdd4a3627fc218fc543b22de97ec97b335905,https://api.github.com/repos/nflverse/nflverse-data-archives/releases/assets/316009177,historical_source_proven,3e5509a1a6b707fdd08925614cdf6a5439c193f87b8706792e411aabb48e93a1,regular_weeks_6_18
2025_12_ATL_NO,2025,12,2025-11-23 21:25:00+00:00,NO,ATL,0.014320619474154727,0.00014655458443585086,-0.07686294253620675,0.010550219691850972,-0.03469500310538358,0.010547557094358652,7.024855151623621e-05,-0.04216793943082318,0.02095727968317715,-0.11155794564159033,0.0212382738892421,,,6bcb2b634a802bf0b5d8e1ae20eb87827a483f085b9152a9d9ecbcbdb13f4d2e,2025-11-18T16:00:00+00:00,038e79f4818b2e8855e28f9ee9be11b187474fd22093ded56eea79dc79ac334e,2025-11-18T16:00:00+00:00,2026-09-16T14:30:24.618705+00:00,retrospective_historical_source_replay,False,archive:asset:316009177:sha256:73f6bce17fa6876ead1ee07522afdd4a3627fc218fc543b22de97ec97b335905,https://api.github.com/repos/nflverse/nflverse-data-archives/releases/assets/316009177,historical_source_proven,3e5509a1a6b707fdd08925614cdf6a5439c193f87b8706792e411aabb48e93a1,regular_weeks_6_18
2025_12_PHI_DAL,2025,12,2025-11-23 21:25:00+00:00,DAL,PHI,0.014320619474154727,0.00014655458443585086,0.03074437249886694,0.010554389434528619,0.11389913365240045,0.010717829593451078,3.660506702022934e-05,-0.08315476115353351,0.02119900889393924,0.14464350615126736,0.02134542916202016,,,6bcb2b634a802bf0b5d8e1ae20eb87827a483f085b9152a9d9ecbcbdb13f4d2e,2025-11-18T16:00:00+00:00,038e79f4818b2e8855e28f9ee9be11b187474fd22093ded56eea79dc79ac334e,2025-11-18T16:00:00+00:00,2026-09-16T14:30:24.618705+00:00,retrospective_historical_source_replay,False,archive:asset:316009177:sha256:73f6bce17fa6876ead1ee07522afdd4a3627fc218fc543b22de97ec97b335905,https://api.github.com/repos/nflverse/nflverse-data-archives/releases/assets/316009177,historical_source_proven,3e5509a1a6b707fdd08925614cdf6a5439c193f87b8706792e411aabb48e93a1,regular_weeks_6_18
2025_12_TB_LA,2025,12,2025-11-24 01:20:00+00:00,LAR,TB,0.014320619474154727,0.00014655458443585086,0.05546158799963003,0.010986412199525095,-0.044908107720857994,0.010946543161849964,0.0001542202526255704,0.10036969572048804,0.02162451485612392,0.010553480278772044,0.0222413958666262,,,6bcb2b634a802bf0b5d8e1ae20eb87827a483f085b9152a9d9ecbcbdb13f4d2e,2025-11-18T16:00:00+00:00,038e79f4818b2e8855e28f9ee9be11b187474fd22093ded56eea79dc79ac334e,2025-11-18T16:00:00+00:00,2026-09-16T14:30:24.618705+00:00,retrospective_historical_source_replay,False,archive:asset:316009177:sha256:73f6bce17fa6876ead1ee07522afdd4a3627fc218fc543b22de97ec97b335905,https://api.github.com/repos/nflverse/nflverse-data-archives/releases/assets/316009177,historical_source_proven,3e5509a1a6b707fdd08925614cdf6a5439c193f87b8706792e411aabb48e93a1,regular_weeks_6_18
2025_12_CAR_SF,2025,12,2025-11-25 01:15:00+00:00,SF,CAR,0.014320619474154727,0.00014655458443585086,0.09538248583766516,0.01038800749816754,0.03214827830246955,0.010345905265718004,-3.0642578631704965e-05,0.06323420753519562,0.020795197921148954,0.1275307641401347,0.020672627606622133,,,6bcb2b634a802bf0b5d8e1ae20eb87827a483f085b9152a9d9ecbcbdb13f4d2e,2025-11-18T16:00:00+00:00,038e79f4818b2e8855e28f9ee9be11b187474fd22093ded56eea79dc79ac334e,2025-11-18T16:00:00+00:00,2026-09-16T14:30:24.618705+00:00,retrospective_historical_source_replay,False,archive:asset:316009177:sha256:73f6bce17fa6876ead1ee07522afdd4a3627fc218fc543b22de97ec97b335905,https://api.github.com/repos/nflverse/nflverse-data-archives/releases/assets/316009177,historical_source_proven,3e5509a1a6b707fdd08925614cdf6a5439c193f87b8706792e411aabb48e93a1,regular_weeks_6_18
2025_13_GB_DET,2025,13,2025-11-27 18:00:00+00:00,DET,GB,0.012597900106262754,0.00013296440575042128,0.01808056916116508,0.009898879729315625,0.01265759821629342,0.0101163839267131,1.238496988138569e-05,0.005422970944871666,0.019990493716265954,0.030738167377458506,0.020040033595791498,,,a582b57bfdb9e865dcad96665ee5fdae3e8310532df2d6f6d3070e4768366145,2025-11-25T16:00:00+00:00,038e79f4818b2e8855e28f9ee9be11b187474fd22093ded56eea79dc79ac334e,2025-11-25T16:00:00+00:00,2026-09-16T14:30:24.618705+00:00,retrospective_historical_source_replay,False,archive:asset:318837553:sha256:0c3cc4cb9fdff4d1991c25a9edfa6e77fcff0f0c395d55981f1791da85cd5d5a,https://api.github.com/repos/nflverse/nflverse-data-archives/releases/assets/318837553,historical_source_proven,f7e8048d90400640cc24cb7ef5205acf0da8e62f996ee017f41c3c328c53f1ad,regular_weeks_6_18
2025_13_KC_DAL,2025,13,2025-11-27 21:30:00+00:00,DAL,KC,0.012597900106262754,0.00013296440575042128,0.05953545252904008,0.010666787169662167,0.17843746767706362,0.010394646535606709,4.2133455947957556e-05,-0.11890201514802354,0.020977166793372963,0.2379729202061037,0.02114570061716479,,,a582b57bfdb9e865dcad96665ee5fdae3e8310532df2d6f6d3070e4768366145,2025-11-25T16:00:00+00:00,038e79f4818b2e8855e28f9ee9be11b187474fd22093ded56eea79dc79ac334e,2025-11-25T16:00:00+00:00,2026-09-16T14:30:24.618705+00:00,retrospective_historical_source_replay,False,archive:asset:318837553:sha256:0c3cc4cb9fdff4d1991c25a9edfa6e77fcff0f0c395d55981f1791da85cd5d5a,https://api.github.com/repos/nflverse/nflverse-data-archives/releases/assets/318837553,historical_source_proven,f7e8048d90400640cc24cb7ef5205acf0da8e62f996ee017f41c3c328c53f1ad,regular_weeks_6_18
2025_13_CIN_BAL,2025,13,2025-11-28 01:20:00+00:00,BAL,CIN,0.012597900106262754,0.00013296440575042128,0.1888765116293802,0.010493680654078201,0.021520932873724974,0.010507163476385993,2.892377581310783e-05,0.16735557875565524,0.02094299657883798,0.21039744450310519,0.021058691682090413,,,a582b57bfdb9e865dcad96665ee5fdae3e8310532df2d6f6d3070e4768366145,2025-11-25T16:00:00+00:00,038e79f4818b2e8855e28f9ee9be11b187474fd22093ded56eea79dc79ac334e,2025-11-25T16:00:00+00:00,2026-09-16T14:30:24.618705+00:00,retrospective_historical_source_replay,False,archive:asset:318837553:sha256:0c3cc4cb9fdff4d1991c25a9edfa6e77fcff0f0c395d55981f1791da85cd5d5a,https://api.github.com/repos/nflverse/nflverse-data-archives/releases/assets/318837553,historical_source_proven,f7e8048d90400640cc24cb7ef5205acf0da8e62f996ee017f41c3c328c53f1ad,regular_weeks_6_18
2025_13_CHI_PHI,2025,13,2025-11-28 20:00:00+00:00,PHI,CHI,0.012597900106262754,0.00013296440575042128,0.02772504337770752,0.010542039322777558,-0.05391681353086319,0.01020676764953498,8.664112797841579e-05,0.0816418569085707,0.020575524716355705,-0.026191770153155672,0.020922089228269374,,,a582b57bfdb9e865dcad96665ee5fdae3e8310532df2d6f6d3070e4768366145,2025-11-25T16:00:00+00:00,038e79f4818b2e8855e28f9ee9be11b187474fd22093ded56eea79dc79ac334e,2025-11-25T16:00:00+00:00,2026-09-16T14:30:24.618705+00:00,retrospective_historical_source_replay,False,archive:asset:318837553:sha256:0c3cc4cb9fdff4d1991c25a9edfa6e77fcff0f0c395d55981f1791da85cd5d5a,https://api.github.com/repos/nflverse/nflverse-data-archives/releases/assets/318837553,historical_source_proven,f7e8048d90400640cc24cb7ef5205acf0da8e62f996ee017f41c3c328c53f1ad,regular_weeks_6_18
2025_13_ARI_TB,2025,13,2025-11-30 18:00:00+00:00,TB,ARI,0.012597900106262754,0.00013296440575042128,0.026700243222548437,0.010456690924340161,-0.02664688006626876,0.010369555917505446,1.9145302963398774e-05,0.053347123288817196,0.02078795623591881,5.336315627967568e-05,0.02086453744777241,,,a582b57bfdb9e865dcad96665ee5fdae3e8310532df2d6f6d3070e4768366145,2025-11-25T16:00:00+00:00,038e79f4818b2e8855e28f9ee9be11b187474fd22093ded56eea79dc79ac334e,2025-11-25T16:00:00+00:00,2026-09-16T14:30:24.618705+00:00,retrospective_historical_source_replay,False,archive:asset:318837553:sha256:0c3cc4cb9fdff4d1991c25a9edfa6e77fcff0f0c395d55981f1791da85cd5d5a,https://api.github.com/repos/nflverse/nflverse-data-archives/releases/assets/318837553,historical_source_proven,f7e8048d90400640cc24cb7ef5205acf0da8e62f996ee017f41c3c328c53f1ad,regular_weeks_6_18
2025_13_ATL_NYJ,2025,13,2025-11-30 18:00:00+00:00,NYJ,ATL,0.012597900106262754,0.00013296440575042128,-0.05744671853497333,0.010376762239591657,0.013601683729816603,0.010374827182614317,0.00010014451299587285,-0.07104840226478992,0.02055130039621423,-0.043845034805156724,0.020951878448197722,,,a582b57bfdb9e865dcad96665ee5fdae3e8310532df2d6f6d3070e4768366145,2025-11-25T16:00:00+00:00,038e79f4818b2e8855e28f9ee9be11b187474fd22093ded56eea79dc79ac334e,2025-11-25T16:00:00+00:00,2026-09-16T14:30:24.618705+00:00,retrospective_historical_source_replay,False,archive:asset:318837553:sha256:0c3cc4cb9fdff4d1991c25a9edfa6e77fcff0f0c395d55981f1791da85cd5d5a,https://api.github.com/repos/nflverse/nflverse-data-archives/releases/assets/318837553,historical_source_proven,f7e8048d90400640cc24cb7ef5205acf0da8e62f996ee017f41c3c328c53f1ad,regular_weeks_6_18
2025_13_HOU_IND,2025,13,2025-11-30 18:00:00+00:00,IND,HOU,0.012597900106262754,0.00013296440575042128,0.045973555394454774,0.010668891252679372,0.013221930801814578,0.010307017673897741,4.779254976890626e-05,0.032751624592640194,0.0208803238270393,0.05919548619626934,0.021071494026114926,,,a582b57bfdb9e865dcad96665ee5fdae3e8310532df2d6f6d3070e4768366145,2025-11-25T16:00:00+00:00,038e79f4818b2e8855e28f9ee9be11b187474fd22093ded56eea79dc79ac334e,2025-11-25T16:00:00+00:00,2026-09-16T14:30:24.618705+00:00,retrospective_historical_source_replay,False,archive:asset:318837553:sha256:0c3cc4cb9fdff4d1991c25a9edfa6e77fcff0f0c395d55981f1791da85cd5d5a,https://api.github.com/repos/nflverse/nflverse-data-archives/releases/assets/318837553,historical_source_proven,f7e8048d90400640cc24cb7ef5205acf0da8e62f996ee017f41c3c328c53f1ad,regular_weeks_6_18
2025_13_JAX_TEN,2025,13,2025-11-30 18:00:00+00:00,TEN,JAX,0.012597900106262754,0.00013296440575042128,-0.09125364543916174,0.010782584220680617,0.050129438008458094,0.010357685984282463,0.0001600770219500847,-0.14138308344761985,0.020820116161062913,-0.04112420743070364,0.02146042424886325,,,a582b57bfdb9e865dcad96665ee5fdae3e8310532df2d6f6d3070e4768366145,2025-11-25T16:00:00+00:00,038e79f4818b2e8855e28f9ee9be11b187474fd22093ded56eea79dc79ac334e,2025-11-25T16:00:00+00:00,2026-09-16T14:30:24.618705+00:00,retrospective_historical_source_replay,False,archive:asset:318837553:sha256:0c3cc4cb9fdff4d1991c25a9edfa6e77fcff0f0c395d55981f1791da85cd5d5a,https://api.github.com/repos/nflverse/nflverse-data-archives/releases/assets/318837553,historical_source_proven,f7e8048d90400640cc24cb7ef5205acf0da8e62f996ee017f41c3c328c53f1ad,regular_weeks_6_18
2025_13_LA_CAR,2025,13,2025-11-30 18:00:00+00:00,CAR,LAR,0.012597900106262754,0.00013296440575042128,-0.0727371123744838,0.010064396606154807,0.10996489676797863,0.01035507630320947,-9.78071682081237e-05,-0.18270200914246243,0.02061508724578052,0.037227784393494834,0.020223858572948034,,,a582b57bfdb9e865dcad96665ee5fdae3e8310532df2d6f6d3070e4768366145,2025-11-25T16:00:00+00:00,038e79f4818b2e8855e28f9ee9be11b187474fd22093ded56eea79dc79ac334e,2025-11-25T16:00:00+00:00,2026-09-16T14:30:24.618705+00:00,retrospective_historical_source_replay,False,archive:asset:318837553:sha256:0c3cc4cb9fdff4d1991c25a9edfa6e77fcff0f0c395d55981f1791da85cd5d5a,https://api.github.com/repos/nflverse/nflverse-data-archives/releases/assets/318837553,historical_source_proven,f7e8048d90400640cc24cb7ef5205acf0da8e62f996ee017f41c3c328c53f1ad,regular_weeks_6_18
2025_13_NO_MIA,2025,13,2025-11-30 18:00:00+00:00,MIA,NO,0.012597900106262754,0.00013296440575042128,-0.02042134621482946,0.010507138346966937,-0.022539056715738054,0.01041517949277054,-7.49102124854117e-05,0.0021177105009085873,0.0210721382647083,-0.042960402930567514,0.020772497414766652,,,a582b57bfdb9e865dcad96665ee5fdae3e8310532df2d6f6d3070e4768366145,2025-11-25T16:00:00+00:00,038e79f4818b2e8855e28f9ee9be11b187474fd22093ded56eea79dc79ac334e,2025-11-25T16:00:00+00:00,2026-09-16T14:30:24.618705+00:00,retrospective_historical_source_replay,False,archive:asset:318837553:sha256:0c3cc4cb9fdff4d1991c25a9edfa6e77fcff0f0c395d55981f1791da85cd5d5a,https://api.github.com/repos/nflverse/nflverse-data-archives/releases/assets/318837553,historical_source_proven,f7e8048d90400640cc24cb7ef5205acf0da8e62f996ee017f41c3c328c53f1ad,regular_weeks_6_18
2025_13_SF_CLE,2025,13,2025-11-30 18:00:00+00:00,CLE,SF,0.012597900106262754,0.00013296440575042128,-0.06809093086838909,0.010204614756292708,0.018541816833064134,0.01055774435690179,-0.00024281402326106072,-0.08663274770145321,0.021247987159716618,-0.04954911403532494,0.020276731066672375,,,a582b57bfdb9e865dcad96665ee5fdae3e8310532df2d6f6d3070e4768366145,2025-11-25T16:00:00+00:00,038e79f4818b2e8855e28f9ee9be11b187474fd22093ded56eea79dc79ac334e,2025-11-25T16:00:00+00:00,2026-09-16T14:30:24.618705+00:00,retrospective_historical_source_replay,False,archive:asset:318837553:sha256:0c3cc4cb9fdff4d1991c25a9edfa6e77fcff0f0c395d55981f1791da85cd5d5a,https://api.github.com/repos/nflverse/nflverse-data-archives/releases/assets/318837553,historical_source_proven,f7e8048d90400640cc24cb7ef5205acf0da8e62f996ee017f41c3c328c53f1ad,regular_weeks_6_18
2025_13_MIN_SEA,2025,13,2025-11-30 21:05:00+00:00,SEA,MIN,0.012597900106262754,0.00013296440575042128,0.04706775606040175,0.01045333579327722,-0.11891337025281754,0.010507860136590445,-0.00017269725249205247,0.1659811263132193,0.021306590434851773,-0.0718456141924158,0.020615801424883562,,,a582b57bfdb9e865dcad96665ee5fdae3e8310532df2d6f6d3070e4768366145,2025-11-25T16:00:00+00:00,038e79f4818b2e8855e28f9ee9be11b187474fd22093ded56eea79dc79ac334e,2025-11-25T16:00:00+00:00,2026-09-16T14:30:24.618705+00:00,retrospective_historical_source_replay,False,archive:asset:318837553:sha256:0c3cc4cb9fdff4d1991c25a9edfa6e77fcff0f0c395d55981f1791da85cd5d5a,https://api.github.com/repos/nflverse/nflverse-data-archives/releases/assets/318837553,historical_source_proven,f7e8048d90400640cc24cb7ef5205acf0da8e62f996ee017f41c3c328c53f1ad,regular_weeks_6_18
2025_13_BUF_PIT,2025,13,2025-11-30 21:25:00+00:00,PIT,BUF,0.012597900106262754,0.00013296440575042128,-0.02264921801561748,0.01064712307122109,0.09522730853554622,0.010162808677923404,-9.76797833762526e-05,-0.11787652655116368,0.021005291315897,0.07257809051992872,0.020614572182391988,,,a582b57bfdb9e865dcad96665ee5fdae3e8310532df2d6f6d3070e4768366145,2025-11-25T16:00:00+00:00,038e79f4818b2e8855e28f9ee9be11b187474fd22093ded56eea79dc79ac334e,2025-11-25T16:00:00+00:00,2026-09-16T14:30:24.618705+00:00,retrospective_historical_source_replay,False,archive:asset:318837553:sha256:0c3cc4cb9fdff4d1991c25a9edfa6e77fcff0f0c395d55981f1791da85cd5d5a,https://api.github.com/repos/nflverse/nflverse-data-archives/releases/assets/318837553,historical_source_proven,f7e8048d90400640cc24cb7ef5205acf0da8e62f996ee017f41c3c328c53f1ad,regular_weeks_6_18
2025_13_LV_LAC,2025,13,2025-11-30 21:25:00+00:00,LAC,LV,0.012597900106262754,0.00013296440575042128,-0.0024515272742966603,0.009765392304343467,-0.11511250503710997,0.010116610664626623,5.584131614559306e-05,0.11266097776281331,0.0197703203366789,-0.11756403231140661,0.019993685601261278,,,a582b57bfdb9e865dcad96665ee5fdae3e8310532df2d6f6d3070e4768366145,2025-11-25T16:00:00+00:00,038e79f4818b2e8855e28f9ee9be11b187474fd22093ded56eea79dc79ac334e,2025-11-25T16:00:00+00:00,2026-09-16T14:30:24.618705+00:00,retrospective_historical_source_replay,False,archive:asset:318837553:sha256:0c3cc4cb9fdff4d1991c25a9edfa6e77fcff0f0c395d55981f1791da85cd5d5a,https://api.github.com/repos/nflverse/nflverse-data-archives/releases/assets/318837553,historical_source_proven,f7e8048d90400640cc24cb7ef5205acf0da8e62f996ee017f41c3c328c53f1ad,regular_weeks_6_18
2025_13_DEN_WAS,2025,13,2025-12-01 01:20:00+00:00,WAS,DEN,0.012597900106262754,0.00013296440575042128,-0.0670759030360162,0.009916892043411073,0.06191472324994712,0.009880683492097054,2.955280211177383e-08,-0.1289906262859633,0.019797516429903902,-0.005161179786069073,0.019797634641112352,,,a582b57bfdb9e865dcad96665ee5fdae3e8310532df2d6f6d3070e4768366145,2025-11-25T16:00:00+00:00,038e79f4818b2e8855e28f9ee9be11b187474fd22093ded56eea79dc79ac334e,2025-11-25T16:00:00+00:00,2026-09-16T14:30:24.618705+00:00,retrospective_historical_source_replay,False,archive:asset:318837553:sha256:0c3cc4cb9fdff4d1991c25a9edfa6e77fcff0f0c395d55981f1791da85cd5d5a,https://api.github.com/repos/nflverse/nflverse-data-archives/releases/assets/318837553,historical_source_proven,f7e8048d90400640cc24cb7ef5205acf0da8e62f996ee017f41c3c328c53f1ad,regular_weeks_6_18
2025_13_NYG_NE,2025,13,2025-12-02 01:15:00+00:00,NE,NYG,0.012597900106262754,0.00013296440575042128,0.1266977790581229,0.009962838967546192,0.026513123634445246,0.009997071799660119,-0.00017496279157785998,0.10018465542367766,0.02030983635036203,0.15321090269256812,0.019609985184050584,,,a582b57bfdb9e865dcad96665ee5fdae3e8310532df2d6f6d3070e4768366145,2025-11-25T16:00:00+00:00,038e79f4818b2e8855e28f9ee9be11b187474fd22093ded56eea79dc79ac334e,2025-11-25T16:00:00+00:00,2026-09-16T14:30:24.618705+00:00,retrospective_historical_source_replay,False,archive:asset:318837553:sha256:0c3cc4cb9fdff4d1991c25a9edfa6e77fcff0f0c395d55981f1791da85cd5d5a,https://api.github.com/repos/nflverse/nflverse-data-archives/releases/assets/318837553,historical_source_proven,f7e8048d90400640cc24cb7ef5205acf0da8e62f996ee017f41c3c328c53f1ad,regular_weeks_6_18
2025_14_DAL_DET,2025,14,2025-12-05 01:15:00+00:00,DET,DAL,0.007108622686585557,0.00012235576821128903,0.0975088584716816,0.010023552578760518,0.03110793595419883,0.009955395126704106,2.6745630696413636e-05,0.06640092251748278,0.019925456444071798,0.12861679442588045,0.02003243896685745,,,d029dee2893e2e3980c557cbeb18324d9a02eb225cee7a95db09173a51494bd5,2025-12-02T16:00:00+00:00,038e79f4818b2e8855e28f9ee9be11b187474fd22093ded56eea79dc79ac334e,2025-12-02T16:00:00+00:00,2026-09-16T14:30:24.618705+00:00,retrospective_historical_source_replay,False,archive:asset:321531075:sha256:329873c6f615a0c3aecac8b59a323c695af8c33435b396f2ef1c2b1c24977a22,https://api.github.com/repos/nflverse/nflverse-data-archives/releases/assets/321531075,historical_source_proven,44989d880ccd4f334a9d8e13612a5bd2857f4b5a5ffa309bb55103954fe05977,regular_weeks_6_18
2025_14_CIN_BUF,2025,14,2025-12-07 18:00:00+00:00,BUF,CIN,0.007108622686585557,0.00012235576821128903,0.19635931749568064,0.009934713498719636,0.005416594460993303,0.010206628410042835,-0.00014567103366274742,0.19094272303468734,0.020432683976087967,0.20177591195667396,0.019849999841436976,,,d029dee2893e2e3980c557cbeb18324d9a02eb225cee7a95db09173a51494bd5,2025-12-02T16:00:00+00:00,038e79f4818b2e8855e28f9ee9be11b187474fd22093ded56eea79dc79ac334e,2025-12-02T16:00:00+00:00,2026-09-16T14:30:24.618705+00:00,retrospective_historical_source_replay,False,archive:asset:321531075:sha256:329873c6f615a0c3aecac8b59a323c695af8c33435b396f2ef1c2b1c24977a22,https://api.github.com/repos/nflverse/nflverse-data-archives/releases/assets/321531075,historical_source_proven,44989d880ccd4f334a9d8e13612a5bd2857f4b5a5ffa309bb55103954fe05977,regular_weeks_6_18
2025_14_IND_JAX,2025,14,2025-12-07 18:00:00+00:00,JAX,IND,0.007108622686585557,0.00012235576821128903,0.023220786768218496,0.009806001913180113,0.0878249994695131,0.010100384909333415,-1.5070813520790137e-05,-0.0646042127012946,0.01993652844955511,0.11104578623773158,0.01987624519547195,,,d029dee2893e2e3980c557cbeb18324d9a02eb225cee7a95db09173a51494bd5,2025-12-02T16:00:00+00:00,038e79f4818b2e8855e28f9ee9be11b187474fd22093ded56eea79dc79ac334e,2025-12-02T16:00:00+00:00,2026-09-16T14:30:24.618705+00:00,retrospective_historical_source_replay,False,archive:asset:321531075:sha256:329873c6f615a0c3aecac8b59a323c695af8c33435b396f2ef1c2b1c24977a22,https://api.github.com/repos/nflverse/nflverse-data-archives/releases/assets/321531075,historical_source_proven,44989d880ccd4f334a9d8e13612a5bd2857f4b5a5ffa309bb55103954fe05977,regular_weeks_6_18
2025_14_MIA_NYJ,2025,14,2025-12-07 18:00:00+00:00,NYJ,MIA,0.007108622686585557,0.00012235576821128903,-0.015552614495675042,0.01005707916360221,0.014278920601456122,0.010076272382857026,-1.2483042553757036e-05,-0.02983153509713117,0.020158317631566752,-0.0012736938942189205,0.020108385461351724,,,d029dee2893e2e3980c557cbeb18324d9a02eb225cee7a95db09173a51494bd5,2025-12-02T16:00:00+00:00,038e79f4818b2e8855e28f9ee9be11b187474fd22093ded56eea79dc79ac334e,2025-12-02T16:00:00+00:00,2026-09-16T14:30:24.618705+00:00,retrospective_historical_source_replay,False,archive:asset:321531075:sha256:329873c6f615a0c3aecac8b59a323c695af8c33435b396f2ef1c2b1c24977a22,https://api.github.com/repos/nflverse/nflverse-data-archives/releases/assets/321531075,historical_source_proven,44989d880ccd4f334a9d8e13612a5bd2857f4b5a5ffa309bb55103954fe05977,regular_weeks_6_18
2025_14_NO_TB,2025,14,2025-12-07 18:00:00+00:00,TB,NO,0.007108622686585557,0.00012235576821128903,-0.008652821832494353,0.00969806196662392,-0.09566760112791062,0.009651724729182267,-1.965878854540491e-05,0.08701477929541626,0.019389104272896997,-0.10432042296040497,0.019310469118715378,,,d029dee2893e2e3980c557cbeb18324d9a02eb225cee7a95db09173a51494bd5,2025-12-02T16:00:00+00:00,038e79f4818b2e8855e28f9ee9be11b187474fd22093ded56eea79dc79ac334e,2025-12-02T16:00:00+00:00,2026-09-16T14:30:24.618705+00:00,retrospective_historical_source_replay,False,archive:asset:321531075:sha256:329873c6f615a0c3aecac8b59a323c695af8c33435b396f2ef1c2b1c24977a22,https://api.github.com/repos/nflverse/nflverse-data-archives/releases/assets/321531075,historical_source_proven,44989d880ccd4f334a9d8e13612a5bd2857f4b5a5ffa309bb55103954fe05977,regular_weeks_6_18
2025_14_PIT_BAL,2025,14,2025-12-07 18:00:00+00:00,BAL,PIT,0.007108622686585557,0.00012235576821128903,0.054037618489279474,0.009919754527732513,-0.014638058878707765,0.010038225475702246,-1.4303170241568742e-05,0.06867567736798724,0.019986586343917898,0.03939955961057171,0.01992937366295162,,,d029dee2893e2e3980c557cbeb18324d9a02eb225cee7a95db09173a51494bd5,2025-12-02T16:00:00+00:00,038e79f4818b2e8855e28f9ee9be11b187474fd22093ded56eea79dc79ac334e,2025-12-02T16:00:00+00:00,2026-09-16T14:30:24.618705+00:00,retrospective_historical_source_replay,False,archive:asset:321531075:sha256:329873c6f615a0c3aecac8b59a323c695af8c33435b396f2ef1c2b1c24977a22,https://api.github.com/repos/nflverse/nflverse-data-archives/releases/assets/321531075,historical_source_proven,44989d880ccd4f334a9d8e13612a5bd2857f4b5a5ffa309bb55103954fe05977,regular_weeks_6_18
2025_14_SEA_ATL,2025,14,2025-12-07 18:00:00+00:00,ATL,SEA,0.007108622686585557,0.00012235576821128903,-0.061579377287910096,0.00992980606313239,0.06252842646048924,0.009969365481887168,-8.601064723846771e-05,-0.12410780374839933,0.020071192839496495,0.000949049172579151,0.019727150250542624,,,d029dee2893e2e3980c557cbeb18324d9a02eb225cee7a95db09173a51494bd5,2025-12-02T16:00:00+00:00,038e79f4818b2e8855e28f9ee9be11b187474fd22093ded56eea79dc79ac334e,2025-12-02T16:00:00+00:00,2026-09-16T14:30:24.618705+00:00,retrospective_historical_source_replay,False,archive:asset:321531075:sha256:329873c6f615a0c3aecac8b59a323c695af8c33435b396f2ef1c2b1c24977a22,https://api.github.com/repos/nflverse/nflverse-data-archives/releases/assets/321531075,historical_source_proven,44989d880ccd4f334a9d8e13612a5bd2857f4b5a5ffa309bb55103954fe05977,regular_weeks_6_18
2025_14_TEN_CLE,2025,14,2025-12-07 18:00:00+00:00,CLE,TEN,0.007108622686585557,0.00012235576821128903,-0.10078379416509106,0.010273408052943977,-0.13999783977942468,0.010361138493257377,-0.00016054517002799025,0.03921404561433363,0.02095563688625733,-0.2407816339445157,0.020313456206145372,,,d029dee2893e2e3980c557cbeb18324d9a02eb225cee7a95db09173a51494bd5,2025-12-02T16:00:00+00:00,038e79f4818b2e8855e28f9ee9be11b187474fd22093ded56eea79dc79ac334e,2025-12-02T16:00:00+00:00,2026-09-16T14:30:24.618705+00:00,retrospective_historical_source_replay,False,archive:asset:321531075:sha256:329873c6f615a0c3aecac8b59a323c695af8c33435b396f2ef1c2b1c24977a22,https://api.github.com/repos/nflverse/nflverse-data-archives/releases/assets/321531075,historical_source_proven,44989d880ccd4f334a9d8e13612a5bd2857f4b5a5ffa309bb55103954fe05977,regular_weeks_6_18
2025_14_WAS_MIN,2025,14,2025-12-07 18:00:00+00:00,MIN,WAS,0.007108622686585557,0.00012235576821128903,-0.003254496913744867,0.010344606297516337,0.014147793829679269,0.01014601689723589,-6.18367459874166e-06,-0.017402290743424143,0.02050299054394971,0.010893296915934395,0.020478255845554745,,,d029dee2893e2e3980c557cbeb18324d9a02eb225cee7a95db09173a51494bd5,2025-12-02T16:00:00+00:00,038e79f4818b2e8855e28f9ee9be11b187474fd22093ded56eea79dc79ac334e,2025-12-02T16:00:00+00:00,2026-09-16T14:30:24.618705+00:00,retrospective_historical_source_replay,False,archive:asset:321531075:sha256:329873c6f615a0c3aecac8b59a323c695af8c33435b396f2ef1c2b1c24977a22,https://api.github.com/repos/nflverse/nflverse-data-archives/releases/assets/321531075,historical_source_proven,44989d880ccd4f334a9d8e13612a5bd2857f4b5a5ffa309bb55103954fe05977,regular_weeks_6_18
2025_14_DEN_LV,2025,14,2025-12-07 21:05:00+00:00,LV,DEN,0.007108622686585557,0.00012235576821128903,-0.19253804525117185,0.00959651462604304,-0.021561907553998637,0.009625778705998456,-3.010748445273932e-05,-0.1709761376971732,0.019282508300946972,-0.21409995280517047,0.019162078363136013,,,d029dee2893e2e3980c557cbeb18324d9a02eb225cee7a95db09173a51494bd5,2025-12-02T16:00:00+00:00,038e79f4818b2e8855e28f9ee9be11b187474fd22093ded56eea79dc79ac334e,2025-12-02T16:00:00+00:00,2026-09-16T14:30:24.618705+00:00,retrospective_historical_source_replay,False,archive:asset:321531075:sha256:329873c6f615a0c3aecac8b59a323c695af8c33435b396f2ef1c2b1c24977a22,https://api.github.com/repos/nflverse/nflverse-data-archives/releases/assets/321531075,historical_source_proven,44989d880ccd4f334a9d8e13612a5bd2857f4b5a5ffa309bb55103954fe05977,regular_weeks_6_18
2025_14_CHI_GB,2025,14,2025-12-07 21:25:00+00:00,GB,CHI,0.007108622686585557,0.00012235576821128903,0.10877702298651569,0.009891402067074635,0.0001482768172711528,0.009802310970272576,0.00012874859231333527,0.10862874616924453,0.01943621585272054,0.10892529980378685,0.01995121022197388,,,d029dee2893e2e3980c557cbeb18324d9a02eb225cee7a95db09173a51494bd5,2025-12-02T16:00:00+00:00,038e79f4818b2e8855e28f9ee9be11b187474fd22093ded56eea79dc79ac334e,2025-12-02T16:00:00+00:00,2026-09-16T14:30:24.618705+00:00,retrospective_historical_source_replay,False,archive:asset:321531075:sha256:329873c6f615a0c3aecac8b59a323c695af8c33435b396f2ef1c2b1c24977a22,https://api.github.com/repos/nflverse/nflverse-data-archives/releases/assets/321531075,historical_source_proven,44989d880ccd4f334a9d8e13612a5bd2857f4b5a5ffa309bb55103954fe05977,regular_weeks_6_18
2025_14_LA_ARI,2025,14,2025-12-07 21:25:00+00:00,ARI,LAR,0.007108622686585557,0.00012235576821128903,-0.08478375906584643,0.009710059942700267,0.09203330729630353,0.010144399239984118,0.00015089416259436662,-0.17681706636214994,0.019552670857495652,0.007249548230457098,0.02015624750787312,,,d029dee2893e2e3980c557cbeb18324d9a02eb225cee7a95db09173a51494bd5,2025-12-02T16:00:00+00:00,038e79f4818b2e8855e28f9ee9be11b187474fd22093ded56eea79dc79ac334e,2025-12-02T16:00:00+00:00,2026-09-16T14:30:24.618705+00:00,retrospective_historical_source_replay,False,archive:asset:321531075:sha256:329873c6f615a0c3aecac8b59a323c695af8c33435b396f2ef1c2b1c24977a22,https://api.github.com/repos/nflverse/nflverse-data-archives/releases/assets/321531075,historical_source_proven,44989d880ccd4f334a9d8e13612a5bd2857f4b5a5ffa309bb55103954fe05977,regular_weeks_6_18
2025_14_HOU_KC,2025,14,2025-12-08 01:20:00+00:00,KC,HOU,0.007108622686585557,0.00012235576821128903,-0.00690402098769298,0.009977874500278995,-0.021723903261437215,0.010193493082344414,5.93617341631447e-06,0.014819882273744228,0.02015949523579078,-0.0286279242491302,0.02018323992945604,,,d029dee2893e2e3980c557cbeb18324d9a02eb225cee7a95db09173a51494bd5,2025-12-02T16:00:00+00:00,038e79f4818b2e8855e28f9ee9be11b187474fd22093ded56eea79dc79ac334e,2025-12-02T16:00:00+00:00,2026-09-16T14:30:24.618705+00:00,retrospective_historical_source_replay,False,archive:asset:321531075:sha256:329873c6f615a0c3aecac8b59a323c695af8c33435b396f2ef1c2b1c24977a22,https://api.github.com/repos/nflverse/nflverse-data-archives/releases/assets/321531075,historical_source_proven,44989d880ccd4f334a9d8e13612a5bd2857f4b5a5ffa309bb55103954fe05977,regular_weeks_6_18
2025_14_PHI_LAC,2025,14,2025-12-09 01:15:00+00:00,LAC,PHI,0.007108622686585557,0.00012235576821128903,-0.05194150389519465,0.010148873764011964,-0.03517810491290153,0.010466181343451675,-4.471386734316608e-05,-0.01676339898229312,0.02070448284214997,-0.08711960880809617,0.020525627372777307,,,d029dee2893e2e3980c557cbeb18324d9a02eb225cee7a95db09173a51494bd5,2025-12-02T16:00:00+00:00,038e79f4818b2e8855e28f9ee9be11b187474fd22093ded56eea79dc79ac334e,2025-12-02T16:00:00+00:00,2026-09-16T14:30:24.618705+00:00,retrospective_historical_source_replay,False,archive:asset:321531075:sha256:329873c6f615a0c3aecac8b59a323c695af8c33435b396f2ef1c2b1c24977a22,https://api.github.com/repos/nflverse/nflverse-data-archives/releases/assets/321531075,historical_source_proven,44989d880ccd4f334a9d8e13612a5bd2857f4b5a5ffa309bb55103954fe05977,regular_weeks_6_18
2025_15_ATL_TB,2025,15,2025-12-12 01:15:00+00:00,TB,ATL,0.005842147417759257,0.00011229337600782349,-0.002649511196118521,0.009333900788558343,-0.01565616228369507,0.009514286371694228,-4.753442140514485e-05,0.013006651087576546,0.01894325600306286,-0.018305673479813586,0.01875311831744228,,,e967cf2f3b6cb1235c42a878e4ab9b8f36405f5aecda4533ceb053890ced7a12,2025-12-09T16:00:00+00:00,038e79f4818b2e8855e28f9ee9be11b187474fd22093ded56eea79dc79ac334e,2025-12-09T16:00:00+00:00,2026-09-16T14:30:24.618705+00:00,retrospective_historical_source_replay,False,archive:asset:324362504:sha256:899a366f22db4cb561fb4d88d209476a769ea9bee0cd8beab34020389fba5016,https://api.github.com/repos/nflverse/nflverse-data-archives/releases/assets/324362504,historical_source_proven,490fd32f0adcfeaef1fddb4f0182a0f1e3f71cdf4acecd0cc1f1ecec7a1e577a,regular_weeks_6_18
2025_15_ARI_HOU,2025,15,2025-12-14 18:00:00+00:00,HOU,ARI,0.005842147417759257,0.00011229337600782349,0.013439690871924903,0.009635222754552995,-0.09118695630094675,0.009683163062588263,6.118741301659172e-05,0.10462664717287166,0.01919601099110807,-0.07774726542902186,0.01944076064317444,,,e967cf2f3b6cb1235c42a878e4ab9b8f36405f5aecda4533ceb053890ced7a12,2025-12-09T16:00:00+00:00,038e79f4818b2e8855e28f9ee9be11b187474fd22093ded56eea79dc79ac334e,2025-12-09T16:00:00+00:00,2026-09-16T14:30:24.618705+00:00,retrospective_historical_source_replay,False,archive:asset:324362504:sha256:899a366f22db4cb561fb4d88d209476a769ea9bee0cd8beab34020389fba5016,https://api.github.com/repos/nflverse/nflverse-data-archives/releases/assets/324362504,historical_source_proven,490fd32f0adcfeaef1fddb4f0182a0f1e3f71cdf4acecd0cc1f1ecec7a1e577a,regular_weeks_6_18
2025_15_BAL_CIN,2025,15,2025-12-14 18:00:00+00:00,CIN,BAL,0.005842147417759257,0.00011229337600782349,0.0015199319618047725,0.008646251364238683,0.11343922733898745,0.009124070934010922,-4.7259245493006026e-05,-0.11191929537718268,0.017864840789235614,0.11495915930079222,0.017675803807263586,,,e967cf2f3b6cb1235c42a878e4ab9b8f36405f5aecda4533ceb053890ced7a12,2025-12-09T16:00:00+00:00,038e79f4818b2e8855e28f9ee9be11b187474fd22093ded56eea79dc79ac334e,2025-12-09T16:00:00+00:00,2026-09-16T14:30:24.618705+00:00,retrospective_historical_source_replay,False,archive:asset:324362504:sha256:899a366f22db4cb561fb4d88d209476a769ea9bee0cd8beab34020389fba5016,https://api.github.com/repos/nflverse/nflverse-data-archives/releases/assets/324362504,historical_source_proven,490fd32f0adcfeaef1fddb4f0182a0f1e3f71cdf4acecd0cc1f1ecec7a1e577a,regular_weeks_6_18
2025_15_BUF_NE,2025,15,2025-12-14 18:00:00+00:00,NE,BUF,0.005842147417759257,0.00011229337600782349,0.03760968328818386,0.009492765326446849,0.06424027040149125,0.00935865616689872,-1.1879093629646082e-05,-0.02663058711330739,0.018875179680604863,0.10184995368967512,0.01882766330608628,,,e967cf2f3b6cb1235c42a878e4ab9b8f36405f5aecda4533ceb053890ced7a12,2025-12-09T16:00:00+00:00,038e79f4818b2e8855e28f9ee9be11b187474fd22093ded56eea79dc79ac334e,2025-12-09T16:00:00+00:00,2026-09-16T14:30:24.618705+00:00,retrospective_historical_source_replay,False,archive:asset:324362504:sha256:899a366f22db4cb561fb4d88d209476a769ea9bee0cd8beab34020389fba5016,https://api.github.com/repos/nflverse/nflverse-data-archives/releases/assets/324362504,historical_source_proven,490fd32f0adcfeaef1fddb4f0182a0f1e3f71cdf4acecd0cc1f1ecec7a1e577a,regular_weeks_6_18
2025_15_CLE_CHI,2025,15,2025-12-14 18:00:00+00:00,CHI,CLE,0.005842147417759257,0.00011229337600782349,-0.040357424058824566,0.009534516118116123,-0.10054594709120332,0.009763643134511496,-4.226681112218109e-06,0.06018852303237875,0.019306612614852052,-0.14090337115002788,0.01928970589040318,,,e967cf2f3b6cb1235c42a878e4ab9b8f36405f5aecda4533ceb053890ced7a12,2025-12-09T16:00:00+00:00,038e79f4818b2e8855e28f9ee9be11b187474fd22093ded56eea79dc79ac334e,2025-12-09T16:00:00+00:00,2026-09-16T14:30:24.618705+00:00,retrospective_historical_source_replay,False,archive:asset:324362504:sha256:899a366f22db4cb561fb4d88d209476a769ea9bee0cd8beab34020389fba5016,https://api.github.com/repos/nflverse/nflverse-data-archives/releases/assets/324362504,historical_source_proven,490fd32f0adcfeaef1fddb4f0182a0f1e3f71cdf4acecd0cc1f1ecec7a1e577a,regular_weeks_6_18
2025_15_LAC_KC,2025,15,2025-12-14 18:00:00+00:00,KC,LAC,0.005842147417759257,0.00011229337600782349,0.05383379532853518,0.009731763487961962,0.006907520189582926,0.00978303383179684,-3.8518760318115677e-05,0.04692627513895225,0.019591834840395034,0.0607413155181181,0.019437759799122573,,,e967cf2f3b6cb1235c42a878e4ab9b8f36405f5aecda4533ceb053890ced7a12,2025-12-09T16:00:00+00:00,038e79f4818b2e8855e28f9ee9be11b187474fd22093ded56eea79dc79ac334e,2025-12-09T16:00:00+00:00,2026-09-16T14:30:24.618705+00:00,retrospective_historical_source_replay,False,archive:asset:324362504:sha256:899a366f22db4cb561fb4d88d209476a769ea9bee0cd8beab34020389fba5016,https://api.github.com/repos/nflverse/nflverse-data-archives/releases/assets/324362504,historical_source_proven,490fd32f0adcfeaef1fddb4f0182a0f1e3f71cdf4acecd0cc1f1ecec7a1e577a,regular_weeks_6_18
2025_15_LV_PHI,2025,15,2025-12-14 18:00:00+00:00,PHI,LV,0.005842147417759257,0.00011229337600782349,-0.013722818470840246,0.009859759759208027,-0.14411057260040233,0.00973747458525077,-6.353929268199324e-05,0.13038775412956208,0.019724312929822786,-0.15783339107124256,0.01947015575909481,,,e967cf2f3b6cb1235c42a878e4ab9b8f36405f5aecda4533ceb053890ced7a12,2025-12-09T16:00:00+00:00,038e79f4818b2e8855e28f9ee9be11b187474fd22093ded56eea79dc79ac334e,2025-12-09T16:00:00+00:00,2026-09-16T14:30:24.618705+00:00,retrospective_historical_source_replay,False,archive:asset:324362504:sha256:899a366f22db4cb561fb4d88d209476a769ea9bee0cd8beab34020389fba5016,https://api.github.com/repos/nflverse/nflverse-data-archives/releases/assets/324362504,historical_source_proven,490fd32f0adcfeaef1fddb4f0182a0f1e3f71cdf4acecd0cc1f1ecec7a1e577a,regular_weeks_6_18
2025_15_NYJ_JAX,2025,15,2025-12-14 18:00:00+00:00,JAX,NYJ,0.005842147417759257,0.00011229337600782349,0.046445657302126526,0.009641236316775291,-0.10228643192310266,0.009778550880900025,-0.00016463662104181274,0.14873208922522918,0.019749060439758943,-0.05584077462097613,0.01909051395559169,,,e967cf2f3b6cb1235c42a878e4ab9b8f36405f5aecda4533ceb053890ced7a12,2025-12-09T16:00:00+00:00,038e79f4818b2e8855e28f9ee9be11b187474fd22093ded56eea79dc79ac334e,2025-12-09T16:00:00+00:00,2026-09-16T14:30:24.618705+00:00,retrospective_historical_source_replay,False,archive:asset:324362504:sha256:899a366f22db4cb561fb4d88d209476a769ea9bee0cd8beab34020389fba5016,https://api.github.com/repos/nflverse/nflverse-data-archives/releases/assets/324362504,historical_source_proven,490fd32f0adcfeaef1fddb4f0182a0f1e3f71cdf4acecd0cc1f1ecec7a1e577a,regular_weeks_6_18
2025_15_WAS_NYG,2025,15,2025-12-14 18:00:00+00:00,NYG,WAS,0.005842147417759257,0.00011229337600782349,0.08292467014840921,0.009397146424724058,0.09654026196344206,0.00941614758197517,-2.2045409004777986e-05,-0.013615591815032857,0.018857384824708785,0.17946493211185127,0.018769203188689677,,,e967cf2f3b6cb1235c42a878e4ab9b8f36405f5aecda4533ceb053890ced7a12,2025-12-09T16:00:00+00:00,038e79f4818b2e8855e28f9ee9be11b187474fd22093ded56eea79dc79ac334e,2025-12-09T16:00:00+00:00,2026-09-16T14:30:24.618705+00:00,retrospective_historical_source_replay,False,archive:asset:324362504:sha256:899a366f22db4cb561fb4d88d209476a769ea9bee0cd8beab34020389fba5016,https://api.github.com/repos/nflverse/nflverse-data-archives/releases/assets/324362504,historical_source_proven,490fd32f0adcfeaef1fddb4f0182a0f1e3f71cdf4acecd0cc1f1ecec7a1e577a,regular_weeks_6_18
2025_15_CAR_NO,2025,15,2025-12-14 21:25:00+00:00,NO,CAR,0.005842147417759257,0.00011229337600782349,-0.03686105963188192,0.00918975099674694,-0.023465648071905595,0.00939414471746942,2.980717151577952e-07,-0.013395411559976332,0.01858329957078604,-0.06032670770378752,0.018584491857646677,,,e967cf2f3b6cb1235c42a878e4ab9b8f36405f5aecda4533ceb053890ced7a12,2025-12-09T16:00:00+00:00,038e79f4818b2e8855e28f9ee9be11b187474fd22093ded56eea79dc79ac334e,2025-12-09T16:00:00+00:00,2026-09-16T14:30:24.618705+00:00,retrospective_historical_source_replay,False,archive:asset:324362504:sha256:899a366f22db4cb561fb4d88d209476a769ea9bee0cd8beab34020389fba5016,https://api.github.com/repos/nflverse/nflverse-data-archives/releases/assets/324362504,historical_source_proven,490fd32f0adcfeaef1fddb4f0182a0f1e3f71cdf4acecd0cc1f1ecec7a1e577a,regular_weeks_6_18
2025_15_DET_LA,2025,15,2025-12-14 21:25:00+00:00,LAR,DET,0.005842147417759257,0.00011229337600782349,0.07266222029901513,0.009851409562158363,-0.034309129816338726,0.009675053311716773,-0.00015311840403898756,0.10697135011535384,0.019832699681953114,0.038353090482676405,0.01922022606579716,,,e967cf2f3b6cb1235c42a878e4ab9b8f36405f5aecda4533ceb053890ced7a12,2025-12-09T16:00:00+00:00,038e79f4818b2e8855e28f9ee9be11b187474fd22093ded56eea79dc79ac334e,2025-12-09T16:00:00+00:00,2026-09-16T14:30:24.618705+00:00,retrospective_historical_source_replay,False,archive:asset:324362504:sha256:899a366f22db4cb561fb4d88d209476a769ea9bee0cd8beab34020389fba5016,https://api.github.com/repos/nflverse/nflverse-data-archives/releases/assets/324362504,historical_source_proven,490fd32f0adcfeaef1fddb4f0182a0f1e3f71cdf4acecd0cc1f1ecec7a1e577a,regular_weeks_6_18
2025_15_GB_DEN,2025,15,2025-12-14 21:25:00+00:00,DEN,GB,0.005842147417759257,0.00011229337600782349,-0.014232438511800932,0.009755727638301008,0.00012547080564472013,0.009640650529303931,-8.864760855756988e-05,-0.014357909317445641,0.019573673384720082,-0.014106967706156215,0.0192190829504898,,,e967cf2f3b6cb1235c42a878e4ab9b8f36405f5aecda4533ceb053890ced7a12,2025-12-09T16:00:00+00:00,038e79f4818b2e8855e28f9ee9be11b187474fd22093ded56eea79dc79ac334e,2025-12-09T16:00:00+00:00,2026-09-16T14:30:24.618705+00:00,retrospective_historical_source_replay,False,archive:asset:324362504:sha256:899a366f22db4cb561fb4d88d209476a769ea9bee0cd8beab34020389fba5016,https://api.github.com/repos/nflverse/nflverse-data-archives/releases/assets/324362504,historical_source_proven,490fd32f0adcfeaef1fddb4f0182a0f1e3f71cdf4acecd0cc1f1ecec7a1e577a,regular_weeks_6_18
2025_15_IND_SEA,2025,15,2025-12-14 21:25:00+00:00,SEA,IND,0.005842147417759257,0.00011229337600782349,0.056092850892957694,0.009686272838177403,0.0343496747487312,0.009840418989588595,-3.145709010644632e-05,0.021743176144226495,0.01958960600797889,0.09044252564168888,0.019463777647553103,,,e967cf2f3b6cb1235c42a878e4ab9b8f36405f5aecda4533ceb053890ced7a12,2025-12-09T16:00:00+00:00,038e79f4818b2e8855e28f9ee9be11b187474fd22093ded56eea79dc79ac334e,2025-12-09T16:00:00+00:00,2026-09-16T14:30:24.618705+00:00,retrospective_historical_source_replay,False,archive:asset:324362504:sha256:899a366f22db4cb561fb4d88d209476a769ea9bee0cd8beab34020389fba5016,https://api.github.com/repos/nflverse/nflverse-data-archives/releases/assets/324362504,historical_source_proven,490fd32f0adcfeaef1fddb4f0182a0f1e3f71cdf4acecd0cc1f1ecec7a1e577a,regular_weeks_6_18
2025_15_TEN_SF,2025,15,2025-12-14 21:25:00+00:00,SF,TEN,0.005842147417759257,0.00011229337600782349,0.10323458903401458,0.00966890863340115,-0.032158672007186015,0.009727379334014376,-5.4776440012803366e-05,0.13539326104120059,0.01950584084744113,0.07107591702682856,0.01928673508738992,,,e967cf2f3b6cb1235c42a878e4ab9b8f36405f5aecda4533ceb053890ced7a12,2025-12-09T16:00:00+00:00,038e79f4818b2e8855e28f9ee9be11b187474fd22093ded56eea79dc79ac334e,2025-12-09T16:00:00+00:00,2026-09-16T14:30:24.618705+00:00,retrospective_historical_source_replay,False,archive:asset:324362504:sha256:899a366f22db4cb561fb4d88d209476a769ea9bee0cd8beab34020389fba5016,https://api.github.com/repos/nflverse/nflverse-data-archives/releases/assets/324362504,historical_source_proven,490fd32f0adcfeaef1fddb4f0182a0f1e3f71cdf4acecd0cc1f1ecec7a1e577a,regular_weeks_6_18
2025_15_MIN_DAL,2025,15,2025-12-15 01:20:00+00:00,DAL,MIN,0.005842147417759257,0.00011229337600782349,0.04586678931700015,0.009591651663282947,-0.025011012259511377,0.009932471310969082,-8.212325759193224e-05,0.07087780157651154,0.019688369489435895,0.02085577705748877,0.019359876459068164,,,e967cf2f3b6cb1235c42a878e4ab9b8f36405f5aecda4533ceb053890ced7a12,2025-12-09T16:00:00+00:00,038e79f4818b2e8855e28f9ee9be11b187474fd22093ded56eea79dc79ac334e,2025-12-09T16:00:00+00:00,2026-09-16T14:30:24.618705+00:00,retrospective_historical_source_replay,False,archive:asset:324362504:sha256:899a366f22db4cb561fb4d88d209476a769ea9bee0cd8beab34020389fba5016,https://api.github.com/repos/nflverse/nflverse-data-archives/releases/assets/324362504,historical_source_proven,490fd32f0adcfeaef1fddb4f0182a0f1e3f71cdf4acecd0cc1f1ecec7a1e577a,regular_weeks_6_18
2025_15_MIA_PIT,2025,15,2025-12-16 01:15:00+00:00,PIT,MIA,0.005842147417759257,0.00011229337600782349,0.01661300507717244,0.009983190723865753,0.01765719262303024,0.00978720224759832,-1.4236825158808663e-05,-0.0010441875458577984,0.01979886662178169,0.034270197700202676,0.01974191932114646,,,e967cf2f3b6cb1235c42a878e4ab9b8f36405f5aecda4533ceb053890ced7a12,2025-12-09T16:00:00+00:00,038e79f4818b2e8855e28f9ee9be11b187474fd22093ded56eea79dc79ac334e,2025-12-09T16:00:00+00:00,2026-09-16T14:30:24.618705+00:00,retrospective_historical_source_replay,False,archive:asset:324362504:sha256:899a366f22db4cb561fb4d88d209476a769ea9bee0cd8beab34020389fba5016,https://api.github.com/repos/nflverse/nflverse-data-archives/releases/assets/324362504,historical_source_proven,490fd32f0adcfeaef1fddb4f0182a0f1e3f71cdf4acecd0cc1f1ecec7a1e577a,regular_weeks_6_18
2025_16_LA_SEA,2025,16,2025-12-19 01:15:00+00:00,SEA,LAR,0.005842147417759257,0.00011229337600782349,-0.0037268116049107083,0.00957431149972866,0.0383178817582887,0.009833557077161041,-7.657963759482619e-05,-0.042044693363199395,0.019561027852079353,0.034591070153377985,0.019254709301700045,,,6bca632b220d916d1abbbd7b4fc019beeb771956d52ac0a7fb782c0dba435f1c,2025-12-16T16:00:00+00:00,038e79f4818b2e8855e28f9ee9be11b187474fd22093ded56eea79dc79ac334e,2025-12-16T16:00:00+00:00,2026-09-16T14:30:24.618705+00:00,retrospective_historical_source_replay,False,archive:asset:327433996:sha256:fa7666574968fa23b6f3fefd1bfaf1e7a3e971d5be509730925e203b43ee9068,https://api.github.com/repos/nflverse/nflverse-data-archives/releases/assets/327433996,historical_source_proven,56a40cf34c2ed660cc82046604de4268ff49bc7f198a6d6df75946070338964f,regular_weeks_6_18
2025_16_PHI_WAS,2025,16,2025-12-20 22:00:00+00:00,WAS,PHI,0.005842147417759257,0.00011229337600782349,0.00213696855192122,0.010118602309720243,0.061729441048038576,0.010370259411612485,-1.7377864301800838e-05,-0.059592472496117356,0.020523617449936332,0.0638664095999598,0.02045410599272913,,,6bca632b220d916d1abbbd7b4fc019beeb771956d52ac0a7fb782c0dba435f1c,2025-12-16T16:00:00+00:00,038e79f4818b2e8855e28f9ee9be11b187474fd22093ded56eea79dc79ac334e,2025-12-16T16:00:00+00:00,2026-09-16T14:30:24.618705+00:00,retrospective_historical_source_replay,False,archive:asset:327433996:sha256:fa7666574968fa23b6f3fefd1bfaf1e7a3e971d5be509730925e203b43ee9068,https://api.github.com/repos/nflverse/nflverse-data-archives/releases/assets/327433996,historical_source_proven,56a40cf34c2ed660cc82046604de4268ff49bc7f198a6d6df75946070338964f,regular_weeks_6_18
2025_16_GB_CHI,2025,16,2025-12-21 01:20:00+00:00,CHI,GB,0.005842147417759257,0.00011229337600782349,0.01837623622003886,0.0099262497529305,0.11313124963732601,0.010144799448388772,5.866810929023767e-05,-0.09475501341728715,0.019953712982738795,0.13150748585736488,0.02018838541989975,,,6bca632b220d916d1abbbd7b4fc019beeb771956d52ac0a7fb782c0dba435f1c,2025-12-16T16:00:00+00:00,038e79f4818b2e8855e28f9ee9be11b187474fd22093ded56eea79dc79ac334e,2025-12-16T16:00:00+00:00,2026-09-16T14:30:24.618705+00:00,retrospective_historical_source_replay,False,archive:asset:327433996:sha256:fa7666574968fa23b6f3fefd1bfaf1e7a3e971d5be509730925e203b43ee9068,https://api.github.com/repos/nflverse/nflverse-data-archives/releases/assets/327433996,historical_source_proven,56a40cf34c2ed660cc82046604de4268ff49bc7f198a6d6df75946070338964f,regular_weeks_6_18
2025_16_BUF_CLE,2025,16,2025-12-21 18:00:00+00:00,CLE,BUF,0.005842147417759257,0.00011229337600782349,-0.15057149173727233,0.010331962362756778,-0.012288289968404885,0.010149887410682158,-5.7755821352248766e-05,-0.13828320176886746,0.020597361416143437,-0.16285978170567722,0.020366338130734442,,,6bca632b220d916d1abbbd7b4fc019beeb771956d52ac0a7fb782c0dba435f1c,2025-12-16T16:00:00+00:00,038e79f4818b2e8855e28f9ee9be11b187474fd22093ded56eea79dc79ac334e,2025-12-16T16:00:00+00:00,2026-09-16T14:30:24.618705+00:00,retrospective_historical_source_replay,False,archive:asset:327433996:sha256:fa7666574968fa23b6f3fefd1bfaf1e7a3e971d5be509730925e203b43ee9068,https://api.github.com/repos/nflverse/nflverse-data-archives/releases/assets/327433996,historical_source_proven,56a40cf34c2ed660cc82046604de4268ff49bc7f198a6d6df75946070338964f,regular_weeks_6_18
2025_16_CIN_MIA,2025,16,2025-12-21 18:00:00+00:00,MIA,CIN,0.005842147417759257,0.00011229337600782349,0.09410301207678967,0.01040298826547121,0.04255700034913958,0.010258689373738606,-0.0001280809863686179,0.0515460117276501,0.020917839611947053,0.13666001242592926,0.020405515666472578,,,6bca632b220d916d1abbbd7b4fc019beeb771956d52ac0a7fb782c0dba435f1c,2025-12-16T16:00:00+00:00,038e79f4818b2e8855e28f9ee9be11b187474fd22093ded56eea79dc79ac334e,2025-12-16T16:00:00+00:00,2026-09-16T14:30:24.618705+00:00,retrospective_historical_source_replay,False,archive:asset:327433996:sha256:fa7666574968fa23b6f3fefd1bfaf1e7a3e971d5be509730925e203b43ee9068,https://api.github.com/repos/nflverse/nflverse-data-archives/releases/assets/327433996,historical_source_proven,56a40cf34c2ed660cc82046604de4268ff49bc7f198a6d6df75946070338964f,regular_weeks_6_18
2025_16_KC_TEN,2025,16,2025-12-21 18:00:00+00:00,TEN,KC,0.005842147417759257,0.00011229337600782349,-0.0847816217000773,0.010511089478747042,0.10680209932099685,0.010175244894383309,-0.00010392280241553136,-0.19158372102107413,0.020894179977961412,0.022020477620919555,0.02047848876829929,,,6bca632b220d916d1abbbd7b4fc019beeb771956d52ac0a7fb782c0dba435f1c,2025-12-16T16:00:00+00:00,038e79f4818b2e8855e28f9ee9be11b187474fd22093ded56eea79dc79ac334e,2025-12-16T16:00:00+00:00,2026-09-16T14:30:24.618705+00:00,retrospective_historical_source_replay,False,archive:asset:327433996:sha256:fa7666574968fa23b6f3fefd1bfaf1e7a3e971d5be509730925e203b43ee9068,https://api.github.com/repos/nflverse/nflverse-data-archives/releases/assets/327433996,historical_source_proven,56a40cf34c2ed660cc82046604de4268ff49bc7f198a6d6df75946070338964f,regular_weeks_6_18
2025_16_LAC_DAL,2025,16,2025-12-21 18:00:00+00:00,DAL,LAC,0.005842147417759257,0.00011229337600782349,0.04552527716943445,0.010465445645040115,0.08328703970269205,0.010257597403415825,-7.885707686291162e-05,-0.037761762533257595,0.020880757202181764,0.12881231687212652,0.020565328894730117,,,6bca632b220d916d1abbbd7b4fc019beeb771956d52ac0a7fb782c0dba435f1c,2025-12-16T16:00:00+00:00,038e79f4818b2e8855e28f9ee9be11b187474fd22093ded56eea79dc79ac334e,2025-12-16T16:00:00+00:00,2026-09-16T14:30:24.618705+00:00,retrospective_historical_source_replay,False,archive:asset:327433996:sha256:fa7666574968fa23b6f3fefd1bfaf1e7a3e971d5be509730925e203b43ee9068,https://api.github.com/repos/nflverse/nflverse-data-archives/releases/assets/327433996,historical_source_proven,56a40cf34c2ed660cc82046604de4268ff49bc7f198a6d6df75946070338964f,regular_weeks_6_18
2025_16_MIN_NYG,2025,16,2025-12-21 18:00:00+00:00,NYG,MIN,0.005842147417759257,0.00011229337600782349,-0.024262980350096303,0.009860108628577823,-0.03693323153295475,0.010174078938848086,-3.269831079143645e-05,0.012670251182858437,0.02009958418900878,-0.06119621188305105,0.019968790945843036,,,6bca632b220d916d1abbbd7b4fc019beeb771956d52ac0a7fb782c0dba435f1c,2025-12-16T16:00:00+00:00,038e79f4818b2e8855e28f9ee9be11b187474fd22093ded56eea79dc79ac334e,2025-12-16T16:00:00+00:00,2026-09-16T14:30:24.618705+00:00,retrospective_historical_source_replay,False,archive:asset:327433996:sha256:fa7666574968fa23b6f3fefd1bfaf1e7a3e971d5be509730925e203b43ee9068,https://api.github.com/repos/nflverse/nflverse-data-archives/releases/assets/327433996,historical_source_proven,56a40cf34c2ed660cc82046604de4268ff49bc7f198a6d6df75946070338964f,regular_weeks_6_18
2025_16_NYJ_NO,2025,16,2025-12-21 18:00:00+00:00,NO,NYJ,0.005842147417759257,0.00011229337600782349,-0.037011812244224375,0.010091962903065672,-0.06985346716131166,0.010328506677320846,-5.91092548279757e-05,0.03284165491708729,0.020538688090042466,-0.10686527940553604,0.020302251070730564,,,6bca632b220d916d1abbbd7b4fc019beeb771956d52ac0a7fb782c0dba435f1c,2025-12-16T16:00:00+00:00,038e79f4818b2e8855e28f9ee9be11b187474fd22093ded56eea79dc79ac334e,2025-12-16T16:00:00+00:00,2026-09-16T14:30:24.618705+00:00,retrospective_historical_source_replay,False,archive:asset:327433996:sha256:fa7666574968fa23b6f3fefd1bfaf1e7a3e971d5be509730925e203b43ee9068,https://api.github.com/repos/nflverse/nflverse-data-archives/releases/assets/327433996,historical_source_proven,56a40cf34c2ed660cc82046604de4268ff49bc7f198a6d6df75946070338964f,regular_weeks_6_18
2025_16_TB_CAR,2025,16,2025-12-21 18:00:00+00:00,CAR,TB,0.005842147417759257,0.00011229337600782349,-0.01567486417943417,0.010115158180810543,0.03606230330353717,0.010063533516061256,-1.9090983507415776e-06,-0.051737167482971344,0.02018250989357328,0.020387439124103,0.020174873500170314,,,6bca632b220d916d1abbbd7b4fc019beeb771956d52ac0a7fb782c0dba435f1c,2025-12-16T16:00:00+00:00,038e79f4818b2e8855e28f9ee9be11b187474fd22093ded56eea79dc79ac334e,2025-12-16T16:00:00+00:00,2026-09-16T14:30:24.618705+00:00,retrospective_historical_source_replay,False,archive:asset:327433996:sha256:fa7666574968fa23b6f3fefd1bfaf1e7a3e971d5be509730925e203b43ee9068,https://api.github.com/repos/nflverse/nflverse-data-archives/releases/assets/327433996,historical_source_proven,56a40cf34c2ed660cc82046604de4268ff49bc7f198a6d6df75946070338964f,regular_weeks_6_18
2025_16_ATL_ARI,2025,16,2025-12-21 21:05:00+00:00,ARI,ATL,0.005842147417759257,0.00011229337600782349,0.0037498490143459857,0.009904012319341935,0.003962150931870207,0.010236041191671926,-6.394874206434536e-05,-0.00021230191752422134,0.02026795099514255,0.007711999946216193,0.02001215602688517,,,6bca632b220d916d1abbbd7b4fc019beeb771956d52ac0a7fb782c0dba435f1c,2025-12-16T16:00:00+00:00,038e79f4818b2e8855e28f9ee9be11b187474fd22093ded56eea79dc79ac334e,2025-12-16T16:00:00+00:00,2026-09-16T14:30:24.618705+00:00,retrospective_historical_source_replay,False,archive:asset:327433996:sha256:fa7666574968fa23b6f3fefd1bfaf1e7a3e971d5be509730925e203b43ee9068,https://api.github.com/repos/nflverse/nflverse-data-archives/releases/assets/327433996,historical_source_proven,56a40cf34c2ed660cc82046604de4268ff49bc7f198a6d6df75946070338964f,regular_weeks_6_18
2025_16_JAX_DEN,2025,16,2025-12-21 21:05:00+00:00,DEN,JAX,0.005842147417759257,0.00011229337600782349,-0.04625510402209436,0.0102252069496281,-0.060765246368923484,0.010080661746583938,-6.676344809850378e-05,0.014510142346829132,0.020439395592409045,-0.10702035039101784,0.02017234180001503,,,6bca632b220d916d1abbbd7b4fc019beeb771956d52ac0a7fb782c0dba435f1c,2025-12-16T16:00:00+00:00,038e79f4818b2e8855e28f9ee9be11b187474fd22093ded56eea79dc79ac334e,2025-12-16T16:00:00+00:00,2026-09-16T14:30:24.618705+00:00,retrospective_historical_source_replay,False,archive:asset:327433996:sha256:fa7666574968fa23b6f3fefd1bfaf1e7a3e971d5be509730925e203b43ee9068,https://api.github.com/repos/nflverse/nflverse-data-archives/releases/assets/327433996,historical_source_proven,56a40cf34c2ed660cc82046604de4268ff49bc7f198a6d6df75946070338964f,regular_weeks_6_18
2025_16_LV_HOU,2025,16,2025-12-21 21:25:00+00:00,HOU,LV,0.005842147417759257,0.00011229337600782349,0.005187161046967774,0.01002735957981156,-0.19605839268129152,0.010421782057001413,-5.271284796741694e-05,0.2012455537282593,0.020554567332747804,-0.19087123163432373,0.020343715940878138,,,6bca632b220d916d1abbbd7b4fc019beeb771956d52ac0a7fb782c0dba435f1c,2025-12-16T16:00:00+00:00,038e79f4818b2e8855e28f9ee9be11b187474fd22093ded56eea79dc79ac334e,2025-12-16T16:00:00+00:00,2026-09-16T14:30:24.618705+00:00,retrospective_historical_source_replay,False,archive:asset:327433996:sha256:fa7666574968fa23b6f3fefd1bfaf1e7a3e971d5be509730925e203b43ee9068,https://api.github.com/repos/nflverse/nflverse-data-archives/releases/assets/327433996,historical_source_proven,56a40cf34c2ed660cc82046604de4268ff49bc7f198a6d6df75946070338964f,regular_weeks_6_18
2025_16_PIT_DET,2025,16,2025-12-21 21:25:00+00:00,DET,PIT,0.005842147417759257,0.00011229337600782349,0.05182535401527102,0.009962965643168594,-0.05193271961218081,0.010287416051646505,-7.036767372276855e-05,0.10375807362745182,0.020391117042260636,-0.00010736559690979752,0.020109646347369562,,,6bca632b220d916d1abbbd7b4fc019beeb771956d52ac0a7fb782c0dba435f1c,2025-12-16T16:00:00+00:00,038e79f4818b2e8855e28f9ee9be11b187474fd22093ded56eea79dc79ac334e,2025-12-16T16:00:00+00:00,2026-09-16T14:30:24.618705+00:00,retrospective_historical_source_replay,False,archive:asset:327433996:sha256:fa7666574968fa23b6f3fefd1bfaf1e7a3e971d5be509730925e203b43ee9068,https://api.github.com/repos/nflverse/nflverse-data-archives/releases/assets/327433996,historical_source_proven,56a40cf34c2ed660cc82046604de4268ff49bc7f198a6d6df75946070338964f,regular_weeks_6_18
2025_16_NE_BAL,2025,16,2025-12-22 01:20:00+00:00,BAL,NE,0.005842147417759257,0.00011229337600782349,0.0052453376410991365,0.010222506469351338,0.0480946198014512,0.009908821973635504,-2.3745790339289928e-05,-0.04284928216035207,0.02017882002366542,0.05333995744255034,0.02008383686230826,,,6bca632b220d916d1abbbd7b4fc019beeb771956d52ac0a7fb782c0dba435f1c,2025-12-16T16:00:00+00:00,038e79f4818b2e8855e28f9ee9be11b187474fd22093ded56eea79dc79ac334e,2025-12-16T16:00:00+00:00,2026-09-16T14:30:24.618705+00:00,retrospective_historical_source_replay,False,archive:asset:327433996:sha256:fa7666574968fa23b6f3fefd1bfaf1e7a3e971d5be509730925e203b43ee9068,https://api.github.com/repos/nflverse/nflverse-data-archives/releases/assets/327433996,historical_source_proven,56a40cf34c2ed660cc82046604de4268ff49bc7f198a6d6df75946070338964f,regular_weeks_6_18
2025_16_SF_IND,2025,16,2025-12-23 01:15:00+00:00,IND,SF,0.005842147417759257,0.00011229337600782349,0.13949628487210375,0.010213880293216595,0.07747548407016057,0.009903880369523596,-8.438223773043083e-05,0.06202080080194318,0.020286525138201054,0.21697176894226433,0.019948996187279328,,,6bca632b220d916d1abbbd7b4fc019beeb771956d52ac0a7fb782c0dba435f1c,2025-12-16T16:00:00+00:00,038e79f4818b2e8855e28f9ee9be11b187474fd22093ded56eea79dc79ac334e,2025-12-16T16:00:00+00:00,2026-09-16T14:30:24.618705+00:00,retrospective_historical_source_replay,False,archive:asset:327433996:sha256:fa7666574968fa23b6f3fefd1bfaf1e7a3e971d5be509730925e203b43ee9068,https://api.github.com/repos/nflverse/nflverse-data-archives/releases/assets/327433996,historical_source_proven,56a40cf34c2ed660cc82046604de4268ff49bc7f198a6d6df75946070338964f,regular_weeks_6_18
2025_17_DAL_WAS,2025,17,2025-12-25 18:00:00+00:00,WAS,DAL,0.005842147417759257,0.00011229337600782349,0.1020596216171733,0.01043173228690338,0.14266903299780798,0.010422767541037384,-8.22849175382921e-05,-0.04060941138063469,0.02101906966301735,0.24472865461498133,0.02068992999286418,,,1ea24e8aad330ab8c6ad9b1991c4423039e6bc047068c8b065b9c5f9f32c203e,2025-12-23T16:00:00+00:00,038e79f4818b2e8855e28f9ee9be11b187474fd22093ded56eea79dc79ac334e,2025-12-23T16:00:00+00:00,2026-09-16T14:30:24.618705+00:00,retrospective_historical_source_replay,False,archive:asset:327433996:sha256:fa7666574968fa23b6f3fefd1bfaf1e7a3e971d5be509730925e203b43ee9068,https://api.github.com/repos/nflverse/nflverse-data-archives/releases/assets/327433996,historical_source_proven,8a2ab40ef19beae0a968e913d93f41ad1ff5c240fbd02020225c14651cb42b29,regular_weeks_6_18
2025_17_DET_MIN,2025,17,2025-12-25 21:30:00+00:00,MIN,DET,0.005842147417759257,0.00011229337600782349,-0.1156108709842325,0.010443483813101185,-0.008576695389248608,0.010200118075152968,-5.180414481744979e-05,-0.10703417559498389,0.02074721017788905,-0.12418756637348112,0.020539993598619254,,,1ea24e8aad330ab8c6ad9b1991c4423039e6bc047068c8b065b9c5f9f32c203e,2025-12-23T16:00:00+00:00,038e79f4818b2e8855e28f9ee9be11b187474fd22093ded56eea79dc79ac334e,2025-12-23T16:00:00+00:00,2026-09-16T14:30:24.618705+00:00,retrospective_historical_source_replay,False,archive:asset:327433996:sha256:fa7666574968fa23b6f3fefd1bfaf1e7a3e971d5be509730925e203b43ee9068,https://api.github.com/repos/nflverse/nflverse-data-archives/releases/assets/327433996,historical_source_proven,8a2ab40ef19beae0a968e913d93f41ad1ff5c240fbd02020225c14651cb42b29,regular_weeks_6_18
2025_17_DEN_KC,2025,17,2025-12-26 01:15:00+00:00,KC,DEN,0.005842147417759257,0.00011229337600782349,0.00813393236639913,0.010017194208353368,-0.00850770451081209,0.010345317242425458,-7.444028902299554e-05,0.016641636877211208,0.020511392028824817,-0.00037377214441296214,0.020213630872732837,,,1ea24e8aad330ab8c6ad9b1991c4423039e6bc047068c8b065b9c5f9f32c203e,2025-12-23T16:00:00+00:00,038e79f4818b2e8855e28f9ee9be11b187474fd22093ded56eea79dc79ac334e,2025-12-23T16:00:00+00:00,2026-09-16T14:30:24.618705+00:00,retrospective_historical_source_replay,False,archive:asset:327433996:sha256:fa7666574968fa23b6f3fefd1bfaf1e7a3e971d5be509730925e203b43ee9068,https://api.github.com/repos/nflverse/nflverse-data-archives/releases/assets/327433996,historical_source_proven,8a2ab40ef19beae0a968e913d93f41ad1ff5c240fbd02020225c14651cb42b29,regular_weeks_6_18
2025_17_HOU_LAC,2025,17,2025-12-27 21:30:00+00:00,LAC,HOU,0.005842147417759257,0.00011229337600782349,-0.07521329362567489,0.010763611151354968,-0.021834846068639654,0.01075265365362187,-9.087218322880261e-05,-0.05337844755703522,0.021698009171434444,-0.09704813969431454,0.021334520438519234,,,1ea24e8aad330ab8c6ad9b1991c4423039e6bc047068c8b065b9c5f9f32c203e,2025-12-23T16:00:00+00:00,038e79f4818b2e8855e28f9ee9be11b187474fd22093ded56eea79dc79ac334e,2025-12-23T16:00:00+00:00,2026-09-16T14:30:24.618705+00:00,retrospective_historical_source_replay,False,archive:asset:327433996:sha256:fa7666574968fa23b6f3fefd1bfaf1e7a3e971d5be509730925e203b43ee9068,https://api.github.com/repos/nflverse/nflverse-data-archives/releases/assets/327433996,historical_source_proven,8a2ab40ef19beae0a968e913d93f41ad1ff5c240fbd02020225c14651cb42b29,regular_weeks_6_18
2025_17_BAL_GB,2025,17,2025-12-28 01:00:00+00:00,GB,BAL,0.005842147417759257,0.00011229337600782349,0.06801527228933386,0.010462459474011226,-0.011345469677351396,0.010681602968623354,-9.064869948799826e-05,0.07936074196668526,0.021325359841610575,0.05666980261198247,0.020962765043658585,,,1ea24e8aad330ab8c6ad9b1991c4423039e6bc047068c8b065b9c5f9f32c203e,2025-12-23T16:00:00+00:00,038e79f4818b2e8855e28f9ee9be11b187474fd22093ded56eea79dc79ac334e,2025-12-23T16:00:00+00:00,2026-09-16T14:30:24.618705+00:00,retrospective_historical_source_replay,False,archive:asset:327433996:sha256:fa7666574968fa23b6f3fefd1bfaf1e7a3e971d5be509730925e203b43ee9068,https://api.github.com/repos/nflverse/nflverse-data-archives/releases/assets/327433996,historical_source_proven,8a2ab40ef19beae0a968e913d93f41ad1ff5c240fbd02020225c14651cb42b29,regular_weeks_6_18
2025_17_ARI_CIN,2025,17,2025-12-28 18:00:00+00:00,CIN,ARI,0.005842147417759257,0.00011229337600782349,0.011033386915941377,0.010689493997468743,0.1106556135069498,0.01048134404126808,-0.00019662846381441864,-0.09962222659100843,0.02156409496636566,0.12168900042289119,0.02077758111110798,,,1ea24e8aad330ab8c6ad9b1991c4423039e6bc047068c8b065b9c5f9f32c203e,2025-12-23T16:00:00+00:00,038e79f4818b2e8855e28f9ee9be11b187474fd22093ded56eea79dc79ac334e,2025-12-23T16:00:00+00:00,2026-09-16T14:30:24.618705+00:00,retrospective_historical_source_replay,False,archive:asset:327433996:sha256:fa7666574968fa23b6f3fefd1bfaf1e7a3e971d5be509730925e203b43ee9068,https://api.github.com/repos/nflverse/nflverse-data-archives/releases/assets/327433996,historical_source_proven,8a2ab40ef19beae0a968e913d93f41ad1ff5c240fbd02020225c14651cb42b29,regular_weeks_6_18
2025_17_JAX_IND,2025,17,2025-12-28 18:00:00+00:00,IND,JAX,0.005842147417759257,0.00011229337600782349,0.046509346749148334,0.010703995432653551,0.015539947253776429,0.01042336233567387,-3.228283960866111e-05,0.03096939949537189,0.021191923447544742,0.06204929400292476,0.021062792089110098,,,1ea24e8aad330ab8c6ad9b1991c4423039e6bc047068c8b065b9c5f9f32c203e,2025-12-23T16:00:00+00:00,038e79f4818b2e8855e28f9ee9be11b187474fd22093ded56eea79dc79ac334e,2025-12-23T16:00:00+00:00,2026-09-16T14:30:24.618705+00:00,retrospective_historical_source_replay,False,archive:asset:327433996:sha256:fa7666574968fa23b6f3fefd1bfaf1e7a3e971d5be509730925e203b43ee9068,https://api.github.com/repos/nflverse/nflverse-data-archives/releases/assets/327433996,historical_source_proven,8a2ab40ef19beae0a968e913d93f41ad1ff5c240fbd02020225c14651cb42b29,regular_weeks_6_18
2025_17_NE_NYJ,2025,17,2025-12-28 18:00:00+00:00,NYJ,NE,0.005842147417759257,0.00011229337600782349,-0.04568184860368531,0.010186182608364673,0.08032619961345244,0.010024023798793302,-6.0204108019774937e-05,-0.12600804821713774,0.020330614623197525,0.034644351009767135,0.020089798191118426,,,1ea24e8aad330ab8c6ad9b1991c4423039e6bc047068c8b065b9c5f9f32c203e,2025-12-23T16:00:00+00:00,038e79f4818b2e8855e28f9ee9be11b187474fd22093ded56eea79dc79ac334e,2025-12-23T16:00:00+00:00,2026-09-16T14:30:24.618705+00:00,retrospective_historical_source_replay,False,archive:asset:327433996:sha256:fa7666574968fa23b6f3fefd1bfaf1e7a3e971d5be509730925e203b43ee9068,https://api.github.com/repos/nflverse/nflverse-data-archives/releases/assets/327433996,historical_source_proven,8a2ab40ef19beae0a968e913d93f41ad1ff5c240fbd02020225c14651cb42b29,regular_weeks_6_18
2025_17_NO_TEN,2025,17,2025-12-28 18:00:00+00:00,TEN,NO,0.005842147417759257,0.00011229337600782349,-0.08983667166442172,0.01084281743961082,-0.04203117772392514,0.010699488619551377,-0.0001756570131890117,-0.0478054939404966,0.021893620085540223,-0.13186784938834684,0.02119099203278417,,,1ea24e8aad330ab8c6ad9b1991c4423039e6bc047068c8b065b9c5f9f32c203e,2025-12-23T16:00:00+00:00,038e79f4818b2e8855e28f9ee9be11b187474fd22093ded56eea79dc79ac334e,2025-12-23T16:00:00+00:00,2026-09-16T14:30:24.618705+00:00,retrospective_historical_source_replay,False,archive:asset:327433996:sha256:fa7666574968fa23b6f3fefd1bfaf1e7a3e971d5be509730925e203b43ee9068,https://api.github.com/repos/nflverse/nflverse-data-archives/releases/assets/327433996,historical_source_proven,8a2ab40ef19beae0a968e913d93f41ad1ff5c240fbd02020225c14651cb42b29,regular_weeks_6_18
2025_17_PIT_CLE,2025,17,2025-12-28 18:00:00+00:00,CLE,PIT,0.005842147417759257,0.00011229337600782349,-0.10118020345892688,0.010199798571742094,-0.08872936432170625,0.010544486392582321,-0.00010432244641905317,-0.012450839137220643,0.020952929857162524,-0.18990956778063312,0.02053564007148631,,,1ea24e8aad330ab8c6ad9b1991c4423039e6bc047068c8b065b9c5f9f32c203e,2025-12-23T16:00:00+00:00,038e79f4818b2e8855e28f9ee9be11b187474fd22093ded56eea79dc79ac334e,2025-12-23T16:00:00+00:00,2026-09-16T14:30:24.618705+00:00,retrospective_historical_source_replay,False,archive:asset:327433996:sha256:fa7666574968fa23b6f3fefd1bfaf1e7a3e971d5be509730925e203b43ee9068,https://api.github.com/repos/nflverse/nflverse-data-archives/releases/assets/327433996,historical_source_proven,8a2ab40ef19beae0a968e913d93f41ad1ff5c240fbd02020225c14651cb42b29,regular_weeks_6_18
2025_17_SEA_CAR,2025,17,2025-12-28 18:00:00+00:00,CAR,SEA,0.005842147417759257,0.00011229337600782349,-0.06254608777331142,0.010479634657634847,0.08166011627247281,0.01060979458309928,-0.0001095478140962686,-0.14420620404578421,0.021308524868926662,0.0191140284991614,0.020870333612541585,,,1ea24e8aad330ab8c6ad9b1991c4423039e6bc047068c8b065b9c5f9f32c203e,2025-12-23T16:00:00+00:00,038e79f4818b2e8855e28f9ee9be11b187474fd22093ded56eea79dc79ac334e,2025-12-23T16:00:00+00:00,2026-09-16T14:30:24.618705+00:00,retrospective_historical_source_replay,False,archive:asset:327433996:sha256:fa7666574968fa23b6f3fefd1bfaf1e7a3e971d5be509730925e203b43ee9068,https://api.github.com/repos/nflverse/nflverse-data-archives/releases/assets/327433996,historical_source_proven,8a2ab40ef19beae0a968e913d93f41ad1ff5c240fbd02020225c14651cb42b29,regular_weeks_6_18
2025_17_TB_MIA,2025,17,2025-12-28 18:00:00+00:00,MIA,TB,0.005842147417759257,0.00011229337600782349,-0.02395188953506322,0.010885821905295289,0.03837690528053491,0.010663001806428842,-8.917497196117956e-05,-0.062328794815598124,0.021727173655646487,0.014425015745471687,0.02137047376780177,,,1ea24e8aad330ab8c6ad9b1991c4423039e6bc047068c8b065b9c5f9f32c203e,2025-12-23T16:00:00+00:00,038e79f4818b2e8855e28f9ee9be11b187474fd22093ded56eea79dc79ac334e,2025-12-23T16:00:00+00:00,2026-09-16T14:30:24.618705+00:00,retrospective_historical_source_replay,False,archive:asset:327433996:sha256:fa7666574968fa23b6f3fefd1bfaf1e7a3e971d5be509730925e203b43ee9068,https://api.github.com/repos/nflverse/nflverse-data-archives/releases/assets/327433996,historical_source_proven,8a2ab40ef19beae0a968e913d93f41ad1ff5c240fbd02020225c14651cb42b29,regular_weeks_6_18
2025_17_NYG_LV,2025,17,2025-12-28 21:05:00+00:00,LV,NYG,0.005842147417759257,0.00011229337600782349,-0.04520992527447267,0.010557667504414801,0.005198525918324788,0.010406604910994252,-9.099296828509827e-05,-0.05040845119279746,0.021146258351979252,-0.04001139935614789,0.020782286478838858,,,1ea24e8aad330ab8c6ad9b1991c4423039e6bc047068c8b065b9c5f9f32c203e,2025-12-23T16:00:00+00:00,038e79f4818b2e8855e28f9ee9be11b187474fd22093ded56eea79dc79ac334e,2025-12-23T16:00:00+00:00,2026-09-16T14:30:24.618705+00:00,retrospective_historical_source_replay,False,archive:asset:327433996:sha256:fa7666574968fa23b6f3fefd1bfaf1e7a3e971d5be509730925e203b43ee9068,https://api.github.com/repos/nflverse/nflverse-data-archives/releases/assets/327433996,historical_source_proven,8a2ab40ef19beae0a968e913d93f41ad1ff5c240fbd02020225c14651cb42b29,regular_weeks_6_18
2025_17_PHI_BUF,2025,17,2025-12-28 21:25:00+00:00,BUF,PHI,0.005842147417759257,0.00011229337600782349,0.020788867450565268,0.010449070716438347,-0.02501824787440588,0.010864696622278937,-0.000189890935659056,0.04580711532497114,0.0216935492100354,-0.004229380423840606,0.02093398546739917,,,1ea24e8aad330ab8c6ad9b1991c4423039e6bc047068c8b065b9c5f9f32c203e,2025-12-23T16:00:00+00:00,038e79f4818b2e8855e28f9ee9be11b187474fd22093ded56eea79dc79ac334e,2025-12-23T16:00:00+00:00,2026-09-16T14:30:24.618705+00:00,retrospective_historical_source_replay,False,archive:asset:327433996:sha256:fa7666574968fa23b6f3fefd1bfaf1e7a3e971d5be509730925e203b43ee9068,https://api.github.com/repos/nflverse/nflverse-data-archives/releases/assets/327433996,historical_source_proven,8a2ab40ef19beae0a968e913d93f41ad1ff5c240fbd02020225c14651cb42b29,regular_weeks_6_18
2025_17_CHI_SF,2025,17,2025-12-29 01:20:00+00:00,SF,CHI,0.005842147417759257,0.00011229337600782349,0.10923528002934077,0.010488388104630483,0.0740030223031525,0.010323661682336005,-0.0001926043032881242,0.035232257726188265,0.021197258393542737,0.18323830233249327,0.02042684118039024,,,1ea24e8aad330ab8c6ad9b1991c4423039e6bc047068c8b065b9c5f9f32c203e,2025-12-23T16:00:00+00:00,038e79f4818b2e8855e28f9ee9be11b187474fd22093ded56eea79dc79ac334e,2025-12-23T16:00:00+00:00,2026-09-16T14:30:24.618705+00:00,retrospective_historical_source_replay,False,archive:asset:327433996:sha256:fa7666574968fa23b6f3fefd1bfaf1e7a3e971d5be509730925e203b43ee9068,https://api.github.com/repos/nflverse/nflverse-data-archives/releases/assets/327433996,historical_source_proven,8a2ab40ef19beae0a968e913d93f41ad1ff5c240fbd02020225c14651cb42b29,regular_weeks_6_18
2025_17_LA_ATL,2025,17,2025-12-30 01:15:00+00:00,ATL,LAR,0.005842147417759257,0.00011229337600782349,-0.05443520762165682,0.010506307417107189,0.0924531509114569,0.010552691299052404,-6.324231105202909e-05,-0.1468883585331137,0.02118548333826365,0.038017943289800064,0.02093251409405553,,,1ea24e8aad330ab8c6ad9b1991c4423039e6bc047068c8b065b9c5f9f32c203e,2025-12-23T16:00:00+00:00,038e79f4818b2e8855e28f9ee9be11b187474fd22093ded56eea79dc79ac334e,2025-12-23T16:00:00+00:00,2026-09-16T14:30:24.618705+00:00,retrospective_historical_source_replay,False,archive:asset:327433996:sha256:fa7666574968fa23b6f3fefd1bfaf1e7a3e971d5be509730925e203b43ee9068,https://api.github.com/repos/nflverse/nflverse-data-archives/releases/assets/327433996,historical_source_proven,8a2ab40ef19beae0a968e913d93f41ad1ff5c240fbd02020225c14651cb42b29,regular_weeks_6_18
2025_18_ARI_LA,2025,18,2026-01-04 18:00:00+00:00,LAR,ARI,0.011839868553045812,9.083363875836023e-05,0.16684767884369853,0.0086139604412702,-0.02993384887726835,0.008633432747790756,-3.4970181430679995e-05,0.19678152772096685,0.017317333551922314,0.13691382996643017,0.017177452826199598,,,d0bd49b23cdeaa02925f774c454d6afdaee5b0618088c4a0dbb07ec7b5351134,2025-12-30T16:00:00+00:00,038e79f4818b2e8855e28f9ee9be11b187474fd22093ded56eea79dc79ac334e,2025-12-30T16:00:00+00:00,2026-09-16T14:30:24.618705+00:00,retrospective_historical_source_replay,False,archive:asset:332861918:sha256:493dc1dc5a36242e6329e6c421f09447e5938c1681ffda92ad61165c0f8b512f,https://api.github.com/repos/nflverse/nflverse-data-archives/releases/assets/332861918,historical_source_proven,634ed073986c7f63e78ba1643ad45375f84213cb201857d3d64b571a739074ea,regular_weeks_6_18
2025_18_BAL_PIT,2025,18,2026-01-04 18:00:00+00:00,PIT,BAL,0.011839868553045812,9.083363875836023e-05,0.004786356659995669,0.008811510531853856,0.023878240890924586,0.008656412593858555,-5.63790054279732e-05,-0.01909188423092892,0.017580681136568358,0.028664597550920257,0.017355165114856463,,,d0bd49b23cdeaa02925f774c454d6afdaee5b0618088c4a0dbb07ec7b5351134,2025-12-30T16:00:00+00:00,038e79f4818b2e8855e28f9ee9be11b187474fd22093ded56eea79dc79ac334e,2025-12-30T16:00:00+00:00,2026-09-16T14:30:24.618705+00:00,retrospective_historical_source_replay,False,archive:asset:332861918:sha256:493dc1dc5a36242e6329e6c421f09447e5938c1681ffda92ad61165c0f8b512f,https://api.github.com/repos/nflverse/nflverse-data-archives/releases/assets/332861918,historical_source_proven,634ed073986c7f63e78ba1643ad45375f84213cb201857d3d64b571a739074ea,regular_weeks_6_18
2025_18_CAR_TB,2025,18,2026-01-04 18:00:00+00:00,TB,CAR,0.011839868553045812,9.083363875836023e-05,0.03480986605286916,0.008633414871620584,0.011240456479442393,0.008818642063975451,-2.2592862341522764e-05,0.023569409573426767,0.01749724266027908,0.04605032253231156,0.01740687121091299,,,d0bd49b23cdeaa02925f774c454d6afdaee5b0618088c4a0dbb07ec7b5351134,2025-12-30T16:00:00+00:00,038e79f4818b2e8855e28f9ee9be11b187474fd22093ded56eea79dc79ac334e,2025-12-30T16:00:00+00:00,2026-09-16T14:30:24.618705+00:00,retrospective_historical_source_replay,False,archive:asset:332861918:sha256:493dc1dc5a36242e6329e6c421f09447e5938c1681ffda92ad61165c0f8b512f,https://api.github.com/repos/nflverse/nflverse-data-archives/releases/assets/332861918,historical_source_proven,634ed073986c7f63e78ba1643ad45375f84213cb201857d3d64b571a739074ea,regular_weeks_6_18
2025_18_CLE_CIN,2025,18,2026-01-04 18:00:00+00:00,CIN,CLE,0.011839868553045812,9.083363875836023e-05,-0.03511581495970213,0.00913008223127058,-0.042661123250263694,0.009174020644089304,-2.0594077609918207e-05,0.007545308290561548,0.01834529103057972,-0.07777693820996584,0.01826291472014005,,,d0bd49b23cdeaa02925f774c454d6afdaee5b0618088c4a0dbb07ec7b5351134,2025-12-30T16:00:00+00:00,038e79f4818b2e8855e28f9ee9be11b187474fd22093ded56eea79dc79ac334e,2025-12-30T16:00:00+00:00,2026-09-16T14:30:24.618705+00:00,retrospective_historical_source_replay,False,archive:asset:332861918:sha256:493dc1dc5a36242e6329e6c421f09447e5938c1681ffda92ad61165c0f8b512f,https://api.github.com/repos/nflverse/nflverse-data-archives/releases/assets/332861918,historical_source_proven,634ed073986c7f63e78ba1643ad45375f84213cb201857d3d64b571a739074ea,regular_weeks_6_18
2025_18_DAL_NYG,2025,18,2026-01-04 18:00:00+00:00,NYG,DAL,0.011839868553045812,9.083363875836023e-05,0.07772753742920155,0.00923026041069648,0.11849754664608896,0.009135075624816223,-4.7474451905955365e-05,-0.04077000921688741,0.01846028493932461,0.1962250840752905,0.018270387131700788,,,d0bd49b23cdeaa02925f774c454d6afdaee5b0618088c4a0dbb07ec7b5351134,2025-12-30T16:00:00+00:00,038e79f4818b2e8855e28f9ee9be11b187474fd22093ded56eea79dc79ac334e,2025-12-30T16:00:00+00:00,2026-09-16T14:30:24.618705+00:00,retrospective_historical_source_replay,False,archive:asset:332861918:sha256:493dc1dc5a36242e6329e6c421f09447e5938c1681ffda92ad61165c0f8b512f,https://api.github.com/repos/nflverse/nflverse-data-archives/releases/assets/332861918,historical_source_proven,634ed073986c7f63e78ba1643ad45375f84213cb201857d3d64b571a739074ea,regular_weeks_6_18
2025_18_DET_CHI,2025,18,2026-01-04 18:00:00+00:00,CHI,DET,0.011839868553045812,9.083363875836023e-05,0.039193681804059195,0.008831089218471973,0.04778750724108603,0.0090856697464736,-2.5487338754784567e-07,-0.008593825437026838,0.01791726871172067,0.08698118904514524,0.017916249218170477,,,d0bd49b23cdeaa02925f774c454d6afdaee5b0618088c4a0dbb07ec7b5351134,2025-12-30T16:00:00+00:00,038e79f4818b2e8855e28f9ee9be11b187474fd22093ded56eea79dc79ac334e,2025-12-30T16:00:00+00:00,2026-09-16T14:30:24.618705+00:00,retrospective_historical_source_replay,False,archive:asset:332861918:sha256:493dc1dc5a36242e6329e6c421f09447e5938c1681ffda92ad61165c0f8b512f,https://api.github.com/repos/nflverse/nflverse-data-archives/releases/assets/332861918,historical_source_proven,634ed073986c7f63e78ba1643ad45375f84213cb201857d3d64b571a739074ea,regular_weeks_6_18
2025_18_GB_MIN,2025,18,2026-01-04 18:00:00+00:00,MIN,GB,0.011839868553045812,9.083363875836023e-05,-0.050530686616610115,0.009078967909467236,0.011986507882348695,0.008863317160186197,-4.877647468499023e-05,-0.06251719449895882,0.018039838019023414,-0.038544178734261414,0.017844732120283452,,,d0bd49b23cdeaa02925f774c454d6afdaee5b0618088c4a0dbb07ec7b5351134,2025-12-30T16:00:00+00:00,038e79f4818b2e8855e28f9ee9be11b187474fd22093ded56eea79dc79ac334e,2025-12-30T16:00:00+00:00,2026-09-16T14:30:24.618705+00:00,retrospective_historical_source_replay,False,archive:asset:332861918:sha256:493dc1dc5a36242e6329e6c421f09447e5938c1681ffda92ad61165c0f8b512f,https://api.github.com/repos/nflverse/nflverse-data-archives/releases/assets/332861918,historical_source_proven,634ed073986c7f63e78ba1643ad45375f84213cb201857d3d64b571a739074ea,regular_weeks_6_18
2025_18_IND_HOU,2025,18,2026-01-04 18:00:00+00:00,HOU,IND,0.011839868553045812,9.083363875836023e-05,0.005208400840122165,0.008622428419339773,-0.023140554576149747,0.008993049556303812,-5.515735574884935e-05,0.028348955416271915,0.017725792687141282,-0.017932153736027565,0.01750516326414589,,,d0bd49b23cdeaa02925f774c454d6afdaee5b0618088c4a0dbb07ec7b5351134,2025-12-30T16:00:00+00:00,038e79f4818b2e8855e28f9ee9be11b187474fd22093ded56eea79dc79ac334e,2025-12-30T16:00:00+00:00,2026-09-16T14:30:24.618705+00:00,retrospective_historical_source_replay,False,archive:asset:332861918:sha256:493dc1dc5a36242e6329e6c421f09447e5938c1681ffda92ad61165c0f8b512f,https://api.github.com/repos/nflverse/nflverse-data-archives/releases/assets/332861918,historical_source_proven,634ed073986c7f63e78ba1643ad45375f84213cb201857d3d64b571a739074ea,regular_weeks_6_18
2025_18_KC_LV,2025,18,2026-01-04 18:00:00+00:00,LV,KC,0.011839868553045812,9.083363875836023e-05,-0.11330262812354953,0.00933142056446957,0.027232294590913537,0.008962073518835718,-6.236629387664774e-06,-0.14053492271446308,0.01830596734208062,-0.086070333532636,0.018281020824529957,,,d0bd49b23cdeaa02925f774c454d6afdaee5b0618088c4a0dbb07ec7b5351134,2025-12-30T16:00:00+00:00,038e79f4818b2e8855e28f9ee9be11b187474fd22093ded56eea79dc79ac334e,2025-12-30T16:00:00+00:00,2026-09-16T14:30:24.618705+00:00,retrospective_historical_source_replay,False,archive:asset:332861918:sha256:493dc1dc5a36242e6329e6c421f09447e5938c1681ffda92ad61165c0f8b512f,https://api.github.com/repos/nflverse/nflverse-data-archives/releases/assets/332861918,historical_source_proven,634ed073986c7f63e78ba1643ad45375f84213cb201857d3d64b571a739074ea,regular_weeks_6_18
2025_18_LAC_DEN,2025,18,2026-01-04 18:00:00+00:00,DEN,LAC,0.011839868553045812,9.083363875836023e-05,-0.02411265347545322,0.009217072005582458,-0.04820745872849851,0.009018719385843116,-3.801817109957021e-05,0.024094805253045297,0.018311827733624712,-0.07232011220395174,0.018159755049226435,,,d0bd49b23cdeaa02925f774c454d6afdaee5b0618088c4a0dbb07ec7b5351134,2025-12-30T16:00:00+00:00,038e79f4818b2e8855e28f9ee9be11b187474fd22093ded56eea79dc79ac334e,2025-12-30T16:00:00+00:00,2026-09-16T14:30:24.618705+00:00,retrospective_historical_source_replay,False,archive:asset:332861918:sha256:493dc1dc5a36242e6329e6c421f09447e5938c1681ffda92ad61165c0f8b512f,https://api.github.com/repos/nflverse/nflverse-data-archives/releases/assets/332861918,historical_source_proven,634ed073986c7f63e78ba1643ad45375f84213cb201857d3d64b571a739074ea,regular_weeks_6_18
2025_18_MIA_NE,2025,18,2026-01-04 18:00:00+00:00,NE,MIA,0.011839868553045812,9.083363875836023e-05,0.10002762480173615,0.009239763283285685,0.007316004843274715,0.009421930035437301,-4.196346590299948e-05,0.09271161995846143,0.018745620250528984,0.10734362964501087,0.018577766386916987,,,d0bd49b23cdeaa02925f774c454d6afdaee5b0618088c4a0dbb07ec7b5351134,2025-12-30T16:00:00+00:00,038e79f4818b2e8855e28f9ee9be11b187474fd22093ded56eea79dc79ac334e,2025-12-30T16:00:00+00:00,2026-09-16T14:30:24.618705+00:00,retrospective_historical_source_replay,False,archive:asset:332861918:sha256:493dc1dc5a36242e6329e6c421f09447e5938c1681ffda92ad61165c0f8b512f,https://api.github.com/repos/nflverse/nflverse-data-archives/releases/assets/332861918,historical_source_proven,634ed073986c7f63e78ba1643ad45375f84213cb201857d3d64b571a739074ea,regular_weeks_6_18
2025_18_NO_ATL,2025,18,2026-01-04 18:00:00+00:00,ATL,NO,0.011839868553045812,9.083363875836023e-05,-0.038553153795590656,0.008890969521311819,-0.052765496648033386,0.008715024430489049,2.7640513279980882e-06,0.014212342852442734,0.017600465849144875,-0.09131865044362406,0.017611522054456867,,,d0bd49b23cdeaa02925f774c454d6afdaee5b0618088c4a0dbb07ec7b5351134,2025-12-30T16:00:00+00:00,038e79f4818b2e8855e28f9ee9be11b187474fd22093ded56eea79dc79ac334e,2025-12-30T16:00:00+00:00,2026-09-16T14:30:24.618705+00:00,retrospective_historical_source_replay,False,archive:asset:332861918:sha256:493dc1dc5a36242e6329e6c421f09447e5938c1681ffda92ad61165c0f8b512f,https://api.github.com/repos/nflverse/nflverse-data-archives/releases/assets/332861918,historical_source_proven,634ed073986c7f63e78ba1643ad45375f84213cb201857d3d64b571a739074ea,regular_weeks_6_18
2025_18_NYJ_BUF,2025,18,2026-01-04 18:00:00+00:00,BUF,NYJ,0.011839868553045812,9.083363875836023e-05,0.1203861985234157,0.008992168942476102,-0.06905685209225548,0.009173891438810994,-4.487564272725143e-05,0.18944305061567118,0.018255811666741603,0.051329346431160223,0.018076309095832598,,,d0bd49b23cdeaa02925f774c454d6afdaee5b0618088c4a0dbb07ec7b5351134,2025-12-30T16:00:00+00:00,038e79f4818b2e8855e28f9ee9be11b187474fd22093ded56eea79dc79ac334e,2025-12-30T16:00:00+00:00,2026-09-16T14:30:24.618705+00:00,retrospective_historical_source_replay,False,archive:asset:332861918:sha256:493dc1dc5a36242e6329e6c421f09447e5938c1681ffda92ad61165c0f8b512f,https://api.github.com/repos/nflverse/nflverse-data-archives/releases/assets/332861918,historical_source_proven,634ed073986c7f63e78ba1643ad45375f84213cb201857d3d64b571a739074ea,regular_weeks_6_18
2025_18_SEA_SF,2025,18,2026-01-04 18:00:00+00:00,SF,SEA,0.011839868553045812,9.083363875836023e-05,0.025253244129288227,0.009007774590282243,0.09595813241033704,0.009324245625984322,1.7577305139861517e-05,-0.07070488828104882,0.01829686560598684,0.12121137653962527,0.018367174826546283,,,d0bd49b23cdeaa02925f774c454d6afdaee5b0618088c4a0dbb07ec7b5351134,2025-12-30T16:00:00+00:00,038e79f4818b2e8855e28f9ee9be11b187474fd22093ded56eea79dc79ac334e,2025-12-30T16:00:00+00:00,2026-09-16T14:30:24.618705+00:00,retrospective_historical_source_replay,False,archive:asset:332861918:sha256:493dc1dc5a36242e6329e6c421f09447e5938c1681ffda92ad61165c0f8b512f,https://api.github.com/repos/nflverse/nflverse-data-archives/releases/assets/332861918,historical_source_proven,634ed073986c7f63e78ba1643ad45375f84213cb201857d3d64b571a739074ea,regular_weeks_6_18
2025_18_TEN_JAX,2025,18,2026-01-04 18:00:00+00:00,JAX,TEN,0.011839868553045812,9.083363875836023e-05,0.040790045825911496,0.008886133186886747,-0.09350054133619436,0.008846071940175337,-6.41856299569403e-05,0.13429058716210585,0.01786057638697596,-0.052710495510282854,0.0176038338671482,,,d0bd49b23cdeaa02925f774c454d6afdaee5b0618088c4a0dbb07ec7b5351134,2025-12-30T16:00:00+00:00,038e79f4818b2e8855e28f9ee9be11b187474fd22093ded56eea79dc79ac334e,2025-12-30T16:00:00+00:00,2026-09-16T14:30:24.618705+00:00,retrospective_historical_source_replay,False,archive:asset:332861918:sha256:493dc1dc5a36242e6329e6c421f09447e5938c1681ffda92ad61165c0f8b512f,https://api.github.com/repos/nflverse/nflverse-data-archives/releases/assets/332861918,historical_source_proven,634ed073986c7f63e78ba1643ad45375f84213cb201857d3d64b571a739074ea,regular_weeks_6_18
2025_18_WAS_PHI,2025,18,2026-01-04 18:00:00+00:00,PHI,WAS,0.011839868553045812,9.083363875836023e-05,0.09967707116949884,0.008471661893824745,-0.05884779088717733,0.008728484455288978,-7.284143643124688e-05,0.15852486205667615,0.017345829221976215,0.04082928028232151,0.01705446347625123,,,d0bd49b23cdeaa02925f774c454d6afdaee5b0618088c4a0dbb07ec7b5351134,2025-12-30T16:00:00+00:00,038e79f4818b2e8855e28f9ee9be11b187474fd22093ded56eea79dc79ac334e,2025-12-30T16:00:00+00:00,2026-09-16T14:30:24.618705+00:00,retrospective_historical_source_replay,False,archive:asset:332861918:sha256:493dc1dc5a36242e6329e6c421f09447e5938c1681ffda92ad61165c0f8b512f,https://api.github.com/repos/nflverse/nflverse-data-archives/releases/assets/332861918,historical_source_proven,634ed073986c7f63e78ba1643ad45375f84213cb201857d3d64b571a739074ea,regular_weeks_6_18
2025_22_SEA_NE,2025,22,2026-02-08 23:30:00+00:00,NE,SEA,0.005612303914485208,7.754623997252947e-05,-0.041150860795340014,0.00862877359677181,-0.0034240543789315903,0.008597530579315475,-0.00015106702414703226,-0.03772680641640841,0.01752843822438135,-0.044574915174271604,0.01692417012779322,,,8f849bb87b80ced5e0f935080b7b010567c8979f000875f0433b37ef1f5ff179,2026-02-03T16:00:00+00:00,99d57ed0016a2bab656c6c2ebf97d77b606a70775dad7d99b411e7a4eef784b5,2026-02-03T16:00:00+00:00,2026-09-16T14:34:04.836743+00:00,retrospective_historical_source_replay,False,archive:asset:347739173:sha256:1a9ae09e03df4c53e6b5d29ff5ac4259a198fc21dffccdf10f5bc78a48e41ca8,https://api.github.com/repos/nflverse/nflverse-data-archives/releases/assets/347739173,historical_source_proven,938068e27b25de44ee48c23b96943d140118e74f6c469a7cf1d9010698e45919,super_bowl_append_only_extension
