{
  "experiment_id": "baseline_validation_2024",
  "dataset_version": "baseline",
  "model_version": "market_lines",
  "seasons": {
    "train": [],
    "test": [
      2024
    ]
  },
  "markets": [
    "spread",
    "total"
  ],
  "bankroll": {
    "initial_units": 1000.0,
    "final_units": 1008.1818181818155,
    "roi": 0.008181818181815516,
    "max_drawdown": 14.181818181819267,
    "num_bets": 156
  },
  "metrics_by_market": {
    "spread": {
      "bets": 78,
      "win_rate": 0.6282051282051282,
      "roi": 0.19930069930069935,
      "avg_edge": 0.00999999999999981,
      "clv_spread_mean": 0.0
    },
    "total": {
      "bets": 78,
      "win_rate": 0.47435897435897434,
      "roi": -0.09440559440559437,
      "avg_edge": 0.00999999999999801,
      "clv_total_mean": 0.0
    }
  },
  "edge_buckets": {
    "spread": {
      "0-1": {
        "bets": 78,
        "win_rate": 0.6282051282051282,
        "roi": 0.19930069930069935
      },
      "1-2": {
        "bets": 0,
        "win_rate": 0.0,
        "roi": 0.0
      },
      "2+": {
        "bets": 0,
        "win_rate": 0.0,
        "roi": 0.0
      }
    },
    "total": {
      "0-1": {
        "bets": 78,
        "win_rate": 0.47435897435897434,
        "roi": -0.09440559440559437
      },
      "1-2": {
        "bets": 0,
        "win_rate": 0.0,
        "roi": 0.0
      },
      "2+": {
        "bets": 0,
        "win_rate": 0.0,
        "roi": 0.0
      }
    }
  },
  "calibration": {
    "spread": [],
    "total": []
  },
  "runtime_seconds": 0.0053937435150146484
}