{
  "experiment_id": "baseline_validation_2024_s2023",
  "dataset_version": "baseline",
  "model_version": "market_lines",
  "seasons": {
    "train": [],
    "test": [
      2023
    ]
  },
  "markets": [
    "spread",
    "total"
  ],
  "bankroll": {
    "initial_units": 1000.0,
    "final_units": 1001.5454545454459,
    "roi": 0.001545454545445864,
    "max_drawdown": 32.63636363636658,
    "num_bets": 539
  },
  "metrics_by_market": {
    "spread": {
      "bets": 267,
      "win_rate": 0.5842696629213483,
      "roi": 0.13040517534899562,
      "avg_edge": 0.00999999999999981,
      "clv_spread_mean": 0.0
    },
    "total": {
      "bets": 272,
      "win_rate": 0.45588235294117646,
      "roi": -0.1223262032085561,
      "avg_edge": 0.009999999999998037,
      "clv_total_mean": 0.0
    }
  },
  "edge_buckets": {
    "spread": {
      "0-1": {
        "bets": 267,
        "win_rate": 0.5842696629213483,
        "roi": 0.13040517534899562
      },
      "1-2": {
        "bets": 0,
        "win_rate": 0.0,
        "roi": 0.0
      },
      "2+": {
        "bets": 0,
        "win_rate": 0.0,
        "roi": 0.0
      }
    },
    "total": {
      "0-1": {
        "bets": 272,
        "win_rate": 0.45588235294117646,
        "roi": -0.1223262032085561
      },
      "1-2": {
        "bets": 0,
        "win_rate": 0.0,
        "roi": 0.0
      },
      "2+": {
        "bets": 0,
        "win_rate": 0.0,
        "roi": 0.0
      }
    }
  },
  "calibration": {
    "spread": [],
    "total": []
  },
  "runtime_seconds": 0.005036115646362305
}